ticket_nro,fecha_hora,dni_cliente,sucursal,empleado_id,metodo_pago_id,canal_venta,total_venta
1,2025-10-16 03:48:00,16859215,Centro,2,3,Presencial,147992.46
2,2025-03-08 11:36:00,38701583,Norte,4,2,Presencial,41361.66
3,2025-09-10 09:01:00,33190516,Tienda Online,9,1,Web,135281.7
4,2025-11-08 07:46:00,12409147,Tienda Online,9,3,Web,41361.66
5,2025-01-08 05:33:00,44304306,Norte,5,3,Presencial,32525.33
6,2025-06-30 08:21:00,37317331,Shopping,7,4,Presencial,88161.22
7,2024-10-01 02:15:00,20565131,Tienda Online,10,5,Web,65050.66
8,2024-09-28 04:45:00,39406068,Shopping,7,5,Presencial,171001.31
9,2025-03-08 20:21:00,31169695,Norte,5,4,Presencial,66345.21
10,2024-06-10 15:29:00,28456905,Tienda Online,9,3,Web,167485.64
11,2025-06-27 00:01:00,17949149,Centro,1,3,Presencial,113687.87
12,2024-03-11 18:10:00,32049663,Norte,5,2,Presencial,66348.70999999999
13,2024-08-04 18:24:00,39548449,Tienda Online,10,2,Web,104594.76000000001
14,2024-01-22 20:04:00,34764543,Centro,2,2,Presencial,21871.44
15,2024-02-02 11:16:00,40793026,Shopping,7,5,Presencial,66269.81
16,2024-09-05 16:08:00,33190516,Centro,1,4,Presencial,135129.06
17,2024-04-10 02:04:00,43875089,Tienda Online,9,3,Web,63233.100000000006
18,2024-07-06 09:30:00,40514355,Tienda Online,9,2,Web,196130.38
19,2024-08-30 05:40:00,41854862,Norte,4,4,Presencial,82723.32
20,2025-04-10 09:44:00,25519695,Tienda Online,10,5,Web,46118.21
21,2024-02-28 01:42:00,29081689,Shopping,7,4,Presencial,36700.58
22,2024-07-09 02:20:00,13597644,Tienda Online,9,1,Web,159413.65
23,2025-08-20 19:17:00,15815848,Tienda Online,9,3,Web,88015.38
24,2024-03-15 00:19:00,22195628,Tienda Online,9,5,Web,36700.58
25,2024-09-28 04:31:00,31727935,Tienda Online,9,3,Web,135574.62
26,2025-10-31 18:03:00,12132899,Shopping,7,5,Presencial,66143.94
27,2024-06-08 09:17:00,20002863,Norte,4,5,Presencial,110740.21
28,2024-02-15 00:07:00,31050528,Tienda Online,10,2,Web,61861.630000000005
29,2024-01-10 03:49:00,27632290,Norte,5,2,Presencial,188847.38
30,2025-11-13 03:30:00,22874170,Tienda Online,10,5,Web,201687.79
31,2024-09-30 05:26:00,38902901,Centro,1,1,Presencial,58572.020000000004
32,2024-08-21 07:36:00,16859215,Norte,4,2,Presencial,119423.90000000001
33,2024-01-29 03:56:00,17829989,Norte,4,3,Presencial,32525.33
34,2024-11-17 14:53:00,38778283,Shopping,7,5,Presencial,101510.49
35,2025-11-17 06:43:00,24105121,Shopping,7,4,Presencial,151216.58000000002
36,2025-02-19 18:42:00,19179099,Centro,1,1,Presencial,167788.12
37,2025-11-05 02:53:00,34777665,Tienda Online,10,5,Web,66289.78
38,2024-11-13 07:40:00,20601564,Centro,2,2,Presencial,126445.37000000001
39,2025-05-21 13:38:00,14616506,Tienda Online,9,2,Web,23201.42
40,2024-02-21 19:01:00,30301581,Norte,5,1,Presencial,161509.26
41,2024-06-11 16:12:00,41366021,Tienda Online,10,3,Web,169764.66
42,2024-06-03 07:53:00,14887419,Tienda Online,9,2,Web,182657.0
43,2025-08-21 23:44:00,32833825,Centro,1,5,Presencial,107651.44
44,2025-09-09 07:31:00,17686170,Norte,4,2,Presencial,163929.95
45,2025-06-30 00:55:00,28514090,Shopping,7,4,Presencial,32525.33
46,2025-04-17 06:12:00,24059778,Centro,1,3,Presencial,132791.13
47,2024-02-23 11:56:00,38133707,Tienda Online,9,1,Web,33823.38
48,2024-01-21 21:12:00,12108087,Shopping,7,2,Presencial,154305.16
49,2024-11-14 03:41:00,13659179,Tienda Online,10,1,Web,119528.04000000001
50,2025-12-01 20:29:00,20601564,Tienda Online,9,1,Web,110587.57
51,2025-03-06 16:43:00,27675739,Tienda Online,10,4,Web,73886.99
52,2025-07-05 16:30:00,26929655,Tienda Online,10,4,Web,65093.44
53,2024-07-05 16:38:00,20565131,Tienda Online,10,3,Web,139749.87
54,2024-03-28 08:14:00,44107468,Centro,1,4,Presencial,149224.67
55,2025-01-12 16:09:00,34764543,Shopping,7,5,Presencial,94860.68000000001
56,2024-11-19 04:04:00,12929120,Tienda Online,9,5,Web,55694.81999999999
57,2025-06-21 20:22:00,20002863,Tienda Online,10,1,Web,75544.46
58,2024-05-09 09:21:00,40427850,Shopping,7,1,Presencial,134019.67
59,2024-03-16 19:41:00,27753960,Shopping,7,1,Presencial,33823.38
60,2025-03-02 20:41:00,30390056,Shopping,7,5,Presencial,154279.05000000002
61,2024-06-09 08:11:00,16604711,Centro,1,5,Presencial,125080.24
62,2024-03-13 23:27:00,30132463,Tienda Online,9,3,Web,131347.24
63,2024-11-10 20:18:00,20207615,Tienda Online,10,5,Web,36700.58
64,2025-02-16 09:17:00,18123867,Centro,2,5,Presencial,140280.38
65,2024-01-22 22:56:00,36562073,Centro,1,3,Presencial,161740.8
66,2025-02-22 11:22:00,44185636,Tienda Online,10,1,Web,153477.91
67,2024-11-18 08:36:00,32223091,Tienda Online,10,1,Web,186103.87
68,2025-10-02 15:05:00,20359006,Shopping,7,1,Presencial,131598.7
69,2024-01-15 18:51:00,41854862,Centro,1,1,Presencial,32525.33
70,2025-05-25 09:57:00,32899636,Norte,6,3,Presencial,78062.24
71,2025-09-05 17:20:00,35909306,Tienda Online,10,2,Web,162681.44
72,2024-12-06 18:50:00,27785377,Norte,4,5,Presencial,62714.119999999995
73,2024-11-21 16:08:00,37379791,Shopping,7,4,Presencial,137791.66
74,2025-04-12 00:31:00,14684875,Shopping,7,2,Presencial,36700.58
75,2025-09-30 23:38:00,26723413,Tienda Online,10,1,Web,78252.15
76,2024-04-10 21:37:00,30854088,Shopping,7,1,Presencial,34182.8
77,2024-02-27 10:00:00,21678777,Centro,1,3,Presencial,199489.12
78,2024-05-26 07:55:00,40514355,Shopping,7,3,Presencial,190931.74000000002
79,2025-05-09 03:38:00,16709628,Shopping,7,4,Presencial,131265.14
80,2024-02-20 20:41:00,41740898,Tienda Online,10,4,Web,54396.770000000004
81,2025-09-27 08:33:00,36873895,Tienda Online,9,2,Web,83846.83
82,2025-07-06 12:29:00,22203066,Tienda Online,9,5,Web,116273.44
83,2025-11-23 23:01:00,26723413,Norte,4,5,Presencial,102990.36
84,2025-11-22 07:58:00,25047294,Tienda Online,10,1,Web,219179.91
85,2025-11-17 23:46:00,12910178,Shopping,7,5,Presencial,161899.97
86,2025-07-11 22:00:00,21678777,Centro,2,1,Presencial,154721.50999999998
87,2024-07-31 20:00:00,14598388,Centro,2,2,Presencial,123213.14
88,2024-01-27 04:29:00,38153498,Tienda Online,9,3,Web,169812.78999999998
89,2025-01-05 17:31:00,36891021,Centro,2,1,Presencial,182769.0
90,2025-03-30 02:30:00,25845250,Centro,2,1,Presencial,62540.119999999995
91,2025-06-27 10:03:00,11818787,Tienda Online,9,5,Web,32525.33
92,2025-07-18 07:20:00,37902136,Tienda Online,10,4,Web,108329.93
93,2025-11-12 08:42:00,29044583,Tienda Online,10,2,Web,26795.94
94,2025-01-16 04:26:00,33069168,Shopping,7,1,Presencial,41361.66
95,2025-11-12 14:26:00,25691522,Tienda Online,10,1,Web,102398.96
96,2024-10-12 19:35:00,31231220,Tienda Online,9,4,Web,205371.91999999998
97,2024-05-26 19:19:00,11392203,Shopping,7,4,Presencial,33144.89
98,2025-04-09 11:38:00,28688292,Norte,5,3,Presencial,172059.38
99,2025-11-25 20:14:00,17686170,Tienda Online,9,5,Web,133825.41999999998
100,2024-09-18 09:52:00,21983483,Shopping,7,1,Presencial,61037.3
101,2025-07-26 22:48:00,20601564,Shopping,7,3,Presencial,137791.66
102,2025-03-03 09:52:00,20256869,Norte,4,4,Presencial,139514.35
103,2025-06-27 17:24:00,36913358,Shopping,7,3,Presencial,54192.0
104,2024-06-05 22:22:00,27632290,Tienda Online,10,2,Web,124808.68
105,2025-10-04 10:47:00,13950951,Norte,5,4,Presencial,77352.76
106,2024-04-02 20:59:00,13597644,Shopping,7,5,Presencial,124394.88
107,2024-12-17 02:52:00,38747961,Shopping,7,2,Presencial,135989.41
108,2025-09-04 01:47:00,37652324,Centro,1,3,Presencial,95917.94
109,2024-11-13 22:23:00,39401473,Shopping,7,4,Presencial,95034.68
110,2025-06-23 03:11:00,37011889,Centro,1,4,Presencial,148090.22
111,2024-05-20 05:17:00,38751707,Tienda Online,9,3,Web,168455.81
112,2025-03-24 01:29:00,28610049,Tienda Online,9,3,Web,128903.32
113,2025-03-27 15:45:00,35501998,Tienda Online,10,3,Web,66968.26999999999
114,2025-01-15 18:55:00,27808512,Tienda Online,9,1,Web,103201.93
115,2025-03-23 03:07:00,12910178,Tienda Online,10,2,Web,41361.66
116,2024-08-29 13:10:00,19283286,Norte,4,3,Presencial,104028.27
117,2024-05-22 16:00:00,37133232,Centro,2,5,Presencial,83733.07
118,2024-02-18 08:08:00,32538346,Centro,1,5,Presencial,184841.22000000003
119,2025-03-02 06:23:00,22179530,Norte,4,1,Presencial,166953.96
120,2025-10-05 03:32:00,12409147,Tienda Online,10,5,Web,66708.13
121,2025-04-20 23:44:00,41780144,Tienda Online,9,2,Web,178759.40000000002
122,2024-10-19 12:11:00,18293899,Tienda Online,10,1,Web,106827.11
123,2025-01-30 11:34:00,40433796,Norte,6,2,Presencial,170870.05
124,2024-03-22 11:11:00,21756850,Shopping,7,3,Presencial,70078.40000000001
125,2024-12-27 20:59:00,11310767,Tienda Online,9,3,Web,28716.74
126,2025-01-07 17:30:00,10630650,Tienda Online,9,2,Web,155701.87000000002
127,2024-06-06 23:10:00,41366021,Centro,2,3,Presencial,210802.31
128,2024-04-30 08:56:00,25755164,Tienda Online,9,3,Web,172922.92
129,2024-03-30 23:16:00,17678198,Tienda Online,9,3,Web,161102.33000000002
130,2024-08-17 04:08:00,29142751,Norte,4,2,Presencial,95839.04
131,2024-03-29 02:14:00,41587472,Tienda Online,10,4,Web,208373.58000000002
132,2024-12-18 04:22:00,17829989,Tienda Online,9,5,Web,74039.63
133,2025-06-14 05:13:00,32292589,Shopping,7,2,Presencial,104347.34
134,2025-06-30 03:11:00,12756102,Shopping,7,2,Presencial,61242.07000000001
135,2025-07-31 01:24:00,43334803,Shopping,7,1,Presencial,65670.22
136,2025-05-24 21:24:00,42938462,Tienda Online,10,3,Web,115277.33
137,2024-12-19 13:36:00,41895660,Centro,1,3,Presencial,78062.24
138,2024-04-09 01:43:00,12677299,Tienda Online,10,4,Web,61889.79
139,2024-07-13 05:26:00,30238871,Norte,6,5,Presencial,65355.94
140,2025-06-01 15:36:00,38870188,Norte,4,2,Presencial,33823.38
141,2025-10-31 22:57:00,13495405,Centro,1,3,Presencial,66968.26999999999
142,2024-02-16 13:40:00,14791741,Norte,5,5,Presencial,107863.01000000001
143,2025-09-30 23:13:00,16659452,Centro,1,1,Presencial,117030.24
144,2025-04-30 17:43:00,38763716,Tienda Online,9,2,Web,98874.04000000001
145,2025-05-16 19:12:00,20905308,Tienda Online,10,4,Web,103223.29000000001
146,2025-10-06 00:54:00,30390056,Shopping,7,4,Presencial,29569.23
147,2025-09-26 12:58:00,25442738,Shopping,7,2,Presencial,75544.46
148,2025-09-18 16:05:00,24855701,Tienda Online,9,1,Web,181934.36
149,2024-10-12 19:02:00,20371898,Tienda Online,10,2,Web,94134.06
150,2024-10-07 09:49:00,26069372,Tienda Online,10,5,Web,128829.9
151,2025-03-28 22:23:00,27748007,Shopping,7,4,Presencial,152835.91
152,2024-06-10 13:53:00,31630635,Centro,1,4,Presencial,96537.5
153,2024-02-08 05:58:00,29174891,Tienda Online,9,2,Web,167440.85
154,2025-09-09 03:39:00,11730076,Shopping,7,3,Presencial,58572.020000000004
155,2024-12-04 05:32:00,39967288,Tienda Online,9,4,Web,33144.89
156,2024-10-29 19:22:00,32132749,Shopping,7,2,Presencial,158505.7
157,2024-09-11 00:13:00,24135116,Norte,6,4,Presencial,105113.69
158,2024-03-04 22:47:00,42789774,Norte,5,4,Presencial,145448.86
159,2025-04-10 20:40:00,29044583,Tienda Online,10,4,Web,161150.46
160,2025-06-01 06:54:00,34218318,Norte,5,5,Presencial,135076.93
161,2025-04-09 04:30:00,34306027,Centro,1,4,Presencial,97082.34000000001
162,2025-07-08 02:03:00,27808512,Tienda Online,10,1,Web,33823.38
163,2025-10-18 22:02:00,29790252,Norte,6,4,Presencial,147083.38
164,2024-01-04 00:46:00,20371898,Tienda Online,10,4,Web,170405.14
165,2025-03-05 20:59:00,32049663,Centro,2,1,Presencial,142629.29
166,2025-08-12 10:53:00,18494838,Tienda Online,10,5,Web,62540.119999999995
167,2025-02-27 10:15:00,27579520,Shopping,7,1,Presencial,177709.87
168,2025-03-02 13:56:00,10482569,Shopping,7,3,Presencial,41758.369999999995
169,2025-03-02 19:01:00,22203066,Norte,4,2,Presencial,95758.43000000001
170,2025-09-11 20:34:00,25293994,Shopping,7,1,Presencial,133620.5
171,2024-04-30 16:20:00,26345631,Tienda Online,9,2,Web,133078.57
172,2025-01-03 17:30:00,17792713,Shopping,7,4,Presencial,85104.54000000001
173,2024-01-17 08:54:00,34764543,Norte,6,5,Presencial,63233.100000000006
174,2024-09-08 17:02:00,37138900,Norte,5,3,Presencial,138866.61
175,2025-07-09 21:54:00,31616558,Centro,2,1,Presencial,41361.66
176,2024-03-10 05:09:00,12132899,Norte,4,2,Presencial,201837.19
177,2025-06-26 09:22:00,28540070,Shopping,7,3,Presencial,101341.70000000001
178,2024-07-15 21:09:00,35433541,Tienda Online,10,3,Web,163557.83
179,2024-03-23 22:18:00,34546748,Norte,6,1,Presencial,178746.39
180,2024-04-07 18:01:00,23902095,Shopping,7,1,Presencial,162499.66
181,2024-02-03 06:07:00,11730076,Centro,2,3,Presencial,140309.44
182,2024-05-23 23:31:00,32808641,Norte,4,1,Presencial,40561.66
183,2024-11-30 01:00:00,25086706,Tienda Online,10,3,Web,133311.5
184,2025-09-25 10:04:00,19604467,Tienda Online,9,2,Web,96961.68000000001
185,2025-03-31 12:17:00,20359006,Centro,2,3,Presencial,147721.85
186,2024-03-27 19:05:00,34070194,Centro,1,2,Presencial,66143.94
187,2024-03-05 05:42:00,11310767,Norte,4,3,Presencial,128888.83
188,2025-04-13 03:39:00,23499019,Norte,6,3,Presencial,227400.62
189,2024-11-22 09:56:00,35314138,Tienda Online,9,4,Web,139147.67
190,2024-07-23 20:12:00,42938462,Tienda Online,9,2,Web,123723.26000000001
191,2025-11-20 17:02:00,35059825,Shopping,7,3,Presencial,180433.04
192,2025-01-03 23:56:00,12195552,Centro,2,5,Presencial,61037.3
193,2024-02-15 19:13:00,37011889,Tienda Online,10,4,Web,128858.06
194,2024-08-14 15:12:00,29044583,Shopping,7,4,Presencial,100684.15
195,2024-05-25 11:53:00,40890427,Centro,1,3,Presencial,110407.13
196,2025-10-25 03:43:00,43250363,Tienda Online,9,2,Web,155628.5
197,2025-03-18 13:30:00,27751694,Tienda Online,10,5,Web,158305.07
198,2025-10-16 10:41:00,30390056,Tienda Online,9,4,Web,107031.88
199,2024-11-16 04:01:00,24304543,Norte,5,3,Presencial,69225.91
200,2025-01-27 14:26:00,16570543,Tienda Online,9,4,Web,225426.68
201,2025-01-28 19:10:00,38747961,Norte,6,4,Presencial,133597.5
202,2025-07-04 09:51:00,41341494,Norte,5,4,Presencial,175848.25
203,2024-09-10 10:09:00,41156466,Norte,4,1,Presencial,128698.55
204,2025-09-16 21:35:00,32205074,Tienda Online,9,2,Web,55130.09
205,2024-10-23 19:32:00,26852461,Tienda Online,9,5,Web,98500.83
206,2025-11-02 04:19:00,26058980,Shopping,7,2,Presencial,65465.45
207,2025-02-28 12:48:00,11809687,Tienda Online,9,1,Web,172196.30000000002
208,2024-01-03 03:10:00,39967288,Tienda Online,10,4,Web,33144.89
209,2024-08-11 14:39:00,43334803,Norte,6,2,Presencial,92283.35
210,2025-11-29 01:39:00,40427850,Tienda Online,10,1,Web,53005.72
211,2024-01-01 14:36:00,42659965,Tienda Online,10,2,Web,75185.04000000001
212,2025-01-15 22:40:00,34651431,Shopping,7,2,Presencial,70078.40000000001
213,2024-08-06 16:16:00,38751707,Shopping,7,2,Presencial,34182.8
214,2024-05-03 14:24:00,13463607,Centro,1,2,Presencial,27916.74
215,2024-11-02 04:40:00,26431104,Tienda Online,9,2,Web,36700.58
216,2025-09-16 22:11:00,16504916,Centro,2,4,Presencial,110220.32
217,2025-10-22 02:52:00,30301581,Tienda Online,10,5,Web,28716.74
218,2024-07-29 17:40:00,38778283,Norte,6,5,Presencial,33144.89
219,2024-09-02 16:53:00,23048327,Shopping,7,1,Presencial,201603.68
220,2024-03-15 00:34:00,39559360,Centro,2,1,Presencial,33144.89
221,2024-10-20 21:27:00,29586497,Tienda Online,10,5,Web,135879.9
222,2024-07-27 05:18:00,28540070,Shopping,7,3,Presencial,115944.12
223,2024-04-28 15:28:00,24161661,Shopping,7,5,Presencial,34182.8
224,2024-01-12 05:35:00,26297346,Shopping,7,3,Presencial,74506.55
225,2024-04-30 01:00:00,44321020,Centro,1,4,Presencial,163793.67
226,2024-04-15 19:35:00,32132749,Shopping,7,1,Presencial,34182.8
227,2025-04-28 12:25:00,14887419,Centro,1,2,Presencial,61558.549999999996
228,2024-05-02 17:08:00,17019579,Shopping,7,1,Presencial,129215.47
229,2025-09-29 08:16:00,35442729,Norte,4,3,Presencial,140170.7
230,2025-03-05 16:47:00,31822825,Tienda Online,9,1,Web,113419.25
231,2025-06-01 04:33:00,14792233,Shopping,7,4,Presencial,188313.34
232,2024-11-30 10:51:00,11809687,Centro,2,3,Presencial,168309.97
233,2024-11-11 15:48:00,27715659,Shopping,7,1,Presencial,170762.55
234,2024-09-23 05:56:00,40831481,Tienda Online,9,4,Web,36700.58
235,2024-05-23 04:08:00,11780798,Tienda Online,9,1,Web,85322.1
236,2024-03-17 00:44:00,14441842,Tienda Online,10,2,Web,98500.83
237,2024-02-13 15:44:00,24059778,Tienda Online,10,2,Web,128650.42000000001
238,2025-04-01 05:04:00,29674861,Tienda Online,9,5,Web,110740.21
239,2025-06-22 08:30:00,27753960,Tienda Online,10,5,Web,102970.39
240,2025-02-01 09:13:00,22313673,Centro,2,1,Presencial,102523.44
241,2024-08-26 05:26:00,32828789,Tienda Online,10,2,Web,143177.55
242,2025-08-29 10:51:00,20601564,Tienda Online,9,3,Web,121852.57999999999
243,2025-05-19 18:30:00,41587472,Centro,2,2,Presencial,69225.91
244,2024-12-05 20:57:00,42659965,Centro,1,2,Presencial,34182.8
245,2024-05-25 03:47:00,28289000,Tienda Online,9,5,Web,122432.01000000001
246,2025-10-16 16:37:00,39377500,Shopping,7,3,Presencial,51690.14
247,2025-08-09 13:21:00,29806607,Shopping,7,5,Presencial,185334.47
248,2024-03-31 22:52:00,30643479,Norte,4,3,Presencial,62540.119999999995
249,2024-01-02 01:38:00,23048327,Tienda Online,9,4,Web,143885.1
250,2025-10-28 23:27:00,31231220,Centro,1,2,Presencial,33823.38
251,2024-04-17 02:31:00,14695862,Tienda Online,9,2,Web,59138.46
252,2024-04-05 11:32:00,13597644,Tienda Online,9,5,Web,128436.40000000001
253,2025-07-21 18:26:00,27715659,Centro,2,3,Presencial,140309.44
254,2025-11-08 21:20:00,25145607,Centro,2,4,Presencial,60494.149999999994
255,2025-11-07 09:02:00,35821297,Norte,6,5,Presencial,88141.25
256,2025-11-14 03:18:00,17358428,Tienda Online,10,3,Web,138368.23
257,2025-08-08 23:07:00,40232791,Norte,4,2,Presencial,54192.0
258,2024-03-21 23:19:00,11310767,Tienda Online,9,2,Web,187327.44
259,2025-06-16 15:38:00,23771113,Tienda Online,10,1,Web,41361.66
260,2025-08-19 03:25:00,18723624,Centro,1,1,Presencial,182409.58000000002
261,2025-09-25 20:46:00,12462702,Norte,5,4,Presencial,74039.63
262,2024-11-06 10:36:00,17507729,Tienda Online,9,4,Web,65465.45
263,2024-11-24 09:11:00,42859207,Tienda Online,9,4,Web,74506.55
264,2025-05-11 17:37:00,25691522,Tienda Online,9,3,Web,33823.38
265,2025-02-17 04:37:00,16744926,Tienda Online,9,5,Web,43742.88
266,2024-09-12 01:07:00,38763716,Tienda Online,9,1,Web,110382.8
267,2024-09-04 12:42:00,30873468,Norte,5,5,Presencial,170405.14
268,2024-08-07 07:33:00,43586119,Tienda Online,10,2,Web,164027.66
269,2025-09-07 00:17:00,38133707,Tienda Online,10,3,Web,106778.98000000001
270,2025-08-21 03:29:00,15834366,Tienda Online,10,5,Web,198841.36
271,2024-10-10 08:54:00,11735763,Shopping,7,3,Presencial,33144.89
272,2025-09-06 13:47:00,21756850,Tienda Online,9,3,Web,133471.01
273,2025-05-02 22:55:00,21678777,Centro,2,5,Presencial,98967.75
274,2024-07-06 23:12:00,25845250,Tienda Online,9,3,Web,89518.2
275,2025-08-22 10:02:00,35442729,Shopping,7,1,Presencial,116732.12
276,2024-07-24 11:41:00,26591977,Tienda Online,10,5,Web,55694.81999999999
277,2025-05-14 11:21:00,23275422,Centro,2,2,Presencial,133258.05
278,2024-03-31 04:25:00,15448398,Tienda Online,10,4,Web,133782.92
279,2025-06-27 06:30:00,20714555,Tienda Online,9,1,Web,62540.119999999995
280,2025-01-27 17:10:00,13447833,Centro,1,3,Presencial,110587.57
281,2024-05-17 11:41:00,16667575,Centro,2,4,Presencial,132206.72
282,2025-07-01 21:16:00,20915531,Tienda Online,9,5,Web,32677.97
283,2025-01-24 04:13:00,16244704,Centro,2,3,Presencial,33823.38
284,2024-04-13 22:36:00,28011719,Tienda Online,9,3,Web,133867.03
285,2024-07-23 08:58:00,26819279,Tienda Online,10,5,Web,121964.63
286,2024-01-03 00:26:00,37403776,Tienda Online,10,1,Web,65355.94
287,2024-04-13 08:44:00,41453788,Norte,6,2,Presencial,117089.53
288,2024-04-28 03:14:00,29806607,Centro,2,1,Presencial,102603.73000000001
289,2024-12-16 06:14:00,20256869,Norte,6,4,Presencial,127327.08
290,2024-03-01 05:26:00,10217789,Tienda Online,10,4,Web,188753.95
291,2024-05-13 16:29:00,25636276,Norte,6,4,Presencial,32677.97
292,2025-11-25 17:54:00,32049663,Tienda Online,9,5,Web,106079.13
293,2025-01-29 05:04:00,18818897,Tienda Online,9,5,Web,65050.66
294,2025-06-01 16:01:00,17728908,Tienda Online,9,4,Web,130879.86
295,2024-08-28 02:41:00,35441229,Tienda Online,10,4,Web,36700.58
296,2024-05-01 16:58:00,41740898,Norte,4,1,Presencial,205372.32
297,2025-04-29 22:25:00,24105121,Shopping,7,4,Presencial,33823.38
298,2024-10-25 18:41:00,15815848,Tienda Online,9,3,Web,65417.32000000001
299,2025-02-23 03:39:00,16951572,Centro,1,5,Presencial,58572.020000000004
300,2024-04-20 14:08:00,40427850,Norte,6,5,Presencial,221308.87
301,2024-06-30 23:36:00,13659179,Tienda Online,9,2,Web,41361.66
302,2025-09-12 10:59:00,38747961,Shopping,7,4,Presencial,148867.26
303,2025-09-08 23:53:00,34898161,Shopping,7,5,Presencial,145653.63
304,2024-07-01 17:11:00,37274929,Tienda Online,10,3,Web,172196.30000000002
305,2025-06-19 03:38:00,16859215,Shopping,7,4,Presencial,98464.5
306,2025-11-30 08:33:00,11411585,Tienda Online,10,1,Web,74506.55
307,2025-07-29 07:39:00,12929120,Shopping,7,5,Presencial,41361.66
308,2024-11-16 18:50:00,21484920,Tienda Online,9,1,Web,169126.44
309,2025-09-09 06:42:00,29285678,Centro,2,2,Presencial,54192.0
310,2025-03-14 09:31:00,33069168,Shopping,7,3,Presencial,33823.38
311,2024-02-10 05:14:00,11730076,Shopping,7,3,Presencial,146966.16999999998
312,2025-06-17 02:19:00,29687578,Shopping,7,5,Presencial,41361.66
313,2024-12-05 11:18:00,30196404,Shopping,7,3,Presencial,203180.5
314,2024-09-06 01:21:00,31106889,Centro,1,3,Presencial,138211.07
315,2025-06-10 17:21:00,11947822,Shopping,7,4,Presencial,98700.73999999999
316,2024-04-16 07:01:00,44670267,Tienda Online,9,4,Web,68006.18
317,2024-03-16 01:51:00,40105945,Shopping,7,3,Presencial,107710.37
318,2025-11-20 04:02:00,32839753,Tienda Online,9,1,Web,171909.83000000002
319,2025-02-04 18:37:00,37271524,Shopping,7,2,Presencial,29569.23
320,2024-05-24 04:12:00,15354748,Norte,5,1,Presencial,147312.04
321,2024-02-25 18:44:00,40514355,Shopping,7,5,Presencial,96070.58
322,2025-11-18 22:22:00,14868286,Centro,2,1,Presencial,97580.64
323,2024-01-05 10:41:00,39406068,Tienda Online,10,2,Web,106778.98000000001
324,2025-01-02 10:25:00,17686170,Shopping,7,5,Presencial,98562.21
325,2024-03-19 02:34:00,16645229,Tienda Online,9,1,Web,166722.42
326,2024-06-01 12:29:00,10372106,Tienda Online,10,2,Web,69378.55
327,2025-05-29 00:21:00,39677512,Tienda Online,9,2,Web,189482.95
328,2024-02-11 07:28:00,20359006,Norte,6,4,Presencial,107583.96
329,2025-01-04 13:14:00,13495405,Tienda Online,9,4,Web,102844.51999999999
330,2024-09-26 19:45:00,26127866,Shopping,7,5,Presencial,144970.52000000002
331,2024-08-16 17:37:00,39924755,Tienda Online,10,3,Web,119862.22
332,2025-10-20 09:35:00,20565131,Norte,5,2,Presencial,28716.74
333,2024-04-26 16:26:00,32132749,Shopping,7,4,Presencial,135524.5
334,2025-08-09 05:00:00,26428983,Centro,1,2,Presencial,189159.49
335,2025-05-08 05:49:00,26523232,Tienda Online,9,4,Web,183080.83
336,2024-05-15 03:42:00,28669062,Shopping,7,2,Presencial,65050.66
337,2025-06-28 17:10:00,32279787,Shopping,7,1,Presencial,181285.53
338,2024-08-22 16:27:00,37652324,Shopping,7,4,Presencial,134844.0
339,2024-07-12 00:11:00,20332827,Centro,2,1,Presencial,148393.54
340,2024-09-16 08:55:00,19446043,Norte,5,5,Presencial,83733.07
341,2024-07-02 12:38:00,40450329,Norte,5,5,Presencial,95006.52
342,2024-08-23 15:14:00,30096828,Shopping,7,2,Presencial,94539.6
343,2025-10-13 00:10:00,29302634,Tienda Online,10,1,Web,182440.0
344,2024-07-18 01:08:00,13086401,Shopping,7,5,Presencial,240548.65000000002
345,2025-11-16 13:29:00,39924755,Centro,2,5,Presencial,29569.23
346,2025-08-19 11:52:00,18363463,Centro,1,3,Presencial,120461.81
347,2024-04-29 17:31:00,39766964,Tienda Online,10,3,Web,178853.89
348,2025-08-23 00:56:00,24627352,Norte,5,1,Presencial,61861.630000000005
349,2024-12-27 17:37:00,28540070,Tienda Online,10,1,Web,62540.119999999995
350,2024-12-16 02:35:00,34764543,Norte,4,2,Presencial,132582.59
351,2024-07-30 07:49:00,42659965,Tienda Online,10,2,Web,65822.86
352,2025-11-10 16:48:00,15448398,Tienda Online,9,1,Web,155155.25
353,2025-05-04 18:27:00,35403012,Shopping,7,5,Presencial,125075.38
354,2024-04-13 11:06:00,10027242,Tienda Online,9,5,Web,219110.16
355,2025-01-16 12:27:00,19446043,Centro,2,4,Presencial,157772.7
356,2024-06-02 16:08:00,20601564,Norte,4,1,Presencial,165916.05
357,2024-03-02 07:21:00,23369226,Shopping,7,3,Presencial,167468.39
358,2025-02-25 04:08:00,37406784,Shopping,7,5,Presencial,111207.13
359,2024-03-21 13:00:00,15448398,Centro,2,3,Presencial,103608.86
360,2024-12-17 07:47:00,25273674,Tienda Online,10,3,Web,230011.47000000003
361,2024-01-24 04:16:00,28981002,Tienda Online,9,2,Web,64998.53
362,2025-04-29 18:43:00,21484920,Tienda Online,9,1,Web,27735.17
363,2024-11-12 07:49:00,39406068,Centro,2,3,Presencial,241663.0
364,2025-07-15 15:11:00,23499019,Shopping,7,5,Presencial,185743.49
365,2024-05-19 11:44:00,19938405,Shopping,7,4,Presencial,126785.22
366,2025-10-23 13:18:00,24697145,Centro,1,4,Presencial,69225.91
367,2024-10-05 09:43:00,39377500,Tienda Online,10,5,Web,66501.35
368,2025-04-11 21:05:00,11809687,Tienda Online,10,3,Web,71478.04999999999
369,2024-05-08 14:57:00,28981002,Centro,2,1,Presencial,148422.85
370,2024-03-14 18:32:00,13495405,Norte,6,2,Presencial,64641.12
371,2024-09-11 13:08:00,42745601,Centro,2,4,Presencial,149150.39
372,2024-11-26 05:24:00,27753960,Tienda Online,9,1,Web,91249.99
373,2024-08-11 03:51:00,14868286,Centro,1,4,Presencial,161568.81
374,2024-04-01 08:29:00,28688292,Shopping,7,4,Presencial,32677.97
375,2024-06-06 23:56:00,28540070,Centro,1,1,Presencial,191412.67
376,2024-09-13 01:20:00,21260138,Shopping,7,4,Presencial,70930.89
377,2025-04-24 09:23:00,25691522,Tienda Online,9,5,Web,36700.58
378,2024-09-26 18:29:00,31625779,Shopping,7,4,Presencial,75544.46
379,2024-09-01 10:56:00,14684875,Tienda Online,10,1,Web,69845.47
380,2025-09-19 09:39:00,32223091,Tienda Online,9,4,Web,23855.38
381,2024-07-01 01:04:00,42659965,Centro,2,1,Presencial,149462.22
382,2024-03-13 00:26:00,34041232,Tienda Online,9,2,Web,149013.1
383,2025-09-23 09:04:00,43172347,Tienda Online,10,1,Web,28432.88
384,2025-06-28 13:09:00,25863159,Centro,2,2,Presencial,156248.59
385,2024-04-16 05:41:00,22083413,Shopping,7,2,Presencial,156124.48
386,2024-11-18 18:46:00,17740453,Shopping,7,3,Presencial,102370.8
387,2024-09-17 12:17:00,31822825,Norte,4,4,Presencial,33823.38
388,2025-06-14 04:36:00,20369856,Centro,2,3,Presencial,96896.92
389,2024-04-06 01:17:00,35441229,Norte,6,3,Presencial,147125.68
390,2025-05-09 05:54:00,17686170,Tienda Online,9,5,Web,201783.05000000002
391,2025-03-20 14:13:00,34041232,Tienda Online,9,1,Web,161652.59
392,2024-04-02 07:34:00,38195354,Tienda Online,9,3,Web,63392.61
393,2025-07-15 13:37:00,23663184,Norte,5,1,Presencial,69845.47
394,2025-07-28 21:01:00,35314138,Centro,1,5,Presencial,133471.01
395,2024-11-24 11:45:00,13597644,Tienda Online,9,1,Web,97990.78
396,2024-08-27 06:48:00,17779366,Shopping,7,3,Presencial,33144.89
397,2025-09-27 05:02:00,25691522,Shopping,7,3,Presencial,111207.13
398,2025-09-29 04:49:00,13463607,Shopping,7,1,Presencial,83664.41
399,2025-11-06 12:17:00,27593354,Shopping,7,1,Presencial,75185.04000000001
400,2024-03-31 06:21:00,36200760,Tienda Online,9,5,Web,67646.76
401,2024-11-08 11:23:00,30873468,Tienda Online,9,4,Web,97942.65000000001
402,2024-03-04 21:21:00,27748007,Tienda Online,9,4,Web,153796.98
403,2025-10-02 23:25:00,23707602,Centro,1,4,Presencial,83113.51000000001
404,2024-11-12 23:30:00,37379791,Tienda Online,10,5,Web,97371.22
405,2025-07-24 18:11:00,44993998,Centro,2,1,Presencial,149691.59
406,2024-10-07 05:11:00,16065254,Centro,2,2,Presencial,156014.6
407,2025-05-03 04:34:00,12756102,Shopping,7,5,Presencial,73682.22
408,2024-08-19 01:06:00,26591977,Tienda Online,10,1,Web,55016.33
409,2024-03-08 06:02:00,21710303,Tienda Online,10,4,Web,112245.04000000001
410,2025-01-24 10:40:00,38531078,Tienda Online,9,5,Web,216194.95
411,2025-06-12 21:31:00,31822825,Norte,6,1,Presencial,100351.62
412,2024-04-02 17:05:00,44068679,Tienda Online,9,2,Web,126985.13
413,2024-04-02 08:32:00,32223091,Tienda Online,9,2,Web,32320.56
414,2025-10-11 12:23:00,17358428,Tienda Online,9,5,Web,133842.77
415,2025-04-01 09:51:00,28972908,Centro,2,2,Presencial,26670.77
416,2025-05-25 18:33:00,33190516,Tienda Online,10,1,Web,58572.020000000004
417,2025-03-28 02:42:00,25145607,Shopping,7,5,Presencial,135101.29
418,2025-11-07 23:36:00,42528458,Shopping,7,5,Presencial,136753.75
419,2024-05-04 23:42:00,10934065,Norte,5,3,Presencial,64617.32000000001
420,2024-10-21 14:34:00,14041987,Shopping,7,3,Presencial,69225.91
421,2025-05-24 16:48:00,33190516,Tienda Online,9,2,Web,89816.56
422,2025-07-27 21:45:00,20565131,Tienda Online,10,1,Web,100791.65
423,2024-04-26 23:24:00,31050528,Shopping,7,3,Presencial,89518.2
424,2025-05-05 16:11:00,19604467,Tienda Online,10,1,Web,69225.91
425,2025-04-18 14:07:00,11730076,Tienda Online,10,1,Web,228728.06
426,2025-07-01 05:39:00,23027010,Shopping,7,5,Presencial,84411.56
427,2024-11-05 07:22:00,26365398,Norte,4,3,Presencial,66860.77
428,2025-05-27 05:15:00,25863159,Tienda Online,10,3,Web,101699.11
429,2024-05-15 07:00:00,32808641,Shopping,7,1,Presencial,67646.76
430,2025-08-31 02:58:00,31050528,Tienda Online,9,4,Web,143856.03999999998
431,2025-06-29 10:53:00,12409147,Tienda Online,10,4,Web,100686.16
432,2025-07-27 17:32:00,39176602,Shopping,7,2,Presencial,131609.39
433,2024-11-14 20:55:00,16645229,Centro,2,3,Presencial,73401.16
434,2024-02-21 03:36:00,14887419,Norte,4,1,Presencial,153351.42
435,2025-06-30 02:40:00,40433796,Centro,1,4,Presencial,36700.58
436,2025-10-21 15:53:00,13495405,Tienda Online,9,2,Web,205731.34
437,2024-04-25 11:59:00,41780144,Tienda Online,10,4,Web,102370.8
438,2024-04-19 11:07:00,33069168,Tienda Online,10,1,Web,168097.34000000003
439,2024-08-01 23:41:00,17656258,Tienda Online,10,4,Web,186437.38
440,2024-04-27 20:12:00,30390056,Centro,1,4,Presencial,100324.73
441,2025-09-02 12:56:00,21983483,Tienda Online,9,4,Web,21871.44
442,2025-10-13 00:00:00,40663924,Tienda Online,10,2,Web,214598.44
443,2024-04-01 19:53:00,12132899,Tienda Online,10,5,Web,92961.84
444,2024-01-02 00:00:00,40450329,Norte,4,3,Presencial,82723.32
445,2025-01-26 13:51:00,26431104,Shopping,7,4,Presencial,147364.44
446,2025-11-17 04:17:00,38396306,Centro,2,1,Presencial,139456.95
447,2025-03-10 18:50:00,29812600,Centro,2,4,Presencial,212330.99000000002
448,2025-01-12 03:51:00,18474473,Tienda Online,9,4,Web,61861.630000000005
449,2025-04-21 17:38:00,36803314,Tienda Online,9,5,Web,65417.32000000001
450,2025-08-16 10:39:00,24161661,Tienda Online,9,1,Web,140369.43
451,2024-06-20 01:12:00,13463607,Tienda Online,10,5,Web,32525.33
452,2024-06-22 19:33:00,14791741,Tienda Online,9,3,Web,106546.05
453,2024-05-15 21:01:00,17507729,Tienda Online,9,3,Web,32525.33
454,2024-06-03 22:29:00,11947822,Tienda Online,10,3,Web,73401.16
455,2024-12-17 02:52:00,17678198,Centro,1,2,Presencial,123956.19
456,2024-12-19 01:51:00,29368328,Tienda Online,9,3,Web,32320.56
457,2025-05-02 10:17:00,26594901,Shopping,7,5,Presencial,137046.67
458,2025-06-26 23:18:00,39766964,Shopping,7,1,Presencial,166520.8
459,2025-02-04 15:44:00,12409147,Tienda Online,9,2,Web,155233.56
460,2025-04-01 11:59:00,26523232,Centro,2,3,Presencial,189124.74
461,2024-07-07 08:38:00,16898363,Tienda Online,9,4,Web,158225.13
462,2024-03-16 09:27:00,29285678,Norte,4,1,Presencial,96377.99
463,2024-07-01 22:01:00,11723249,Norte,4,1,Presencial,172708.90000000002
464,2024-01-20 16:59:00,10482569,Tienda Online,10,1,Web,110382.8
465,2025-05-17 16:19:00,35526938,Tienda Online,9,4,Web,202051.58000000002
466,2024-11-06 13:40:00,26428983,Norte,4,1,Presencial,136601.11
467,2024-11-02 23:45:00,26373518,Tienda Online,10,1,Web,140542.99
468,2025-08-30 08:08:00,30873468,Shopping,7,4,Presencial,173406.82
469,2024-02-13 13:50:00,42789774,Tienda Online,10,2,Web,220347.98
470,2025-09-25 01:33:00,14616506,Shopping,7,2,Presencial,86473.81
471,2024-08-13 02:09:00,29302634,Shopping,7,2,Presencial,128033.73
472,2024-08-06 01:33:00,36891021,Centro,1,2,Presencial,61861.630000000005
473,2024-06-17 14:58:00,14616506,Centro,1,5,Presencial,66860.77
474,2024-07-02 03:02:00,37379791,Tienda Online,10,5,Web,141480.76
475,2025-09-17 23:36:00,14667767,Norte,5,5,Presencial,32525.33
476,2025-03-04 00:09:00,32199028,Shopping,7,2,Presencial,150457.52000000002
477,2024-02-25 22:00:00,24105121,Norte,6,3,Presencial,172835.83000000002
478,2025-06-11 03:57:00,40793026,Tienda Online,10,2,Web,98292.29
479,2025-04-27 19:58:00,21260138,Tienda Online,9,1,Web,59028.19
480,2024-10-03 06:54:00,44321020,Shopping,7,2,Presencial,101341.7
481,2024-08-13 10:04:00,29955030,Tienda Online,9,2,Web,157519.8
482,2025-03-14 08:25:00,39406068,Centro,2,3,Presencial,136687.5
483,2025-02-20 07:26:00,21081482,Shopping,7,3,Presencial,36700.58
484,2024-06-15 00:00:00,35441229,Tienda Online,9,5,Web,131087.54
485,2025-10-10 00:02:00,10934065,Shopping,7,1,Presencial,189964.47
486,2025-01-07 01:45:00,30028290,Shopping,7,4,Presencial,100500.12
487,2024-07-28 04:43:00,44321020,Shopping,7,2,Presencial,170870.05
488,2024-03-05 12:43:00,32159349,Shopping,7,4,Presencial,137046.67
489,2024-03-08 06:25:00,16645229,Norte,4,4,Presencial,98821.91
490,2024-07-28 17:46:00,36952077,Shopping,7,1,Presencial,142512.73
491,2024-08-25 17:44:00,37011889,Norte,5,3,Presencial,94986.55
492,2024-11-07 19:21:00,21081482,Norte,4,3,Presencial,221589.93
493,2025-09-25 05:29:00,29586497,Centro,2,5,Presencial,51440.67
494,2024-07-07 07:00:00,26871415,Tienda Online,10,1,Web,73682.22
495,2024-05-04 00:51:00,39924755,Tienda Online,10,4,Web,105721.72
496,2025-08-10 22:45:00,25442738,Tienda Online,10,5,Web,134438.46000000002
497,2024-04-29 10:30:00,16859215,Tienda Online,9,4,Web,117782.51000000001
498,2024-10-11 06:40:00,24449461,Norte,5,1,Presencial,36700.58
499,2025-05-17 10:50:00,35526737,Centro,1,5,Presencial,156405.54
500,2025-04-01 19:08:00,20736210,Tienda Online,10,2,Web,143236.06
501,2024-03-31 00:13:00,26591977,Shopping,7,3,Presencial,199368.35
502,2025-08-22 10:22:00,35186423,Tienda Online,9,5,Web,33144.89
503,2024-09-25 10:14:00,39766964,Shopping,7,4,Presencial,118594.36
504,2024-03-09 20:26:00,41740898,Shopping,7,3,Presencial,102603.73000000001
505,2025-08-12 00:35:00,34552283,Centro,2,3,Presencial,101699.11
506,2025-03-05 21:43:00,24234180,Norte,5,3,Presencial,36700.58
507,2024-04-06 20:26:00,32279787,Norte,5,2,Presencial,99240.7
508,2024-05-27 00:26:00,36775919,Norte,6,5,Presencial,82108.74
509,2025-06-28 18:48:00,26058980,Centro,2,1,Presencial,68006.18
510,2024-05-22 15:05:00,20369856,Norte,4,5,Presencial,94420.1
511,2025-03-11 23:34:00,27785377,Norte,6,1,Presencial,21871.44
512,2025-06-09 20:14:00,24738124,Norte,4,4,Presencial,33823.38
513,2024-04-08 04:13:00,25636276,Centro,2,5,Presencial,130041.81
514,2024-06-13 17:05:00,16744926,Shopping,7,5,Presencial,33144.89
515,2024-01-15 18:03:00,25784266,Tienda Online,9,2,Web,236691.93000000002
516,2025-11-20 03:39:00,22313673,Tienda Online,10,3,Web,62415.04
517,2025-05-22 12:19:00,30854088,Centro,2,3,Presencial,110587.57
518,2025-03-14 06:26:00,36669833,Tienda Online,10,1,Web,67818.22
519,2025-02-14 23:43:00,17656258,Tienda Online,9,1,Web,82723.32
520,2024-12-12 06:50:00,13597644,Norte,5,4,Presencial,133936.53999999998
521,2025-02-13 12:09:00,26594901,Tienda Online,10,5,Web,158539.34
522,2024-02-24 02:19:00,30238871,Tienda Online,10,1,Web,157079.72
523,2025-04-22 06:53:00,16898363,Norte,5,4,Presencial,98610.34
524,2025-01-20 15:06:00,35441229,Shopping,7,1,Presencial,70523.95999999999
525,2025-05-14 03:44:00,28991721,Tienda Online,10,4,Web,141454.85
526,2024-12-27 09:42:00,44185636,Centro,2,1,Presencial,103456.22
527,2024-04-09 14:36:00,32159349,Centro,2,3,Presencial,51440.67
528,2024-03-08 10:24:00,20256869,Shopping,7,3,Presencial,36700.58
529,2025-03-08 19:23:00,20267062,Shopping,7,4,Presencial,196384.53
530,2025-03-22 06:53:00,26297346,Tienda Online,9,1,Web,107863.01000000001
531,2025-08-29 11:29:00,32384600,Shopping,7,1,Presencial,122196.16999999998
532,2025-07-06 10:41:00,29142751,Shopping,7,4,Presencial,150288.93
533,2025-03-20 19:19:00,28981002,Norte,6,1,Presencial,55694.81999999999
534,2024-03-06 21:38:00,29911725,Norte,5,4,Presencial,55694.81999999999
535,2024-04-26 05:07:00,42590824,Norte,6,1,Presencial,168506.3
536,2024-09-21 09:28:00,28086578,Centro,1,5,Presencial,32677.97
537,2024-03-26 10:42:00,35526737,Tienda Online,10,3,Web,90111.45000000001
538,2024-08-29 03:49:00,23027010,Tienda Online,10,5,Web,128391.14
539,2024-08-29 14:26:00,25784266,Centro,1,2,Presencial,139952.03
540,2025-03-09 16:12:00,31106889,Tienda Online,9,2,Web,105066.18000000001
541,2024-02-25 23:34:00,23771113,Norte,6,2,Presencial,111207.13
542,2025-02-06 08:43:00,37668609,Tienda Online,9,1,Web,119037.89000000001
543,2025-10-21 13:52:00,37652324,Centro,1,1,Presencial,132433.72
544,2025-06-02 02:15:00,29841084,Tienda Online,10,4,Web,116411.04000000001
545,2024-01-04 13:40:00,29142751,Centro,2,3,Presencial,66968.26999999999
546,2024-05-13 20:16:00,44533969,Tienda Online,10,4,Web,120312.14
547,2025-08-07 07:39:00,32833825,Tienda Online,9,1,Web,36700.58
548,2024-06-21 01:41:00,31293505,Norte,4,5,Presencial,41361.66
549,2025-08-03 04:00:00,38153498,Norte,5,5,Presencial,121160.26999999999
550,2025-01-26 04:26:00,37902136,Tienda Online,10,2,Web,74506.55
551,2024-10-24 08:56:00,14868286,Centro,1,5,Presencial,144303.45
552,2025-03-09 20:23:00,27748007,Centro,2,1,Presencial,119447.43000000001
553,2024-01-06 08:39:00,38747961,Norte,5,5,Presencial,116081.79000000001
554,2025-05-30 16:49:00,34041232,Tienda Online,9,3,Web,33823.38
555,2025-03-19 04:50:00,24135116,Centro,1,1,Presencial,100791.65
556,2024-06-17 10:46:00,22660246,Tienda Online,9,4,Web,158093.78
557,2025-04-23 14:53:00,10038379,Norte,5,4,Presencial,168212.97999999998
558,2025-03-02 02:37:00,39406068,Tienda Online,10,4,Web,33823.38
559,2025-02-07 12:45:00,17656258,Tienda Online,9,1,Web,32677.97
560,2025-11-06 16:22:00,11818787,Centro,1,3,Presencial,32525.33
561,2025-08-05 04:24:00,20565131,Tienda Online,10,1,Web,98348.19
562,2025-02-12 08:42:00,40105945,Tienda Online,10,2,Web,34182.8
563,2024-06-15 13:15:00,16744926,Shopping,7,4,Presencial,33823.38
564,2025-03-18 10:35:00,34651431,Shopping,7,5,Presencial,119423.90000000001
565,2025-01-12 20:57:00,16570543,Tienda Online,9,4,Web,36700.58
566,2025-04-19 23:05:00,38133707,Tienda Online,9,2,Web,130834.64000000001
567,2025-06-19 14:35:00,37271524,Centro,2,5,Presencial,169367.23
568,2025-05-30 00:33:00,20256869,Centro,1,4,Presencial,32677.97
569,2024-10-31 10:42:00,39559360,Tienda Online,10,4,Web,149403.29
570,2025-07-01 00:36:00,19364231,Centro,1,4,Presencial,123103.70000000001
571,2025-02-08 10:19:00,20736210,Centro,2,2,Presencial,57433.48
572,2024-01-28 07:08:00,24627352,Tienda Online,10,2,Web,156358.03
573,2025-03-31 16:33:00,25047294,Tienda Online,9,1,Web,53430.159999999996
574,2025-03-01 16:55:00,22660246,Shopping,7,5,Presencial,36700.58
575,2025-09-18 23:09:00,34070194,Centro,2,4,Presencial,122628.71
576,2025-04-25 11:44:00,33606133,Shopping,7,2,Presencial,150207.12
577,2024-03-29 22:46:00,27196223,Centro,1,2,Presencial,33144.89
578,2025-05-20 10:21:00,14868286,Centro,1,2,Presencial,94623.38
579,2025-05-13 08:48:00,23222803,Tienda Online,10,3,Web,61242.07000000001
580,2024-02-21 14:56:00,27044130,Tienda Online,9,4,Web,33144.89
581,2024-04-14 19:11:00,15354748,Shopping,7,5,Presencial,75185.04000000001
582,2025-06-02 17:00:00,33160875,Norte,6,1,Presencial,115043.88
583,2024-01-07 08:22:00,12645604,Shopping,7,4,Presencial,33823.38
584,2025-02-28 12:18:00,27753960,Shopping,7,2,Presencial,115043.88
585,2025-04-14 17:37:00,15299476,Tienda Online,10,3,Web,65822.86
586,2024-06-17 14:48:00,13753932,Tienda Online,9,4,Web,237552.24000000002
587,2024-11-07 10:42:00,40515566,Norte,5,3,Presencial,171624.87
588,2025-10-26 13:48:00,29285678,Tienda Online,9,2,Web,36700.58
589,2024-05-09 17:45:00,15745388,Shopping,7,3,Presencial,169037.12
590,2024-02-18 22:13:00,34296024,Shopping,7,1,Presencial,162886.21
591,2025-09-01 07:58:00,37406784,Shopping,7,3,Presencial,130439.93
592,2024-05-13 16:15:00,15376189,Shopping,7,4,Presencial,194508.31
593,2025-04-13 04:24:00,17678198,Tienda Online,9,5,Web,66269.81
594,2025-09-08 13:56:00,30028290,Norte,4,1,Presencial,200294.06
595,2025-03-07 01:39:00,38250184,Tienda Online,9,3,Web,52564.9
596,2025-08-09 10:34:00,22425195,Tienda Online,10,4,Web,130882.77
597,2025-04-04 05:05:00,34929174,Shopping,7,3,Presencial,168004.03000000003
598,2024-11-12 19:09:00,37011889,Tienda Online,9,1,Web,65670.22
599,2025-08-06 17:48:00,10990382,Centro,2,4,Presencial,174103.76
600,2024-11-24 13:42:00,13447833,Centro,1,1,Presencial,125073.37
601,2024-10-19 04:54:00,26764226,Tienda Online,9,3,Web,107863.01000000001
602,2024-02-29 10:10:00,26373518,Norte,6,1,Presencial,136915.32
603,2025-08-23 08:04:00,35186423,Tienda Online,10,5,Web,33823.38
604,2025-04-20 18:52:00,41854862,Norte,5,1,Presencial,62899.54000000001
605,2025-10-29 04:17:00,32292589,Centro,2,5,Presencial,73682.22
606,2025-07-04 14:27:00,31822825,Centro,1,5,Presencial,148677.72
607,2025-07-30 02:23:00,20905308,Centro,2,1,Presencial,178798.52
608,2025-04-08 09:19:00,34798543,Norte,5,3,Presencial,117301.87000000001
609,2025-05-15 13:24:00,44670267,Tienda Online,9,1,Web,161714.65000000002
610,2024-06-30 23:47:00,12132899,Centro,1,1,Presencial,21871.44
611,2024-10-14 23:13:00,25636276,Shopping,7,3,Presencial,85104.54000000001
612,2025-05-19 20:41:00,41996735,Shopping,7,1,Presencial,33823.38
613,2025-05-20 05:49:00,30549138,Tienda Online,9,2,Web,20698.46
614,2025-08-06 07:46:00,17792713,Tienda Online,10,5,Web,57433.48
615,2025-09-21 08:37:00,12462702,Tienda Online,9,5,Web,136872.66999999998
616,2024-08-17 01:36:00,38701583,Norte,4,4,Presencial,113302.3
617,2024-03-17 08:31:00,21048610,Centro,2,2,Presencial,36700.58
618,2024-01-25 20:13:00,19604467,Tienda Online,9,3,Web,36700.58
619,2024-12-14 01:51:00,36562073,Centro,2,3,Presencial,201490.13
620,2024-03-07 04:21:00,13753932,Shopping,7,4,Presencial,32320.56
621,2025-07-26 01:46:00,16898363,Shopping,7,4,Presencial,65050.66
622,2025-01-28 15:50:00,26161813,Tienda Online,9,4,Web,134896.13
623,2024-07-16 03:41:00,39176602,Centro,2,1,Presencial,176526.74
624,2024-03-02 04:21:00,40890427,Shopping,7,5,Presencial,99414.7
625,2024-12-17 09:56:00,39672841,Shopping,7,1,Presencial,21871.44
626,2025-07-26 01:51:00,25519695,Centro,2,3,Presencial,33823.38
627,2025-05-02 23:42:00,43453305,Norte,5,4,Presencial,210495.96000000002
628,2024-01-04 21:48:00,38133707,Centro,2,2,Presencial,140796.33000000002
629,2024-01-07 12:23:00,24672546,Shopping,7,1,Presencial,66348.70999999999
630,2025-01-03 01:29:00,16381102,Norte,4,1,Presencial,67646.76
631,2024-09-08 06:05:00,21048610,Norte,4,1,Presencial,28716.74
632,2025-11-01 03:47:00,39263324,Centro,1,2,Presencial,118554.25
633,2024-07-13 06:32:00,33811900,Tienda Online,10,4,Web,239209.78999999998
634,2024-12-01 08:26:00,21484920,Tienda Online,10,3,Web,65417.32000000001
635,2025-09-21 02:12:00,33776507,Shopping,7,5,Presencial,179813.48
636,2024-02-07 07:04:00,26523232,Centro,1,2,Presencial,75185.04000000001
637,2025-01-18 08:41:00,37138900,Centro,1,1,Presencial,144332.05
638,2025-03-18 13:57:00,39672841,Norte,4,4,Presencial,124084.98000000001
639,2025-05-28 17:30:00,42938462,Tienda Online,9,1,Web,32320.56
640,2024-02-09 18:38:00,29142751,Norte,6,3,Presencial,83733.07
641,2024-05-21 18:32:00,11433274,Norte,6,3,Presencial,136135.25
642,2024-06-01 13:34:00,23707602,Tienda Online,9,2,Web,128417.49
643,2024-03-28 10:41:00,28289000,Shopping,7,2,Presencial,70930.89
644,2024-05-22 19:42:00,41156466,Shopping,7,2,Presencial,129401.37
645,2024-05-22 05:14:00,36952077,Shopping,7,3,Presencial,137696.54
646,2024-02-02 23:31:00,35526737,Centro,2,4,Presencial,141686.39
647,2024-06-24 11:09:00,10934065,Centro,2,4,Presencial,150927.4
648,2025-05-01 05:25:00,29955030,Tienda Online,9,5,Web,161150.46000000002
649,2024-12-02 19:25:00,12497263,Shopping,7,4,Presencial,33823.38
650,2025-04-12 11:50:00,42528458,Centro,1,3,Presencial,58572.020000000004
651,2025-08-05 03:15:00,38531078,Centro,1,1,Presencial,193780.3
652,2025-01-12 02:36:00,39548449,Norte,6,1,Presencial,131920.68
653,2025-04-17 13:00:00,14695862,Tienda Online,10,4,Web,34182.8
654,2024-05-19 11:09:00,37403776,Centro,2,4,Presencial,155790.96000000002
655,2024-01-12 23:07:00,32384600,Centro,2,2,Presencial,28716.74
656,2025-03-28 23:46:00,20915531,Tienda Online,9,5,Web,103338.17
657,2024-12-11 06:33:00,12462702,Centro,2,1,Presencial,66503.36
658,2024-11-26 19:11:00,28972908,Tienda Online,10,2,Web,119037.89
659,2025-02-02 07:15:00,22195628,Norte,5,2,Presencial,194988.33000000002
660,2025-08-05 05:51:00,10524999,Shopping,7,1,Presencial,66968.26999999999
661,2024-11-21 22:44:00,24627352,Shopping,7,1,Presencial,137876.94
662,2024-05-07 10:32:00,16709628,Tienda Online,9,4,Web,32320.56
663,2024-06-04 12:49:00,29911725,Shopping,7,1,Presencial,99028.69
664,2025-02-28 22:07:00,23369226,Tienda Online,9,3,Web,127957.44
665,2024-08-15 20:45:00,24855701,Centro,1,4,Presencial,32677.97
666,2024-03-12 06:34:00,14791741,Tienda Online,9,2,Web,21871.44
667,2024-07-28 08:03:00,14627608,Norte,6,1,Presencial,70078.40000000001
668,2024-09-11 10:20:00,19938405,Shopping,7,5,Presencial,106827.11
669,2025-03-08 17:14:00,16659452,Tienda Online,10,4,Web,33144.89
670,2024-11-03 20:18:00,44670267,Centro,1,2,Presencial,136872.66999999998
671,2025-04-25 06:40:00,14755156,Shopping,7,2,Presencial,201530.31
672,2024-07-17 14:53:00,31616558,Tienda Online,10,3,Web,165296.49
673,2025-01-05 21:32:00,37379791,Tienda Online,9,1,Web,95065.45
674,2025-11-09 05:30:00,11780798,Tienda Online,10,1,Web,168261.84000000003
675,2025-01-26 20:00:00,17254174,Tienda Online,9,4,Web,32525.33
676,2024-12-18 04:52:00,16194045,Tienda Online,10,2,Web,134188.46000000002
677,2025-03-03 17:55:00,29174891,Tienda Online,9,3,Web,37939.86
678,2024-07-09 06:51:00,24738124,Tienda Online,9,2,Web,106412.32
679,2024-10-27 02:55:00,30831897,Norte,4,1,Presencial,179777.5
680,2024-02-12 03:18:00,20565131,Tienda Online,10,5,Web,210893.39
681,2024-12-17 10:45:00,34089341,Tienda Online,10,2,Web,143732.46000000002
682,2025-02-15 04:44:00,16490526,Shopping,7,5,Presencial,70078.40000000001
683,2025-05-01 17:34:00,42520755,Shopping,7,2,Presencial,32525.33
684,2024-02-16 11:06:00,36873895,Norte,6,4,Presencial,275419.59
685,2025-09-13 06:39:00,29586497,Tienda Online,9,2,Web,70523.95999999999
686,2025-07-15 15:56:00,41341494,Tienda Online,10,4,Web,183082.44
687,2025-11-17 04:12:00,22179530,Tienda Online,10,2,Web,33144.89
688,2025-08-12 20:30:00,14441842,Shopping,7,3,Presencial,188872.91
689,2024-04-28 19:33:00,39672841,Tienda Online,10,2,Web,170417.62
690,2024-05-09 17:44:00,39677512,Centro,1,5,Presencial,36700.58
691,2024-10-30 07:28:00,30238871,Norte,4,4,Presencial,32525.33
692,2025-05-29 23:30:00,15285296,Tienda Online,10,3,Web,78062.24
693,2024-12-07 05:12:00,25442983,Tienda Online,9,2,Web,33144.89
694,2025-05-14 13:22:00,20905308,Tienda Online,10,2,Web,124084.98000000001
695,2024-10-16 09:38:00,18792148,Tienda Online,10,2,Web,32320.56
696,2025-08-17 01:50:00,29806607,Centro,2,3,Presencial,127327.08
697,2025-01-05 19:38:00,39176602,Norte,5,2,Presencial,69378.55
698,2024-02-23 04:00:00,20267062,Centro,1,3,Presencial,75544.46
699,2025-09-02 05:53:00,31630635,Tienda Online,9,4,Web,131145.73
700,2025-08-09 16:22:00,27579520,Tienda Online,9,1,Web,165510.51
701,2025-07-04 06:18:00,39924755,Shopping,7,1,Presencial,36700.58
702,2025-10-29 04:14:00,32279787,Tienda Online,9,2,Web,66708.13
703,2024-11-17 04:11:00,25293994,Shopping,7,2,Presencial,29569.23
704,2024-02-05 02:53:00,15285296,Shopping,7,5,Presencial,169764.66
705,2025-03-31 04:46:00,18494838,Tienda Online,10,4,Web,152903.08
706,2025-09-29 14:24:00,27632290,Norte,5,5,Presencial,70078.40000000001
707,2025-07-02 06:57:00,40793026,Tienda Online,9,3,Web,129741.31999999999
708,2024-01-27 20:36:00,39406068,Shopping,7,1,Presencial,161902.37
709,2024-04-10 12:52:00,24429953,Centro,2,2,Presencial,70523.95999999999
710,2025-05-16 03:15:00,43172347,Tienda Online,10,3,Web,198441.38
711,2025-06-28 18:49:00,13597644,Centro,1,4,Presencial,28716.74
712,2024-06-08 22:26:00,42614267,Shopping,7,2,Presencial,28716.74
713,2025-01-14 08:30:00,36873895,Norte,4,5,Presencial,148140.64
714,2024-08-22 10:25:00,27826293,Tienda Online,10,1,Web,98033.91
715,2024-02-28 02:53:00,12929120,Norte,4,3,Presencial,122850.8
716,2024-05-07 13:50:00,38153498,Shopping,7,5,Presencial,130082.77
717,2025-06-20 07:40:00,32770212,Centro,1,1,Presencial,41361.66
718,2024-06-23 12:44:00,24429953,Shopping,7,1,Presencial,164543.68
719,2024-11-08 21:56:00,20267062,Tienda Online,10,1,Web,41361.66
720,2025-04-16 11:12:00,20371898,Norte,5,3,Presencial,55788.0
721,2024-06-06 14:01:00,15285296,Shopping,7,4,Presencial,70523.95999999999
722,2024-07-05 18:18:00,26783807,Norte,5,3,Presencial,135543.85
723,2024-07-13 09:43:00,25293994,Shopping,7,2,Presencial,32320.56
724,2025-05-05 22:42:00,26852461,Shopping,7,1,Presencial,66968.26999999999
725,2025-05-28 13:16:00,21081482,Tienda Online,9,1,Web,66503.36
726,2024-08-30 01:46:00,36873895,Shopping,7,3,Presencial,147083.38
727,2024-07-10 08:30:00,17507729,Tienda Online,9,1,Web,116258.40000000001
728,2025-08-28 21:28:00,25086706,Centro,1,2,Presencial,67646.76
729,2024-05-29 14:33:00,20714555,Centro,1,5,Presencial,125073.37
730,2024-12-25 14:16:00,39406068,Tienda Online,9,3,Web,34182.8
731,2024-11-25 07:14:00,19938405,Shopping,7,4,Presencial,121112.14
732,2025-07-19 04:26:00,39163080,Tienda Online,10,3,Web,145441.99
733,2025-09-08 04:06:00,15354748,Tienda Online,9,5,Web,61394.71000000001
734,2025-07-13 21:07:00,14695862,Tienda Online,9,3,Web,147150.89
735,2025-05-09 14:18:00,26365398,Tienda Online,9,5,Web,157574.8
736,2025-06-29 17:31:00,25333944,Shopping,7,1,Presencial,145827.63
737,2025-06-09 15:32:00,12756102,Centro,1,5,Presencial,73312.11
738,2025-10-16 05:03:00,17318490,Tienda Online,10,3,Web,65050.66
739,2024-08-03 18:14:00,10038379,Tienda Online,10,1,Web,127245.73000000001
740,2025-09-18 10:03:00,17740453,Tienda Online,9,1,Web,155807.97999999998
741,2025-01-26 22:19:00,27748007,Norte,4,5,Presencial,99493.6
742,2025-04-01 07:54:00,42859207,Norte,4,4,Presencial,100194.79
743,2025-09-14 06:24:00,43502842,Centro,1,2,Presencial,130821.39
744,2024-01-22 03:45:00,25442983,Tienda Online,9,1,Web,67646.76
745,2025-10-04 20:28:00,11780798,Tienda Online,9,1,Web,154077.87
746,2024-05-06 00:43:00,43334803,Norte,4,1,Presencial,211912.64
747,2024-04-22 07:39:00,39176602,Shopping,7,3,Presencial,82723.32
748,2024-03-27 01:28:00,29955030,Shopping,7,2,Presencial,148374.19
749,2025-05-26 22:35:00,39672841,Tienda Online,9,3,Web,32320.56
750,2024-05-30 10:55:00,25442738,Norte,4,4,Presencial,29569.23
751,2024-05-28 03:05:00,32223091,Norte,6,2,Presencial,110382.8
752,2024-09-08 13:04:00,32538346,Shopping,7,5,Presencial,169493.1
753,2024-03-30 08:01:00,10027242,Centro,1,1,Presencial,214051.65
754,2025-07-18 14:22:00,14616506,Tienda Online,9,2,Web,93357.86
755,2024-01-27 23:45:00,38870188,Shopping,7,4,Presencial,164384.63
756,2025-03-02 05:06:00,36674654,Centro,1,2,Presencial,138732.88
757,2024-01-12 13:31:00,19179099,Tienda Online,10,4,Web,152001.24
758,2024-05-08 07:13:00,31293505,Norte,4,5,Presencial,174633.46000000002
759,2024-12-09 00:57:00,24304543,Centro,2,3,Presencial,66348.70999999999
760,2024-07-25 21:47:00,11730076,Centro,2,1,Presencial,182369.56
761,2024-11-18 13:20:00,27929653,Tienda Online,9,3,Web,111207.13
762,2024-01-25 20:02:00,26161813,Centro,1,4,Presencial,64998.53
763,2024-04-05 07:54:00,19104260,Tienda Online,9,2,Web,65417.32000000001
764,2025-06-19 11:39:00,37133232,Norte,5,2,Presencial,121724.46
765,2024-06-05 19:21:00,14776792,Centro,2,4,Presencial,95392.09
766,2025-04-10 10:42:00,41341494,Norte,5,3,Presencial,134708.21
767,2024-05-23 04:13:00,25333944,Norte,6,5,Presencial,167449.62
768,2025-11-29 01:27:00,40232791,Tienda Online,9,1,Web,188301.03
769,2024-03-28 06:09:00,39967288,Tienda Online,10,1,Web,115791.48000000001
770,2024-04-27 09:30:00,11818787,Norte,4,1,Presencial,66348.70999999999
771,2024-03-04 12:20:00,37652324,Tienda Online,9,4,Web,21871.44
772,2025-12-01 14:26:00,28567695,Tienda Online,9,3,Web,65355.94
773,2025-04-07 14:19:00,26365398,Tienda Online,10,2,Web,100324.73
774,2024-07-22 11:55:00,17318490,Shopping,7,4,Presencial,179000.68
775,2025-11-14 19:44:00,21664429,Shopping,7,2,Presencial,32320.56
776,2025-05-26 10:48:00,20256869,Shopping,7,4,Presencial,196338.97
777,2025-03-06 23:46:00,42938462,Tienda Online,9,2,Web,144243.0
778,2025-05-29 04:15:00,42528458,Tienda Online,10,4,Web,133078.57
779,2025-01-17 06:02:00,34764543,Norte,6,5,Presencial,98795.14000000001
780,2024-04-11 02:59:00,20601564,Centro,1,1,Presencial,36700.58
781,2025-09-30 18:35:00,32828789,Centro,1,4,Presencial,132254.24
782,2025-02-09 00:15:00,34296024,Tienda Online,10,3,Web,123723.26000000001
783,2025-02-28 01:06:00,38153498,Norte,5,1,Presencial,188720.27000000002
784,2024-02-22 19:43:00,32205074,Tienda Online,10,2,Web,119423.90000000001
785,2024-08-24 03:23:00,20332827,Shopping,7,2,Presencial,96070.57999999999
786,2024-01-12 21:27:00,42745601,Shopping,7,5,Presencial,161795.31
787,2024-08-15 10:08:00,36913358,Tienda Online,10,5,Web,126598.01000000001
788,2025-08-16 03:31:00,30028290,Tienda Online,9,4,Web,32320.56
789,2024-07-03 03:10:00,38751707,Tienda Online,9,4,Web,172939.90000000002
790,2025-03-05 12:48:00,20369856,Tienda Online,10,3,Web,50588.18
791,2024-02-02 04:00:00,16381102,Tienda Online,10,3,Web,191064.66999999998
792,2025-06-08 05:12:00,14598388,Centro,2,3,Presencial,93357.86
793,2025-05-08 06:48:00,17245195,Shopping,7,1,Presencial,191053.25
794,2024-10-14 13:24:00,39176602,Tienda Online,10,5,Web,61861.630000000005
795,2025-04-01 14:27:00,30390056,Tienda Online,9,3,Web,211259.77000000002
796,2025-02-11 01:01:00,20256869,Tienda Online,10,2,Web,63233.100000000006
797,2025-01-15 04:57:00,16744926,Norte,5,3,Presencial,28716.74
798,2025-04-21 19:22:00,26161813,Tienda Online,9,3,Web,122039.49
799,2024-11-23 06:45:00,21048610,Tienda Online,10,1,Web,33823.38
800,2024-05-07 15:27:00,13635366,Norte,4,5,Presencial,194710.24
801,2024-04-07 14:10:00,32808641,Norte,6,3,Presencial,29569.23
802,2025-05-20 20:54:00,20915531,Norte,6,4,Presencial,57906.32
803,2024-02-18 00:21:00,35059825,Tienda Online,10,1,Web,89754.04000000001
804,2025-01-12 18:20:00,19364231,Centro,2,1,Presencial,33823.38
805,2024-12-03 23:28:00,24161661,Centro,2,4,Presencial,173747.25
806,2025-06-24 08:12:00,18494838,Tienda Online,10,4,Web,88161.22
807,2024-03-25 12:02:00,32199028,Tienda Online,9,2,Web,65355.94
808,2024-03-02 07:15:00,11780798,Norte,4,2,Presencial,135989.41
809,2024-11-15 15:29:00,11735763,Tienda Online,9,2,Web,126466.20000000001
810,2025-09-27 17:31:00,42659965,Norte,6,4,Presencial,61242.07000000001
811,2024-04-19 03:45:00,18889009,Tienda Online,9,1,Web,104706.76000000001
812,2025-07-17 02:52:00,22874170,Norte,5,4,Presencial,152101.87
813,2025-03-08 06:37:00,16898363,Shopping,7,2,Presencial,132199.33000000002
814,2025-02-18 13:22:00,38531078,Shopping,7,1,Presencial,111389.63999999998
815,2024-04-06 06:19:00,12756102,Norte,5,5,Presencial,64998.53
816,2024-12-06 15:32:00,40298722,Tienda Online,10,1,Web,100326.74
817,2024-01-10 20:16:00,29841084,Norte,4,4,Presencial,137027.32
818,2024-05-30 03:12:00,32828789,Tienda Online,10,3,Web,135941.28
819,2025-11-10 20:20:00,27196223,Shopping,7,1,Presencial,67864.52
820,2025-01-03 07:02:00,41740898,Norte,5,1,Presencial,33823.38
821,2025-11-26 18:35:00,25845250,Tienda Online,9,4,Web,92109.35
822,2024-12-17 20:54:00,26069372,Tienda Online,10,4,Web,170362.84
823,2024-06-02 17:51:00,38870188,Tienda Online,9,3,Web,106546.05
824,2024-10-16 20:14:00,15285296,Centro,1,1,Presencial,102756.37000000001
825,2025-05-29 22:42:00,31616558,Centro,1,5,Presencial,87855.2
826,2024-10-24 07:28:00,35403012,Tienda Online,9,4,Web,129734.45
827,2025-11-26 11:00:00,29302634,Centro,1,5,Presencial,74039.63
828,2025-04-17 18:37:00,26764226,Tienda Online,10,4,Web,32320.56
829,2025-05-30 23:23:00,29586497,Norte,6,3,Presencial,137220.66999999998
830,2024-11-05 08:16:00,18474473,Shopping,7,5,Presencial,33144.89
831,2024-05-08 13:45:00,37403776,Shopping,7,1,Presencial,32677.97
832,2025-10-27 03:39:00,31050528,Norte,5,5,Presencial,124108.83
833,2024-07-28 17:37:00,25079183,Tienda Online,10,5,Web,54396.770000000004
834,2024-11-04 21:26:00,40890427,Tienda Online,9,1,Web,32677.97
835,2025-09-10 04:07:00,28011719,Centro,1,1,Presencial,36700.58
836,2024-02-26 04:09:00,20905308,Centro,2,4,Presencial,166801.32
837,2025-11-04 08:12:00,13635366,Tienda Online,9,5,Web,144332.05
838,2024-01-29 09:40:00,22195628,Centro,1,1,Presencial,32525.33
839,2025-11-03 21:09:00,28316378,Tienda Online,10,1,Web,105066.18000000001
840,2025-05-30 07:11:00,44032415,Centro,2,5,Presencial,70930.89
841,2024-05-23 09:30:00,13086401,Tienda Online,9,3,Web,166456.39
842,2024-12-22 19:57:00,20504726,Centro,2,4,Presencial,106079.13
843,2025-05-02 11:02:00,20359006,Tienda Online,9,2,Web,21871.44
844,2025-01-28 14:20:00,10190290,Norte,4,1,Presencial,33144.89
845,2025-01-18 20:42:00,23275422,Tienda Online,10,1,Web,28716.74
846,2024-05-16 21:45:00,34218318,Norte,6,5,Presencial,157632.85
847,2024-05-23 00:10:00,30196404,Centro,1,4,Presencial,60442.07000000001
848,2025-08-07 16:10:00,18123867,Shopping,7,3,Presencial,41361.66
849,2025-01-20 02:25:00,28991721,Shopping,7,1,Presencial,32320.56
850,2024-02-22 20:31:00,15745388,Norte,6,3,Presencial,147907.27000000002
851,2025-09-17 17:04:00,40890427,Tienda Online,9,4,Web,201144.58000000002
852,2024-03-04 08:02:00,35186423,Tienda Online,9,1,Web,130559.24
853,2025-05-05 04:25:00,28567695,Norte,5,1,Presencial,69225.91
854,2024-08-21 00:43:00,34041232,Centro,1,1,Presencial,29569.23
855,2025-01-31 12:52:00,18792148,Norte,5,2,Presencial,97371.22
856,2025-01-11 12:00:00,36913358,Centro,2,3,Presencial,54549.41
857,2025-07-03 19:23:00,40427850,Tienda Online,9,1,Web,32677.97
858,2024-10-16 01:29:00,25273674,Tienda Online,9,3,Web,97737.88
859,2024-09-13 18:33:00,14090793,Tienda Online,10,4,Web,82723.32
860,2024-10-26 22:18:00,34798543,Tienda Online,10,5,Web,257300.84000000003
861,2025-06-17 07:52:00,26654221,Norte,5,5,Presencial,100890.93000000001
862,2024-01-22 17:01:00,12239055,Shopping,7,1,Presencial,131493.08000000002
863,2024-01-20 13:03:00,14887419,Centro,1,4,Presencial,61394.71000000001
864,2024-02-02 18:29:00,27785377,Tienda Online,10,3,Web,88839.70999999999
865,2025-09-28 14:48:00,34929174,Tienda Online,9,4,Web,29569.23
866,2025-11-25 09:48:00,34546748,Shopping,7,5,Presencial,59296.240000000005
867,2024-10-07 02:55:00,30301581,Shopping,7,5,Presencial,32525.33
868,2024-10-02 22:30:00,10524999,Norte,5,5,Presencial,116546.70000000001
869,2024-02-07 12:14:00,41780144,Centro,2,5,Presencial,99026.68
870,2024-10-09 08:51:00,25691522,Shopping,7,4,Presencial,54396.770000000004
871,2024-02-09 06:17:00,17779366,Tienda Online,10,5,Web,29569.23
872,2024-03-03 08:50:00,16381102,Norte,5,3,Presencial,32525.33
873,2024-04-21 02:38:00,14627608,Centro,2,4,Presencial,66968.26999999999
874,2024-03-14 21:54:00,14310325,Norte,5,3,Presencial,133995.47
875,2024-06-13 12:34:00,16778091,Tienda Online,9,3,Web,32525.33
876,2024-11-16 17:26:00,41690133,Tienda Online,10,5,Web,75544.46
877,2024-06-02 13:00:00,27785377,Tienda Online,9,1,Web,216309.29
878,2025-09-13 16:07:00,28086578,Norte,6,5,Presencial,63392.61
879,2025-01-05 07:52:00,38763716,Tienda Online,9,3,Web,82723.32
880,2024-12-26 19:07:00,38747961,Tienda Online,10,1,Web,194842.49
881,2025-02-21 23:00:00,29081689,Tienda Online,10,2,Web,107505.6
882,2025-10-09 06:45:00,25845250,Tienda Online,9,2,Web,89754.04000000001
883,2024-05-09 01:09:00,19179099,Centro,2,4,Presencial,78062.24
884,2025-07-24 08:14:00,29586497,Norte,5,3,Presencial,242780.5
885,2025-03-22 09:52:00,40663924,Tienda Online,9,4,Web,175889.14
886,2024-12-15 01:38:00,22924113,Tienda Online,10,5,Web,99288.83
887,2024-08-03 14:41:00,42446968,Shopping,7,3,Presencial,41361.66
888,2024-05-01 09:49:00,27579520,Centro,1,4,Presencial,93824.87000000001
889,2024-01-07 16:40:00,19179099,Norte,5,1,Presencial,157400.8
890,2024-05-02 15:10:00,20369856,Centro,2,4,Presencial,89778.37000000001
891,2024-10-09 15:28:00,27753960,Tienda Online,9,5,Web,96722.92
892,2025-07-25 22:33:00,12239055,Tienda Online,9,1,Web,54192.0
893,2024-09-28 16:02:00,13950951,Tienda Online,10,4,Web,126393.24
894,2024-01-04 14:49:00,31117675,Centro,2,4,Presencial,41361.66
895,2025-09-20 12:58:00,23275422,Norte,6,5,Presencial,179238.6
896,2024-10-21 14:19:00,24429953,Shopping,7,4,Presencial,21871.44
897,2024-11-22 22:32:00,20256869,Tienda Online,9,3,Web,121365.04
898,2025-02-22 02:04:00,26871415,Norte,6,3,Presencial,135901.26
899,2025-10-13 01:33:00,17254174,Shopping,7,4,Presencial,170708.9
900,2025-01-05 18:16:00,36200760,Tienda Online,10,2,Web,75185.04000000001
901,2024-08-08 18:52:00,33160875,Tienda Online,9,2,Web,66289.78
902,2024-04-14 17:07:00,26723413,Norte,6,4,Presencial,21871.44
903,2024-09-10 01:09:00,32384600,Tienda Online,10,1,Web,127538.65
904,2025-03-01 00:41:00,38153498,Tienda Online,9,5,Web,33144.89
905,2025-09-12 10:39:00,13086401,Shopping,7,3,Presencial,99026.68
906,2025-01-20 09:56:00,32205074,Norte,5,1,Presencial,99240.7
907,2025-05-23 13:26:00,36952077,Tienda Online,9,3,Web,112117.37000000001
908,2025-05-16 20:15:00,30301581,Shopping,7,1,Presencial,170191.56
909,2024-02-07 10:58:00,41002707,Centro,1,5,Presencial,69845.47
910,2024-11-16 22:15:00,14868286,Norte,5,3,Presencial,248551.84000000003
911,2024-05-04 05:40:00,36200760,Tienda Online,9,4,Web,41361.66
912,2025-06-21 16:37:00,35059825,Centro,1,5,Presencial,82723.32
913,2025-11-23 09:15:00,15815848,Tienda Online,10,3,Web,159804.28
914,2024-05-18 05:36:00,26365398,Norte,4,4,Presencial,69723.95999999999
915,2025-07-04 15:39:00,39163080,Norte,5,1,Presencial,43613.69
916,2024-10-08 09:42:00,36562073,Norte,6,4,Presencial,164492.13
917,2024-10-13 06:05:00,23663184,Shopping,7,5,Presencial,92283.35
918,2025-09-22 22:49:00,40515566,Centro,2,4,Presencial,97676.5
919,2024-11-27 02:39:00,12195552,Norte,6,1,Presencial,129682.39
920,2025-04-30 12:07:00,40890427,Centro,2,5,Presencial,73886.99
921,2024-09-13 23:23:00,34359226,Tienda Online,10,5,Web,70883.38
922,2024-12-20 14:28:00,15376189,Centro,1,5,Presencial,119287.34
923,2024-01-06 20:00:00,41587472,Norte,6,3,Presencial,197973.27000000002
924,2025-10-02 01:57:00,25333944,Tienda Online,10,5,Web,148682.12
925,2024-03-04 10:43:00,17687437,Centro,2,5,Presencial,127181.24
926,2025-08-23 12:30:00,28124922,Tienda Online,10,1,Web,123256.34000000001
927,2024-06-25 15:08:00,16778091,Tienda Online,10,3,Web,66708.13
928,2025-07-28 11:58:00,42789774,Shopping,7,3,Presencial,165808.55
929,2024-01-11 07:25:00,14792233,Shopping,7,3,Presencial,83733.07
930,2024-02-24 12:56:00,37379791,Centro,1,3,Presencial,133261.08
931,2024-09-27 03:09:00,30873468,Norte,5,3,Presencial,204713.81
932,2025-03-20 11:50:00,37011889,Shopping,7,3,Presencial,36700.58
933,2025-04-23 08:54:00,35403012,Shopping,7,1,Presencial,124102.49
934,2024-12-10 22:06:00,34651431,Norte,6,1,Presencial,69845.47
935,2025-09-23 15:34:00,36891021,Tienda Online,10,5,Web,202302.14
936,2024-04-20 14:22:00,14310325,Tienda Online,10,3,Web,230144.39
937,2024-05-13 22:38:00,31050528,Tienda Online,10,1,Web,69045.47
938,2024-11-04 10:29:00,19283286,Centro,1,2,Presencial,28716.74
939,2025-07-22 12:46:00,19364231,Centro,1,4,Presencial,204166.72
940,2025-01-31 04:23:00,28696734,Norte,6,2,Presencial,123489.27
941,2025-09-15 06:04:00,35501998,Norte,5,2,Presencial,32525.33
942,2024-03-20 22:02:00,31084522,Centro,2,2,Presencial,124084.98000000001
943,2024-11-14 13:12:00,32132749,Norte,4,4,Presencial,73682.22
944,2024-03-25 11:49:00,44533969,Tienda Online,10,1,Web,32320.56
945,2025-08-11 17:18:00,14887419,Shopping,7,4,Presencial,140176.77000000002
946,2025-04-06 17:08:00,21387796,Tienda Online,10,4,Web,33144.89
947,2025-01-27 23:01:00,36803314,Shopping,7,2,Presencial,65417.32000000001
948,2025-03-21 01:39:00,35442729,Norte,6,3,Presencial,99646.23999999999
949,2024-07-02 10:00:00,35444008,Norte,6,4,Presencial,32525.33
950,2024-02-07 18:08:00,26025968,Centro,2,4,Presencial,65417.32000000001
951,2024-10-08 11:47:00,25333944,Tienda Online,9,4,Web,157824.71
952,2024-03-21 11:31:00,21710303,Centro,2,3,Presencial,144118.03000000003
953,2024-07-15 19:29:00,24135116,Tienda Online,9,3,Web,41361.66
954,2024-08-08 14:54:00,27579520,Shopping,7,2,Presencial,208522.40000000002
955,2024-09-30 15:47:00,17949149,Centro,2,3,Presencial,88220.15
956,2025-08-25 14:21:00,27826293,Norte,6,5,Presencial,179213.31
957,2025-11-20 13:18:00,16951572,Shopping,7,4,Presencial,137815.64
958,2024-01-24 09:41:00,33069168,Tienda Online,10,4,Web,140704.56
959,2025-02-14 18:46:00,26591977,Tienda Online,10,3,Web,170250.49
960,2025-06-29 13:23:00,31231220,Norte,6,4,Presencial,154518.74
961,2025-11-02 05:52:00,31106889,Shopping,7,1,Presencial,133097.89
962,2025-08-05 21:21:00,25047294,Tienda Online,9,1,Web,145622.86
963,2024-06-28 16:07:00,38250184,Norte,4,2,Presencial,21871.44
964,2025-04-15 08:21:00,17779366,Centro,2,5,Presencial,138530.14
965,2025-02-20 17:44:00,13495405,Norte,6,4,Presencial,171624.87
966,2025-02-11 01:21:00,24105121,Tienda Online,10,4,Web,131755.22999999998
967,2024-06-22 12:30:00,42520755,Centro,1,3,Presencial,66348.70999999999
968,2025-04-14 16:46:00,32279787,Tienda Online,10,2,Web,85463.38
969,2024-01-27 07:32:00,12497263,Shopping,7,3,Presencial,89958.81
970,2024-10-28 05:16:00,12929120,Norte,6,2,Presencial,86717.33
971,2024-09-22 12:25:00,14684875,Tienda Online,10,5,Web,169804.93
972,2025-01-22 16:33:00,43586119,Tienda Online,10,2,Web,70883.38
973,2024-03-07 11:41:00,31231220,Centro,1,3,Presencial,200148.37
974,2025-06-20 07:47:00,25674110,Centro,1,2,Presencial,33823.38
975,2024-10-04 18:53:00,31822825,Tienda Online,9,5,Web,41361.66
976,2024-09-10 08:21:00,27748007,Tienda Online,9,2,Web,50588.18
977,2025-09-15 09:04:00,30549138,Centro,2,3,Presencial,70523.95999999999
978,2025-04-20 03:21:00,28540070,Shopping,7,1,Presencial,62772.45
979,2025-05-13 10:14:00,28991721,Centro,1,1,Presencial,62094.56
980,2024-01-01 08:35:00,39548449,Tienda Online,10,4,Web,70523.95999999999
981,2025-10-22 10:13:00,27715659,Norte,5,5,Presencial,217753.18
982,2024-06-16 06:06:00,14441842,Tienda Online,9,4,Web,125540.29
983,2024-11-10 17:07:00,26654221,Tienda Online,10,3,Web,28716.74
984,2025-09-16 07:10:00,23027010,Centro,1,2,Presencial,53533.69
985,2024-10-02 07:48:00,31727935,Norte,6,3,Presencial,75185.04000000001
986,2024-11-18 15:21:00,17254174,Norte,4,4,Presencial,204503.61000000002
987,2024-07-26 07:07:00,21756850,Norte,4,3,Presencial,108329.93
988,2024-08-08 21:04:00,12756102,Tienda Online,9,4,Web,33823.38
989,2025-05-06 20:14:00,13495405,Tienda Online,10,1,Web,131552.01
990,2025-07-04 12:36:00,33606133,Centro,2,3,Presencial,95034.68
991,2025-08-09 18:39:00,27785377,Norte,5,3,Presencial,32320.56
992,2024-03-10 23:52:00,29586497,Tienda Online,10,3,Web,110711.15
993,2024-09-22 08:42:00,29955030,Shopping,7,1,Presencial,147907.71000000002
994,2025-08-02 14:55:00,35403012,Tienda Online,10,5,Web,202169.68
995,2024-06-11 17:31:00,28289000,Norte,5,1,Presencial,61861.630000000005
996,2024-10-10 15:53:00,11809687,Tienda Online,9,2,Web,69225.91
997,2025-03-18 00:43:00,31293505,Shopping,7,5,Presencial,34182.8
998,2024-09-22 07:36:00,29081689,Shopping,7,3,Presencial,156590.96000000002
999,2025-06-30 20:32:00,24867952,Tienda Online,10,1,Web,33823.38
1000,2024-08-23 22:27:00,13836296,Norte,6,2,Presencial,56054.240000000005
1001,2025-03-26 04:12:00,12645604,Shopping,7,4,Presencial,93334.09
1002,2025-09-11 12:13:00,20207615,Centro,2,3,Presencial,238847.80000000002
1003,2024-04-12 12:06:00,30196404,Tienda Online,10,3,Web,109565.73999999999
1004,2025-04-27 00:32:00,36952077,Tienda Online,10,3,Web,26502.86
1005,2024-05-11 17:42:00,14755156,Tienda Online,9,2,Web,32525.33
1006,2025-11-07 10:00:00,21387796,Centro,1,5,Presencial,76887.76999999999
1007,2025-01-08 03:44:00,29687578,Centro,1,2,Presencial,134354.89
1008,2025-04-26 01:10:00,35314138,Tienda Online,9,2,Web,204762.2
1009,2025-10-14 00:01:00,40890427,Norte,4,4,Presencial,90578.37
1010,2024-05-08 07:29:00,20267062,Tienda Online,9,2,Web,60940.119999999995
1011,2024-09-13 06:18:00,42859207,Norte,5,3,Presencial,173775.41
1012,2024-02-05 13:08:00,23275422,Tienda Online,9,1,Web,32320.56
1013,2024-08-31 05:31:00,26723413,Norte,6,3,Presencial,129522.88
1014,2024-08-07 15:28:00,41535292,Centro,1,3,Presencial,150701.34
1015,2024-12-16 17:43:00,23663184,Tienda Online,10,1,Web,36700.58
1016,2024-08-20 15:36:00,24697145,Shopping,7,1,Presencial,82723.32
1017,2024-03-25 17:13:00,26764226,Tienda Online,9,4,Web,62899.54000000001
1018,2024-12-28 17:56:00,25145607,Shopping,7,2,Presencial,200136.84000000003
1019,2025-09-25 07:43:00,21787005,Shopping,7,2,Presencial,75185.04000000001
1020,2025-03-07 16:15:00,41561757,Norte,4,3,Presencial,33823.38
1021,2024-08-01 20:55:00,13597644,Norte,4,1,Presencial,102990.36
1022,2024-09-05 13:21:00,29687578,Tienda Online,10,2,Web,171563.03
1023,2025-11-19 05:10:00,14090793,Norte,6,4,Presencial,32525.33
1024,2024-04-15 21:27:00,17949149,Norte,6,4,Presencial,36700.58
1025,2025-04-10 05:14:00,40793026,Tienda Online,9,3,Web,133238.08000000002
1026,2025-09-09 20:26:00,27593354,Shopping,7,3,Presencial,136222.34
1027,2024-09-14 21:51:00,32899636,Norte,6,3,Presencial,34182.8
1028,2025-05-12 08:17:00,29081689,Norte,5,4,Presencial,127355.24
1029,2025-08-02 12:49:00,38778283,Tienda Online,10,5,Web,32525.33
1030,2025-10-20 03:21:00,10949480,Centro,1,1,Presencial,181285.53000000003
1031,2025-03-18 22:50:00,28514090,Centro,2,1,Presencial,100684.15
1032,2024-12-26 08:29:00,39651079,Tienda Online,10,4,Web,156722.31
1033,2025-10-25 10:59:00,25674110,Tienda Online,9,4,Web,120219.63
1034,2024-11-09 03:27:00,26345631,Tienda Online,10,1,Web,173514.32
1035,2025-01-05 05:26:00,14407860,Centro,2,2,Presencial,199412.78999999998
1036,2024-07-22 03:11:00,35821297,Tienda Online,10,5,Web,133662.26
1037,2024-04-16 10:01:00,15448398,Tienda Online,10,5,Web,75185.04000000001
1038,2025-11-14 09:20:00,16490526,Shopping,7,4,Presencial,54192.0
1039,2024-01-22 20:53:00,27196223,Shopping,7,4,Presencial,122371.56
1040,2025-01-07 08:59:00,37902136,Centro,1,3,Presencial,199760.79
1041,2025-06-03 16:14:00,28540070,Shopping,7,3,Presencial,80157.41
1042,2025-08-11 01:48:00,35441229,Shopping,7,5,Presencial,32320.56
1043,2025-04-04 19:04:00,39377500,Tienda Online,10,1,Web,56365.17
1044,2024-01-29 20:24:00,11723249,Tienda Online,9,4,Web,106283.0
1045,2025-06-04 13:53:00,25079183,Tienda Online,10,5,Web,32525.33
1046,2025-01-01 20:03:00,34359226,Tienda Online,10,1,Web,61242.07000000001
1047,2024-07-02 06:11:00,40831481,Tienda Online,10,4,Web,65355.94
1048,2025-08-10 23:55:00,44993998,Tienda Online,10,4,Web,136915.32
1049,2025-05-26 03:05:00,39738000,Centro,1,3,Presencial,33823.38
1050,2024-04-06 17:52:00,27748007,Tienda Online,9,1,Web,170062.7
1051,2025-08-04 19:13:00,29044583,Tienda Online,9,1,Web,175011.22
1052,2025-03-27 06:03:00,14627608,Tienda Online,10,2,Web,32525.33
1053,2024-05-03 10:38:00,27808512,Shopping,7,3,Presencial,197162.46
1054,2025-01-09 04:49:00,24304543,Norte,4,4,Presencial,130773.26000000001
1055,2025-08-28 03:22:00,27244970,Shopping,7,5,Presencial,153606.7
1056,2024-07-21 09:59:00,24867952,Norte,4,4,Presencial,173932.67
1057,2024-10-21 23:20:00,39401473,Centro,2,1,Presencial,33823.38
1058,2025-08-07 18:31:00,16604711,Tienda Online,9,3,Web,33823.38
1059,2024-12-26 18:21:00,14791741,Tienda Online,9,4,Web,192993.41
1060,2024-07-27 16:54:00,14090793,Tienda Online,9,5,Web,41361.66
1061,2024-04-29 09:54:00,19364231,Tienda Online,10,2,Web,124084.98000000001
1062,2025-02-15 01:31:00,14755156,Shopping,7,2,Presencial,127590.78
1063,2024-01-11 14:11:00,13291303,Centro,1,4,Presencial,89958.81
1064,2024-05-11 22:37:00,22588451,Centro,2,2,Presencial,96986.01000000001
1065,2025-11-28 23:43:00,26723413,Norte,5,3,Presencial,112764.01999999999
1066,2024-02-06 16:00:00,41780144,Centro,1,1,Presencial,65822.86
1067,2025-03-22 21:00:00,44304306,Tienda Online,10,4,Web,182343.41
1068,2025-10-21 01:55:00,10372106,Norte,5,4,Presencial,21871.44
1069,2024-07-18 11:27:00,11392203,Norte,4,4,Presencial,62094.56
1070,2025-07-14 10:50:00,35464823,Tienda Online,10,1,Web,226102.87
1071,2024-08-17 21:26:00,34268915,Centro,1,5,Presencial,198362.16
1072,2025-10-13 15:31:00,41780144,Norte,4,2,Presencial,55808.58
1073,2024-01-22 14:44:00,20601564,Norte,6,3,Presencial,200148.42
1074,2025-04-08 15:09:00,36952077,Norte,6,4,Presencial,119609.32
1075,2025-02-22 12:47:00,41453788,Centro,1,3,Presencial,36700.58
1076,2024-11-03 21:17:00,42520755,Norte,5,1,Presencial,65417.32000000001
1077,2025-03-29 00:48:00,13463607,Shopping,7,2,Presencial,87541.66
1078,2024-09-08 04:27:00,27785377,Shopping,7,4,Presencial,33144.89
1079,2024-01-22 00:17:00,25636276,Centro,1,1,Presencial,76420.85
1080,2024-11-19 19:54:00,34070194,Shopping,7,4,Presencial,95713.17
1081,2024-05-01 18:10:00,24234180,Shopping,7,5,Presencial,92115.27
1082,2025-04-29 12:56:00,20226206,Tienda Online,10,2,Web,154300.0
1083,2025-10-01 10:14:00,43250363,Tienda Online,9,4,Web,65670.22
1084,2025-05-21 00:32:00,41535292,Centro,1,5,Presencial,88732.21
1085,2024-09-26 15:19:00,38195354,Shopping,7,3,Presencial,33823.38
1086,2024-05-13 21:18:00,24672546,Norte,4,5,Presencial,149691.59
1087,2024-12-20 08:55:00,30549138,Norte,4,2,Presencial,157033.6
1088,2024-04-19 08:17:00,27632290,Centro,2,2,Presencial,32677.97
1089,2024-01-14 11:38:00,32012128,Shopping,7,5,Presencial,94386.96
1090,2024-03-24 06:20:00,35821297,Shopping,7,1,Presencial,74039.63
1091,2025-06-26 06:34:00,26594901,Tienda Online,10,2,Web,161487.90000000002
1092,2024-06-29 06:44:00,23663184,Tienda Online,9,2,Web,28716.74
1093,2024-07-11 06:23:00,27244970,Tienda Online,9,3,Web,70930.89
1094,2025-02-26 17:17:00,30643479,Norte,6,3,Presencial,65417.32000000001
1095,2024-06-14 02:12:00,13753932,Shopping,7,1,Presencial,161507.87
1096,2025-01-05 23:49:00,12462702,Tienda Online,9,5,Web,175298.2
1097,2025-07-13 06:29:00,23707602,Shopping,7,5,Presencial,138866.61000000002
1098,2025-03-05 00:50:00,41156466,Tienda Online,10,2,Web,61248.590000000004
1099,2024-08-10 03:14:00,28669062,Norte,6,4,Presencial,66503.36
1100,2025-07-16 09:28:00,23707602,Shopping,7,2,Presencial,176081.18000000002
1101,2024-11-27 16:16:00,14041987,Shopping,7,3,Presencial,75185.04000000001
1102,2024-12-12 21:31:00,40890427,Centro,2,5,Presencial,185567.84000000003
1103,2024-09-09 07:08:00,24867952,Tienda Online,10,3,Web,165432.77
1104,2025-10-09 19:32:00,25333944,Tienda Online,9,2,Web,58685.78
1105,2025-09-30 10:58:00,19283286,Shopping,7,5,Presencial,26885.08
1106,2024-05-26 12:25:00,27244970,Centro,2,1,Presencial,147083.38
1107,2025-07-03 06:49:00,13291303,Tienda Online,9,2,Web,98562.21
1108,2024-01-12 10:10:00,24135116,Centro,2,2,Presencial,172649.97
1109,2025-08-31 15:09:00,19674106,Norte,6,3,Presencial,88141.25
1110,2024-01-18 04:13:00,14791741,Norte,4,3,Presencial,95424.87000000001
1111,2024-07-01 11:08:00,24161661,Tienda Online,10,1,Web,167940.76
1112,2024-04-14 17:50:00,37317331,Norte,6,2,Presencial,107184.52
1113,2025-06-21 14:12:00,29368328,Tienda Online,9,4,Web,107651.44
1114,2024-09-24 07:45:00,24304543,Tienda Online,9,1,Web,32525.33
1115,2024-08-18 16:20:00,15354748,Centro,2,1,Presencial,78062.24
1116,2025-11-17 13:30:00,20714555,Tienda Online,10,5,Web,28716.74
1117,2024-03-10 01:22:00,29142751,Centro,1,5,Presencial,41361.66
1118,2025-08-18 12:33:00,32899636,Centro,2,2,Presencial,174473.87
1119,2024-09-23 13:24:00,34359226,Norte,5,3,Presencial,184539.21
1120,2025-08-06 10:11:00,19179099,Tienda Online,10,2,Web,103049.29000000001
1121,2024-01-25 10:34:00,11780798,Tienda Online,10,2,Web,114762.82
1122,2025-04-13 13:20:00,35526737,Tienda Online,10,2,Web,203451.72
1123,2024-04-09 01:49:00,39672841,Tienda Online,10,2,Web,98348.19
1124,2024-05-02 10:18:00,40298722,Centro,2,3,Presencial,35900.58
1125,2025-04-11 19:47:00,13463607,Centro,1,5,Presencial,28716.74
1126,2025-02-11 23:08:00,30831897,Norte,6,1,Presencial,135173.74
1127,2024-10-15 16:21:00,42659965,Norte,4,3,Presencial,97082.34000000001
1128,2024-02-15 19:13:00,12645604,Shopping,7,4,Presencial,61394.71000000001
1129,2024-03-31 20:24:00,39672841,Tienda Online,9,4,Web,118470.78
1130,2025-10-16 11:50:00,41854862,Norte,6,2,Presencial,107651.44
1131,2025-09-08 08:38:00,34898161,Norte,5,2,Presencial,136786.53000000003
1132,2024-12-15 18:26:00,23275422,Tienda Online,9,2,Web,65822.86
1133,2024-04-24 17:06:00,26127866,Shopping,7,1,Presencial,90606.53
1134,2024-12-08 16:41:00,10038379,Tienda Online,10,3,Web,177758.0
1135,2025-10-21 15:29:00,14755156,Tienda Online,9,2,Web,177769.41999999998
1136,2025-07-08 21:47:00,17687437,Centro,1,2,Presencial,21871.44
1137,2024-03-14 02:17:00,30090967,Tienda Online,10,4,Web,91256.86
1138,2024-08-01 10:22:00,32205074,Norte,5,5,Presencial,210554.35
1139,2025-01-27 18:23:00,42745601,Shopping,7,1,Presencial,140261.93
1140,2024-09-08 21:32:00,10190290,Shopping,7,1,Presencial,99233.46
1141,2025-07-19 15:24:00,14598388,Centro,2,5,Presencial,177302.94
1142,2025-07-02 22:18:00,32808641,Centro,1,1,Presencial,36943.5
1143,2024-03-19 06:47:00,24627352,Norte,5,4,Presencial,66968.26999999999
1144,2024-12-14 23:18:00,16884540,Norte,5,4,Presencial,32677.97
1145,2024-05-15 20:39:00,22924113,Norte,5,1,Presencial,149488.92
1146,2025-05-01 13:41:00,14627608,Tienda Online,9,2,Web,34182.8
1147,2025-08-07 06:22:00,22179530,Shopping,7,2,Presencial,147978.16999999998
1148,2024-05-16 23:56:00,10372106,Shopping,7,1,Presencial,36700.58
1149,2024-01-10 10:21:00,12497263,Centro,1,2,Presencial,58572.020000000004
1150,2024-04-11 05:53:00,35768358,Tienda Online,9,5,Web,65417.32000000001
1151,2024-03-10 16:18:00,34306027,Centro,1,1,Presencial,104594.76000000001
1152,2024-11-24 13:28:00,27751694,Tienda Online,10,2,Web,128698.55
1153,2025-02-20 22:03:00,24855701,Shopping,7,2,Presencial,127064.93000000001
1154,2024-05-29 21:53:00,25293994,Norte,6,3,Presencial,104347.34
1155,2025-08-26 23:43:00,40450329,Shopping,7,5,Presencial,176450.45
1156,2025-10-06 09:09:00,27808512,Tienda Online,9,3,Web,158117.5
1157,2025-09-04 14:28:00,16123174,Tienda Online,9,2,Web,90868.53
1158,2025-10-15 08:25:00,14090793,Tienda Online,10,5,Web,73886.99
1159,2025-08-04 15:40:00,44670267,Shopping,7,3,Presencial,139147.67
1160,2024-07-12 08:41:00,11730076,Shopping,7,4,Presencial,178155.43
1161,2024-11-16 04:04:00,35059825,Centro,2,2,Presencial,33823.38
1162,2025-07-02 09:09:00,18439645,Tienda Online,10,1,Web,68365.6
1163,2024-10-10 09:42:00,37902136,Shopping,7,2,Presencial,158267.78
1164,2025-07-08 21:02:00,28669062,Shopping,7,2,Presencial,132117.68
1165,2025-08-16 20:28:00,27244970,Centro,2,4,Presencial,41361.66
1166,2025-03-29 05:07:00,26025968,Tienda Online,10,4,Web,36700.58
1167,2025-11-20 16:46:00,35526938,Centro,1,5,Presencial,153066.04
1168,2024-10-24 07:52:00,19888757,Tienda Online,9,5,Web,170577.13
1169,2025-03-22 15:12:00,40515566,Norte,6,4,Presencial,70523.95999999999
1170,2025-08-22 22:00:00,28124922,Centro,2,5,Presencial,124270.40000000001
1171,2024-09-13 02:42:00,26365398,Norte,4,3,Presencial,122196.17
1172,2024-04-04 21:11:00,14791741,Tienda Online,9,5,Web,92802.33
1173,2024-07-19 20:34:00,29586497,Centro,1,1,Presencial,73401.16
1174,2025-01-12 06:06:00,12108087,Tienda Online,9,5,Web,33823.38
1175,2024-10-05 17:31:00,23369226,Centro,1,1,Presencial,64641.12
1176,2024-09-04 20:47:00,12645604,Norte,6,3,Presencial,69021.14
1177,2024-06-14 21:50:00,38778283,Norte,4,1,Presencial,33823.38
1178,2025-05-16 23:07:00,39548449,Shopping,7,4,Presencial,209595.34
1179,2025-02-21 05:41:00,12756102,Centro,2,4,Presencial,65050.66
1180,2024-11-01 03:56:00,29955030,Norte,6,4,Presencial,33823.38
1181,2024-01-17 07:21:00,11310767,Shopping,7,2,Presencial,151088.92
1182,2025-02-12 15:55:00,29586497,Centro,1,4,Presencial,150370.08000000002
1183,2025-10-17 03:27:00,37271524,Norte,6,3,Presencial,156647.7
1184,2024-03-02 00:50:00,32899636,Tienda Online,10,2,Web,41361.66
1185,2025-09-19 15:42:00,18363463,Norte,4,5,Presencial,189196.9
1186,2025-11-07 15:00:00,39967288,Centro,2,3,Presencial,152775.28000000003
1187,2024-09-28 16:28:00,29687578,Centro,1,1,Presencial,32677.97
1188,2024-12-16 21:03:00,28981002,Tienda Online,10,3,Web,160656.77
1189,2025-08-26 17:45:00,31106889,Tienda Online,9,3,Web,69845.47
1190,2025-06-05 10:15:00,30238871,Shopping,7,4,Presencial,95034.68
1191,2024-09-11 15:50:00,34070194,Tienda Online,10,2,Web,127917.42
1192,2025-11-09 02:15:00,25755164,Tienda Online,9,3,Web,175323.9
1193,2024-08-07 13:50:00,37902136,Shopping,7,2,Presencial,94567.76000000001
1194,2024-03-25 00:17:00,10482569,Centro,2,5,Presencial,34182.8
1195,2024-02-03 04:33:00,24097997,Tienda Online,10,3,Web,232748.22000000003
1196,2024-07-15 05:48:00,24580721,Tienda Online,10,4,Web,33823.38
1197,2025-09-22 17:57:00,40793026,Centro,1,5,Presencial,166208.97
1198,2024-11-09 10:01:00,31630635,Centro,1,4,Presencial,88374.8
1199,2025-08-24 04:01:00,25442738,Tienda Online,9,1,Web,61861.630000000005
1200,2024-11-23 19:46:00,24304543,Centro,1,4,Presencial,78062.24
1201,2024-07-15 11:46:00,14441842,Norte,6,1,Presencial,90578.37
1202,2024-11-27 15:20:00,38396306,Tienda Online,10,3,Web,95006.52
1203,2024-09-13 14:11:00,41410296,Tienda Online,10,4,Web,56054.240000000005
1204,2025-05-22 09:29:00,28514090,Tienda Online,10,2,Web,33144.89
1205,2024-12-17 20:59:00,21387796,Norte,5,3,Presencial,50588.18
1206,2025-06-01 09:20:00,22203066,Tienda Online,9,4,Web,161974.78999999998
1207,2025-04-12 01:31:00,34777665,Shopping,7,3,Presencial,177343.21000000002
1208,2025-11-15 19:46:00,16951572,Shopping,7,4,Presencial,43742.88
1209,2025-02-10 00:04:00,37902136,Tienda Online,10,1,Web,168893.51
1210,2024-02-22 16:57:00,18474473,Shopping,7,2,Presencial,43742.88
1211,2025-02-02 19:08:00,27929653,Shopping,7,3,Presencial,28716.74
1212,2024-12-02 22:04:00,34798543,Centro,1,4,Presencial,62540.119999999995
1213,2025-03-12 06:57:00,42859207,Norte,6,2,Presencial,143711.79
1214,2025-07-01 15:52:00,42896879,Shopping,7,1,Presencial,41361.66
1215,2025-02-01 06:27:00,42938462,Tienda Online,9,3,Web,32320.56
1216,2024-06-13 17:49:00,17157379,Shopping,7,5,Presencial,33823.38
1217,2025-03-18 03:32:00,33190516,Tienda Online,10,5,Web,65465.45
1218,2024-08-20 22:25:00,27808512,Norte,6,4,Presencial,88579.57
1219,2024-12-29 00:35:00,22179530,Tienda Online,10,3,Web,33823.38
1220,2024-03-28 04:34:00,21787005,Shopping,7,1,Presencial,186679.12
1221,2025-10-15 10:49:00,34798543,Norte,6,3,Presencial,32320.56
1222,2024-05-20 23:45:00,20431932,Tienda Online,10,4,Web,157108.36000000002
1223,2024-12-01 06:18:00,29586497,Tienda Online,9,1,Web,99967.31999999999
1224,2024-07-06 19:40:00,20565131,Tienda Online,9,5,Web,33823.38
1225,2025-07-17 18:28:00,11433274,Tienda Online,10,1,Web,179446.24000000002
1226,2024-02-23 04:40:00,43502842,Tienda Online,9,1,Web,36700.58
1227,2025-01-04 13:51:00,37274929,Shopping,7,1,Presencial,33823.38
1228,2025-10-26 19:25:00,42528458,Tienda Online,9,1,Web,124037.47
1229,2025-02-21 00:10:00,12462702,Tienda Online,9,5,Web,132792.52000000002
1230,2024-12-18 04:38:00,39924755,Shopping,7,5,Presencial,99967.31999999999
1231,2025-05-24 00:02:00,20256869,Shopping,7,4,Presencial,94210.35
1232,2024-02-11 07:52:00,30301581,Tienda Online,10,1,Web,54192.0
1233,2025-10-29 07:10:00,19706758,Tienda Online,9,1,Web,134719.52000000002
1234,2024-11-28 14:01:00,30831897,Tienda Online,10,5,Web,73886.99
1235,2025-11-12 22:36:00,14616506,Norte,6,4,Presencial,33823.38
1236,2024-03-03 02:02:00,20207615,Centro,1,4,Presencial,33823.38
1237,2024-10-13 06:02:00,14310325,Shopping,7,1,Presencial,166282.39
1238,2025-05-06 07:31:00,33606133,Centro,1,2,Presencial,134349.41
1239,2024-09-17 23:32:00,27906335,Tienda Online,10,3,Web,134150.12
1240,2025-11-15 18:58:00,36669833,Shopping,7,5,Presencial,126311.95999999999
1241,2025-03-11 08:34:00,18792148,Shopping,7,3,Presencial,139466.0
1242,2024-03-19 03:31:00,22425195,Centro,2,2,Presencial,161509.26
1243,2024-05-18 07:32:00,22660246,Centro,2,2,Presencial,124060.42
1244,2025-09-18 04:03:00,41410296,Tienda Online,9,3,Web,36700.58
1245,2025-11-04 23:45:00,42859207,Tienda Online,10,1,Web,65822.86
1246,2025-08-12 09:28:00,17471301,Tienda Online,10,4,Web,124994.1
1247,2024-06-25 05:21:00,30132463,Tienda Online,9,1,Web,58572.020000000004
1248,2025-04-05 07:42:00,20504726,Shopping,7,2,Presencial,87744.93000000001
1249,2024-02-05 18:11:00,32770212,Centro,2,4,Presencial,32320.56
1250,2025-03-21 07:49:00,42528458,Shopping,7,2,Presencial,143760.62
1251,2024-08-07 00:41:00,21048610,Shopping,7,4,Presencial,29569.23
1252,2024-05-09 01:50:00,31084522,Tienda Online,9,5,Web,176786.11000000002
1253,2024-12-13 17:55:00,44670267,Norte,5,1,Presencial,74506.55
1254,2024-07-29 04:46:00,29302634,Tienda Online,9,2,Web,167369.33000000002
1255,2024-10-09 11:31:00,40831481,Tienda Online,9,1,Web,33144.89
1256,2024-03-26 11:00:00,16504916,Shopping,7,5,Presencial,131960.0
1257,2025-09-11 00:52:00,44107468,Tienda Online,10,2,Web,130882.77
1258,2024-05-31 20:29:00,16123174,Norte,6,5,Presencial,172152.23
1259,2024-03-31 12:20:00,32808641,Centro,1,5,Presencial,138577.65
1260,2024-02-20 12:29:00,41587472,Tienda Online,10,2,Web,29569.23
1261,2025-10-02 16:02:00,21484920,Norte,5,4,Presencial,131136.79
1262,2024-09-24 21:21:00,33160875,Tienda Online,9,3,Web,166435.03
1263,2024-09-05 05:17:00,17019579,Norte,5,1,Presencial,87002.71
1264,2025-02-21 10:09:00,24377188,Norte,5,1,Presencial,78062.24
1265,2024-04-16 10:34:00,14407860,Centro,1,3,Presencial,156610.31
1266,2024-02-13 06:22:00,43875089,Tienda Online,10,2,Web,99240.7
1267,2024-03-27 16:02:00,30831897,Norte,6,3,Presencial,180610.02000000002
1268,2025-05-27 17:42:00,40105945,Centro,1,3,Presencial,190436.18
1269,2024-08-09 07:07:00,24429953,Shopping,7,3,Presencial,153838.24
1270,2025-04-10 17:57:00,26929655,Shopping,7,1,Presencial,66269.81
1271,2024-11-26 07:42:00,25293994,Tienda Online,9,4,Web,33144.89
1272,2025-06-01 16:57:00,19674106,Tienda Online,9,3,Web,174911.65000000002
1273,2024-08-01 00:54:00,26783807,Norte,6,1,Presencial,29569.23
1274,2025-09-03 17:52:00,18723624,Norte,6,1,Presencial,156307.52000000002
1275,2025-09-16 11:48:00,38396306,Shopping,7,1,Presencial,36700.58
1276,2024-04-21 18:24:00,24097997,Shopping,7,2,Presencial,122344.02
1277,2024-06-10 07:21:00,38778283,Centro,2,5,Presencial,171548.53999999998
1278,2024-10-28 04:26:00,28011719,Shopping,7,5,Presencial,139071.38
1279,2025-03-14 14:51:00,38870188,Centro,2,1,Presencial,37939.86
1280,2025-01-04 13:19:00,26723413,Centro,1,5,Presencial,96363.5
1281,2024-08-05 03:24:00,36952077,Tienda Online,10,2,Web,104594.76000000001
1282,2024-04-21 16:34:00,28972908,Shopping,7,4,Presencial,179755.24
1283,2025-04-03 06:37:00,14695862,Shopping,7,3,Presencial,131470.71000000002
1284,2024-03-07 09:52:00,19938405,Centro,1,5,Presencial,99647.63
1285,2025-10-02 14:21:00,32049663,Norte,5,5,Presencial,99414.7
1286,2024-05-28 18:16:00,13086401,Shopping,7,3,Presencial,66968.26999999999
1287,2025-09-25 06:38:00,17245195,Tienda Online,9,2,Web,66289.78
1288,2025-02-17 19:14:00,40450329,Shopping,7,1,Presencial,158425.04
1289,2024-11-12 19:10:00,17318490,Centro,1,2,Presencial,207066.14
1290,2024-12-18 13:54:00,38127120,Tienda Online,10,1,Web,96896.92
1291,2025-07-11 23:05:00,25442738,Tienda Online,9,4,Web,173068.32
1292,2024-11-17 19:30:00,22755970,Centro,1,1,Presencial,133916.57
1293,2024-02-11 01:00:00,19179099,Centro,2,2,Presencial,28716.74
1294,2025-03-20 20:29:00,10372106,Centro,2,4,Presencial,116413.83
1295,2024-10-12 02:44:00,16898363,Shopping,7,5,Presencial,36700.58
1296,2024-06-30 21:29:00,15815848,Tienda Online,10,2,Web,127950.20000000001
1297,2025-03-27 15:06:00,17949149,Centro,1,3,Presencial,45946.78
1298,2025-07-22 03:08:00,41740898,Tienda Online,10,4,Web,160595.39
1299,2025-02-10 17:53:00,32132749,Centro,2,5,Presencial,101341.70000000001
1300,2024-11-17 12:12:00,41690133,Norte,4,2,Presencial,175100.27000000002
1301,2024-01-01 12:57:00,44068679,Tienda Online,9,2,Web,187788.88
1302,2025-11-14 18:36:00,37271524,Centro,2,3,Presencial,166826.08
1303,2025-07-01 03:41:00,21710303,Tienda Online,10,2,Web,171673.0
1304,2025-05-18 23:26:00,38778283,Norte,4,4,Presencial,191190.54
1305,2025-04-05 00:46:00,35186423,Shopping,7,5,Presencial,145657.66999999998
1306,2024-01-16 12:27:00,36674654,Centro,2,1,Presencial,63233.100000000006
1307,2024-06-12 02:56:00,38531078,Norte,5,3,Presencial,134924.29
1308,2024-06-27 02:28:00,23027010,Norte,6,2,Presencial,171055.47
1309,2024-01-17 05:24:00,42614267,Tienda Online,9,1,Web,206505.51
1310,2024-10-25 22:07:00,41895660,Tienda Online,10,3,Web,209128.42
1311,2024-02-06 23:43:00,11735763,Centro,2,4,Presencial,198748.79
1312,2025-01-24 02:39:00,29790252,Shopping,7,5,Presencial,147773.98
1313,2024-06-06 04:25:00,28731761,Norte,5,5,Presencial,33144.89
1314,2024-11-21 23:15:00,26365398,Centro,2,1,Presencial,108222.43000000001
1315,2025-02-03 13:00:00,28981002,Norte,5,5,Presencial,34182.8
1316,2024-06-20 09:32:00,25845250,Shopping,7,5,Presencial,100093.19
1317,2024-05-23 12:02:00,25442983,Shopping,7,5,Presencial,62540.119999999995
1318,2024-08-15 06:38:00,42938462,Tienda Online,10,5,Web,128005.57
1319,2025-05-09 06:04:00,11433274,Shopping,7,3,Presencial,123703.29000000001
1320,2024-08-16 17:13:00,27675739,Tienda Online,10,5,Web,187789.5
1321,2025-07-26 11:04:00,28669062,Norte,5,5,Presencial,99853.02
1322,2025-11-22 17:29:00,43334803,Centro,1,5,Presencial,158485.62
1323,2024-04-19 07:23:00,42859207,Centro,1,2,Presencial,132385.59
1324,2025-09-27 09:04:00,36952077,Tienda Online,9,2,Web,75736.18
1325,2025-07-28 02:03:00,29955030,Tienda Online,9,2,Web,111207.13
1326,2024-06-15 04:40:00,27808512,Norte,6,3,Presencial,33823.38
1327,2025-08-20 17:17:00,28427922,Norte,6,4,Presencial,66143.94
1328,2025-11-16 09:32:00,37274929,Tienda Online,10,3,Web,133316.97999999998
1329,2024-03-25 23:39:00,32205074,Centro,2,3,Presencial,32320.56
1330,2025-01-16 21:49:00,31084522,Tienda Online,9,5,Web,21871.44
1331,2024-04-28 11:07:00,25691522,Centro,1,3,Presencial,99933.68000000001
1332,2024-07-05 23:16:00,32828789,Shopping,7,3,Presencial,189120.61000000002
1333,2024-08-15 14:26:00,37133232,Tienda Online,10,4,Web,166759.02
1334,2025-01-12 09:49:00,41996735,Centro,2,1,Presencial,54192.0
1335,2024-05-26 22:01:00,15834366,Tienda Online,9,3,Web,154029.87
1336,2024-06-30 06:10:00,25845250,Norte,6,3,Presencial,98590.37
1337,2024-02-03 11:06:00,40298722,Shopping,7,5,Presencial,111982.89
1338,2024-05-03 22:01:00,13495405,Shopping,7,2,Presencial,70930.89
1339,2024-01-30 11:07:00,26764226,Shopping,7,2,Presencial,156750.47
1340,2024-11-06 08:03:00,34764543,Centro,1,5,Presencial,127278.95000000001
1341,2025-07-23 10:30:00,26852461,Shopping,7,4,Presencial,131239.28
1342,2025-08-14 17:00:00,16659452,Norte,5,1,Presencial,169957.57
1343,2025-06-23 16:59:00,44107468,Shopping,7,1,Presencial,95839.04000000001
1344,2024-06-01 00:57:00,26783807,Norte,6,1,Presencial,29569.23
1345,2024-02-08 01:31:00,27715659,Shopping,7,5,Presencial,169493.1
1346,2024-12-31 06:18:00,16709628,Centro,2,5,Presencial,68006.18
1347,2025-02-01 22:01:00,19283286,Tienda Online,10,5,Web,36700.58
1348,2024-06-15 07:10:00,24855701,Tienda Online,9,5,Web,33144.89
1349,2025-08-14 05:42:00,16065254,Tienda Online,9,5,Web,33823.38
1350,2024-10-10 22:18:00,25691522,Shopping,7,5,Presencial,29569.23
1351,2025-04-26 02:49:00,41996735,Shopping,7,5,Presencial,60419.42
1352,2025-02-23 15:55:00,32279787,Shopping,7,2,Presencial,32320.56
1353,2024-04-17 04:25:00,11433274,Shopping,7,2,Presencial,131561.26
1354,2025-09-29 07:18:00,34268915,Norte,6,3,Presencial,80557.22
1355,2024-06-29 03:25:00,35821297,Shopping,7,3,Presencial,240152.9
1356,2025-08-28 06:36:00,42528458,Tienda Online,10,3,Web,122344.02
1357,2025-08-05 20:21:00,32159349,Tienda Online,10,2,Web,33144.89
1358,2025-04-09 04:02:00,40298722,Norte,5,3,Presencial,90382.25
1359,2024-02-25 14:25:00,15285296,Tienda Online,10,3,Web,62247.2
1360,2025-09-26 02:05:00,24800101,Shopping,7,1,Presencial,124715.96
1361,2025-10-19 00:15:00,12667017,Centro,2,3,Presencial,32525.33
1362,2025-05-23 19:15:00,26345631,Norte,5,4,Presencial,41361.66
1363,2024-12-22 12:41:00,34777665,Tienda Online,9,4,Web,102844.52
1364,2024-01-03 03:46:00,16778091,Centro,2,5,Presencial,21871.44
1365,2025-02-26 18:54:00,31084522,Norte,4,1,Presencial,131920.68
1366,2025-04-03 03:39:00,25442738,Shopping,7,5,Presencial,101609.97
1367,2024-02-18 09:49:00,30196404,Tienda Online,10,5,Web,65614.31999999999
1368,2025-08-01 14:51:00,26764226,Shopping,7,3,Presencial,137639.02000000002
1369,2024-07-22 22:54:00,29302634,Tienda Online,9,2,Web,137074.83000000002
1370,2024-09-03 04:43:00,42528458,Centro,1,4,Presencial,174678.64
1371,2024-04-29 01:43:00,11947822,Norte,4,5,Presencial,88579.57
1372,2025-07-19 02:19:00,36562073,Tienda Online,10,5,Web,178691.02000000002
1373,2024-02-08 20:07:00,20371898,Tienda Online,10,5,Web,200494.25
1374,2025-01-26 20:34:00,33069168,Norte,4,3,Presencial,54549.41
1375,2025-08-07 09:05:00,30301581,Tienda Online,10,2,Web,141845.04
1376,2024-04-26 20:50:00,11947822,Norte,4,1,Presencial,123989.34
1377,2024-04-18 03:02:00,28610049,Tienda Online,9,1,Web,139224.02000000002
1378,2025-01-13 23:21:00,26058980,Shopping,7,5,Presencial,115043.88
1379,2025-07-04 17:11:00,28972908,Tienda Online,9,5,Web,73401.16
1380,2024-11-07 18:15:00,36775919,Tienda Online,10,2,Web,141295.34000000003
1381,2025-01-17 14:56:00,31727935,Centro,2,1,Presencial,102117.90000000001
1382,2024-07-03 06:26:00,19888757,Shopping,7,5,Presencial,33144.89
1383,2024-03-27 05:23:00,42896879,Tienda Online,10,4,Web,91663.79000000001
1384,2024-06-03 15:48:00,27929653,Shopping,7,4,Presencial,33823.38
1385,2024-12-29 07:49:00,28349234,Centro,1,1,Presencial,41361.66
1386,2025-05-21 18:50:00,29368328,Norte,5,2,Presencial,185652.5
1387,2024-10-16 20:48:00,32494103,Shopping,7,4,Presencial,183050.06
1388,2024-05-25 05:27:00,31727935,Centro,1,3,Presencial,105624.54000000001
1389,2024-05-20 08:49:00,44759556,Shopping,7,4,Presencial,154209.83000000002
1390,2025-02-21 03:41:00,30132463,Norte,4,2,Presencial,145931.86000000002
1391,2024-04-06 13:40:00,31050528,Tienda Online,10,1,Web,97990.78
1392,2024-11-21 22:11:00,35403012,Tienda Online,10,2,Web,33144.89
1393,2025-02-15 02:09:00,13495405,Tienda Online,9,4,Web,160890.32
1394,2025-02-14 15:45:00,19179099,Norte,4,5,Presencial,141328.97999999998
1395,2024-09-28 18:38:00,25519695,Tienda Online,9,5,Web,174132.82
1396,2025-08-25 08:54:00,25273674,Shopping,7,1,Presencial,174339.6
1397,2024-03-13 16:11:00,36803314,Tienda Online,9,4,Web,65670.22
1398,2025-02-08 07:04:00,15407475,Shopping,7,3,Presencial,36700.58
1399,2024-12-01 12:42:00,17949149,Centro,2,1,Presencial,32525.33
1400,2025-08-09 10:16:00,33190516,Shopping,7,2,Presencial,115401.29000000001
1401,2025-11-29 09:21:00,29687578,Tienda Online,10,5,Web,145709.0
1402,2024-01-30 19:29:00,41366021,Tienda Online,9,3,Web,65670.22
1403,2024-05-13 08:16:00,36669833,Norte,6,3,Presencial,60442.07000000001
1404,2025-09-10 20:45:00,18363463,Tienda Online,9,2,Web,131609.39
1405,2025-03-14 16:19:00,13463607,Centro,1,4,Presencial,142424.25
1406,2025-07-03 00:30:00,21989124,Norte,6,4,Presencial,161167.93
1407,2024-05-18 13:56:00,22083413,Tienda Online,10,3,Web,32320.56
1408,2024-02-24 06:57:00,43172347,Norte,6,3,Presencial,70930.89
1409,2025-06-29 01:38:00,40514355,Shopping,7,5,Presencial,121838.76
1410,2024-08-26 17:11:00,17740453,Norte,4,3,Presencial,57433.48
1411,2024-09-17 10:25:00,31630635,Norte,6,3,Presencial,54549.41
1412,2024-07-17 05:15:00,27808512,Shopping,7,4,Presencial,150234.41999999998
1413,2025-11-25 05:40:00,30873468,Shopping,7,2,Presencial,61861.630000000005
1414,2024-03-09 20:42:00,13086401,Tienda Online,9,4,Web,120745.48
1415,2024-08-23 11:05:00,44107468,Centro,1,5,Presencial,139787.31
1416,2024-03-11 13:31:00,38120042,Shopping,7,4,Presencial,207803.56
1417,2024-02-24 18:08:00,41996735,Tienda Online,9,5,Web,135981.55000000002
1418,2025-11-16 10:56:00,18889009,Shopping,7,5,Presencial,163294.09
1419,2025-05-07 19:45:00,26058980,Tienda Online,9,2,Web,109367.84
1420,2025-09-04 18:26:00,35909306,Tienda Online,9,4,Web,133867.03
1421,2024-04-15 05:09:00,16381102,Tienda Online,10,1,Web,82723.32
1422,2024-06-09 19:20:00,41996735,Shopping,7,2,Presencial,181696.06
1423,2024-01-17 02:09:00,43453305,Norte,6,5,Presencial,68365.6
1424,2025-06-04 21:33:00,30390056,Tienda Online,10,5,Web,120014.86
1425,2024-03-04 08:01:00,24580721,Norte,5,5,Presencial,94619.89
1426,2024-02-18 16:28:00,39651079,Tienda Online,9,4,Web,63392.61
1427,2025-11-23 03:20:00,29674861,Centro,1,1,Presencial,152910.81
1428,2025-03-22 14:46:00,25333944,Centro,2,4,Presencial,32525.33
1429,2024-03-29 03:04:00,30854088,Tienda Online,9,2,Web,140156.80000000002
1430,2025-06-19 20:59:00,38153498,Tienda Online,9,3,Web,146115.93
1431,2025-02-18 05:26:00,35768358,Centro,2,5,Presencial,209749.37
1432,2025-09-21 02:28:00,24105121,Shopping,7,1,Presencial,68246.74
1433,2024-05-09 00:45:00,17318490,Shopping,7,1,Presencial,150915.86
1434,2025-01-04 11:27:00,42896879,Tienda Online,9,3,Web,132385.59
1435,2024-07-08 02:32:00,17687437,Tienda Online,9,5,Web,94567.76000000001
1436,2024-06-30 05:33:00,40298722,Tienda Online,10,5,Web,169752.80000000002
1437,2025-07-20 11:49:00,12462702,Centro,1,3,Presencial,141009.91
1438,2024-01-01 19:36:00,20714555,Norte,4,1,Presencial,95911.07
1439,2024-10-12 16:02:00,26687044,Shopping,7,5,Presencial,104028.27
1440,2024-06-13 23:30:00,23663184,Centro,1,4,Presencial,82723.32
1441,2025-07-09 12:44:00,15834366,Norte,5,4,Presencial,32677.97
1442,2024-01-02 20:50:00,40105945,Tienda Online,9,4,Web,33823.38
1443,2024-03-23 01:29:00,12929120,Norte,4,3,Presencial,201837.23
1444,2024-09-19 23:54:00,24697145,Tienda Online,10,1,Web,165996.34000000003
1445,2025-08-09 07:16:00,27593354,Shopping,7,4,Presencial,143418.18
1446,2025-06-11 04:49:00,12701677,Tienda Online,9,2,Web,63653.78
1447,2025-07-28 22:39:00,16659452,Centro,2,4,Presencial,145030.51
1448,2024-09-04 11:30:00,24855701,Centro,1,2,Presencial,91716.91
1449,2024-08-12 08:34:00,16645229,Tienda Online,9,3,Web,284306.62
1450,2024-05-21 18:26:00,20915531,Norte,6,3,Presencial,91962.63
1451,2025-08-31 01:09:00,15745388,Tienda Online,10,3,Web,34182.8
1452,2024-11-12 00:56:00,39251746,Centro,2,5,Presencial,32677.97
1453,2025-06-03 13:14:00,10770478,Tienda Online,9,5,Web,91256.86
1454,2025-11-29 13:16:00,21484920,Centro,1,2,Presencial,232126.04
1455,2024-03-01 00:21:00,28688292,Tienda Online,9,4,Web,33823.38
1456,2024-08-07 06:14:00,28514090,Tienda Online,10,3,Web,136872.66999999998
1457,2025-03-29 06:31:00,34552283,Shopping,7,2,Presencial,81129.0
1458,2024-10-21 23:07:00,41535292,Tienda Online,9,2,Web,61037.3
1459,2024-12-22 04:18:00,14265307,Tienda Online,10,1,Web,36700.58
1460,2024-10-18 02:11:00,40793026,Shopping,7,5,Presencial,65050.66
1461,2024-06-27 18:37:00,21678777,Tienda Online,9,3,Web,102398.96
1462,2024-03-01 13:54:00,29790252,Shopping,7,4,Presencial,41361.66
1463,2025-07-14 02:00:00,19370432,Norte,6,5,Presencial,103203.94
1464,2025-11-09 06:36:00,28991721,Shopping,7,3,Presencial,75544.46
1465,2024-12-08 11:11:00,12132899,Norte,4,2,Presencial,36700.58
1466,2025-01-23 10:41:00,16951572,Tienda Online,9,2,Web,98821.91
1467,2025-11-08 19:32:00,26058980,Centro,1,2,Presencial,100777.33
1468,2024-01-06 21:44:00,36674654,Norte,5,5,Presencial,107505.6
1469,2024-05-19 21:02:00,21710303,Shopping,7,1,Presencial,129893.95999999999
1470,2025-03-09 10:38:00,33776507,Centro,1,4,Presencial,69845.47
1471,2024-03-20 08:43:00,40514355,Tienda Online,9,4,Web,41361.66
1472,2024-12-18 05:31:00,31231220,Centro,1,5,Presencial,65203.3
1473,2024-06-24 02:18:00,29841084,Tienda Online,10,5,Web,28716.74
1474,2024-04-06 14:48:00,27675739,Centro,1,1,Presencial,92109.35
1475,2025-04-19 23:33:00,40433796,Shopping,7,4,Presencial,146447.19
1476,2025-07-14 12:48:00,14041987,Shopping,7,2,Presencial,66968.26999999999
1477,2025-06-10 04:42:00,41341494,Centro,2,4,Presencial,182511.95
1478,2025-06-21 03:44:00,14441842,Tienda Online,10,4,Web,160890.32
1479,2024-02-21 09:27:00,38250184,Centro,2,2,Presencial,130058.44
1480,2024-05-13 17:10:00,41410296,Centro,1,4,Presencial,107031.88
1481,2025-04-12 15:41:00,35444008,Tienda Online,9,4,Web,167280.19
1482,2025-08-19 18:07:00,25784266,Tienda Online,9,1,Web,100791.65
1483,2025-01-31 13:22:00,37317331,Centro,2,2,Presencial,140309.44
1484,2025-02-06 15:43:00,17245195,Shopping,7,1,Presencial,65822.86
1485,2025-01-05 02:03:00,32292589,Norte,6,5,Presencial,82723.32
1486,2025-02-04 06:42:00,17779366,Tienda Online,9,3,Web,63752.03
1487,2025-09-11 12:51:00,33776507,Centro,1,4,Presencial,73682.22
1488,2024-05-30 08:43:00,14598388,Tienda Online,10,4,Web,191315.59000000003
1489,2025-10-16 08:11:00,32808641,Tienda Online,9,3,Web,173279.43
1490,2025-01-08 18:08:00,14868286,Centro,2,2,Presencial,74039.63
1491,2025-06-25 17:02:00,39924755,Shopping,7,1,Presencial,148993.13
1492,2025-05-26 11:17:00,26161813,Shopping,7,4,Presencial,73312.11
1493,2024-10-04 13:24:00,23048327,Tienda Online,10,5,Web,41361.66
1494,2024-10-14 04:19:00,36803314,Norte,4,2,Presencial,219021.64
1495,2025-02-12 20:20:00,25079183,Tienda Online,10,3,Web,179779.8
1496,2025-08-25 04:03:00,26852461,Norte,4,2,Presencial,119037.89
1497,2024-04-29 10:16:00,29285678,Tienda Online,9,3,Web,41361.66
1498,2024-08-13 22:27:00,42745601,Shopping,7,4,Presencial,36700.58
1499,2024-05-04 16:55:00,34296024,Tienda Online,9,5,Web,73682.22
1500,2024-10-14 10:51:00,28688292,Shopping,7,2,Presencial,78062.24
1501,2024-09-22 09:06:00,34552283,Norte,4,4,Presencial,93767.40000000001
1502,2025-06-25 14:01:00,26161813,Tienda Online,9,3,Web,73682.22
1503,2025-02-13 23:16:00,32223091,Norte,4,4,Presencial,67646.76
1504,2025-10-23 01:35:00,18723624,Tienda Online,10,3,Web,177243.57
1505,2025-11-29 06:04:00,42859207,Centro,1,2,Presencial,114530.8
1506,2024-03-29 16:52:00,16504916,Centro,1,1,Presencial,176285.95
1507,2025-10-08 16:32:00,13086401,Shopping,7,2,Presencial,157415.29
1508,2024-06-27 00:02:00,12807087,Tienda Online,9,3,Web,99933.68000000001
1509,2024-02-05 16:01:00,26723413,Tienda Online,10,1,Web,36700.58
1510,2025-09-13 16:59:00,38902901,Tienda Online,9,1,Web,75544.46
1511,2024-06-08 13:31:00,32828789,Tienda Online,9,3,Web,148530.83000000002
1512,2025-06-30 08:48:00,16744926,Norte,6,4,Presencial,108384.0
1513,2024-06-14 17:21:00,28669062,Tienda Online,10,1,Web,90606.53
1514,2025-11-11 23:23:00,23275422,Norte,6,2,Presencial,41361.66
1515,2024-12-11 07:12:00,21387796,Tienda Online,9,1,Web,127064.93000000001
1516,2024-10-09 03:34:00,25442983,Shopping,7,2,Presencial,92283.35
1517,2025-07-29 11:03:00,10482569,Tienda Online,9,1,Web,74506.55
1518,2025-06-04 09:47:00,39677512,Shopping,7,4,Presencial,106778.98000000001
1519,2024-11-22 08:34:00,28991721,Tienda Online,9,1,Web,94072.68000000001
1520,2025-11-20 11:40:00,12567397,Shopping,7,4,Presencial,207243.51
1521,2024-03-13 21:15:00,34929174,Shopping,7,4,Presencial,55694.81999999999
1522,2025-03-16 21:10:00,43875089,Shopping,7,4,Presencial,125899.71
1523,2025-02-02 23:02:00,36674654,Norte,5,1,Presencial,212338.81
1524,2024-11-12 06:55:00,10038379,Norte,6,5,Presencial,91716.91
1525,2024-12-08 06:12:00,30132463,Centro,2,1,Presencial,200777.34
1526,2024-10-17 16:22:00,15834366,Norte,5,1,Presencial,153247.28
1527,2025-08-30 15:21:00,10190290,Tienda Online,9,3,Web,142512.73
1528,2025-02-20 08:20:00,29841084,Tienda Online,10,3,Web,116906.12000000001
1529,2025-08-01 14:33:00,21664429,Tienda Online,10,2,Web,32320.56
1530,2025-08-02 22:11:00,21678777,Norte,4,2,Presencial,91949.84000000001
1531,2025-01-11 11:56:00,30028290,Norte,6,2,Presencial,74039.63
1532,2025-09-20 09:53:00,23771113,Tienda Online,10,5,Web,171548.53999999998
1533,2024-11-08 20:53:00,26069372,Shopping,7,4,Presencial,179939.31
1534,2025-06-22 23:04:00,12239055,Centro,2,5,Presencial,175304.14
1535,2025-10-19 17:49:00,16884540,Centro,2,3,Presencial,29830.4
1536,2024-04-27 16:20:00,20359006,Norte,5,1,Presencial,91949.84
1537,2025-08-22 04:30:00,34546748,Centro,2,2,Presencial,100324.73
1538,2025-09-17 07:37:00,42494017,Tienda Online,9,1,Web,91532.32
1539,2024-12-04 19:52:00,22755970,Tienda Online,10,4,Web,29569.23
1540,2024-03-11 08:54:00,37379791,Centro,1,3,Presencial,110740.21
1541,2024-02-19 06:59:00,37271524,Norte,4,2,Presencial,56054.240000000005
1542,2024-10-26 06:15:00,27715659,Centro,2,4,Presencial,87288.76000000001
1543,2025-11-21 22:27:00,44759556,Tienda Online,9,5,Web,209518.47999999998
1544,2024-10-19 02:11:00,26929655,Centro,1,3,Presencial,55694.81999999999
1545,2025-01-10 01:36:00,37317331,Tienda Online,10,2,Web,144584.95
1546,2024-07-24 04:33:00,28011719,Tienda Online,9,2,Web,32320.56
1547,2024-12-04 13:41:00,34218318,Centro,2,1,Presencial,21871.44
1548,2025-02-22 15:59:00,38120042,Tienda Online,9,1,Web,144352.02000000002
1549,2024-12-21 10:45:00,30301581,Shopping,7,1,Presencial,76420.85
1550,2025-08-18 18:58:00,42745601,Tienda Online,9,3,Web,91616.28
1551,2024-05-14 01:35:00,18439645,Centro,2,5,Presencial,36700.58
1552,2025-11-08 04:31:00,24097997,Tienda Online,9,1,Web,123041.33
1553,2024-09-23 14:07:00,27675739,Tienda Online,9,5,Web,101903.88
1554,2025-03-27 05:15:00,38902901,Tienda Online,10,4,Web,154298.44
1555,2025-05-12 08:30:00,14776792,Centro,2,2,Presencial,32320.56
1556,2024-02-18 04:04:00,22203066,Tienda Online,9,4,Web,57433.48
1557,2025-09-20 01:42:00,16123174,Centro,1,1,Presencial,109726.64
1558,2024-12-29 06:04:00,17949149,Tienda Online,9,3,Web,172146.72
1559,2025-04-10 06:12:00,37317331,Norte,4,1,Presencial,66143.94
1560,2025-10-23 13:03:00,29806607,Tienda Online,9,2,Web,179213.31
1561,2025-09-05 19:48:00,10190290,Norte,4,3,Presencial,75544.46
1562,2024-03-14 20:53:00,32049663,Shopping,7,3,Presencial,152861.27000000002
1563,2025-09-04 10:48:00,28427922,Norte,6,2,Presencial,129914.86
1564,2024-06-10 05:09:00,36891021,Norte,6,3,Presencial,68006.18
1565,2025-11-11 23:55:00,18474473,Centro,1,4,Presencial,61242.07000000001
1566,2024-07-03 01:27:00,37902136,Shopping,7,4,Presencial,159337.36000000002
1567,2024-02-11 01:29:00,32384600,Centro,2,5,Presencial,33144.89
1568,2024-06-30 05:10:00,10770478,Tienda Online,10,2,Web,105721.72
1569,2025-03-21 18:32:00,29174891,Norte,6,5,Presencial,19392.34
1570,2024-09-25 18:59:00,44670267,Norte,4,1,Presencial,34182.8
1571,2024-06-30 19:27:00,11730076,Tienda Online,10,5,Web,169339.07
1572,2025-10-15 13:42:00,20002863,Tienda Online,9,4,Web,170445.06
1573,2025-09-18 08:38:00,33811900,Tienda Online,9,2,Web,90606.53
1574,2025-04-02 05:14:00,43334803,Shopping,7,4,Presencial,159353.71000000002
1575,2024-07-20 05:30:00,15745388,Norte,4,3,Presencial,34182.8
1576,2024-02-17 11:08:00,30075901,Shopping,7,2,Presencial,196581.15000000002
1577,2025-09-18 02:07:00,24738124,Shopping,7,4,Presencial,55130.09
1578,2025-05-28 20:48:00,37388193,Tienda Online,9,4,Web,66289.78
1579,2024-12-10 21:40:00,20256869,Tienda Online,10,5,Web,75185.04000000001
1580,2024-11-08 03:42:00,17471301,Shopping,7,1,Presencial,54192.0
1581,2025-07-07 17:20:00,39967288,Centro,1,2,Presencial,150968.81
1582,2025-08-18 05:42:00,15834366,Shopping,7,5,Presencial,65465.45
1583,2025-03-31 13:59:00,10038379,Tienda Online,9,4,Web,86911.56
1584,2024-06-03 23:56:00,10372106,Norte,5,4,Presencial,148546.18
1585,2025-09-23 17:18:00,36891021,Tienda Online,9,5,Web,82252.64
1586,2025-03-31 09:09:00,14776792,Shopping,7,4,Presencial,148127.08
1587,2025-07-26 12:00:00,44533969,Tienda Online,10,5,Web,136872.66999999998
1588,2025-04-18 08:16:00,12807087,Shopping,7,4,Presencial,78062.24
1589,2025-08-21 18:13:00,27751694,Centro,2,3,Presencial,198472.17
1590,2024-02-10 13:32:00,40632634,Centro,2,3,Presencial,158898.76
1591,2024-07-13 22:43:00,29302634,Norte,5,1,Presencial,191776.95
1592,2024-08-30 00:29:00,10482569,Tienda Online,9,4,Web,34182.8
1593,2025-11-26 11:46:00,44107468,Tienda Online,10,4,Web,29569.23
1594,2024-12-30 22:01:00,29911725,Tienda Online,10,1,Web,126218.78
1595,2024-10-28 14:44:00,37133232,Norte,5,5,Presencial,32525.33
1596,2025-04-28 05:31:00,28427922,Shopping,7,1,Presencial,169569.5
1597,2024-12-17 14:24:00,40450329,Tienda Online,10,4,Web,109008.42
1598,2024-05-09 03:59:00,32223091,Tienda Online,10,3,Web,130255.44
1599,2024-10-28 15:00:00,15299476,Norte,6,1,Presencial,136427.11
1600,2024-06-23 03:17:00,27244970,Norte,4,2,Presencial,172861.54
1601,2025-09-02 01:55:00,28456905,Shopping,7,2,Presencial,65355.94
1602,2024-08-30 21:50:00,25079183,Norte,6,4,Presencial,158458.06
1603,2025-08-21 22:49:00,26654221,Tienda Online,10,2,Web,61394.71000000001
1604,2025-05-29 11:11:00,30873468,Tienda Online,10,3,Web,32677.97
1605,2024-02-23 18:03:00,17728908,Shopping,7,1,Presencial,108329.93
1606,2024-08-07 12:10:00,12409147,Shopping,7,2,Presencial,33144.89
1607,2024-05-01 12:09:00,18474473,Tienda Online,10,3,Web,55694.81999999999
1608,2025-06-06 18:14:00,40831481,Shopping,7,2,Presencial,160628.54
1609,2024-07-05 14:34:00,38250184,Shopping,7,1,Presencial,166435.03
1610,2025-12-01 02:08:00,25273674,Shopping,7,2,Presencial,139427.89
1611,2025-06-08 01:42:00,32828789,Centro,1,5,Presencial,137046.67
1612,2025-01-22 05:32:00,36891021,Centro,1,4,Presencial,54192.0
1613,2025-08-12 08:46:00,38127120,Tienda Online,10,4,Web,96537.5
1614,2024-02-07 03:49:00,20915531,Norte,6,5,Presencial,51440.67
1615,2025-12-01 11:37:00,37317331,Tienda Online,10,1,Web,211852.94
1616,2025-11-17 20:59:00,32808641,Norte,4,4,Presencial,163346.26
1617,2025-08-20 15:47:00,39967288,Tienda Online,9,5,Web,55694.81999999999
1618,2025-04-07 02:47:00,40514355,Tienda Online,10,1,Web,133258.05
1619,2025-02-04 17:51:00,10217789,Centro,2,1,Presencial,69845.47
1620,2025-07-03 03:53:00,25755164,Shopping,7,1,Presencial,156429.39
1621,2025-01-14 10:46:00,25442738,Tienda Online,10,5,Web,158065.62
1622,2025-04-20 00:24:00,35501998,Shopping,7,3,Presencial,27178.81
1623,2025-08-21 02:43:00,24672546,Tienda Online,9,2,Web,168873.54
1624,2025-06-27 11:11:00,25442983,Tienda Online,9,5,Web,33823.38
1625,2024-05-18 10:13:00,20565131,Centro,1,4,Presencial,201990.99
1626,2025-07-11 10:58:00,16381102,Shopping,7,4,Presencial,123351.42000000001
1627,2024-09-09 13:24:00,39766964,Centro,2,5,Presencial,140728.85
1628,2025-02-23 00:09:00,14695862,Shopping,7,2,Presencial,128722.40000000001
1629,2025-09-30 23:46:00,40514355,Tienda Online,9,3,Web,124294.12
1630,2024-05-18 16:44:00,15376189,Norte,6,1,Presencial,73682.22
1631,2024-10-04 15:28:00,10038379,Tienda Online,9,5,Web,172760.45
1632,2025-11-06 20:42:00,28972908,Centro,1,1,Presencial,159566.94
1633,2024-07-20 00:43:00,29368328,Tienda Online,9,4,Web,33144.89
1634,2024-10-04 01:11:00,42659965,Tienda Online,9,3,Web,165118.07
1635,2024-10-17 16:12:00,41366021,Tienda Online,9,1,Web,62899.54000000001
1636,2024-04-25 11:54:00,42590824,Tienda Online,10,5,Web,21871.44
1637,2025-02-09 04:32:00,44032415,Tienda Online,9,3,Web,86869.97
1638,2025-09-17 01:11:00,32808641,Centro,2,3,Presencial,71501.6
1639,2024-09-02 18:48:00,41453788,Norte,5,1,Presencial,238778.56
1640,2025-07-25 16:12:00,13950951,Tienda Online,10,4,Web,87227.38
1641,2024-11-01 04:55:00,39738000,Shopping,7,3,Presencial,78062.24
1642,2024-02-22 01:12:00,42590824,Norte,4,3,Presencial,129941.23000000001
1643,2024-06-04 01:11:00,35403012,Centro,1,5,Presencial,170578.52000000002
1644,2024-12-13 15:52:00,26594901,Centro,2,5,Presencial,137851.65
1645,2025-04-17 03:03:00,25863159,Tienda Online,9,1,Web,74039.63
1646,2025-04-28 02:34:00,11735763,Centro,2,4,Presencial,33144.89
1647,2024-10-13 13:54:00,22083413,Tienda Online,9,1,Web,198360.65
1648,2024-05-28 07:41:00,19674106,Centro,2,3,Presencial,93410.35
1649,2025-08-20 09:16:00,26654221,Tienda Online,10,4,Web,63233.100000000006
1650,2025-03-06 21:53:00,28972908,Centro,2,3,Presencial,136368.18
1651,2024-12-25 03:49:00,26431104,Centro,2,1,Presencial,110740.21
1652,2025-02-18 23:59:00,19938405,Tienda Online,10,5,Web,106546.05
1653,2024-05-09 07:18:00,35442729,Tienda Online,9,4,Web,164522.83000000002
1654,2024-11-03 01:29:00,24059778,Shopping,7,4,Presencial,141318.87
1655,2024-10-02 17:24:00,35526938,Centro,2,3,Presencial,21871.44
1656,2025-06-24 14:00:00,28731761,Centro,2,3,Presencial,87227.38
1657,2025-05-18 23:25:00,14265307,Tienda Online,10,2,Web,100005.66
1658,2025-07-15 17:42:00,32494103,Tienda Online,10,2,Web,88786.96
1659,2025-01-28 19:22:00,32279787,Tienda Online,9,2,Web,138749.4
1660,2025-04-15 21:05:00,16778091,Shopping,7,4,Presencial,136886.95
1661,2025-12-01 07:28:00,30301581,Centro,2,4,Presencial,168405.23
1662,2025-01-13 23:41:00,20431932,Shopping,7,3,Presencial,68006.18
1663,2025-11-11 00:24:00,43502842,Centro,1,3,Presencial,134416.68
1664,2024-04-07 01:59:00,37138900,Shopping,7,2,Presencial,61394.71000000001
1665,2024-06-04 04:42:00,31630635,Shopping,7,2,Presencial,64641.12
1666,2025-02-04 04:48:00,29674861,Centro,1,5,Presencial,127327.08
1667,2025-10-14 06:34:00,28610049,Centro,1,3,Presencial,117307.23000000001
1668,2024-12-01 11:48:00,22425195,Norte,4,1,Presencial,32677.97
1669,2024-06-26 07:28:00,26428983,Centro,2,3,Presencial,32320.56
1670,2025-06-18 04:53:00,22195628,Shopping,7,1,Presencial,64845.89
1671,2024-05-08 01:00:00,11735763,Tienda Online,10,3,Web,36700.58
1672,2024-11-28 07:39:00,39766964,Shopping,7,3,Presencial,179889.77000000002
1673,2025-10-11 10:14:00,14887419,Centro,1,1,Presencial,67327.69
1674,2024-11-12 16:47:00,34552283,Norte,5,2,Presencial,171825.64
1675,2025-11-26 04:18:00,43334803,Tienda Online,9,4,Web,239128.86000000002
1676,2024-03-19 21:12:00,12497263,Tienda Online,10,4,Web,171255.62
1677,2024-07-31 12:20:00,38153498,Centro,1,1,Presencial,197183.31
1678,2025-03-05 12:54:00,16244704,Tienda Online,9,2,Web,33823.38
1679,2024-09-15 20:38:00,22660246,Norte,5,3,Presencial,97082.34000000001
1680,2024-10-16 21:56:00,29812600,Tienda Online,9,1,Web,172641.86000000002
1681,2024-11-10 07:41:00,22755970,Tienda Online,9,5,Web,36700.58
1682,2025-08-23 14:19:00,28540070,Tienda Online,10,1,Web,100005.66
1683,2024-06-13 12:39:00,40890427,Tienda Online,10,2,Web,33144.89
1684,2024-09-10 01:00:00,42789774,Shopping,7,4,Presencial,66289.78
1685,2025-05-23 04:51:00,32828789,Centro,2,5,Presencial,97881.27
1686,2025-09-29 20:37:00,11433274,Norte,4,1,Presencial,21871.44
1687,2024-04-29 08:12:00,27675739,Tienda Online,10,4,Web,180714.1
1688,2025-09-23 01:44:00,14684875,Shopping,7,5,Presencial,117903.83
1689,2024-06-19 19:03:00,43172347,Centro,1,4,Presencial,66289.78
1690,2024-08-20 15:58:00,44068679,Centro,2,4,Presencial,202099.71000000002
1691,2025-05-17 04:07:00,28540070,Centro,2,2,Presencial,141688.4
1692,2025-11-20 18:44:00,31625779,Shopping,7,3,Presencial,32320.56
1693,2024-10-27 06:37:00,19604467,Norte,4,2,Presencial,62714.119999999995
1694,2025-01-28 20:33:00,16123174,Norte,6,4,Presencial,131473.11000000002
1695,2024-05-01 08:23:00,18494838,Tienda Online,9,3,Web,33023.38
1696,2024-11-01 04:57:00,35768358,Centro,2,1,Presencial,74506.55
1697,2024-09-21 05:20:00,20002863,Tienda Online,9,2,Web,173853.77000000002
1698,2024-04-19 14:30:00,25145607,Tienda Online,10,1,Web,116906.12000000001
1699,2025-01-21 16:15:00,44107468,Tienda Online,10,3,Web,107710.37
1700,2024-08-26 10:34:00,37138900,Norte,4,1,Presencial,33144.89
1701,2025-05-25 14:21:00,20431932,Shopping,7,2,Presencial,33823.38
1702,2025-07-19 11:30:00,44185636,Centro,1,1,Presencial,144206.18
1703,2024-12-15 12:21:00,20431932,Shopping,7,2,Presencial,164706.15
1704,2025-01-13 09:33:00,25519695,Centro,1,4,Presencial,41361.66
1705,2025-04-16 06:56:00,13753932,Norte,6,5,Presencial,89217.95
1706,2024-11-10 07:47:00,22203066,Tienda Online,10,1,Web,100791.65
1707,2025-11-18 06:10:00,14887419,Centro,1,1,Presencial,137739.65
1708,2024-02-16 15:18:00,29174891,Centro,1,4,Presencial,164658.02000000002
1709,2025-07-15 13:41:00,26594901,Tienda Online,10,4,Web,201299.23
1710,2024-08-27 06:01:00,35464823,Tienda Online,9,3,Web,100890.93000000001
1711,2025-04-30 06:49:00,18494838,Tienda Online,10,4,Web,178534.82
1712,2024-09-17 05:25:00,35526938,Centro,2,1,Presencial,151248.47999999998
1713,2024-06-29 05:59:00,24867952,Centro,2,2,Presencial,175023.92
1714,2024-02-28 10:03:00,28688292,Tienda Online,10,5,Web,33823.38
1715,2025-07-19 13:47:00,18494838,Norte,4,5,Presencial,82723.32
1716,2024-01-09 07:04:00,29081689,Centro,1,2,Presencial,206363.84
1717,2025-07-13 00:51:00,25691522,Centro,2,1,Presencial,82723.32
1718,2024-02-10 11:41:00,17779366,Tienda Online,10,1,Web,140799.36
1719,2025-03-27 05:27:00,22924113,Tienda Online,10,3,Web,59138.46
1720,2024-11-28 08:52:00,13753932,Tienda Online,10,2,Web,28716.74
1721,2025-09-11 07:40:00,18439645,Tienda Online,10,4,Web,69021.14
1722,2024-04-30 13:13:00,12667017,Tienda Online,10,3,Web,168688.74
1723,2024-06-19 18:52:00,41453788,Centro,1,3,Presencial,103456.22
1724,2025-06-01 18:38:00,11310767,Tienda Online,10,3,Web,169678.52000000002
1725,2025-08-01 05:51:00,13597644,Centro,1,1,Presencial,104028.27
1726,2024-02-05 19:57:00,31231220,Tienda Online,10,2,Web,102188.98000000001
1727,2024-09-07 12:12:00,31117675,Norte,5,1,Presencial,102756.37000000001
1728,2024-12-11 09:40:00,12567397,Norte,5,1,Presencial,151553.83
1729,2024-06-15 10:03:00,29806607,Centro,1,2,Presencial,68365.6
1730,2025-07-05 22:01:00,36560738,Norte,6,1,Presencial,16160.28
1731,2025-09-04 13:24:00,25273674,Tienda Online,9,5,Web,32320.56
1732,2025-02-15 06:45:00,27632290,Shopping,7,4,Presencial,99028.69
1733,2024-10-01 21:52:00,41410296,Norte,6,5,Presencial,170060.21000000002
1734,2025-02-14 04:22:00,24867952,Tienda Online,10,4,Web,144206.18
1735,2024-05-25 23:56:00,16490526,Norte,4,5,Presencial,33382.8
1736,2024-11-18 04:41:00,28567695,Shopping,7,1,Presencial,41361.66
1737,2024-12-05 12:06:00,24672546,Centro,2,3,Presencial,29569.23
1738,2024-11-02 08:06:00,39251746,Norte,6,1,Presencial,168309.97
1739,2024-04-05 17:07:00,42938462,Tienda Online,10,2,Web,112449.81
1740,2024-01-08 10:19:00,12409147,Centro,1,5,Presencial,117110.89
1741,2025-08-26 19:03:00,37902136,Shopping,7,3,Presencial,70523.95999999999
1742,2025-03-19 09:23:00,35464823,Shopping,7,5,Presencial,208882.02000000002
1743,2024-06-21 12:22:00,26654221,Tienda Online,10,2,Web,106360.19
1744,2024-12-24 00:17:00,39548449,Norte,5,1,Presencial,125282.4
1745,2024-07-03 22:03:00,11780798,Tienda Online,9,1,Web,100324.73
1746,2025-08-10 05:58:00,13597644,Tienda Online,10,1,Web,182690.64
1747,2024-12-16 01:47:00,31822825,Centro,2,5,Presencial,36700.58
1748,2025-10-24 01:20:00,20714555,Tienda Online,9,2,Web,29569.23
1749,2025-01-14 06:51:00,44670267,Centro,1,5,Presencial,179153.32
1750,2025-06-25 04:54:00,40514355,Tienda Online,10,4,Web,136579.75
1751,2025-02-04 09:36:00,25784266,Tienda Online,10,5,Web,34182.8
1752,2024-08-21 15:48:00,16604711,Centro,1,2,Presencial,116202.5
1753,2024-04-27 00:25:00,41453788,Shopping,7,5,Presencial,130201.37
1754,2024-07-20 15:41:00,40105945,Norte,5,4,Presencial,135262.79
1755,2024-09-14 20:37:00,24097997,Tienda Online,9,2,Web,111885.62
1756,2025-07-17 15:03:00,32833825,Tienda Online,10,1,Web,130460.20999999999
1757,2024-09-30 09:07:00,38751707,Norte,6,4,Presencial,137739.65000000002
1758,2024-01-12 05:38:00,21678777,Tienda Online,10,3,Web,73682.22
1759,2025-08-04 01:24:00,17507729,Shopping,7,4,Presencial,88732.21
1760,2024-12-11 21:21:00,34898161,Norte,4,3,Presencial,41361.66
1761,2024-08-28 10:57:00,16744926,Tienda Online,9,5,Web,164910.91999999998
1762,2024-04-06 10:01:00,12667017,Shopping,7,4,Presencial,95911.07
1763,2025-04-07 22:14:00,29790252,Tienda Online,10,3,Web,177496.91
1764,2024-03-30 17:43:00,21387796,Tienda Online,9,5,Web,32320.56
1765,2024-06-19 19:41:00,21787005,Shopping,7,1,Presencial,96277.36
1766,2024-10-24 08:03:00,24105121,Tienda Online,10,4,Web,33823.38
1767,2024-08-21 08:27:00,28316378,Tienda Online,9,3,Web,66708.13
1768,2024-08-04 00:45:00,34089341,Centro,2,4,Presencial,74506.55
1769,2025-05-01 19:36:00,29368328,Tienda Online,9,3,Web,166901.95
1770,2025-01-31 16:04:00,18472243,Centro,1,2,Presencial,61242.07000000001
1771,2025-05-30 16:26:00,40632634,Tienda Online,10,1,Web,99028.69
1772,2024-04-30 23:42:00,38763716,Shopping,7,1,Presencial,36700.58
1773,2025-11-30 15:06:00,40831481,Centro,2,4,Presencial,41361.66
1774,2025-11-23 00:30:00,12701677,Tienda Online,9,2,Web,158455.94
1775,2024-01-07 18:13:00,25519695,Tienda Online,9,3,Web,149902.25
1776,2024-08-28 02:58:00,32132749,Tienda Online,10,2,Web,174832.67
1777,2024-03-06 21:03:00,23222803,Centro,1,5,Presencial,103049.29000000001
1778,2024-10-11 22:28:00,29687578,Tienda Online,9,2,Web,36700.58
1779,2024-04-24 14:08:00,25047294,Tienda Online,9,5,Web,120745.48
1780,2025-06-24 19:47:00,27593354,Shopping,7,1,Presencial,168747.67
1781,2025-09-05 05:19:00,42520755,Centro,2,3,Presencial,32296.51
1782,2025-04-10 05:26:00,31293505,Shopping,7,2,Presencial,175895.64
1783,2025-10-08 09:24:00,38330675,Centro,1,1,Presencial,143042.86000000002
1784,2024-06-28 14:22:00,36913358,Centro,1,3,Presencial,196297.18
1785,2024-03-24 06:05:00,24672546,Tienda Online,9,3,Web,106207.55
1786,2024-04-02 05:19:00,39766964,Centro,2,2,Presencial,88707.69
1787,2024-03-01 08:31:00,16659452,Tienda Online,10,4,Web,64641.12
1788,2024-10-27 08:16:00,32494103,Shopping,7,3,Presencial,41361.66
1789,2025-03-11 08:43:00,18123867,Tienda Online,10,1,Web,133936.53999999998
1790,2025-07-13 05:00:00,42789774,Tienda Online,10,3,Web,97486.92
1791,2025-06-25 13:55:00,34777665,Norte,5,5,Presencial,119323.27
1792,2024-09-19 06:20:00,29955030,Centro,1,5,Presencial,190683.6
1793,2024-12-19 12:52:00,16659452,Tienda Online,9,5,Web,154663.96000000002
1794,2025-04-20 16:54:00,41366021,Norte,4,5,Presencial,98821.91
1795,2024-04-07 11:10:00,29142751,Centro,2,5,Presencial,66503.36
1796,2024-03-09 09:53:00,20371898,Tienda Online,10,1,Web,160216.62
1797,2025-11-08 07:44:00,17728908,Tienda Online,9,1,Web,66968.26999999999
1798,2025-10-12 18:33:00,13495405,Shopping,7,2,Presencial,119336.9
1799,2024-08-27 11:29:00,26819279,Norte,6,2,Presencial,163719.93
1800,2025-08-05 18:36:00,25636276,Tienda Online,10,1,Web,164650.78000000003
1801,2025-04-04 21:00:00,26591977,Shopping,7,4,Presencial,181824.06
1802,2025-02-18 03:18:00,11780798,Norte,4,1,Presencial,74039.63
1803,2025-03-05 02:56:00,40663924,Tienda Online,9,5,Web,32320.56
1804,2025-08-20 20:23:00,14684875,Shopping,7,1,Presencial,43742.88
1805,2024-07-07 10:01:00,17728908,Norte,6,3,Presencial,169552.65
1806,2024-11-18 02:14:00,10190290,Tienda Online,10,1,Web,168478.76
1807,2025-07-24 12:11:00,38330675,Tienda Online,9,4,Web,173996.26
1808,2024-12-28 17:22:00,17471301,Shopping,7,3,Presencial,33823.38
1809,2025-04-07 08:53:00,28567695,Norte,4,5,Presencial,160888.31
1810,2024-01-19 08:29:00,29955030,Centro,2,5,Presencial,62714.119999999995
1811,2024-02-10 08:08:00,20267062,Tienda Online,10,3,Web,139557.21000000002
1812,2024-01-13 05:10:00,10372106,Shopping,7,3,Presencial,41361.66
1813,2025-03-23 20:29:00,14090793,Tienda Online,10,2,Web,164231.99
1814,2025-05-14 01:27:00,38747961,Centro,2,5,Presencial,28716.74
1815,2025-09-05 23:52:00,15448398,Shopping,7,1,Presencial,64998.53
1816,2024-04-08 11:26:00,44670267,Shopping,7,3,Presencial,86512.56
1817,2025-11-02 13:45:00,35403012,Tienda Online,9,3,Web,70883.38
1818,2024-10-06 12:24:00,29586497,Shopping,7,3,Presencial,159742.90000000002
1819,2024-03-16 21:04:00,34218318,Tienda Online,10,3,Web,170060.21000000002
1820,2025-08-13 12:49:00,10190290,Centro,2,1,Presencial,167001.47
1821,2024-01-07 07:22:00,28514090,Centro,1,4,Presencial,41361.66
1822,2025-02-09 13:30:00,24304543,Tienda Online,10,4,Web,32320.56
1823,2025-10-18 02:59:00,43586119,Centro,2,4,Presencial,21871.44
1824,2024-06-17 02:00:00,20601564,Tienda Online,9,2,Web,94860.68
1825,2025-04-16 12:39:00,28991721,Tienda Online,10,4,Web,73682.22
1826,2025-06-30 14:41:00,16778091,Tienda Online,10,2,Web,133936.53999999998
1827,2025-10-07 20:09:00,36952077,Norte,5,2,Presencial,156261.77000000002
1828,2024-10-16 11:16:00,26723413,Centro,1,4,Presencial,69021.14
1829,2025-02-21 12:58:00,11780798,Tienda Online,10,2,Web,33144.89
1830,2024-05-22 10:34:00,37274929,Centro,1,4,Presencial,134720.09
1831,2025-11-26 21:40:00,12090484,Centro,1,1,Presencial,123687.8
1832,2025-01-19 09:01:00,39967288,Shopping,7,3,Presencial,150102.4
1833,2025-06-21 21:45:00,10949480,Shopping,7,5,Presencial,117584.60999999999
1834,2025-09-13 16:53:00,27715659,Shopping,7,5,Presencial,129508.39
1835,2025-05-04 16:10:00,10630650,Centro,2,1,Presencial,29569.23
1836,2024-01-27 20:35:00,30196404,Centro,2,4,Presencial,57433.48
1837,2025-11-29 04:32:00,41996735,Tienda Online,10,5,Web,99288.83
1838,2025-04-16 12:50:00,20504726,Tienda Online,10,5,Web,70078.40000000001
1839,2024-12-12 22:14:00,40298722,Shopping,7,1,Presencial,29569.23
1840,2024-01-01 02:13:00,25519695,Centro,1,5,Presencial,98821.91
1841,2025-06-21 05:05:00,20369856,Shopping,7,5,Presencial,99646.23999999999
1842,2024-05-09 13:16:00,35464823,Shopping,7,4,Presencial,86255.2
1843,2024-09-08 07:17:00,17019579,Norte,5,2,Presencial,69021.14
1844,2024-07-27 02:34:00,28427922,Tienda Online,9,5,Web,166456.39
1845,2024-02-23 08:07:00,30831897,Norte,4,1,Presencial,169026.8
1846,2024-02-24 04:30:00,24580721,Shopping,7,4,Presencial,147907.71000000002
1847,2024-01-03 14:40:00,26819279,Centro,2,2,Presencial,178120.03
1848,2024-09-25 14:03:00,42859207,Norte,6,1,Presencial,135495.72
1849,2025-08-24 23:51:00,42745601,Tienda Online,10,5,Web,198288.74
1850,2024-01-15 09:37:00,30390056,Norte,6,2,Presencial,84585.56
1851,2025-01-25 03:27:00,41895660,Shopping,7,1,Presencial,33823.38
1852,2025-07-29 11:35:00,23707602,Shopping,7,3,Presencial,61861.630000000005
1853,2024-06-16 04:41:00,40515566,Tienda Online,10,2,Web,140855.26
1854,2025-05-18 02:11:00,28289000,Tienda Online,9,5,Web,54396.770000000004
1855,2025-05-09 01:58:00,12567397,Tienda Online,10,5,Web,41361.66
1856,2025-01-28 23:48:00,38751707,Tienda Online,10,2,Web,162886.21
1857,2025-06-11 14:37:00,44533969,Tienda Online,10,4,Web,61242.07000000001
1858,2024-07-25 13:28:00,29302634,Shopping,7,1,Presencial,175511.78
1859,2025-12-01 17:17:00,41854862,Shopping,7,3,Presencial,116546.70000000001
1860,2024-06-25 08:41:00,13495405,Centro,2,4,Presencial,147083.38
1861,2024-02-28 12:11:00,40793026,Norte,6,4,Presencial,32320.56
1862,2024-09-19 10:19:00,24135116,Tienda Online,10,1,Web,138777.56
1863,2025-03-12 00:34:00,34306027,Tienda Online,10,2,Web,17230.04
1864,2025-02-22 06:37:00,40427850,Norte,4,5,Presencial,69378.55
1865,2024-12-06 01:39:00,15745388,Tienda Online,9,5,Web,32525.33
1866,2024-10-11 02:21:00,20565131,Tienda Online,9,3,Web,172368.91
1867,2024-10-06 11:29:00,12108087,Centro,1,5,Presencial,142252.59000000003
1868,2025-01-21 23:35:00,11723249,Tienda Online,9,3,Web,192195.30000000002
1869,2025-07-15 01:32:00,35059825,Shopping,7,4,Presencial,149226.68
1870,2024-05-23 11:20:00,28011719,Tienda Online,9,3,Web,127150.57
1871,2024-04-26 22:24:00,41587472,Norte,5,1,Presencial,97737.88
1872,2024-05-12 20:41:00,28731761,Tienda Online,10,5,Web,29569.23
1873,2024-08-13 05:44:00,25333944,Shopping,7,4,Presencial,184608.29
1874,2025-03-30 06:34:00,42528458,Centro,2,1,Presencial,41361.66
1875,2024-04-02 15:59:00,15745388,Centro,1,5,Presencial,96537.5
1876,2024-01-24 14:20:00,11730076,Norte,5,2,Presencial,54192.0
1877,2025-05-29 19:46:00,16490526,Tienda Online,9,2,Web,135901.26
1878,2024-10-06 18:30:00,14776792,Shopping,7,4,Presencial,143965.39
1879,2024-11-17 06:54:00,36891021,Shopping,7,5,Presencial,136115.28
1880,2025-07-25 19:49:00,37668609,Shopping,7,3,Presencial,63233.100000000006
1881,2025-07-17 17:28:00,24800101,Centro,2,4,Presencial,28716.74
1882,2024-03-22 05:09:00,16709628,Centro,2,5,Presencial,32525.33
1883,2025-09-09 00:57:00,23275422,Tienda Online,9,3,Web,66269.81
1884,2025-01-31 22:22:00,13086401,Centro,2,1,Presencial,174573.15000000002
1885,2025-08-23 04:30:00,26523232,Tienda Online,9,4,Web,121519.07
1886,2025-09-14 15:30:00,25636276,Norte,4,1,Presencial,153844.62
1887,2024-07-14 11:32:00,22874170,Norte,6,4,Presencial,65465.45
1888,2025-11-04 07:26:00,32828789,Shopping,7,3,Presencial,98967.22
1889,2025-06-12 09:20:00,20332827,Norte,6,3,Presencial,168872.15
1890,2024-07-22 13:40:00,28540070,Shopping,7,4,Presencial,186132.03000000003
1891,2024-05-25 07:55:00,30643479,Tienda Online,10,3,Web,144352.02000000002
1892,2025-03-09 14:35:00,17245195,Tienda Online,9,3,Web,139035.16
1893,2025-09-08 00:00:00,16123174,Tienda Online,9,2,Web,36700.58
1894,2025-07-26 07:06:00,20332827,Centro,1,1,Presencial,231776.0
1895,2025-01-16 02:21:00,37138900,Tienda Online,10,3,Web,215554.47
1896,2024-09-17 13:16:00,26687044,Shopping,7,1,Presencial,197841.78999999998
1897,2024-12-10 00:26:00,44993998,Tienda Online,9,2,Web,157312.65
1898,2024-11-03 09:20:00,39251746,Centro,1,4,Presencial,150236.43
1899,2025-07-02 13:49:00,12807087,Tienda Online,9,2,Web,115868.21
1900,2025-08-22 13:07:00,17614246,Centro,1,2,Presencial,147926.62
1901,2024-11-16 13:27:00,26345631,Centro,2,2,Presencial,54192.0
1902,2025-08-25 18:34:00,25293994,Tienda Online,9,1,Web,147926.62
1903,2025-04-08 20:58:00,40793026,Norte,6,3,Presencial,122413.93000000001
1904,2025-01-20 01:47:00,30028290,Norte,4,5,Presencial,125327.66
1905,2025-09-19 21:37:00,44321020,Centro,2,3,Presencial,163012.7
1906,2024-01-03 06:06:00,12929120,Shopping,7,3,Presencial,91430.86
1907,2024-05-24 06:09:00,32839753,Centro,1,5,Presencial,161731.77
1908,2024-04-05 03:54:00,24135116,Shopping,7,5,Presencial,162545.78
1909,2025-05-22 22:12:00,11310767,Centro,2,4,Presencial,152242.88999999998
1910,2025-02-26 05:49:00,23275422,Tienda Online,9,1,Web,138258.58000000002
1911,2024-11-23 14:26:00,37668609,Norte,4,2,Presencial,136786.53
1912,2024-03-14 12:42:00,17318490,Shopping,7,3,Presencial,41361.66
1913,2024-07-08 06:39:00,21484920,Tienda Online,10,2,Web,134354.89
1914,2024-05-21 05:44:00,12807087,Centro,2,1,Presencial,148067.26
1915,2025-06-15 04:48:00,18439645,Tienda Online,10,2,Web,68365.6
1916,2025-08-24 04:27:00,39738000,Norte,4,2,Presencial,65355.94
1917,2025-09-20 01:34:00,29806607,Centro,1,1,Presencial,150410.62
1918,2025-02-25 23:11:00,34777665,Norte,4,3,Presencial,179620.24000000002
1919,2025-03-15 06:35:00,16194045,Tienda Online,10,2,Web,78062.24
1920,2024-09-05 09:26:00,21756850,Shopping,7,5,Presencial,54396.770000000004
1921,2024-04-04 11:25:00,41002707,Tienda Online,10,2,Web,98967.75
1922,2024-06-10 12:37:00,38902901,Tienda Online,9,2,Web,191412.66999999998
1923,2024-06-12 09:50:00,17829989,Tienda Online,10,4,Web,120666.58
1924,2025-02-21 04:20:00,27785377,Norte,5,5,Presencial,61037.3
1925,2025-02-01 16:51:00,10190290,Centro,1,5,Presencial,148683.47
1926,2025-07-14 07:39:00,32223091,Shopping,7,3,Presencial,96730.98
1927,2025-07-13 22:26:00,38751707,Centro,2,4,Presencial,41361.66
1928,2024-07-20 23:42:00,40514355,Centro,1,1,Presencial,69378.55
1929,2024-06-19 00:08:00,17318490,Shopping,7,1,Presencial,159465.2
1930,2024-04-30 04:29:00,26069372,Centro,1,3,Presencial,138732.88
1931,2024-10-30 11:45:00,18472243,Centro,2,4,Presencial,125282.4
1932,2025-02-08 19:32:00,23663184,Tienda Online,9,5,Web,21871.44
1933,2025-01-27 09:58:00,42494017,Norte,6,4,Presencial,41361.66
1934,2025-07-17 07:39:00,25784266,Centro,2,3,Presencial,41361.66
1935,2024-12-24 19:29:00,27751694,Shopping,7,1,Presencial,150934.27
1936,2025-11-12 14:18:00,19179099,Tienda Online,9,4,Web,97580.64
1937,2025-03-20 16:50:00,25145607,Norte,5,2,Presencial,32320.56
1938,2025-08-15 22:20:00,20332827,Tienda Online,9,5,Web,32677.97
1939,2025-11-02 05:30:00,37388193,Shopping,7,1,Presencial,121909.01
1940,2024-12-03 10:19:00,34764543,Tienda Online,9,3,Web,75185.04000000001
1941,2025-05-04 19:18:00,37403776,Shopping,7,1,Presencial,69378.55
1942,2025-05-07 03:22:00,19446043,Tienda Online,9,1,Web,64998.53
1943,2024-11-12 00:33:00,23499019,Tienda Online,9,3,Web,69225.91
1944,2024-04-04 04:04:00,21081482,Shopping,7,5,Presencial,125883.19
1945,2025-03-22 16:15:00,27244970,Norte,6,5,Presencial,114259.89
1946,2024-06-22 08:30:00,29368328,Norte,4,2,Presencial,28716.74
1947,2024-12-09 07:26:00,39163080,Shopping,7,1,Presencial,70930.89
1948,2024-12-18 11:30:00,33776507,Shopping,7,3,Presencial,101903.88
1949,2024-03-07 15:55:00,16884540,Shopping,7,5,Presencial,238951.94
1950,2024-02-29 01:02:00,44304306,Shopping,7,1,Presencial,153811.47
1951,2024-05-29 06:17:00,37133232,Norte,6,1,Presencial,67327.69
1952,2025-05-02 00:46:00,39677512,Shopping,7,1,Presencial,21871.44
1953,2025-01-22 17:22:00,43586119,Tienda Online,10,4,Web,33144.89
1954,2025-03-31 03:30:00,30279639,Shopping,7,1,Presencial,138866.61000000002
1955,2024-05-04 11:59:00,32012128,Centro,2,2,Presencial,58572.020000000004
1956,2024-06-08 17:57:00,42590824,Tienda Online,10,3,Web,34182.8
1957,2024-02-09 18:55:00,16194045,Tienda Online,9,4,Web,73682.22
1958,2024-09-09 11:50:00,39251746,Tienda Online,10,1,Web,150370.08000000002
1959,2024-06-17 21:57:00,22203066,Centro,1,5,Presencial,97737.88
1960,2024-02-11 20:26:00,19674106,Centro,2,4,Presencial,191943.02000000002
1961,2025-09-19 11:21:00,24855701,Tienda Online,9,2,Web,91532.32
1962,2024-01-24 13:09:00,12667017,Shopping,7,3,Presencial,69845.47
1963,2024-05-29 03:19:00,12667017,Tienda Online,10,5,Web,81009.9
1964,2025-05-19 12:42:00,36891021,Centro,1,5,Presencial,63752.03
1965,2025-09-09 14:40:00,42494017,Tienda Online,10,1,Web,73401.16
1966,2025-01-21 02:16:00,28981002,Norte,6,1,Presencial,55694.81999999999
1967,2024-02-14 02:49:00,40632634,Norte,4,3,Presencial,74039.63
1968,2025-07-19 01:59:00,35059825,Centro,1,3,Presencial,69225.91
1969,2025-10-17 20:55:00,27244970,Norte,6,4,Presencial,99797.12
1970,2024-02-02 09:20:00,36803314,Tienda Online,10,4,Web,28716.74
1971,2024-09-09 13:35:00,25145607,Norte,6,1,Presencial,171024.08000000002
1972,2025-01-22 00:30:00,37317331,Norte,4,3,Presencial,61861.630000000005
1973,2024-12-12 23:03:00,25145607,Centro,2,3,Presencial,107031.88
1974,2024-10-13 00:41:00,24234180,Tienda Online,10,2,Web,61394.71000000001
1975,2024-04-11 16:34:00,37271524,Tienda Online,9,2,Web,33823.38
1976,2025-04-20 18:29:00,21710303,Tienda Online,10,2,Web,62094.56
1977,2024-01-06 13:31:00,12667017,Tienda Online,9,2,Web,61889.79
1978,2024-02-16 10:18:00,33811900,Centro,2,3,Presencial,109098.82
1979,2024-08-19 16:42:00,29955030,Centro,2,4,Presencial,32525.33
1980,2025-08-18 22:07:00,23222803,Centro,2,4,Presencial,106778.98000000001
1981,2025-01-12 12:04:00,24429953,Shopping,7,5,Presencial,161902.37
1982,2024-08-27 02:49:00,31822825,Tienda Online,10,4,Web,135901.26
1983,2024-09-07 15:09:00,11780798,Tienda Online,10,1,Web,93357.86
1984,2025-11-17 15:24:00,40433796,Norte,5,4,Presencial,122150.29000000001
1985,2024-11-24 16:16:00,16244704,Centro,2,1,Presencial,61037.3
1986,2025-05-04 21:22:00,16244704,Shopping,7,4,Presencial,119609.32
1987,2024-06-08 02:26:00,25691522,Shopping,7,2,Presencial,178593.75
1988,2024-09-07 15:28:00,26819279,Tienda Online,9,3,Web,162186.36
1989,2025-09-05 22:29:00,28972908,Tienda Online,10,5,Web,155375.81
1990,2024-04-10 09:22:00,39251746,Tienda Online,10,1,Web,62540.119999999995
1991,2025-03-31 07:31:00,24855701,Centro,1,3,Presencial,100113.16
1992,2025-01-09 22:57:00,10372106,Tienda Online,10,3,Web,219110.16
1993,2025-08-14 09:49:00,17614246,Tienda Online,9,3,Web,116546.70000000001
1994,2025-08-04 14:17:00,21983483,Norte,4,4,Presencial,74506.55
1995,2025-04-03 14:15:00,29586497,Centro,1,4,Presencial,32525.33
1996,2024-09-20 23:22:00,17829989,Tienda Online,9,3,Web,70930.89
1997,2025-11-03 12:40:00,16667575,Centro,1,1,Presencial,161780.82
1998,2024-05-20 12:45:00,10038379,Shopping,7,5,Presencial,131973.17
1999,2024-02-27 19:22:00,39401473,Shopping,7,3,Presencial,126466.20000000001
2000,2025-06-16 14:33:00,29142751,Centro,2,1,Presencial,59660.8
2001,2025-05-30 09:09:00,42614267,Tienda Online,9,4,Web,74506.55
2002,2025-01-25 00:46:00,12910178,Shopping,7,5,Presencial,136579.75
2003,2024-09-16 20:42:00,23771113,Tienda Online,9,3,Web,59138.46
2004,2025-03-05 09:33:00,42494017,Centro,2,1,Presencial,124808.68
2005,2024-01-01 02:38:00,21989124,Centro,1,3,Presencial,90578.37
2006,2025-07-07 01:39:00,14598388,Tienda Online,9,5,Web,92096.73000000001
2007,2024-08-06 11:16:00,25863159,Tienda Online,9,5,Web,107224.54000000001
2008,2024-02-21 06:43:00,15354748,Tienda Online,9,5,Web,180228.27000000002
2009,2024-09-25 01:13:00,35821297,Norte,5,5,Presencial,41361.66
2010,2025-06-23 23:41:00,40450329,Centro,1,2,Presencial,32320.56
2011,2025-02-02 14:28:00,27044130,Tienda Online,9,5,Web,29569.23
2012,2025-01-29 14:58:00,35444008,Tienda Online,9,5,Web,69021.14
2013,2024-11-24 00:57:00,31050528,Centro,1,5,Presencial,95917.94
2014,2024-06-02 18:37:00,44304306,Centro,2,2,Presencial,173533.23
2015,2025-05-08 11:26:00,40450329,Norte,5,1,Presencial,99933.68000000001
2016,2024-07-26 00:13:00,13950951,Centro,1,5,Presencial,78062.24
2017,2025-10-24 07:34:00,16951572,Norte,5,3,Presencial,32320.56
2018,2025-06-14 12:39:00,24867952,Centro,2,3,Presencial,163638.2
2019,2024-06-19 16:30:00,15299476,Shopping,7,4,Presencial,33144.89
2020,2024-05-23 10:53:00,18439645,Tienda Online,10,4,Web,65260.770000000004
2021,2024-10-12 04:48:00,36913358,Tienda Online,10,3,Web,98795.14000000001
2022,2025-05-10 23:36:00,39677512,Tienda Online,9,4,Web,218471.94
2023,2025-09-16 14:49:00,37406784,Norte,6,4,Presencial,97529.66
2024,2024-06-04 05:30:00,38250184,Tienda Online,10,3,Web,83113.51000000001
2025,2024-03-31 19:46:00,27632290,Shopping,7,3,Presencial,134974.45
2026,2025-05-19 21:51:00,39559360,Norte,4,1,Presencial,34182.8
2027,2024-06-04 14:18:00,12132899,Centro,1,1,Presencial,124841.83
2028,2025-09-04 15:33:00,27593354,Tienda Online,9,5,Web,55694.81999999999
2029,2025-09-06 06:22:00,21989124,Norte,5,3,Presencial,33144.89
2030,2025-06-01 14:06:00,25086706,Tienda Online,9,4,Web,99538.74
2031,2025-05-21 23:38:00,35059825,Centro,2,4,Presencial,137200.7
2032,2024-02-10 01:10:00,41002707,Norte,5,2,Presencial,32677.97
2033,2025-01-21 00:35:00,28731761,Shopping,7,1,Presencial,141295.34000000003
2034,2024-07-26 01:56:00,12497263,Tienda Online,10,2,Web,161428.65
2035,2024-04-01 01:59:00,35464823,Shopping,7,1,Presencial,29569.23
2036,2024-04-26 00:07:00,30075901,Tienda Online,9,3,Web,58572.020000000004
2037,2024-10-12 02:12:00,44321020,Tienda Online,9,5,Web,169572.0
2038,2025-03-03 13:26:00,13635366,Tienda Online,9,5,Web,176968.04
2039,2024-01-04 11:51:00,24234180,Centro,2,2,Presencial,83733.07
2040,2025-09-19 14:46:00,26297346,Tienda Online,10,2,Web,65822.86
2041,2025-09-12 07:56:00,12701677,Tienda Online,10,4,Web,33144.89
2042,2025-02-19 16:34:00,14310325,Tienda Online,9,4,Web,149464.6
2043,2025-06-22 22:41:00,39251746,Shopping,7,3,Presencial,95272.6
2044,2024-07-07 14:30:00,38195354,Shopping,7,4,Presencial,190450.67
2045,2025-10-18 20:33:00,43250363,Tienda Online,9,5,Web,130408.36
2046,2025-05-22 12:58:00,37271524,Centro,1,1,Presencial,178604.52000000002
2047,2025-08-27 12:01:00,25691522,Centro,1,4,Presencial,32525.33
2048,2024-11-11 17:56:00,32205074,Shopping,7,1,Presencial,34182.8
2049,2024-07-07 08:56:00,28567695,Tienda Online,9,5,Web,218171.53000000003
2050,2025-08-26 06:41:00,20714555,Centro,1,1,Presencial,32677.97
2051,2025-02-04 21:21:00,34268915,Shopping,7,4,Presencial,113821.28
2052,2024-08-03 04:03:00,25086706,Centro,2,5,Presencial,66289.78
2053,2025-10-16 06:40:00,32833825,Tienda Online,9,2,Web,132496.09
2054,2024-04-04 21:54:00,27785377,Shopping,7,3,Presencial,130834.64000000001
2055,2025-01-05 22:02:00,32292589,Tienda Online,9,3,Web,109008.42
2056,2025-07-03 22:37:00,13291303,Shopping,7,4,Presencial,111207.13
2057,2025-10-07 05:27:00,19446043,Tienda Online,9,4,Web,133078.57
2058,2025-09-15 09:55:00,14616506,Tienda Online,10,2,Web,147239.44
2059,2024-03-02 12:19:00,14684875,Shopping,7,1,Presencial,150288.93
2060,2025-09-09 06:41:00,42494017,Tienda Online,10,1,Web,65465.45
2061,2025-08-27 10:44:00,28567695,Tienda Online,9,3,Web,91816.43
2062,2024-12-09 19:05:00,37406784,Shopping,7,1,Presencial,67646.76
2063,2024-01-24 22:27:00,39738000,Centro,1,5,Presencial,69378.55
2064,2025-12-01 23:26:00,17019579,Tienda Online,10,2,Web,184293.64
2065,2024-01-30 09:22:00,25691522,Centro,1,2,Presencial,82908.74
2066,2024-12-18 03:47:00,43453305,Norte,4,1,Presencial,150234.41999999998
2067,2024-02-11 20:36:00,13291303,Norte,4,1,Presencial,36700.58
2068,2024-11-07 11:44:00,24697145,Shopping,7,3,Presencial,130882.77
2069,2024-07-23 08:26:00,24800101,Centro,2,3,Presencial,111207.13
2070,2024-06-19 14:31:00,27748007,Norte,4,1,Presencial,237121.09000000003
2071,2025-03-10 19:29:00,30132463,Tienda Online,10,1,Web,66708.13
2072,2025-03-22 16:51:00,34296024,Centro,1,1,Presencial,128016.31
2073,2025-06-27 01:18:00,17254174,Centro,1,5,Presencial,65203.3
2074,2025-02-14 10:09:00,31625779,Tienda Online,9,1,Web,160289.58000000002
2075,2024-07-08 20:41:00,16659452,Norte,6,1,Presencial,161926.22
2076,2025-09-21 12:42:00,31231220,Tienda Online,9,1,Web,200728.24
2077,2025-04-07 07:17:00,36669833,Norte,4,2,Presencial,176977.33000000002
2078,2025-05-10 03:53:00,12409147,Shopping,7,1,Presencial,129248.25
2079,2024-07-20 01:55:00,16951572,Centro,2,3,Presencial,32320.56
2080,2025-01-21 17:46:00,14616506,Shopping,7,5,Presencial,98815.11
2081,2024-02-26 05:48:00,13597644,Norte,6,3,Presencial,21871.44
2082,2024-02-18 09:17:00,12132899,Tienda Online,9,5,Web,111885.62
2083,2025-07-03 04:59:00,24304543,Centro,2,4,Presencial,33823.38
2084,2025-04-02 05:53:00,40793026,Tienda Online,10,1,Web,33823.38
2085,2024-04-12 18:37:00,41587472,Centro,2,2,Presencial,150235.81
2086,2025-11-19 13:12:00,15815848,Tienda Online,10,1,Web,70930.89
2087,2025-10-26 23:56:00,41780144,Tienda Online,9,2,Web,120433.65000000001
2088,2024-01-24 12:04:00,41895660,Shopping,7,1,Presencial,73401.16
2089,2025-04-12 03:53:00,11310767,Norte,4,2,Presencial,156386.03
2090,2025-09-23 13:29:00,32159349,Centro,2,3,Presencial,152801.72000000003
2091,2024-09-03 19:57:00,22874170,Shopping,7,4,Presencial,140120.87
2092,2024-07-19 18:35:00,28289000,Norte,4,5,Presencial,57433.48
2093,2024-10-22 22:46:00,19888757,Norte,6,1,Presencial,65417.32000000001
2094,2024-10-30 23:12:00,30028290,Tienda Online,10,1,Web,28716.74
2095,2025-10-03 22:54:00,39176602,Shopping,7,3,Presencial,32525.33
2096,2025-03-07 07:04:00,38127120,Centro,1,4,Presencial,149141.7
2097,2025-07-08 07:30:00,17686170,Tienda Online,9,5,Web,185584.89
2098,2025-11-08 21:58:00,33776507,Tienda Online,10,4,Web,85851.6
2099,2024-06-23 04:22:00,34306027,Centro,2,2,Presencial,32677.97
2100,2025-04-02 23:46:00,16884540,Tienda Online,10,4,Web,95685.01000000001
2101,2024-10-18 19:51:00,15448398,Tienda Online,9,4,Web,129282.24
2102,2025-07-13 13:58:00,37652324,Tienda Online,10,3,Web,157286.5
2103,2024-04-06 13:55:00,29142751,Norte,6,1,Presencial,115868.21
2104,2025-09-03 10:24:00,14041987,Shopping,7,4,Presencial,29569.23
2105,2025-08-27 22:07:00,18474473,Shopping,7,5,Presencial,32320.56
2106,2025-10-20 00:26:00,30238871,Norte,6,1,Presencial,51701.84
2107,2025-03-07 04:06:00,10630650,Shopping,7,2,Presencial,83686.63999999998
2108,2024-10-29 12:40:00,28124922,Norte,5,3,Presencial,123751.42
2109,2024-10-12 07:26:00,29955030,Norte,6,2,Presencial,41361.66
2110,2024-03-12 20:29:00,42528458,Centro,1,2,Presencial,136915.32
2111,2024-05-04 23:45:00,37274929,Shopping,7,4,Presencial,99646.23999999999
2112,2024-02-23 20:35:00,14616506,Tienda Online,10,1,Web,165317.85
2113,2025-08-16 18:22:00,35442729,Tienda Online,9,2,Web,158685.18
2114,2024-04-05 14:17:00,31293505,Centro,2,5,Presencial,168954.82
2115,2024-01-12 06:09:00,26654221,Tienda Online,9,2,Web,98095.29000000001
2116,2024-03-03 14:03:00,17019579,Centro,1,2,Presencial,133002.7
2117,2024-11-13 09:54:00,16194045,Shopping,7,2,Presencial,91616.28
2118,2024-10-13 08:21:00,33190516,Shopping,7,3,Presencial,135901.26
2119,2024-12-10 14:13:00,27579520,Tienda Online,10,1,Web,33823.38
2120,2024-07-16 21:11:00,15745388,Tienda Online,9,5,Web,163071.63
2121,2024-02-27 17:21:00,40515566,Centro,2,2,Presencial,32525.33
2122,2025-01-27 10:54:00,21664429,Shopping,7,3,Presencial,65050.66
2123,2024-09-04 16:23:00,26431104,Shopping,7,4,Presencial,138668.05
2124,2025-10-02 18:29:00,30096828,Tienda Online,9,2,Web,160326.13
2125,2024-11-03 23:01:00,28124922,Tienda Online,9,5,Web,119657.45000000001
2126,2025-03-22 20:53:00,16951572,Norte,6,1,Presencial,116546.70000000001
2127,2025-07-21 11:15:00,14695862,Centro,1,1,Presencial,29569.23
2128,2024-06-16 19:05:00,25086706,Tienda Online,10,5,Web,178593.75
2129,2025-03-08 09:40:00,21983483,Centro,1,2,Presencial,134974.45
2130,2025-04-11 07:14:00,27808512,Tienda Online,10,3,Web,176371.55
2131,2024-01-23 14:47:00,29081689,Norte,5,1,Presencial,159956.92
2132,2025-04-03 03:30:00,22755970,Norte,6,4,Presencial,124294.25000000001
2133,2025-11-30 06:10:00,29911725,Tienda Online,10,3,Web,193939.49
2134,2025-05-11 11:42:00,40890427,Shopping,7,1,Presencial,65822.86
2135,2025-07-03 20:03:00,33776507,Tienda Online,9,3,Web,120333.02
2136,2024-06-25 12:50:00,41156466,Centro,1,3,Presencial,66269.81
2137,2025-02-20 19:05:00,25691522,Tienda Online,9,1,Web,103561.35
2138,2024-03-22 04:49:00,33606133,Shopping,7,5,Presencial,33144.89
2139,2024-08-01 00:03:00,19674106,Tienda Online,10,3,Web,70078.40000000001
2140,2025-05-01 01:39:00,16645229,Norte,4,2,Presencial,21871.44
2141,2024-08-08 08:39:00,32292589,Shopping,7,3,Presencial,139099.54
2142,2025-11-21 05:08:00,21048610,Shopping,7,2,Presencial,36700.58
2143,2024-02-18 15:18:00,17792713,Tienda Online,10,2,Web,111885.62
2144,2025-02-27 04:38:00,35768358,Tienda Online,10,2,Web,198888.33000000002
2145,2025-05-22 12:46:00,24161661,Tienda Online,9,3,Web,81385.23
2146,2024-09-02 16:15:00,26373518,Norte,6,4,Presencial,33823.38
2147,2024-01-24 16:23:00,15407475,Norte,5,4,Presencial,129055.96
2148,2024-07-31 02:01:00,41535292,Centro,2,5,Presencial,178175.4
2149,2024-09-26 11:43:00,34798543,Tienda Online,10,5,Web,155182.94
2150,2024-02-02 21:32:00,31106889,Tienda Online,9,1,Web,98947.78
2151,2024-09-08 10:30:00,29081689,Tienda Online,9,3,Web,32525.33
2152,2025-09-04 17:07:00,42494017,Tienda Online,10,5,Web,32677.97
2153,2024-11-21 17:08:00,14598388,Tienda Online,10,4,Web,144118.03000000003
2154,2025-10-25 13:56:00,42896879,Tienda Online,10,4,Web,132792.52000000002
2155,2025-09-20 00:32:00,25674110,Tienda Online,10,3,Web,164369.68
2156,2025-08-11 06:20:00,26297346,Tienda Online,9,4,Web,99240.7
2157,2024-06-08 02:17:00,30090967,Centro,2,1,Presencial,171096.11000000002
2158,2025-05-27 11:35:00,33776507,Norte,4,3,Presencial,21871.44
2159,2024-09-25 09:37:00,39176602,Tienda Online,9,1,Web,65670.22
2160,2024-12-31 02:48:00,44670267,Norte,6,4,Presencial,109098.82
2161,2024-07-11 00:17:00,40298722,Centro,1,3,Presencial,146733.24
2162,2025-01-08 21:46:00,33776507,Shopping,7,1,Presencial,101903.88
2163,2025-11-24 02:35:00,23771113,Tienda Online,10,2,Web,106207.55
2164,2024-04-09 20:03:00,26523232,Shopping,7,3,Presencial,175215.99
2165,2024-05-11 00:00:00,38778283,Centro,2,2,Presencial,172445.79
2166,2024-10-29 13:42:00,38330675,Norte,5,2,Presencial,140540.98
2167,2024-07-13 02:00:00,33190516,Norte,6,3,Presencial,196076.82
2168,2025-11-10 10:40:00,28731761,Shopping,7,4,Presencial,66968.26999999999
2169,2024-07-07 20:23:00,17656258,Shopping,7,1,Presencial,131194.6
2170,2024-04-15 00:46:00,32538346,Tienda Online,10,1,Web,124761.17000000001
2171,2025-10-13 04:31:00,24377188,Shopping,7,3,Presencial,172957.59000000003
2172,2025-08-05 13:01:00,17245195,Centro,1,2,Presencial,122038.0
2173,2025-11-08 21:38:00,25086706,Centro,1,3,Presencial,23547.73
2174,2025-10-22 22:33:00,35442729,Shopping,7,3,Presencial,63392.61
2175,2024-05-05 04:56:00,16659452,Norte,4,3,Presencial,33823.38
2176,2025-10-19 00:47:00,37379791,Tienda Online,10,2,Web,33144.89
2177,2024-01-30 05:55:00,22083413,Norte,6,2,Presencial,134896.13
2178,2024-02-12 19:46:00,24449461,Tienda Online,10,3,Web,215726.02000000002
2179,2024-12-28 14:43:00,20601564,Shopping,7,2,Presencial,246083.29
2180,2024-08-31 02:31:00,14090793,Tienda Online,9,4,Web,131706.66
2181,2024-07-17 18:58:00,26431104,Tienda Online,10,1,Web,218450.58000000002
2182,2024-12-03 04:08:00,20359006,Tienda Online,10,3,Web,58285.97
2183,2024-11-11 02:30:00,13447833,Shopping,7,1,Presencial,83761.23
2184,2024-04-05 13:57:00,12701677,Tienda Online,10,2,Web,73682.22
2185,2025-07-23 08:43:00,27593354,Tienda Online,10,5,Web,165937.41
2186,2025-11-09 18:15:00,39677512,Tienda Online,9,2,Web,180509.33000000002
2187,2025-03-08 16:33:00,28514090,Tienda Online,9,4,Web,151602.16
2188,2024-11-26 11:45:00,17779366,Centro,1,3,Presencial,99240.7
2189,2025-10-13 09:56:00,25333944,Centro,1,5,Presencial,136872.66999999998
2190,2024-11-21 02:27:00,32049663,Tienda Online,10,3,Web,115043.88
2191,2024-01-09 01:42:00,22425195,Shopping,7,2,Presencial,32320.56
2192,2024-07-15 01:17:00,17358428,Shopping,7,3,Presencial,70523.95999999999
2193,2025-07-08 07:20:00,26654221,Norte,6,5,Presencial,177105.0
2194,2024-03-14 11:23:00,32012128,Centro,1,2,Presencial,183874.39
2195,2025-08-22 05:15:00,16645229,Norte,6,4,Presencial,106827.11
2196,2024-02-19 21:28:00,31050528,Shopping,7,2,Presencial,165317.85
2197,2025-11-30 05:14:00,29302634,Centro,2,5,Presencial,82723.32
2198,2025-10-26 22:24:00,25784266,Centro,1,5,Presencial,137074.83000000002
2199,2025-09-13 12:39:00,26723413,Tienda Online,10,4,Web,107651.44
2200,2025-05-07 11:43:00,16100827,Tienda Online,9,5,Web,168619.25
2201,2024-11-10 20:37:00,16744926,Shopping,7,2,Presencial,121112.14
2202,2024-12-10 22:37:00,23027010,Norte,6,4,Presencial,107631.47
2203,2024-11-29 10:20:00,27929653,Shopping,7,5,Presencial,113821.28
2204,2024-12-10 14:00:00,27044130,Centro,2,5,Presencial,168900.31
2205,2025-04-22 04:15:00,14791741,Norte,5,1,Presencial,99240.7
2206,2024-09-25 23:41:00,28540070,Norte,6,4,Presencial,133064.08
2207,2024-11-12 03:15:00,38531078,Shopping,7,5,Presencial,129377.04000000001
2208,2024-01-19 23:00:00,20207615,Tienda Online,10,5,Web,147907.71000000002
2209,2024-06-08 18:07:00,12409147,Tienda Online,9,3,Web,63233.100000000006
2210,2025-11-01 21:46:00,37668609,Centro,1,4,Presencial,33823.38
2211,2025-03-31 21:37:00,41690133,Norte,5,1,Presencial,184504.75
2212,2025-02-16 01:15:00,26069372,Shopping,7,4,Presencial,34182.8
2213,2024-12-22 21:01:00,36873895,Tienda Online,9,1,Web,41361.66
2214,2025-01-27 15:42:00,34218318,Norte,5,3,Presencial,122850.80000000002
2215,2025-01-08 19:44:00,30075901,Tienda Online,10,2,Web,179101.31
2216,2025-11-20 12:09:00,30854088,Centro,1,5,Presencial,36700.58
2217,2024-08-07 09:13:00,16065254,Tienda Online,9,1,Web,87694.3
2218,2024-02-18 20:36:00,41561757,Shopping,7,3,Presencial,187634.85
2219,2024-03-05 23:42:00,16194045,Tienda Online,9,5,Web,28716.74
2220,2025-04-12 22:59:00,14684875,Tienda Online,10,2,Web,97575.41
2221,2025-03-01 08:05:00,24580721,Tienda Online,10,4,Web,32320.56
2222,2025-06-19 13:19:00,32205074,Centro,2,5,Presencial,65822.86
2223,2025-11-04 05:40:00,32223091,Tienda Online,9,2,Web,29569.23
2224,2025-08-04 05:00:00,21787005,Tienda Online,10,3,Web,231116.86000000002
2225,2024-08-07 06:10:00,29044583,Centro,2,3,Presencial,244231.19
2226,2024-07-11 17:26:00,38870188,Tienda Online,9,1,Web,21871.44
2227,2025-10-25 21:57:00,15745388,Tienda Online,9,1,Web,133064.08000000002
2228,2024-03-23 08:52:00,26431104,Centro,1,2,Presencial,164965.85
2229,2025-02-02 00:23:00,21048610,Norte,6,1,Presencial,144332.05
2230,2025-07-10 08:05:00,29285678,Shopping,7,4,Presencial,36700.58
2231,2024-03-08 21:43:00,29174891,Tienda Online,10,2,Web,70883.38
2232,2025-02-08 19:08:00,24059778,Norte,5,3,Presencial,67327.69
2233,2025-01-31 10:09:00,11735763,Tienda Online,10,3,Web,168900.31
2234,2025-09-15 23:16:00,32833825,Tienda Online,10,4,Web,183267.64
2235,2025-01-17 19:04:00,34218318,Shopping,7,1,Presencial,197740.63
2236,2025-10-14 13:35:00,42859207,Tienda Online,10,2,Web,78587.15
2237,2024-01-26 18:47:00,17614246,Norte,5,5,Presencial,32320.56
2238,2025-09-09 07:54:00,36200760,Shopping,7,3,Presencial,61242.07000000001
2239,2025-02-22 12:21:00,37133232,Tienda Online,10,2,Web,36700.58
2240,2024-09-16 12:52:00,34218318,Tienda Online,10,2,Web,34182.8
2241,2024-03-24 10:23:00,20915531,Shopping,7,1,Presencial,74039.63
2242,2025-10-12 19:53:00,37379791,Centro,2,4,Presencial,89678.24
2243,2025-02-24 17:04:00,11809687,Tienda Online,10,1,Web,32320.56
2244,2025-01-26 00:09:00,12567397,Tienda Online,10,1,Web,146680.12
2245,2025-07-24 15:28:00,36674654,Shopping,7,4,Presencial,34182.8
2246,2024-08-17 10:35:00,17740453,Tienda Online,10,5,Web,69378.55
2247,2024-02-15 07:46:00,31231220,Norte,5,2,Presencial,205817.47999999998
2248,2024-01-01 10:18:00,37274929,Tienda Online,9,3,Web,175118.72
2249,2024-12-15 09:52:00,37317331,Shopping,7,4,Presencial,156429.39
2250,2024-11-10 15:20:00,10027242,Tienda Online,10,3,Web,148586.2
2251,2024-08-03 10:06:00,14627608,Shopping,7,3,Presencial,66269.81
2252,2025-01-24 18:02:00,34546748,Tienda Online,9,3,Web,143965.39
2253,2025-06-15 04:30:00,34041232,Tienda Online,10,4,Web,32525.33
2254,2025-03-27 15:34:00,33606133,Centro,2,5,Presencial,199519.93
2255,2025-01-01 04:12:00,41895660,Centro,2,5,Presencial,41361.66
2256,2025-10-30 05:43:00,12807087,Centro,2,2,Presencial,33144.89
2257,2025-09-23 20:07:00,11730076,Norte,4,2,Presencial,127424.41
2258,2025-07-04 13:22:00,32223091,Centro,2,2,Presencial,196183.74
2259,2024-04-29 19:45:00,23275422,Tienda Online,10,5,Web,109008.42
2260,2025-06-26 00:13:00,32223091,Tienda Online,10,2,Web,95034.68
2261,2025-03-10 18:47:00,22203066,Centro,2,4,Presencial,21871.44
2262,2024-06-21 04:10:00,30301581,Tienda Online,9,1,Web,65050.66
2263,2024-11-29 19:07:00,31293505,Tienda Online,9,4,Web,204332.06
2264,2024-03-19 08:35:00,10630650,Tienda Online,10,2,Web,116732.12
2265,2025-03-13 00:17:00,14868286,Tienda Online,9,2,Web,103418.42
2266,2025-11-02 00:07:00,16100827,Norte,6,4,Presencial,41361.66
2267,2024-05-20 22:28:00,27593354,Norte,6,1,Presencial,139850.49
2268,2024-08-23 13:35:00,26428983,Norte,6,4,Presencial,167261.37
2269,2024-08-09 13:34:00,32839753,Centro,1,1,Presencial,156405.54
2270,2024-10-01 22:39:00,33811900,Centro,1,3,Presencial,32677.97
2271,2024-04-19 19:18:00,38195354,Tienda Online,10,4,Web,75544.46
2272,2024-05-13 01:34:00,34359226,Shopping,7,5,Presencial,55254.240000000005
2273,2024-07-21 16:16:00,29081689,Shopping,7,3,Presencial,172275.2
2274,2024-03-20 14:39:00,21787005,Tienda Online,10,2,Web,33823.38
2275,2024-01-20 15:55:00,44321020,Centro,1,4,Presencial,70523.95999999999
2276,2025-08-19 14:03:00,24377188,Shopping,7,4,Presencial,196910.4
2277,2025-10-23 14:49:00,17614246,Norte,6,4,Presencial,65050.66
2278,2024-11-07 21:15:00,24580721,Centro,1,4,Presencial,111885.62
2279,2025-06-14 23:05:00,43586119,Tienda Online,9,1,Web,100172.09
2280,2025-08-18 14:17:00,31822825,Tienda Online,9,1,Web,178386.97
2281,2025-02-19 13:02:00,13463607,Norte,5,2,Presencial,67327.69
2282,2024-02-24 20:19:00,20359006,Tienda Online,10,1,Web,32677.97
2283,2024-05-31 15:55:00,18889009,Tienda Online,9,1,Web,122555.59
2284,2025-06-18 09:04:00,42614267,Tienda Online,9,5,Web,136040.6
2285,2024-11-26 21:02:00,29174891,Tienda Online,10,4,Web,172497.33000000002
2286,2024-06-16 10:16:00,26929655,Centro,2,2,Presencial,66503.36
2287,2025-10-13 01:53:00,38195354,Tienda Online,10,3,Web,21141.46
2288,2024-09-12 11:05:00,28696734,Tienda Online,9,3,Web,90892.58
2289,2024-03-03 14:46:00,24800101,Tienda Online,10,3,Web,181627.55
2290,2025-11-18 20:08:00,27593354,Tienda Online,10,2,Web,70523.95999999999
2291,2025-06-07 03:21:00,16645229,Norte,4,2,Presencial,106283.0
2292,2025-03-09 10:35:00,32828789,Norte,6,2,Presencial,32525.33
2293,2025-04-14 05:22:00,26428983,Centro,1,2,Presencial,41361.66
2294,2024-05-15 11:08:00,17687437,Centro,1,1,Presencial,130418.93
2295,2024-06-04 22:06:00,34089341,Tienda Online,10,3,Web,98348.19
2296,2024-03-30 04:29:00,44185636,Centro,1,2,Presencial,248019.81
2297,2024-08-16 23:30:00,41587472,Tienda Online,9,5,Web,163881.82
2298,2025-02-05 14:45:00,19604467,Shopping,7,2,Presencial,107651.44
2299,2024-03-17 22:54:00,16123174,Tienda Online,10,5,Web,66968.26999999999
2300,2025-03-22 02:29:00,25273674,Centro,1,1,Presencial,192830.23
2301,2025-08-30 01:17:00,21989124,Norte,6,1,Presencial,32677.97
2302,2025-09-06 05:04:00,21260138,Shopping,7,5,Presencial,169068.88
2303,2025-03-06 20:20:00,40427850,Tienda Online,10,3,Web,81263.68000000001
2304,2024-06-09 00:03:00,32808641,Shopping,7,5,Presencial,147083.38
2305,2024-01-30 18:12:00,12667017,Tienda Online,10,1,Web,207203.97
2306,2024-07-28 14:03:00,40514355,Norte,6,1,Presencial,209374.89
2307,2025-05-18 03:26:00,17358428,Norte,4,4,Presencial,113821.28
2308,2024-09-11 03:03:00,12756102,Tienda Online,10,1,Web,93321.26000000001
2309,2024-05-17 11:55:00,43172347,Centro,2,3,Presencial,131377.94
2310,2025-05-07 22:58:00,12108087,Tienda Online,9,1,Web,145263.44
2311,2024-01-25 22:27:00,35464823,Centro,2,3,Presencial,191111.64
2312,2024-11-13 12:53:00,17687437,Centro,1,4,Presencial,65417.32000000001
2313,2024-01-31 19:48:00,36803314,Centro,1,3,Presencial,251021.98
2314,2025-02-26 10:43:00,28567695,Tienda Online,9,4,Web,166282.39
2315,2024-12-01 21:34:00,43875089,Centro,2,1,Presencial,32320.56
2316,2024-10-20 01:19:00,21387796,Tienda Online,10,4,Web,21871.44
2317,2025-11-06 12:35:00,42446968,Tienda Online,10,5,Web,30094.48
2318,2024-12-10 02:22:00,42520755,Shopping,7,4,Presencial,58572.020000000004
2319,2024-10-27 09:24:00,21260138,Shopping,7,5,Presencial,73682.22
2320,2025-09-18 11:01:00,24697145,Tienda Online,10,5,Web,74557.32
2321,2024-09-07 15:45:00,14868286,Norte,4,4,Presencial,97319.09
2322,2024-02-02 23:44:00,12108087,Tienda Online,9,4,Web,95859.01
2323,2025-01-27 02:54:00,16859215,Centro,2,3,Presencial,33144.89
2324,2025-09-22 04:16:00,33160875,Tienda Online,10,3,Web,139296.54
2325,2024-04-23 19:11:00,25086706,Norte,4,1,Presencial,64641.12
2326,2025-08-24 22:49:00,28456905,Centro,1,3,Presencial,175657.62
2327,2024-10-30 22:32:00,34089341,Centro,2,5,Presencial,21871.44
2328,2024-12-28 13:18:00,32384600,Centro,1,3,Presencial,122636.78
2329,2024-10-01 00:55:00,12667017,Tienda Online,10,2,Web,100093.19
2330,2025-09-10 07:50:00,39406068,Centro,1,5,Presencial,174473.87
2331,2025-04-06 11:58:00,30132463,Tienda Online,9,1,Web,136897.68
2332,2024-10-29 13:53:00,29687578,Centro,1,1,Presencial,82723.32
2333,2024-01-22 02:05:00,17507729,Shopping,7,4,Presencial,127764.78
2334,2024-10-05 17:21:00,30090967,Centro,2,5,Presencial,169384.21000000002
2335,2025-03-31 16:35:00,12090484,Tienda Online,10,2,Web,207307.09
2336,2024-01-25 05:48:00,10190290,Norte,4,1,Presencial,97056.48
2337,2025-11-12 22:35:00,42446968,Tienda Online,10,3,Web,148188.77000000002
2338,2024-09-06 00:02:00,30279639,Shopping,7,1,Presencial,148393.54
2339,2025-10-25 15:34:00,14868286,Tienda Online,9,1,Web,175668.41999999998
2340,2025-07-27 11:54:00,28289000,Norte,5,5,Presencial,69225.91
2341,2025-02-01 18:53:00,11818787,Centro,2,1,Presencial,135290.95
2342,2025-02-03 15:01:00,38250184,Norte,6,1,Presencial,155738.47
2343,2024-12-13 00:50:00,38531078,Centro,1,5,Presencial,99933.68000000001
2344,2025-04-03 00:31:00,39176602,Tienda Online,10,3,Web,101546.47
2345,2024-04-11 18:27:00,44759556,Tienda Online,9,4,Web,100531.51000000001
2346,2024-06-26 13:17:00,21484920,Centro,2,1,Presencial,32677.97
2347,2025-03-10 02:31:00,28427922,Tienda Online,10,1,Web,62714.119999999995
2348,2024-03-24 04:45:00,44993998,Tienda Online,9,1,Web,28716.74
2349,2025-06-08 04:46:00,11735763,Norte,5,2,Presencial,132792.52000000002
2350,2024-07-20 23:00:00,31727935,Norte,5,2,Presencial,138818.48
2351,2024-09-07 21:26:00,42520755,Tienda Online,10,3,Web,32525.33
2352,2024-03-14 18:06:00,16244704,Tienda Online,9,2,Web,132254.24000000002
2353,2024-03-05 21:46:00,27753960,Tienda Online,9,2,Web,73682.22
2354,2025-03-22 20:44:00,24304543,Norte,5,4,Presencial,164646.16
2355,2025-06-30 05:05:00,34898161,Tienda Online,9,4,Web,63233.100000000006
2356,2024-09-23 20:39:00,28289000,Centro,2,5,Presencial,118927.92
2357,2025-06-16 09:30:00,20359006,Tienda Online,10,2,Web,163559.84
2358,2024-12-07 10:49:00,26058980,Shopping,7,3,Presencial,167940.76
2359,2024-12-30 19:41:00,27906335,Shopping,7,2,Presencial,152987.14
2360,2024-08-09 04:58:00,25863159,Centro,2,3,Presencial,61242.07000000001
2361,2025-08-04 16:42:00,41561757,Tienda Online,9,2,Web,220002.92
2362,2024-10-02 23:17:00,17358428,Shopping,7,1,Presencial,212781.76
2363,2025-04-19 14:42:00,10217789,Shopping,7,1,Presencial,58572.020000000004
2364,2024-09-12 01:05:00,12929120,Tienda Online,9,5,Web,101546.47
2365,2024-02-10 16:06:00,31106889,Centro,2,5,Presencial,129377.04000000001
2366,2025-04-28 04:33:00,15834366,Tienda Online,9,1,Web,161828.95
2367,2024-12-01 12:03:00,39163080,Tienda Online,9,1,Web,41361.66
2368,2024-02-03 17:31:00,20256869,Shopping,7,5,Presencial,54192.0
2369,2024-02-18 00:26:00,41996735,Norte,4,4,Presencial,54192.0
2370,2025-06-25 07:52:00,28456905,Tienda Online,9,2,Web,107135.48999999999
2371,2025-03-21 19:33:00,40298722,Shopping,7,5,Presencial,101168.21
2372,2024-09-15 02:11:00,17318490,Norte,6,1,Presencial,97575.41
2373,2024-12-05 18:51:00,27751694,Shopping,7,1,Presencial,163399.66
2374,2024-10-29 03:16:00,42789774,Centro,1,3,Presencial,193857.98
2375,2025-01-16 05:27:00,39401473,Tienda Online,9,2,Web,214196.43
2376,2024-02-28 23:52:00,29806607,Norte,4,3,Presencial,89199.13
2377,2024-03-30 03:57:00,26345631,Tienda Online,10,3,Web,87288.76000000001
2378,2025-07-05 06:02:00,31293505,Norte,6,1,Presencial,199333.89
2379,2024-11-12 04:28:00,40105945,Tienda Online,9,5,Web,86150.22
2380,2025-09-02 06:10:00,40427850,Tienda Online,10,3,Web,164493.52000000002
2381,2025-02-25 04:52:00,24800101,Shopping,7,3,Presencial,41361.66
2382,2025-08-06 12:10:00,17678198,Centro,2,5,Presencial,122898.93000000001
2383,2025-01-23 17:48:00,13597644,Shopping,7,4,Presencial,98562.21
2384,2025-08-14 17:37:00,39559360,Tienda Online,9,5,Web,128858.06
2385,2025-10-16 16:21:00,18494838,Centro,1,5,Presencial,157597.76
2386,2025-10-20 19:08:00,10934065,Shopping,7,5,Presencial,166275.47
2387,2025-09-18 22:18:00,13291303,Tienda Online,10,3,Web,141347.68
2388,2024-10-18 22:19:00,36560738,Tienda Online,10,3,Web,199926.86
2389,2025-09-17 17:36:00,12567397,Tienda Online,10,5,Web,176624.45
2390,2025-06-22 10:33:00,13291303,Tienda Online,9,2,Web,139456.95
2391,2025-02-01 03:12:00,12497263,Centro,2,2,Presencial,139099.54
2392,2024-11-25 09:38:00,11780798,Tienda Online,10,2,Web,184087.97
2393,2024-05-21 23:19:00,10630650,Centro,1,4,Presencial,66968.26999999999
2394,2024-06-08 08:57:00,13597644,Centro,2,1,Presencial,103049.29000000001
2395,2024-02-04 19:58:00,14616506,Norte,5,3,Presencial,175871.2
2396,2025-03-04 10:33:00,27715659,Norte,6,3,Presencial,33144.89
2397,2024-09-12 22:37:00,30390056,Tienda Online,9,1,Web,144584.95
2398,2024-04-15 05:15:00,41341494,Tienda Online,9,2,Web,41361.66
2399,2024-10-17 14:18:00,32199028,Centro,1,3,Presencial,107863.01000000001
2400,2025-02-21 07:14:00,37379791,Norte,6,3,Presencial,131960.0
2401,2025-02-23 06:32:00,18494838,Shopping,7,5,Presencial,34182.8
2402,2024-09-07 13:39:00,22425195,Tienda Online,9,4,Web,173687.26
2403,2025-11-23 00:47:00,31293505,Shopping,7,1,Presencial,147359.02000000002
2404,2025-09-05 16:14:00,37388193,Tienda Online,10,2,Web,57433.48
2405,2024-08-24 20:04:00,35314138,Tienda Online,9,1,Web,162619.2
2406,2025-03-03 01:26:00,34929174,Tienda Online,9,1,Web,69845.47
2407,2024-02-25 10:46:00,19938405,Norte,5,5,Presencial,193982.46
2408,2025-11-07 17:41:00,26819279,Tienda Online,9,1,Web,130187.67
2409,2025-03-02 23:38:00,36562073,Tienda Online,10,1,Web,127789.23999999999
2410,2025-07-03 08:54:00,38153498,Shopping,7,4,Presencial,115806.53
2411,2024-05-30 13:41:00,44533969,Tienda Online,10,1,Web,109582.8
2412,2025-02-11 18:31:00,20267062,Tienda Online,9,1,Web,176857.38
2413,2025-04-22 19:53:00,26365398,Tienda Online,9,2,Web,107598.78
2414,2025-09-23 18:59:00,12462702,Shopping,7,3,Presencial,18665.88
2415,2025-05-12 03:30:00,31625779,Norte,5,2,Presencial,57433.48
2416,2025-04-27 09:44:00,35464823,Norte,5,3,Presencial,198812.98
2417,2025-05-23 18:57:00,22660246,Centro,2,3,Presencial,94772.53
2418,2024-06-28 01:07:00,19283286,Tienda Online,9,1,Web,175152.40000000002
2419,2024-12-07 21:50:00,31084522,Shopping,7,5,Presencial,107505.6
2420,2025-11-27 21:00:00,27785377,Tienda Online,9,3,Web,33823.38
2421,2024-12-23 07:12:00,38120042,Shopping,7,3,Presencial,21871.44
2422,2025-09-19 07:50:00,25691522,Tienda Online,10,4,Web,145362.03
2423,2025-06-17 10:10:00,21664429,Centro,1,4,Presencial,110012.69
2424,2024-02-16 23:00:00,35444008,Norte,4,4,Presencial,182895.41
2425,2024-04-21 03:19:00,16667575,Centro,1,1,Presencial,36700.58
2426,2025-11-24 14:28:00,24580721,Tienda Online,10,5,Web,142545.78
2427,2024-06-08 05:02:00,11392203,Norte,5,4,Presencial,158584.55
2428,2025-08-11 17:38:00,32012128,Tienda Online,9,4,Web,241711.13
2429,2024-11-08 13:11:00,19364231,Centro,1,3,Presencial,36700.58
2430,2024-09-15 23:17:00,12701677,Norte,4,2,Presencial,124715.96
2431,2024-07-04 14:27:00,11947822,Tienda Online,10,4,Web,174192.81
2432,2024-03-11 08:02:00,38701583,Shopping,7,1,Presencial,235581.67
2433,2025-11-10 02:11:00,39401473,Norte,4,5,Presencial,160806.07
2434,2024-05-19 04:30:00,26058980,Tienda Online,9,2,Web,130439.28
2435,2024-09-11 01:48:00,15376189,Tienda Online,9,4,Web,140388.34
2436,2024-03-05 03:35:00,41895660,Shopping,7,1,Presencial,197895.56
2437,2025-03-02 02:38:00,28731761,Shopping,7,3,Presencial,181765.86
2438,2025-03-19 19:56:00,15354748,Tienda Online,10,3,Web,177218.5
2439,2024-02-15 08:16:00,36803314,Tienda Online,9,2,Web,199079.58000000002
2440,2024-07-31 14:45:00,24867952,Norte,4,4,Presencial,144352.02000000002
2441,2025-04-27 04:54:00,43172347,Tienda Online,9,4,Web,69021.14
2442,2024-10-02 14:56:00,24429953,Tienda Online,9,1,Web,118927.92
2443,2025-10-13 12:34:00,41780144,Norte,4,2,Presencial,73886.99
2444,2024-02-07 01:54:00,16951572,Shopping,7,3,Presencial,151929.88
2445,2025-04-03 00:46:00,40890427,Tienda Online,9,2,Web,75185.04000000001
2446,2025-12-01 07:36:00,13659179,Tienda Online,10,4,Web,33823.38
2447,2025-03-01 16:16:00,25333944,Centro,1,5,Presencial,176418.51
2448,2025-11-18 14:43:00,30238871,Shopping,7,2,Presencial,210202.19
2449,2025-08-30 23:07:00,21787005,Tienda Online,10,3,Web,100890.93000000001
2450,2024-03-01 02:54:00,18439645,Centro,2,1,Presencial,21871.44
2451,2025-05-31 17:01:00,35821297,Centro,2,4,Presencial,103608.86
2452,2024-03-18 01:18:00,15745388,Tienda Online,10,1,Web,55016.33
2453,2025-02-17 15:38:00,32833825,Tienda Online,10,2,Web,178029.56
2454,2025-11-06 21:11:00,39672841,Tienda Online,10,4,Web,100093.19
2455,2025-10-06 13:12:00,38396306,Tienda Online,9,5,Web,119605.95999999999
2456,2025-01-10 04:53:00,30075901,Tienda Online,9,1,Web,41361.66
2457,2024-04-08 02:17:00,16659452,Norte,6,2,Presencial,82908.74
2458,2025-11-11 04:37:00,12701677,Tienda Online,10,4,Web,95183.54999999999
2459,2024-06-21 09:42:00,17829989,Shopping,7,3,Presencial,184598.14
2460,2024-03-31 18:49:00,16667575,Shopping,7,1,Presencial,94986.55
2461,2025-05-04 20:44:00,11433274,Shopping,7,3,Presencial,68006.18
2462,2025-08-31 02:58:00,17245195,Norte,5,1,Presencial,62540.119999999995
2463,2024-03-11 06:53:00,15376189,Tienda Online,10,5,Web,78062.24
2464,2025-05-20 08:09:00,12677299,Centro,2,2,Presencial,23201.42
2465,2025-05-29 02:51:00,38133707,Shopping,7,1,Presencial,205465.23
2466,2025-11-24 14:04:00,37668609,Centro,2,3,Presencial,198328.54
2467,2025-05-15 01:50:00,20905308,Tienda Online,9,1,Web,32525.33
2468,2025-07-15 19:13:00,41410296,Shopping,7,5,Presencial,98823.92000000001
2469,2024-09-11 09:17:00,36952077,Norte,4,3,Presencial,143885.1
2470,2025-04-09 11:50:00,18472243,Shopping,7,2,Presencial,55016.33
2471,2024-07-19 22:36:00,26297346,Tienda Online,9,5,Web,33823.38
2472,2025-03-26 01:03:00,17245195,Tienda Online,10,2,Web,66860.77
2473,2024-10-14 13:44:00,11433274,Tienda Online,10,5,Web,119295.11
2474,2024-01-30 16:49:00,21989124,Centro,2,3,Presencial,145799.4
2475,2024-02-01 13:51:00,22755970,Tienda Online,10,5,Web,97942.65000000001
2476,2024-06-24 08:18:00,41561757,Centro,1,3,Presencial,99967.31999999999
2477,2024-05-24 23:24:00,29044583,Tienda Online,10,5,Web,168928.09999999998
2478,2024-06-18 08:01:00,32205074,Centro,1,4,Presencial,73886.99
2479,2024-09-03 18:09:00,28669062,Centro,1,1,Presencial,108329.93
2480,2025-03-17 16:22:00,24867952,Centro,1,3,Presencial,32320.56
2481,2025-04-13 11:21:00,32159349,Norte,6,2,Presencial,32320.56
2482,2024-01-05 17:30:00,39176602,Tienda Online,10,1,Web,106827.11
2483,2024-08-07 23:59:00,19888757,Shopping,7,1,Presencial,32320.56
2484,2024-02-01 06:46:00,17829989,Shopping,7,4,Presencial,133936.53999999998
2485,2024-12-25 08:48:00,32770212,Centro,1,4,Presencial,219806.94
2486,2024-10-24 23:05:00,32384600,Norte,5,3,Presencial,113821.28
2487,2024-03-29 03:09:00,25145607,Tienda Online,9,4,Web,80443.45999999999
2488,2025-01-20 20:02:00,25047294,Tienda Online,9,3,Web,133078.57
2489,2024-02-26 19:49:00,17740453,Shopping,7,4,Presencial,108069.79000000001
2490,2025-01-04 01:07:00,26127866,Norte,5,1,Presencial,100472.58
2491,2024-09-14 19:10:00,32384600,Tienda Online,10,2,Web,182769.0
2492,2025-08-13 11:26:00,30279639,Centro,1,1,Presencial,109008.42
2493,2024-03-27 23:46:00,26594901,Tienda Online,9,3,Web,167654.43
2494,2024-03-09 22:07:00,11947822,Norte,5,2,Presencial,92109.35
2495,2025-02-23 07:15:00,30549138,Tienda Online,10,2,Web,122850.80000000002
2496,2024-02-17 01:48:00,35821297,Shopping,7,4,Presencial,62540.119999999995
2497,2024-12-11 15:18:00,39924755,Tienda Online,9,1,Web,33823.38
2498,2025-08-02 10:17:00,40450329,Norte,4,3,Presencial,66968.26999999999
2499,2025-07-08 06:53:00,30643479,Shopping,7,2,Presencial,103251.45000000001
2500,2024-10-07 21:45:00,38763716,Centro,1,4,Presencial,193081.84
2501,2025-08-31 09:28:00,19370432,Shopping,7,1,Presencial,41361.66
2502,2024-11-03 13:41:00,27748007,Shopping,7,3,Presencial,29569.23
2503,2024-09-03 02:03:00,19674106,Norte,4,5,Presencial,94134.06
2504,2025-07-13 22:14:00,36674654,Tienda Online,9,3,Web,107224.54000000001
2505,2025-05-22 15:38:00,19364231,Shopping,7,1,Presencial,66501.35
2506,2025-07-22 01:03:00,37138900,Tienda Online,10,2,Web,149249.91
2507,2025-07-08 14:41:00,30196404,Centro,1,2,Presencial,104266.74
2508,2024-01-10 20:15:00,21787005,Centro,1,1,Presencial,164465.36000000002
2509,2025-08-16 07:40:00,16504916,Shopping,7,1,Presencial,163155.2
2510,2025-03-26 13:58:00,27808512,Tienda Online,10,2,Web,36700.58
2511,2024-10-02 11:36:00,44759556,Norte,6,3,Presencial,143060.77000000002
2512,2025-08-23 09:15:00,30238871,Centro,2,4,Presencial,66143.94
2513,2024-03-03 06:20:00,35526938,Centro,2,2,Presencial,73682.22
2514,2024-09-18 11:47:00,13635366,Tienda Online,9,3,Web,62899.54000000001
2515,2025-04-17 08:48:00,29285678,Tienda Online,9,1,Web,92382.11
2516,2025-07-25 06:49:00,24627352,Centro,2,5,Presencial,76887.77
2517,2025-05-19 14:49:00,36560738,Tienda Online,9,2,Web,102117.90000000001
2518,2025-06-16 07:52:00,26929655,Tienda Online,9,2,Web,109890.86
2519,2024-05-25 22:21:00,13836296,Tienda Online,9,3,Web,55016.33
2520,2025-11-30 04:13:00,23275422,Tienda Online,9,5,Web,145764.45
2521,2025-11-24 03:52:00,20226206,Norte,5,4,Presencial,32525.33
2522,2024-12-31 10:29:00,37668609,Norte,5,2,Presencial,173175.82
2523,2025-04-06 06:45:00,43586119,Shopping,7,5,Presencial,193834.81
2524,2025-11-24 07:12:00,19283286,Centro,2,3,Presencial,176857.38
2525,2025-10-26 17:53:00,39924755,Norte,4,1,Presencial,98947.78
2526,2025-06-28 14:37:00,39406068,Norte,5,2,Presencial,174366.37
2527,2024-04-15 11:06:00,29841084,Tienda Online,9,5,Web,146951.68
2528,2025-09-02 09:51:00,15834366,Norte,6,2,Presencial,102280.46
2529,2024-04-03 00:32:00,39677512,Tienda Online,10,2,Web,63233.100000000006
2530,2024-06-20 11:58:00,35314138,Tienda Online,10,4,Web,50588.18
2531,2024-07-28 09:43:00,23902095,Shopping,7,5,Presencial,174723.78
2532,2025-03-17 13:31:00,44107468,Tienda Online,9,1,Web,82723.32
2533,2025-08-07 21:26:00,22588451,Tienda Online,10,2,Web,178408.33000000002
2534,2024-07-21 16:55:00,17687437,Shopping,7,4,Presencial,170219.72
2535,2024-09-18 16:51:00,22083413,Tienda Online,9,2,Web,209302.42
2536,2024-01-31 22:30:00,39163080,Centro,2,4,Presencial,185286.78
2537,2025-07-06 17:09:00,16709628,Norte,6,4,Presencial,32525.33
2538,2025-09-25 07:18:00,12756102,Shopping,7,1,Presencial,32320.56
2539,2025-08-07 22:00:00,17656258,Shopping,7,4,Presencial,80443.45999999999
2540,2024-12-03 06:02:00,44068679,Tienda Online,10,2,Web,139248.98
2541,2024-11-13 14:19:00,41535292,Centro,1,3,Presencial,182138.02000000002
2542,2024-03-24 14:32:00,19283286,Norte,4,2,Presencial,57433.48
2543,2024-11-16 11:59:00,30549138,Tienda Online,9,4,Web,152387.55
2544,2025-07-10 14:11:00,28349234,Centro,1,4,Presencial,102166.03
2545,2024-04-18 01:03:00,43502842,Tienda Online,10,2,Web,226570.89
2546,2024-04-02 20:24:00,37271524,Shopping,7,5,Presencial,70078.40000000001
2547,2024-12-30 11:28:00,34359226,Shopping,7,5,Presencial,176563.07
2548,2024-11-14 20:49:00,44993998,Centro,2,2,Presencial,198442.77000000002
2549,2024-05-23 02:32:00,27785377,Norte,4,2,Presencial,66527.69
2550,2024-08-06 16:18:00,24855701,Tienda Online,10,1,Web,148140.64
2551,2025-02-13 03:37:00,31117675,Tienda Online,9,2,Web,32525.33
2552,2024-03-01 13:15:00,36891021,Tienda Online,10,3,Web,98590.37
2553,2025-10-20 02:09:00,37274929,Tienda Online,9,1,Web,48401.04
2554,2025-08-20 17:20:00,35501998,Centro,2,4,Presencial,131135.66999999998
2555,2025-11-04 23:28:00,38747961,Tienda Online,9,5,Web,29569.23
2556,2025-08-07 13:48:00,10934065,Norte,6,5,Presencial,41361.66
2557,2024-03-07 04:48:00,39548449,Tienda Online,10,1,Web,36700.58
2558,2024-10-07 03:31:00,17318490,Tienda Online,10,5,Web,111207.13
2559,2025-09-17 17:03:00,28514090,Shopping,7,1,Presencial,94764.46
2560,2024-12-06 17:07:00,29674861,Tienda Online,10,4,Web,95065.45
2561,2025-07-13 11:53:00,23027010,Centro,1,1,Presencial,33823.38
2562,2024-01-17 09:54:00,40232791,Shopping,7,3,Presencial,112968.79000000001
2563,2025-02-03 20:38:00,17358428,Tienda Online,9,5,Web,32677.97
2564,2024-10-19 16:54:00,35059825,Tienda Online,10,5,Web,73401.16
2565,2025-11-19 12:48:00,20369856,Centro,2,5,Presencial,156405.54
2566,2024-11-11 20:22:00,15815848,Norte,5,2,Presencial,199974.95
2567,2025-05-17 23:20:00,37271524,Norte,6,1,Presencial,54192.0
2568,2024-10-07 06:07:00,31822825,Norte,5,2,Presencial,138530.14
2569,2024-03-05 15:26:00,22313673,Centro,1,1,Presencial,62899.54000000001
2570,2024-12-04 06:47:00,32049663,Centro,1,1,Presencial,138937.65000000002
2571,2025-11-10 05:05:00,14616506,Shopping,7,2,Presencial,26670.77
2572,2024-09-21 07:43:00,27929653,Tienda Online,10,1,Web,33823.38
2573,2025-07-05 16:34:00,34306027,Centro,1,2,Presencial,95109.11
2574,2025-11-28 17:38:00,19283286,Centro,2,5,Presencial,185713.68
2575,2024-12-21 04:21:00,29174891,Tienda Online,10,2,Web,238979.77
2576,2024-07-09 04:22:00,30643479,Centro,2,3,Presencial,137851.65
2577,2025-01-09 07:51:00,34764543,Norte,4,5,Presencial,33823.38
2578,2025-04-29 14:51:00,19888757,Tienda Online,9,4,Web,195882.11
2579,2025-07-22 12:17:00,29955030,Shopping,7,2,Presencial,131347.24
2580,2024-09-26 07:30:00,28456905,Norte,4,1,Presencial,95917.94
2581,2024-11-09 12:01:00,17614246,Centro,2,4,Presencial,32525.33
2582,2025-05-05 03:18:00,26783807,Tienda Online,10,1,Web,55694.81999999999
2583,2025-04-06 05:37:00,41535292,Tienda Online,10,4,Web,26795.94
2584,2025-10-10 10:19:00,31231220,Shopping,7,3,Presencial,98967.75
2585,2024-04-04 16:15:00,34306027,Shopping,7,4,Presencial,41361.66
2586,2024-06-06 17:02:00,38778283,Norte,4,3,Presencial,188701.54
2587,2024-08-22 20:33:00,44185636,Norte,4,3,Presencial,163436.26
2588,2025-06-21 07:27:00,19604467,Norte,6,4,Presencial,138084.58000000002
2589,2024-12-27 13:43:00,11780798,Tienda Online,10,1,Web,112477.97
2590,2025-10-22 18:23:00,18439645,Centro,1,1,Presencial,162521.93
2591,2024-07-21 00:22:00,28514090,Tienda Online,10,3,Web,186625.1
2592,2024-08-25 03:13:00,26764226,Norte,4,2,Presencial,100093.19
2593,2025-06-17 22:27:00,41587472,Centro,1,4,Presencial,54192.0
2594,2025-04-30 00:38:00,17254174,Tienda Online,9,5,Web,129215.47
2595,2025-01-16 19:32:00,31727935,Shopping,7,3,Presencial,131968.19
2596,2025-08-13 16:56:00,26687044,Norte,5,4,Presencial,132092.66999999998
2597,2024-11-12 03:02:00,21260138,Tienda Online,9,3,Web,242365.75
2598,2025-05-18 04:26:00,42590824,Tienda Online,9,2,Web,140747.76
2599,2024-11-11 17:56:00,17678198,Centro,2,1,Presencial,166316.03
2600,2024-01-03 17:54:00,12090484,Norte,6,4,Presencial,154823.47
2601,2024-12-16 16:25:00,38133707,Tienda Online,9,5,Web,136348.21000000002
2602,2024-02-07 19:56:00,32132749,Centro,2,4,Presencial,109565.73999999999
2603,2025-08-02 14:58:00,24377188,Tienda Online,10,3,Web,28716.74
2604,2025-10-23 12:25:00,10027242,Tienda Online,9,4,Web,135522.49
2605,2025-04-22 23:04:00,30238871,Tienda Online,9,2,Web,123846.89000000001
2606,2025-11-20 20:38:00,12701677,Tienda Online,10,2,Web,184072.29
2607,2025-05-16 13:30:00,18818897,Tienda Online,10,4,Web,182216.92
2608,2025-08-20 21:36:00,27715659,Tienda Online,10,4,Web,137120.09000000003
2609,2024-11-23 22:06:00,34268915,Norte,4,2,Presencial,131087.54
2610,2025-02-11 10:44:00,17829989,Tienda Online,10,2,Web,101151.07
2611,2024-02-03 16:27:00,26365398,Shopping,7,1,Presencial,70078.40000000001
2612,2024-07-10 20:43:00,34359226,Norte,6,2,Presencial,172034.45
2613,2024-03-30 12:00:00,17471301,Shopping,7,4,Presencial,33823.38
2614,2024-05-24 13:54:00,30196404,Shopping,7,5,Presencial,191731.74
2615,2024-05-19 16:34:00,21048610,Tienda Online,10,5,Web,33823.38
2616,2025-08-12 09:40:00,34089341,Centro,2,1,Presencial,66708.13
2617,2025-06-30 03:45:00,31106889,Norte,6,5,Presencial,161621.31
2618,2024-01-23 14:34:00,20736210,Norte,6,3,Presencial,92395.4
2619,2024-01-24 11:44:00,16123174,Centro,1,2,Presencial,28716.74
2620,2025-06-24 16:03:00,44321020,Tienda Online,9,4,Web,158561.16
2621,2025-02-12 03:14:00,18293899,Centro,2,2,Presencial,171343.81
2622,2024-07-31 08:28:00,30238871,Tienda Online,10,4,Web,67646.76
2623,2025-06-01 00:23:00,30873468,Centro,1,5,Presencial,99648.25
2624,2025-04-10 18:00:00,29911725,Tienda Online,10,5,Web,117144.04000000001
2625,2025-11-06 09:43:00,22588451,Tienda Online,10,1,Web,155528.83
2626,2025-03-14 16:48:00,41740898,Shopping,7,5,Presencial,82427.05
2627,2025-10-02 01:08:00,40514355,Shopping,7,3,Presencial,62370.020000000004
2628,2024-05-13 20:43:00,44993998,Tienda Online,10,5,Web,164024.75
2629,2024-01-31 15:01:00,30390056,Norte,6,5,Presencial,33144.89
2630,2025-04-19 07:06:00,18723624,Centro,1,2,Presencial,60707.87
2631,2025-11-11 18:08:00,35059825,Tienda Online,10,1,Web,198404.85
2632,2025-05-12 20:28:00,11947822,Shopping,7,2,Presencial,94134.06
2633,2025-01-18 02:53:00,28540070,Shopping,7,2,Presencial,150262.58
2634,2025-01-08 22:04:00,41561757,Tienda Online,9,4,Web,104347.34
2635,2025-03-09 21:10:00,12567397,Shopping,7,3,Presencial,123751.42
2636,2025-06-06 19:31:00,23499019,Shopping,7,3,Presencial,43742.88
2637,2024-01-28 15:08:00,31727935,Norte,6,4,Presencial,140176.77000000002
2638,2025-06-04 17:26:00,38751707,Shopping,7,1,Presencial,75185.04000000001
2639,2025-04-07 21:25:00,26297346,Shopping,7,4,Presencial,97580.64
2640,2025-05-09 20:20:00,13495405,Norte,4,5,Presencial,128443.27
2641,2025-08-05 23:29:00,22660246,Norte,5,4,Presencial,41361.66
2642,2024-07-21 23:08:00,22924113,Tienda Online,10,3,Web,32320.56
2643,2025-08-23 07:32:00,14695862,Tienda Online,10,1,Web,144584.95
2644,2024-06-05 16:45:00,25442738,Centro,2,4,Presencial,87336.89
2645,2025-05-23 21:44:00,29812600,Norte,6,1,Presencial,153654.21000000002
2646,2024-05-05 14:28:00,32199028,Shopping,7,2,Presencial,174831.28
2647,2024-02-22 10:01:00,29142751,Norte,6,1,Presencial,120175.76000000001
2648,2025-02-04 18:58:00,14887419,Tienda Online,9,1,Web,28716.74
2649,2024-02-06 17:52:00,10949480,Tienda Online,10,5,Web,32677.97
2650,2025-01-15 18:50:00,21048610,Centro,1,5,Presencial,63233.100000000006
2651,2024-02-03 20:51:00,17614246,Tienda Online,9,2,Web,66269.81
2652,2024-07-08 00:04:00,22179530,Shopping,7,2,Presencial,205029.46000000002
2653,2025-02-26 15:27:00,38195354,Norte,4,4,Presencial,36700.58
2654,2025-06-08 23:52:00,41410296,Shopping,7,2,Presencial,141688.40000000002
2655,2025-10-25 19:04:00,36913358,Tienda Online,10,2,Web,120433.65000000001
2656,2025-03-30 10:19:00,32384600,Norte,6,5,Presencial,175298.2
2657,2024-05-27 06:41:00,15448398,Centro,1,3,Presencial,157748.8
2658,2024-05-22 19:40:00,30096828,Shopping,7,2,Presencial,91149.84
2659,2025-01-31 23:03:00,29586497,Norte,6,1,Presencial,138818.48
2660,2024-02-22 09:03:00,38902901,Norte,5,3,Presencial,90578.37
2661,2025-01-15 15:42:00,12756102,Centro,2,4,Presencial,108329.93
2662,2025-05-05 22:14:00,20254587,Tienda Online,10,3,Web,115043.88
2663,2025-01-11 14:01:00,27675739,Tienda Online,10,3,Web,55694.81999999999
2664,2024-10-25 05:09:00,20736210,Norte,6,5,Presencial,41361.66
2665,2024-09-12 11:07:00,16100827,Shopping,7,5,Presencial,33144.89
2666,2025-01-18 21:24:00,32828789,Shopping,7,2,Presencial,36700.58
2667,2024-09-26 06:24:00,11433274,Tienda Online,10,2,Web,128650.42000000001
2668,2024-10-12 04:23:00,13836296,Centro,1,2,Presencial,33144.89
2669,2025-09-22 02:38:00,22660246,Norte,4,4,Presencial,105926.49
2670,2024-10-29 19:48:00,26819279,Shopping,7,4,Presencial,93562.63
2671,2024-04-07 03:51:00,10630650,Shopping,7,3,Presencial,67646.76
2672,2024-01-07 21:25:00,27196223,Tienda Online,10,4,Web,21871.44
2673,2024-03-19 00:22:00,13597644,Tienda Online,9,2,Web,41361.66
2674,2025-04-11 09:48:00,39263324,Tienda Online,9,2,Web,110753.22
2675,2024-07-02 14:07:00,20254587,Centro,2,4,Presencial,104594.76000000001
2676,2024-12-13 17:24:00,24449461,Tienda Online,10,4,Web,127181.24
2677,2025-10-06 16:08:00,35909306,Shopping,7,1,Presencial,34182.8
2678,2025-03-23 18:46:00,17686170,Centro,1,1,Presencial,122130.22
2679,2024-07-11 19:36:00,29302634,Tienda Online,9,2,Web,32525.33
2680,2024-10-06 18:04:00,20002863,Tienda Online,9,5,Web,128391.14
2681,2025-06-24 07:45:00,35403012,Norte,5,2,Presencial,103223.29000000001
2682,2024-04-23 19:34:00,16859215,Tienda Online,10,2,Web,33144.89
2683,2024-03-07 11:01:00,20332827,Centro,1,3,Presencial,32677.97
2684,2024-07-13 09:42:00,10372106,Tienda Online,9,3,Web,113487.72
2685,2025-04-21 23:54:00,32012128,Shopping,7,1,Presencial,41361.66
2686,2025-04-06 15:19:00,35403012,Norte,4,2,Presencial,107505.6
2687,2024-08-17 07:14:00,25636276,Tienda Online,9,5,Web,147288.15000000002
2688,2025-01-18 01:15:00,22874170,Shopping,7,5,Presencial,145127.78
2689,2025-01-22 20:42:00,35501998,Shopping,7,5,Presencial,140156.8
2690,2024-09-20 10:14:00,16778091,Shopping,7,4,Presencial,110032.66
2691,2025-01-12 15:56:00,32833825,Tienda Online,10,4,Web,109727.26000000001
2692,2025-10-25 10:56:00,20254587,Tienda Online,9,2,Web,132173.58000000002
2693,2024-03-07 04:08:00,26871415,Centro,2,4,Presencial,32525.33
2694,2024-08-13 14:52:00,18818897,Centro,1,1,Presencial,179982.2
2695,2025-11-13 05:44:00,43172347,Shopping,7,1,Presencial,129026.3
2696,2025-03-13 22:06:00,11735763,Tienda Online,10,5,Web,206893.71000000002
2697,2024-06-01 01:15:00,22874170,Tienda Online,10,1,Web,116877.95999999999
2698,2025-06-27 22:52:00,16659452,Centro,1,2,Presencial,98610.34
2699,2025-03-02 21:48:00,12701677,Centro,2,2,Presencial,36700.58
2700,2025-04-05 09:37:00,30238871,Tienda Online,10,4,Web,143489.43
2701,2025-09-18 06:49:00,13753932,Tienda Online,10,4,Web,148759.76
2702,2025-07-24 07:23:00,25293994,Tienda Online,9,3,Web,150701.34
2703,2024-05-19 20:25:00,32132749,Tienda Online,10,3,Web,99133.68000000001
2704,2025-04-07 07:52:00,23027010,Tienda Online,9,2,Web,167939.86000000002
2705,2025-10-25 01:53:00,22960720,Tienda Online,10,3,Web,120014.86
2706,2024-08-04 10:18:00,29368328,Centro,2,3,Presencial,28716.74
2707,2024-12-26 01:04:00,36669833,Norte,4,5,Presencial,32525.33
2708,2024-02-05 06:25:00,19888757,Tienda Online,10,5,Web,128283.76000000001
2709,2025-02-20 18:17:00,30831897,Tienda Online,10,4,Web,133617.47
2710,2025-10-20 09:18:00,26852461,Shopping,7,1,Presencial,33823.38
2711,2025-08-30 16:10:00,24135116,Norte,5,5,Presencial,98823.92000000001
2712,2025-06-21 02:25:00,38747961,Tienda Online,10,5,Web,183300.09
2713,2024-11-24 07:10:00,43172347,Tienda Online,9,3,Web,32677.97
2714,2025-05-26 01:16:00,19446043,Norte,6,2,Presencial,32525.33
2715,2025-02-25 09:46:00,31925749,Norte,6,2,Presencial,109886.81999999999
2716,2024-08-24 11:39:00,20332827,Tienda Online,9,3,Web,62540.119999999995
2717,2024-03-26 15:10:00,39406068,Norte,6,3,Presencial,33144.89
2718,2024-12-14 08:50:00,25047294,Tienda Online,9,1,Web,169703.28
2719,2025-08-14 12:12:00,21989124,Centro,2,4,Presencial,133568.90000000002
2720,2024-06-18 09:56:00,25086706,Norte,4,1,Presencial,135727.26
2721,2024-12-09 09:12:00,26069372,Centro,1,2,Presencial,175716.55
2722,2024-03-09 11:13:00,34070194,Tienda Online,10,4,Web,168454.75
2723,2024-06-30 10:22:00,36891021,Shopping,7,2,Presencial,32525.33
2724,2025-08-07 19:53:00,24234180,Centro,1,5,Presencial,33823.38
2725,2024-03-27 07:23:00,17157379,Tienda Online,10,5,Web,158851.47
2726,2024-02-01 03:41:00,41366021,Tienda Online,9,3,Web,65050.66
2727,2025-10-24 10:19:00,26058980,Shopping,7,3,Presencial,158505.7
2728,2025-09-06 04:15:00,39406068,Shopping,7,4,Presencial,190476.27
2729,2024-05-20 07:25:00,39176602,Shopping,7,3,Presencial,91256.86
2730,2024-05-31 08:35:00,44759556,Tienda Online,10,2,Web,32525.33
2731,2024-01-11 04:45:00,25273674,Tienda Online,10,2,Web,63233.100000000006
2732,2025-04-03 16:10:00,23048327,Centro,2,1,Presencial,172340.97
2733,2024-02-23 00:41:00,18889009,Tienda Online,10,2,Web,34182.8
2734,2025-09-04 16:49:00,38870188,Norte,4,2,Presencial,103201.93
2735,2024-07-01 16:34:00,34552283,Tienda Online,9,4,Web,146427.22
2736,2025-01-25 22:07:00,42590824,Tienda Online,10,2,Web,188692.73
2737,2025-04-12 22:12:00,36560738,Shopping,7,1,Presencial,130700.26000000001
2738,2025-11-02 00:06:00,23309686,Shopping,7,4,Presencial,191943.03
2739,2024-03-15 20:51:00,16744926,Shopping,7,3,Presencial,108329.93
2740,2024-07-12 01:10:00,12929120,Tienda Online,10,3,Web,95911.07
2741,2024-04-11 00:53:00,30390056,Norte,4,4,Presencial,88161.22
2742,2024-12-30 20:39:00,24672546,Tienda Online,10,3,Web,36700.58
2743,2024-05-25 04:48:00,16709628,Shopping,7,3,Presencial,187247.38
2744,2025-10-31 19:27:00,18472243,Norte,5,2,Presencial,163251.46
2745,2024-06-14 15:03:00,20207615,Tienda Online,10,3,Web,66289.78
2746,2024-03-30 10:26:00,38778283,Centro,2,2,Presencial,163326.29
2747,2025-11-20 00:53:00,16490526,Tienda Online,9,2,Web,154219.43
2748,2025-04-03 01:33:00,38396306,Norte,4,5,Presencial,121049.38
2749,2024-10-13 06:24:00,41453788,Tienda Online,10,3,Web,62540.119999999995
2750,2024-02-14 14:02:00,30196404,Tienda Online,9,1,Web,107865.02
2751,2024-08-28 11:28:00,31625779,Tienda Online,10,3,Web,192231.90000000002
2752,2025-03-09 23:38:00,35442729,Tienda Online,10,2,Web,154144.98
2753,2025-04-09 16:45:00,25519695,Tienda Online,10,4,Web,21871.44
2754,2024-03-19 04:23:00,37652324,Tienda Online,9,2,Web,155109.52
2755,2025-01-04 03:59:00,39559360,Shopping,7,3,Presencial,160942.82
2756,2024-02-01 17:01:00,31822825,Tienda Online,10,5,Web,33823.38
2757,2024-04-19 11:52:00,30279639,Tienda Online,10,4,Web,163352.2
2758,2025-01-05 09:31:00,25442983,Tienda Online,9,3,Web,159596.6
2759,2025-04-12 00:17:00,35059825,Tienda Online,9,1,Web,85104.54000000001
2760,2024-12-10 07:28:00,17019579,Centro,1,3,Presencial,197357.35
2761,2024-06-17 21:59:00,41690133,Tienda Online,9,2,Web,33144.89
2762,2024-05-23 23:10:00,39251746,Tienda Online,9,1,Web,198121.02000000002
2763,2025-07-19 14:35:00,26591977,Norte,6,4,Presencial,130785.06
2764,2025-05-24 02:01:00,18792148,Norte,6,3,Presencial,32320.56
2765,2025-05-29 15:48:00,26929655,Centro,1,1,Presencial,123022.51
2766,2024-05-17 10:30:00,31925749,Tienda Online,10,4,Web,99493.6
2767,2024-04-13 15:50:00,24800101,Shopping,7,5,Presencial,107865.02
2768,2025-06-24 04:08:00,10217789,Shopping,7,2,Presencial,107863.01000000001
2769,2025-01-15 03:18:00,42896879,Norte,5,1,Presencial,33144.89
2770,2024-01-23 08:23:00,28567695,Tienda Online,10,2,Web,95553.66
2771,2025-04-25 10:06:00,27751694,Centro,1,3,Presencial,32525.33
2772,2024-03-15 11:29:00,20431932,Tienda Online,9,1,Web,167780.30000000002
2773,2024-02-03 12:18:00,24855701,Shopping,7,2,Presencial,115043.88
2774,2024-09-07 12:28:00,17157379,Shopping,7,2,Presencial,130106.57
2775,2024-11-16 22:48:00,36674654,Shopping,7,5,Presencial,102990.36
2776,2024-12-03 10:44:00,41996735,Tienda Online,10,4,Web,166392.36000000002
2777,2025-11-03 10:36:00,17678198,Centro,2,1,Presencial,68540.47
2778,2025-11-16 21:27:00,31050528,Centro,1,2,Presencial,27178.81
2779,2025-11-12 17:21:00,38330675,Tienda Online,10,5,Web,109008.42
2780,2024-10-14 23:56:00,12701677,Norte,6,4,Presencial,96896.92
2781,2024-10-16 01:48:00,20915531,Shopping,7,4,Presencial,160326.13
2782,2024-07-31 16:57:00,40514355,Shopping,7,5,Presencial,99028.69
2783,2024-09-17 00:49:00,41561757,Tienda Online,10,2,Web,103223.29000000001
2784,2025-08-10 20:58:00,19446043,Shopping,7,2,Presencial,131968.81
2785,2025-05-03 10:07:00,42659965,Tienda Online,9,1,Web,64845.89
2786,2025-11-27 23:38:00,29285678,Shopping,7,5,Presencial,97319.09
2787,2024-09-27 19:27:00,28427922,Norte,5,3,Presencial,97737.88
2788,2024-07-16 03:43:00,35186423,Tienda Online,9,3,Web,182876.06
2789,2024-06-14 07:16:00,25145607,Shopping,7,2,Presencial,191053.25
2790,2024-02-11 09:29:00,28981002,Norte,4,4,Presencial,32320.56
2791,2024-08-24 17:13:00,36803314,Tienda Online,10,1,Web,32320.56
2792,2024-05-14 18:09:00,19706758,Norte,5,5,Presencial,118470.78
2793,2025-03-06 16:44:00,24627352,Shopping,7,3,Presencial,87288.76000000001
2794,2025-03-27 17:45:00,29790252,Tienda Online,9,2,Web,39773.86
2795,2024-05-21 12:56:00,17471301,Centro,2,4,Presencial,80157.41
2796,2024-12-17 07:23:00,41156466,Norte,6,4,Presencial,106002.78
2797,2025-07-27 19:22:00,40450329,Norte,4,2,Presencial,28716.74
2798,2025-01-05 01:45:00,26594901,Centro,1,5,Presencial,143710.2
2799,2024-11-14 17:39:00,23222803,Tienda Online,9,1,Web,159832.44
2800,2024-01-19 00:00:00,14041987,Centro,2,1,Presencial,161740.8
2801,2024-09-08 20:21:00,41453788,Centro,2,3,Presencial,55694.81999999999
2802,2025-09-30 17:36:00,14684875,Tienda Online,9,4,Web,98362.96
2803,2024-05-04 07:32:00,31727935,Shopping,7,1,Presencial,164841.9
2804,2024-02-14 10:07:00,20504726,Centro,1,4,Presencial,129581.81
2805,2024-05-07 09:49:00,32049663,Centro,1,2,Presencial,116106.12000000001
2806,2025-09-11 06:52:00,34546748,Tienda Online,9,5,Web,137406.09000000003
2807,2025-11-26 19:06:00,17019579,Shopping,7,4,Presencial,230577.13999999998
2808,2025-10-30 19:45:00,41366021,Tienda Online,10,5,Web,102056.52
2809,2024-10-12 19:37:00,20565131,Norte,6,1,Presencial,250056.34
2810,2025-10-05 20:06:00,29142751,Shopping,7,4,Presencial,97361.73000000001
2811,2025-11-15 05:25:00,13495405,Tienda Online,10,2,Web,32320.56
2812,2024-07-08 02:28:00,14755156,Shopping,7,2,Presencial,109726.64
2813,2024-11-08 06:11:00,23222803,Centro,2,4,Presencial,91097.35
2814,2024-07-29 01:03:00,42659965,Centro,1,3,Presencial,103456.22
2815,2025-07-02 09:06:00,21664429,Tienda Online,10,5,Web,149830.49
2816,2024-02-02 01:44:00,13086401,Tienda Online,9,3,Web,125932.73
2817,2025-01-25 08:08:00,12756102,Centro,1,4,Presencial,137046.67
2818,2025-03-23 14:38:00,26069372,Shopping,7,5,Presencial,107863.01000000001
2819,2025-05-30 17:05:00,13495405,Shopping,7,2,Presencial,149178.55
2820,2024-06-12 04:11:00,25273674,Tienda Online,9,5,Web,117091.54000000001
2821,2024-10-06 17:27:00,20431932,Norte,4,3,Presencial,102166.03
2822,2025-01-23 13:19:00,15834366,Shopping,7,3,Presencial,221947.34000000003
2823,2025-11-14 15:21:00,18472243,Tienda Online,10,4,Web,144641.29
2824,2024-11-14 11:14:00,12497263,Tienda Online,9,3,Web,139952.03
2825,2025-05-28 16:38:00,25079183,Shopping,7,4,Presencial,64998.53
2826,2025-07-21 12:20:00,43453305,Shopping,7,1,Presencial,166142.8
2827,2025-05-05 04:46:00,26654221,Tienda Online,10,4,Web,61889.79
2828,2024-03-30 08:46:00,39406068,Shopping,7,1,Presencial,156715.44
2829,2024-01-22 13:40:00,22874170,Norte,6,3,Presencial,184422.43
2830,2025-02-25 20:46:00,22195628,Shopping,7,3,Presencial,116796.61
2831,2025-04-12 03:02:00,11392203,Norte,6,2,Presencial,203562.51
2832,2024-05-24 11:09:00,24867952,Tienda Online,9,4,Web,187949.59000000003
2833,2025-02-06 23:20:00,38250184,Norte,5,5,Presencial,103251.45000000001
2834,2025-09-12 01:39:00,35821297,Norte,4,1,Presencial,198723.5
2835,2024-07-11 18:25:00,39766964,Centro,2,4,Presencial,108069.79000000001
2836,2025-01-26 05:51:00,25442983,Tienda Online,10,3,Web,118594.36
2837,2024-08-29 20:32:00,20565131,Centro,1,3,Presencial,61037.3
2838,2025-11-20 18:22:00,35821297,Centro,1,3,Presencial,130061.79999999999
2839,2025-06-25 10:09:00,25863159,Norte,6,3,Presencial,66289.78
2840,2025-09-06 07:14:00,22660246,Tienda Online,9,2,Web,197779.51
2841,2024-06-27 08:02:00,43250363,Tienda Online,9,3,Web,69845.47
2842,2024-08-13 16:42:00,35526938,Norte,6,3,Presencial,41361.66
2843,2024-12-31 16:14:00,12910178,Norte,5,2,Presencial,33823.38
2844,2024-04-09 06:08:00,40515566,Centro,1,4,Presencial,62714.119999999995
2845,2024-05-10 20:43:00,26852461,Centro,2,2,Presencial,41361.66
2846,2024-07-31 08:41:00,26819279,Tienda Online,9,2,Web,131814.16
2847,2024-10-21 15:14:00,12701677,Shopping,7,2,Presencial,66708.13
2848,2024-04-24 23:30:00,25145607,Norte,6,1,Presencial,202169.68
2849,2024-04-01 14:23:00,34296024,Tienda Online,9,2,Web,134354.89
2850,2024-07-13 13:26:00,10524999,Norte,6,2,Presencial,66289.78
2851,2025-03-04 20:04:00,41410296,Shopping,7,3,Presencial,22020.35
2852,2025-02-11 17:04:00,24304543,Shopping,7,3,Presencial,203883.59
2853,2024-02-10 00:29:00,16778091,Centro,1,5,Presencial,98874.04000000001
2854,2025-03-10 22:01:00,31616558,Tienda Online,10,4,Web,114762.82
2855,2024-10-07 14:22:00,14792233,Shopping,7,2,Presencial,144352.02000000002
2856,2024-12-08 10:07:00,20207615,Tienda Online,10,4,Web,36700.58
2857,2024-07-27 10:42:00,40433796,Tienda Online,10,1,Web,33144.89
2858,2025-05-26 13:30:00,28991721,Shopping,7,4,Presencial,237174.32
2859,2025-04-03 10:44:00,12108087,Norte,5,2,Presencial,91984.27
2860,2024-12-12 12:03:00,41780144,Tienda Online,9,5,Web,137232.09
2861,2025-03-15 10:28:00,15376189,Norte,4,1,Presencial,128701.09
2862,2024-02-03 02:58:00,41690133,Centro,1,3,Presencial,36700.58
2863,2025-11-24 22:03:00,39251746,Tienda Online,9,5,Web,194259.26
2864,2025-02-12 14:42:00,10372106,Tienda Online,9,4,Web,155376.13
2865,2024-06-11 23:17:00,12929120,Tienda Online,9,3,Web,139660.82
2866,2025-08-02 04:59:00,41996735,Shopping,7,2,Presencial,183514.97
2867,2024-06-18 16:09:00,31822825,Tienda Online,10,1,Web,125773.22
2868,2024-04-17 01:34:00,29841084,Tienda Online,10,1,Web,177262.92
2869,2025-06-16 23:44:00,15815848,Tienda Online,9,4,Web,101151.07
2870,2025-09-29 12:17:00,16100827,Tienda Online,10,5,Web,136346.82
2871,2024-05-04 13:29:00,13659179,Norte,5,2,Presencial,33144.89
2872,2024-07-27 16:51:00,38870188,Tienda Online,9,4,Web,169074.31
2873,2025-05-28 12:31:00,22313673,Centro,2,1,Presencial,142710.63
2874,2025-11-26 02:16:00,24097997,Centro,2,1,Presencial,66269.81
2875,2024-07-10 01:11:00,19179099,Norte,5,1,Presencial,33823.38
2876,2025-04-12 16:35:00,27826293,Shopping,7,3,Presencial,23547.73
2877,2025-04-19 12:50:00,25691522,Tienda Online,9,3,Web,101470.13999999998
2878,2025-06-06 16:25:00,20256869,Tienda Online,10,3,Web,102398.96
2879,2025-10-03 01:59:00,24580721,Centro,1,5,Presencial,107224.54000000001
2880,2025-11-03 17:44:00,12132899,Tienda Online,9,5,Web,74007.64
2881,2024-07-01 09:03:00,39401473,Centro,1,1,Presencial,61037.3
2882,2025-11-02 01:27:00,19104260,Centro,2,2,Presencial,119609.32
2883,2024-03-26 13:41:00,11947822,Norte,6,5,Presencial,163405.19
2884,2025-03-18 15:06:00,30132463,Centro,1,1,Presencial,36700.58
2885,2024-12-12 07:07:00,29368328,Shopping,7,1,Presencial,98815.11
2886,2025-11-11 11:41:00,27751694,Norte,4,4,Presencial,202408.33000000002
2887,2024-08-20 00:48:00,12675011,Shopping,7,4,Presencial,67646.76
2888,2024-08-25 10:59:00,21983483,Centro,1,1,Presencial,78062.24
2889,2024-05-20 18:43:00,16570543,Shopping,7,5,Presencial,66060.77
2890,2025-03-13 06:40:00,29806607,Centro,2,4,Presencial,81904.39
2891,2025-05-01 02:39:00,44107468,Shopping,7,1,Presencial,99414.7
2892,2025-06-06 18:58:00,39924755,Tienda Online,9,2,Web,65822.86
2893,2025-11-07 20:37:00,16859215,Tienda Online,9,3,Web,97647.93000000001
2894,2024-12-09 23:50:00,41854862,Tienda Online,10,4,Web,137432.24
2895,2024-01-30 03:17:00,27196223,Centro,1,1,Presencial,141407.34
2896,2024-06-05 22:42:00,14090793,Shopping,7,5,Presencial,66143.94
2897,2025-11-03 04:38:00,32223091,Tienda Online,9,2,Web,148670.62
2898,2024-07-13 07:20:00,14776792,Tienda Online,9,3,Web,91616.28
2899,2025-09-19 08:17:00,10949480,Norte,4,5,Presencial,139100.63
2900,2025-09-09 02:38:00,34764543,Norte,6,5,Presencial,102990.36
2901,2024-08-19 08:00:00,36669833,Tienda Online,10,3,Web,74039.63
2902,2024-09-08 09:13:00,16744926,Shopping,7,1,Presencial,41361.66
2903,2024-07-19 08:43:00,17792713,Norte,4,3,Presencial,112764.01999999999
2904,2024-02-02 09:40:00,39651079,Shopping,7,3,Presencial,122196.17
2905,2025-04-23 11:35:00,27715659,Shopping,7,5,Presencial,132850.06
2906,2025-01-10 02:32:00,41720415,Norte,6,5,Presencial,132697.41999999998
2907,2025-03-28 05:55:00,30090967,Tienda Online,10,4,Web,101751.24
2908,2024-05-01 12:17:00,24304543,Norte,4,1,Presencial,151768.79
2909,2024-02-19 11:35:00,31616558,Tienda Online,9,4,Web,103201.93
2910,2024-09-14 13:48:00,20905308,Tienda Online,10,2,Web,99179.32
2911,2025-10-12 02:25:00,25636276,Tienda Online,9,3,Web,188930.87
2912,2024-05-30 02:10:00,42446968,Shopping,7,4,Presencial,137426.16
2913,2024-02-15 00:03:00,40515566,Tienda Online,9,3,Web,180228.27000000002
2914,2025-10-16 04:33:00,44068679,Norte,4,2,Presencial,97990.78
2915,2025-09-11 21:43:00,32279787,Norte,4,4,Presencial,32677.97
2916,2024-10-19 02:53:00,38701583,Norte,4,3,Presencial,160271.13
2917,2024-12-28 19:45:00,39672841,Norte,5,2,Presencial,158225.13
2918,2025-09-15 17:11:00,13635366,Norte,6,5,Presencial,127797.93000000001
2919,2024-02-11 12:35:00,39559360,Tienda Online,9,2,Web,96896.92
2920,2024-08-30 11:38:00,40433796,Tienda Online,9,4,Web,212824.64
2921,2024-12-31 10:29:00,43250363,Tienda Online,10,4,Web,36700.58
2922,2024-03-24 05:51:00,20736210,Norte,4,1,Presencial,138528.11000000002
2923,2024-05-13 09:28:00,32159349,Shopping,7,5,Presencial,154249.79
2924,2025-03-03 23:16:00,21710303,Tienda Online,10,3,Web,113096.36
2925,2025-07-18 09:54:00,32538346,Tienda Online,9,4,Web,28716.74
2926,2024-11-28 05:47:00,17728908,Tienda Online,9,2,Web,173175.82
2927,2024-09-17 23:09:00,41156466,Tienda Online,9,5,Web,61394.71000000001
2928,2024-10-02 01:17:00,33606133,Norte,4,1,Presencial,103251.45000000001
2929,2024-11-23 16:02:00,20369856,Shopping,7,3,Presencial,57433.48
2930,2025-11-22 20:45:00,32012128,Centro,1,4,Presencial,49567.99
2931,2024-03-01 17:26:00,22874170,Centro,2,2,Presencial,114762.82
2932,2025-04-04 04:54:00,28011719,Tienda Online,10,2,Web,181225.84000000003
2933,2025-05-31 12:45:00,24097997,Shopping,7,3,Presencial,82723.32
2934,2024-07-04 23:06:00,28669062,Tienda Online,9,5,Web,110101.74
2935,2024-06-11 23:21:00,40515566,Centro,1,1,Presencial,172196.30000000002
2936,2025-03-02 11:40:00,36674654,Norte,6,4,Presencial,85711.35
2937,2024-04-23 03:40:00,16667575,Shopping,7,1,Presencial,154257.03
2938,2025-10-30 02:48:00,14090793,Tienda Online,9,3,Web,100531.51000000001
2939,2024-05-26 12:51:00,10524999,Norte,4,1,Presencial,143430.51
2940,2024-09-18 22:33:00,23499019,Tienda Online,10,4,Web,66501.35
2941,2025-08-03 11:10:00,43334803,Tienda Online,10,4,Web,50588.18
2942,2025-01-04 17:18:00,40232791,Centro,2,2,Presencial,103668.85
2943,2024-03-27 20:11:00,16123174,Tienda Online,10,5,Web,219303.07
2944,2024-11-17 13:26:00,11392203,Tienda Online,10,3,Web,89199.13
2945,2024-03-15 12:38:00,41341494,Tienda Online,10,3,Web,141407.34
2946,2025-05-14 20:26:00,44533969,Tienda Online,9,3,Web,108069.79000000001
2947,2024-08-21 14:27:00,30873468,Tienda Online,10,2,Web,33144.89
2948,2025-05-30 23:48:00,27751694,Tienda Online,10,1,Web,36700.58
2949,2024-02-03 21:40:00,23309686,Norte,4,2,Presencial,54192.0
2950,2024-01-13 16:38:00,39559360,Shopping,7,5,Presencial,136872.66999999998
2951,2025-05-29 22:45:00,41156466,Tienda Online,10,2,Web,220448.48
2952,2025-02-04 17:47:00,27808512,Norte,5,5,Presencial,143760.62
2953,2025-08-19 10:17:00,16778091,Shopping,7,5,Presencial,138084.58000000002
2954,2024-03-14 07:28:00,13836296,Centro,2,5,Presencial,100324.73
2955,2025-01-17 13:28:00,38778283,Centro,2,4,Presencial,62094.56
2956,2024-11-15 19:02:00,18818897,Shopping,7,4,Presencial,197610.25
2957,2024-08-17 01:59:00,18363463,Centro,1,2,Presencial,63233.100000000006
2958,2024-12-21 19:13:00,39967288,Centro,2,1,Presencial,32320.56
2959,2024-10-15 13:50:00,39559360,Norte,4,1,Presencial,33144.89
2960,2025-08-07 17:08:00,18293899,Shopping,7,4,Presencial,163919.26
2961,2024-12-22 14:14:00,13495405,Tienda Online,10,2,Web,138247.05
2962,2024-03-07 00:03:00,27044130,Tienda Online,9,3,Web,55016.33
2963,2024-05-10 10:31:00,32049663,Norte,6,5,Presencial,119866.58
2964,2025-07-07 00:06:00,44533969,Tienda Online,10,4,Web,196077.9
2965,2025-09-09 01:01:00,30075901,Tienda Online,10,2,Web,128283.76000000001
2966,2025-10-27 08:24:00,24377188,Tienda Online,10,4,Web,160994.83000000002
2967,2024-10-11 01:03:00,19179099,Centro,1,2,Presencial,57433.48
2968,2024-09-13 11:42:00,42614267,Tienda Online,10,4,Web,136753.75
2969,2024-02-25 12:36:00,43875089,Centro,1,5,Presencial,32320.56
2970,2025-02-11 11:15:00,13950951,Tienda Online,10,3,Web,176004.89
2971,2024-01-05 02:31:00,21983483,Norte,6,1,Presencial,144118.03000000003
2972,2024-12-20 04:41:00,32899636,Tienda Online,10,2,Web,29569.23
2973,2025-11-03 09:10:00,17614246,Tienda Online,9,5,Web,53816.0
2974,2024-11-23 15:38:00,41780144,Tienda Online,9,4,Web,78062.24
2975,2024-12-14 00:33:00,29285678,Tienda Online,9,1,Web,110587.57
2976,2024-08-01 19:15:00,18792148,Tienda Online,9,3,Web,131814.16
2977,2025-03-01 13:04:00,27675739,Tienda Online,9,5,Web,155583.41
2978,2025-07-16 03:25:00,24867952,Shopping,7,1,Presencial,134116.48
2979,2024-09-13 17:10:00,38133707,Norte,4,4,Presencial,140235.7
2980,2024-10-20 06:36:00,13447833,Centro,1,4,Presencial,95911.07
2981,2025-09-03 00:11:00,17656258,Norte,5,3,Presencial,168840.06
2982,2024-11-19 09:17:00,23309686,Tienda Online,9,5,Web,175509.77
2983,2025-04-23 00:26:00,25293994,Shopping,7,1,Presencial,41361.66
2984,2024-11-23 08:47:00,10372106,Tienda Online,9,4,Web,95685.01000000001
2985,2025-08-10 21:42:00,24429953,Norte,4,1,Presencial,99967.31999999999
2986,2025-01-22 16:59:00,31117675,Centro,2,5,Presencial,41361.66
2987,2025-11-07 18:29:00,14792233,Tienda Online,9,3,Web,81687.1
2988,2025-11-08 19:42:00,20002863,Tienda Online,10,1,Web,177476.94
2989,2025-10-09 13:13:00,26819279,Tienda Online,10,2,Web,21871.44
2990,2024-01-18 22:06:00,20565131,Tienda Online,10,5,Web,155294.94
2991,2024-09-01 05:29:00,22588451,Tienda Online,10,5,Web,21871.44
2992,2025-01-26 08:16:00,42896879,Tienda Online,10,2,Web,82723.32
2993,2025-07-26 02:43:00,30549138,Centro,2,3,Presencial,33144.89
2994,2025-02-28 01:55:00,23222803,Tienda Online,10,4,Web,163203.33000000002
2995,2025-09-13 04:36:00,27785377,Tienda Online,9,1,Web,114762.82
2996,2025-03-24 09:12:00,29674861,Centro,2,3,Presencial,21871.44
2997,2025-05-15 18:05:00,24627352,Shopping,7,1,Presencial,131940.03
2998,2025-04-21 02:11:00,10990382,Norte,6,4,Presencial,95685.01000000001
2999,2024-11-03 10:08:00,36873895,Norte,4,5,Presencial,130873.52
3000,2024-04-16 03:30:00,29812600,Norte,6,1,Presencial,74506.55
