ticket_nro,sku_variante,cantidad,precio_unitario_cobrado,costo_unitario_historico,subtotal,promocion_id
1,MUS-AZU-UNICO,1,29088.5,12928.22,29088.5,2
1,CHU-VER-S,1,33823.38,13529.35,33823.38,
1,CIN-ROS-XXL,1,33144.89,13257.96,33144.89,
1,GOR-GRI-M,1,28716.74,11486.7,28716.74,
1,JOG-CEL-L,1,37225.49,16544.66,37225.49,2
2,JOG-CEL-UNICO,1,41361.66,16544.66,41361.66,
3,MUS-AZU-M,1,32320.56,12928.22,32320.56,
3,CAM-BLA-S,1,36700.58,14680.23,36700.58,
3,REM-BLA-XL,1,32677.97,13071.19,32677.97,
3,CHU-NEG-UNICO,1,33823.38,13529.35,33823.38,
4,GOR-GRI-S,1,28716.74,11486.7,28716.74,
4,CAM-BEI-UNICO,1,36700.58,14680.23,36700.58,
5,SWE-MAR-UNICO,1,32525.33,13010.13,32525.33,
5,CIN-ROS-L,1,33144.89,13257.96,33144.89,
6,SWE-AZU-S,1,32525.33,13010.13,32525.33,
6,CIN-MAR-M,1,33144.89,13257.96,33144.89,
6,CIN-MAR-S,1,33144.89,13257.96,33144.89,
6,JEA-NEG-M,1,21871.44,8748.58,21871.44,
6,CAM-CEL-XL,1,36700.58,14680.23,36700.58,
7,GOR-GRI-XXL,1,17230.04,11486.7,17230.04,7
8,CHU-NEG-S,2,33823.38,13529.35,67646.76,
8,REM-TUR-XXL,1,28029.9,13673.12,28029.9,9
8,JOG-CEL-UNICO,1,41361.66,16544.66,41361.66,
8,JOG-AZU-UNICO,1,41361.66,16544.66,41361.66,
8,CHU-NEG-XL,2,33823.38,13529.35,67646.76,
9,SWE-AZU-S,1,32525.33,13010.13,32525.33,
9,REM-TUR-S,1,34182.8,13673.12,34182.8,
10,REM-VIO-L,1,32677.97,13071.19,32677.97,
10,CAM-BEI-S,2,36700.58,14680.23,73401.16,
11,CIN-MAR-L,2,33144.89,13257.96,66289.78,
11,CHU-NEG-M,1,33823.38,13529.35,33823.38,
12,SWE-AZU-M,2,32525.33,13010.13,65050.66,
12,CAM-BLA-XL,1,36700.58,14680.23,36700.58,
12,GOR-GRI-XXL,1,28716.74,11486.7,28716.74,
13,CHU-ÍND-L,1,33823.38,13529.35,33823.38,
13,CIN-MAR-M,1,33144.89,13257.96,33144.89,
13,CHU-ÍND-L,1,33823.38,13529.35,33823.38,
13,REM-VIO-M,1,32677.97,13071.19,32677.97,
13,REM-BLA-XL,1,32677.97,13071.19,32677.97,
14,BUZ-AZU-UNICO,1,29569.23,11827.69,29569.23,
14,JEA-NEG-UNICO,1,21871.44,8748.58,21871.44,
15,REM-BLA-UNICO,1,32677.97,13071.19,32677.97,
16,CAM-CEL-XL,1,36700.58,14680.23,36700.58,
16,MUS-AZU-UNICO,1,32320.56,12928.22,32320.56,
17,CHU-ÍND-XL,1,33823.38,13529.35,33823.38,
17,GOR-GRI-M,1,28716.74,11486.7,28716.74,
18,CHU-ÍND-L,1,33823.38,13529.35,33823.38,
18,GOR-GRI-M,2,28716.74,11486.7,57433.48,
18,BUZ-AZU-UNICO,1,29569.23,11827.69,29569.23,
18,CAM-BEI-UNICO,1,36700.58,14680.23,36700.58,
19,REM-VIO-M,1,32677.97,13071.19,32677.97,
19,BUZ-AZU-UNICO,1,29569.23,11827.69,29569.23,
19,SWE-MAR-L,1,32525.33,13010.13,32525.33,
20,JEA-LAV-UNICO,2,21871.44,8748.58,43742.88,
20,JOG-AZU-XL,1,41361.66,16544.66,41361.66,
20,REM-VIO-XXL,1,32677.97,13071.19,32677.97,
20,GOR-ROJ-UNICO,1,28716.74,11486.7,28716.74,
21,JOG-AZU-XL,1,41361.66,16544.66,41361.66,
21,CAM-CEL-XL,1,36700.58,14680.23,36700.58,
22,JOG-AZU-UNICO,1,41361.66,16544.66,41361.66,
23,JEA-NEG-M,1,21871.44,8748.58,21871.44,
23,CAM-BEI-UNICO,1,36700.58,14680.23,36700.58,
23,CIN-MAR-S,1,33144.89,13257.96,33144.89,
24,CHU-NEG-M,1,33823.38,13529.35,33823.38,
24,CIN-MAR-S,1,33144.89,13257.96,33144.89,
24,CIN-TUR-UNICO,1,33144.89,13257.96,33144.89,
25,CIN-ROS-XXL,1,33144.89,13257.96,33144.89,
26,CIN-MAR-XL,1,33144.89,13257.96,33144.89,
26,CIN-MAR-L,1,33144.89,13257.96,33144.89,
27,JEA-LAV-L,1,21871.44,8748.58,21871.44,
27,REM-BLA-XL,1,32677.97,13071.19,32677.97,
27,CIN-MAR-M,2,33144.89,13257.96,66289.78,
27,REM-BLA-XL,1,32677.97,13071.19,32677.97,
27,JEA-NEG-M,1,21871.44,8748.58,21871.44,
28,JEA-NEG-XL,2,21871.44,8748.58,43742.88,
28,JEA-NEG-M,2,21871.44,8748.58,43742.88,
28,BUZ-AZU-UNICO,1,29569.23,11827.69,29569.23,
28,JOG-ÍND-XL,1,41361.66,16544.66,41361.66,
28,CHU-NEG-M,1,33823.38,13529.35,33823.38,
29,JOG-AZU-UNICO,1,41361.66,16544.66,41361.66,
29,CHU-NEG-S,1,33823.38,13529.35,33823.38,
29,CAM-CEL-XL,1,36700.58,14680.23,36700.58,
30,MUS-AZU-UNICO,1,32320.56,12928.22,32320.56,
31,CAM-BLA-M,1,36700.58,14680.23,36700.58,
31,SWE-MAR-L,1,32525.33,13010.13,32525.33,
31,GOR-GRI-L,1,28716.74,11486.7,28716.74,
32,JOG-ÍND-XL,1,41361.66,16544.66,41361.66,
32,GOR-GRI-S,2,28716.74,11486.7,57433.48,
32,SWE-MAR-L,1,32525.33,13010.13,32525.33,
33,CAM-CEL-XL,1,35900.58,14680.23,35900.58,12
33,CHU-VER-XL,1,33823.38,13529.35,33823.38,
33,CIN-MAR-M,1,33144.89,13257.96,33144.89,
33,CHU-NEG-S,1,33823.38,13529.35,33823.38,
34,MUS-AZU-M,1,32320.56,12928.22,32320.56,
34,JOG-ÍND-XL,1,41361.66,16544.66,41361.66,
35,REM-VIO-M,1,32677.97,13071.19,32677.97,
36,JOG-ÍND-M,1,41361.66,16544.66,41361.66,
36,MUS-AZU-M,1,32320.56,12928.22,32320.56,
36,REM-TUR-S,1,34182.8,13673.12,34182.8,
36,CIN-TUR-UNICO,1,33144.89,13257.96,33144.89,
37,CIN-MAR-XL,1,33144.89,13257.96,33144.89,
38,CIN-TUR-XL,1,33144.89,13257.96,33144.89,
38,GOR-GRI-XXL,1,28716.74,11486.7,28716.74,
38,CIN-ROS-XXL,1,33144.89,13257.96,33144.89,
38,JOG-ÍND-XL,1,41361.66,16544.66,41361.66,
39,CAM-CEL-XL,1,36700.58,14680.23,36700.58,
39,JEA-LAV-UNICO,1,21871.44,8748.58,21871.44,
39,JEA-NEG-XL,1,14216.44,8748.58,14216.44,8
40,CIN-TUR-UNICO,1,33144.89,13257.96,33144.89,
40,CIN-MAR-M,1,33144.89,13257.96,33144.89,
40,CAM-BLA-M,1,36700.58,14680.23,36700.58,
40,JOG-AZU-UNICO,1,41361.66,16544.66,41361.66,
40,JOG-ÍND-M,1,41361.66,16544.66,41361.66,
41,CHU-ÍND-XL,1,20294.03,13529.35,20294.03,7
41,GOR-ROJ-S,1,28716.74,11486.7,28716.74,
42,CIN-MAR-M,1,33144.89,13257.96,33144.89,
42,CIN-MAR-L,1,33144.89,13257.96,33144.89,
42,SWE-MAR-UNICO,1,32525.33,13010.13,32525.33,
42,JOG-CEL-UNICO,1,41361.66,16544.66,41361.66,
42,CHU-VER-XL,1,33823.38,13529.35,33823.38,
43,CIN-TUR-XL,1,33144.89,13257.96,33144.89,
44,REM-TUR-XXL,1,34182.8,13673.12,34182.8,
44,CHU-ÍND-XXL,1,33823.38,13529.35,33823.38,
45,CIN-MAR-L,1,33144.89,13257.96,33144.89,
45,MUS-CEL-M,1,26502.86,12928.22,26502.86,9
46,MUS-AZU-UNICO,1,32320.56,12928.22,32320.56,
46,JOG-ÍND-M,1,41361.66,16544.66,41361.66,
47,SWE-MAR-L,1,32525.33,13010.13,32525.33,
47,JOG-ÍND-M,1,41361.66,16544.66,41361.66,
47,GOR-GRI-M,1,28716.74,11486.7,28716.74,
48,JOG-AZU-XXL,1,41361.66,16544.66,41361.66,
48,SWE-MAR-L,1,32525.33,13010.13,32525.33,
49,JOG-AZU-UNICO,1,20680.83,16544.66,20680.83,11
49,JOG-AZU-UNICO,1,41361.66,16544.66,41361.66,
49,SWE-AZU-S,1,32525.33,13010.13,32525.33,
50,GOR-GRI-UNICO,1,28716.74,11486.7,28716.74,
50,CHU-ÍND-L,1,33823.38,13529.35,33823.38,
50,SWE-AZU-S,2,32525.33,13010.13,65050.66,
51,CIN-TUR-XL,1,33144.89,13257.96,33144.89,
51,MUS-CEL-S,1,32320.56,12928.22,32320.56,
51,GOR-GRI-M,1,28716.74,11486.7,28716.74,
51,BUZ-AZU-M,1,29569.23,11827.69,29569.23,
52,GOR-GRI-M,1,28716.74,11486.7,28716.74,
52,CHU-NEG-XXL,1,33823.38,13529.35,33823.38,
52,MUS-AZU-M,1,32320.56,12928.22,32320.56,
53,CIN-MAR-L,1,33144.89,13257.96,33144.89,
53,CIN-MAR-XL,1,33144.89,13257.96,33144.89,
53,CHU-NEG-M,2,33823.38,13529.35,67646.76,
54,REM-VIO-M,2,32677.97,13071.19,65355.94,
54,GOR-GRI-XXL,1,28716.74,11486.7,28716.74,
54,JEA-LAV-L,1,21871.44,8748.58,21871.44,
55,CHU-NEG-XXL,2,33823.38,13529.35,67646.76,
55,JOG-ÍND-S,2,41361.66,16544.66,82723.32,
55,CIN-MAR-S,1,33144.89,13257.96,33144.89,
56,CHU-VER-XL,1,33823.38,13529.35,33823.38,
56,BUZ-AZU-M,1,29569.23,11827.69,29569.23,
57,CAM-CEL-XL,1,36700.58,14680.23,36700.58,
57,BUZ-AZU-M,1,29569.23,11827.69,29569.23,
57,GOR-GRI-S,2,28716.74,11486.7,57433.48,
57,JOG-AZU-UNICO,1,41361.66,16544.66,41361.66,
57,REM-VIO-XL,1,32677.97,13071.19,32677.97,
58,CHU-NEG-M,1,33823.38,13529.35,33823.38,
58,CHU-VER-XL,1,33823.38,13529.35,33823.38,
59,SWE-MAR-L,1,26670.77,13010.13,26670.77,10
59,CIN-MAR-XL,1,33144.89,13257.96,33144.89,
59,CAM-BLA-S,1,36700.58,14680.23,36700.58,
60,REM-VIO-M,1,32677.97,13071.19,32677.97,
60,SWE-AZU-S,1,32525.33,13010.13,32525.33,
61,SWE-MAR-UNICO,1,32525.33,13010.13,32525.33,
61,CAM-BLA-M,1,36700.58,14680.23,36700.58,
61,REM-VIO-L,1,32677.97,13071.19,32677.97,
62,GOR-ROJ-S,1,28716.74,11486.7,28716.74,
62,CIN-MAR-M,1,33144.89,13257.96,33144.89,
62,SWE-AZU-S,1,32525.33,13010.13,32525.33,
63,CAM-BEI-UNICO,1,36700.58,14680.23,36700.58,
63,CIN-TUR-UNICO,1,33144.89,13257.96,33144.89,
63,JEA-LAV-L,1,21871.44,8748.58,21871.44,
64,MUS-AZU-XXL,1,32320.56,12928.22,32320.56,
64,GOR-ROJ-S,1,28716.74,11486.7,28716.74,
64,REM-TUR-S,1,34182.8,13673.12,34182.8,
64,GOR-ROJ-UNICO,1,28716.74,11486.7,28716.74,
65,CIN-ROS-XXL,1,33144.89,13257.96,33144.89,
65,GOR-ROJ-UNICO,1,28716.74,11486.7,28716.74,
65,CIN-MAR-XL,1,33144.89,13257.96,33144.89,
66,MUS-AZU-M,1,32320.56,12928.22,32320.56,
66,MUS-AZU-XXL,1,32320.56,12928.22,32320.56,
66,CIN-MAR-S,1,33144.89,13257.96,33144.89,
66,CIN-MAR-S,1,33144.89,13257.96,33144.89,
67,JOG-ÍND-S,1,41361.66,16544.66,41361.66,
67,REM-BLA-S,1,32677.97,13071.19,32677.97,
67,JEA-NEG-M,1,21871.44,8748.58,21871.44,
67,CIN-ROS-XXL,1,33144.89,13257.96,33144.89,
67,CIN-MAR-L,1,33144.89,13257.96,33144.89,
68,BUZ-AZU-M,1,29569.23,11827.69,29569.23,
68,JOG-ÍND-S,1,41361.66,16544.66,41361.66,
69,SWE-MAR-XXL,1,32525.33,13010.13,32525.33,
69,REM-VIO-XXL,1,32677.97,13071.19,32677.97,
69,SWE-AZU-S,1,32525.33,13010.13,32525.33,
69,CHU-ÍND-XXL,1,16911.69,13529.35,16911.69,11
69,MUS-CEL-S,1,32320.56,12928.22,32320.56,
70,CIN-ROS-XXL,1,33144.89,13257.96,33144.89,
71,CIN-ROS-XXL,1,33144.89,13257.96,33144.89,
71,SWE-MAR-UNICO,1,32525.33,13010.13,32525.33,
71,REM-VIO-M,1,32677.97,13071.19,32677.97,
72,CIN-TUR-UNICO,1,33144.89,13257.96,33144.89,
73,MUS-AZU-M,1,32320.56,12928.22,32320.56,
73,SWE-MAR-L,1,32525.33,13010.13,32525.33,
73,JOG-ÍND-M,1,41361.66,16544.66,41361.66,
74,CHU-NEG-XL,1,33823.38,13529.35,33823.38,
74,JEA-NEG-XL,1,21871.44,8748.58,21871.44,
74,JOG-AZU-UNICO,1,41361.66,16544.66,41361.66,
74,REM-TUR-XXL,1,34182.8,13673.12,34182.8,
74,GOR-GRI-UNICO,2,28716.74,11486.7,57433.48,
75,SWE-AZU-M,1,32525.33,13010.13,32525.33,
75,JOG-AZU-L,1,41361.66,16544.66,41361.66,
75,SWE-MAR-L,1,32525.33,13010.13,32525.33,
76,REM-TUR-S,1,34182.8,13673.12,34182.8,
76,GOR-GRI-XXL,1,28716.74,11486.7,28716.74,
76,REM-VIO-L,2,32677.97,13071.19,65355.94,
77,JOG-ÍND-M,1,41361.66,16544.66,41361.66,
77,JEA-NEG-M,1,21871.44,8748.58,21871.44,
78,MUS-AZU-UNICO,2,32320.56,12928.22,64641.12,
78,JOG-ÍND-S,1,41361.66,16544.66,41361.66,
79,GOR-GRI-UNICO,2,28716.74,11486.7,57433.48,
79,JEA-NEG-UNICO,1,21871.44,8748.58,21871.44,
79,SWE-MAR-L,2,32525.33,13010.13,65050.66,
79,JOG-AZU-XXL,1,41361.66,16544.66,41361.66,
79,JOG-ÍND-XL,1,41361.66,16544.66,41361.66,
80,CHU-NEG-XXL,1,33823.38,13529.35,33823.38,
80,JEA-NEG-UNICO,1,21871.44,8748.58,21871.44,
80,SWE-MAR-UNICO,1,32525.33,13010.13,32525.33,
80,CHU-NEG-UNICO,1,33823.38,13529.35,33823.38,
80,REM-VIO-XL,1,32677.97,13071.19,32677.97,
81,SWE-AZU-M,1,21141.46,13010.13,21141.46,8
81,JOG-AZU-XXL,2,26885.08,16544.66,53770.16,8
81,GOR-GRI-M,1,28716.74,11486.7,28716.74,
82,MUS-AZU-XXL,1,32320.56,12928.22,32320.56,
82,JOG-CEL-L,1,41361.66,16544.66,41361.66,
82,SWE-MAR-XXL,1,32525.33,13010.13,32525.33,
82,CAM-BEI-L,1,36700.58,14680.23,36700.58,
83,MUS-AZU-XXL,1,32320.56,12928.22,32320.56,
83,REM-CEL-XXL,1,34182.8,13673.12,34182.8,
83,JEA-NEG-UNICO,1,21871.44,8748.58,21871.44,
83,CHU-NEG-UNICO,1,33823.38,13529.35,33823.38,
84,CHU-NEG-M,1,33823.38,13529.35,33823.38,
84,MUS-AZU-XXL,1,32320.56,12928.22,32320.56,
84,REM-CEL-XXL,1,34182.8,13673.12,34182.8,
84,JOG-ÍND-S,1,41361.66,16544.66,41361.66,
84,CHU-VER-XL,1,33823.38,13529.35,33823.38,
85,CIN-MAR-S,1,33144.89,13257.96,33144.89,
86,REM-CEL-XXL,1,34182.8,13673.12,34182.8,
86,SWE-MAR-M,1,32525.33,13010.13,32525.33,
86,REM-TUR-XXL,1,34182.8,13673.12,34182.8,
86,JOG-CEL-UNICO,1,33916.56,16544.66,33916.56,10
86,REM-VIO-M,1,32677.97,13071.19,32677.97,
87,CIN-MAR-M,1,33144.89,13257.96,33144.89,
87,CIN-MAR-M,1,33144.89,13257.96,33144.89,
87,MUS-CEL-S,1,32320.56,12928.22,32320.56,
87,CIN-TUR-XL,1,33144.89,13257.96,33144.89,
88,GOR-ROJ-UNICO,1,28716.74,11486.7,28716.74,
88,SWE-MAR-UNICO,1,32525.33,13010.13,32525.33,
88,SWE-MAR-M,2,26670.77,13010.13,53341.54,10
88,REM-VIO-XXL,1,32677.97,13071.19,32677.97,
89,JOG-ÍND-S,1,41361.66,16544.66,41361.66,
90,MUS-CEL-S,1,32320.56,12928.22,32320.56,
90,GOR-ROJ-XXL,1,23547.73,11486.7,23547.73,9
90,MUS-CEL-M,1,32320.56,12928.22,32320.56,
91,SWE-MAR-L,1,32525.33,13010.13,32525.33,
91,MUS-AZU-XXL,1,32320.56,12928.22,32320.56,
91,CHU-VER-L,1,20294.03,13529.35,20294.03,7
91,CAM-BLA-XL,1,22020.35,14680.23,22020.35,7
91,REM-VIO-XXL,1,32677.97,13071.19,32677.97,
92,SWE-AZU-S,1,19515.2,13010.13,19515.2,7
92,GOR-GRI-M,1,28716.74,11486.7,28716.74,
92,CHU-ÍND-XL,1,33823.38,13529.35,33823.38,
92,SWE-AZU-S,1,32525.33,13010.13,32525.33,
92,GOR-GRI-M,1,28716.74,11486.7,28716.74,
93,JOG-AZU-UNICO,1,41361.66,16544.66,41361.66,
94,JOG-AZU-XXL,1,36398.26,16544.66,36398.26,6
94,CHU-ÍND-XL,1,33823.38,13529.35,33823.38,
94,CHU-NEG-UNICO,1,33823.38,13529.35,33823.38,
95,SWE-MAR-M,1,32525.33,13010.13,32525.33,
95,JOG-ÍND-M,1,41361.66,16544.66,41361.66,
95,JOG-ÍND-S,1,41361.66,16544.66,41361.66,
96,REM-VIO-XXL,1,32677.97,13071.19,32677.97,
96,REM-VIO-XL,1,32677.97,13071.19,32677.97,
96,SWE-AZU-S,1,32525.33,13010.13,32525.33,
97,JEA-LAV-UNICO,1,21871.44,8748.58,21871.44,
97,JOG-CEL-UNICO,2,41361.66,16544.66,82723.32,
97,GOR-GRI-L,1,28716.74,11486.7,28716.74,
97,CHU-VER-XL,1,33823.38,13529.35,33823.38,
97,CHU-VER-XL,1,33823.38,13529.35,33823.38,
98,GOR-GRI-M,1,28716.74,11486.7,28716.74,
98,SWE-AZU-S,1,32525.33,13010.13,32525.33,
98,GOR-GRI-M,1,28716.74,11486.7,28716.74,
98,CIN-TUR-XL,1,33144.89,13257.96,33144.89,
99,JOG-AZU-UNICO,1,41361.66,16544.66,41361.66,
99,REM-BLA-S,1,32677.97,13071.19,32677.97,
99,REM-BLA-UNICO,1,32677.97,13071.19,32677.97,
100,REM-VIO-XXL,1,32677.97,13071.19,32677.97,
100,CIN-TUR-UNICO,1,33144.89,13257.96,33144.89,
100,JOG-ÍND-S,1,41361.66,16544.66,41361.66,
100,GOR-ROJ-L,1,28716.74,11486.7,28716.74,
100,REM-BLA-UNICO,1,32677.97,13071.19,32677.97,
101,BUZ-AZU-UNICO,1,29569.23,11827.69,29569.23,
101,MUS-CEL-S,1,32320.56,12928.22,32320.56,
101,CHU-VER-XL,1,33823.38,13529.35,33823.38,
101,CIN-MAR-L,1,33144.89,13257.96,33144.89,
102,CHU-NEG-XL,1,33823.38,13529.35,33823.38,
102,JEA-NEG-XL,1,21871.44,8748.58,21871.44,
102,JEA-NEG-UNICO,2,21871.44,8748.58,43742.88,
103,CIN-ROS-XXL,1,33144.89,13257.96,33144.89,
103,JEA-LAV-L,1,21871.44,8748.58,21871.44,
103,GOR-GRI-S,1,28716.74,11486.7,28716.74,
104,CHU-NEG-XXL,1,33823.38,13529.35,33823.38,
104,JEA-NEG-M,1,21871.44,8748.58,21871.44,
104,CAM-BEI-UNICO,1,36700.58,14680.23,36700.58,
104,MUS-CEL-S,1,32320.56,12928.22,32320.56,
105,SWE-AZU-S,1,16262.67,13010.13,16262.67,11
105,GOR-GRI-UNICO,1,28716.74,11486.7,28716.74,
105,JOG-CEL-UNICO,2,41361.66,16544.66,82723.32,
105,GOR-GRI-L,1,28716.74,11486.7,28716.74,
105,GOR-GRI-M,2,14358.37,11486.7,28716.74,11
106,REM-BLA-S,1,26795.94,13071.19,26795.94,10
106,CIN-TUR-XL,1,33144.89,13257.96,33144.89,
106,GOR-ROJ-S,1,28716.74,11486.7,28716.74,
106,CHU-ÍND-XL,1,27735.17,13529.35,27735.17,10
106,CIN-MAR-L,1,33144.89,13257.96,33144.89,
107,MUS-AZU-M,1,32320.56,12928.22,32320.56,
107,GOR-GRI-L,1,28716.74,11486.7,28716.74,
107,MUS-AZU-XXL,1,32320.56,12928.22,32320.56,
107,REM-CEL-XXL,1,34182.8,13673.12,34182.8,
108,CIN-TUR-XL,1,33144.89,13257.96,33144.89,
108,REM-TUR-XXL,2,34182.8,13673.12,68365.6,
109,CIN-MAR-L,1,33144.89,13257.96,33144.89,
110,MUS-AZU-M,1,32320.56,12928.22,32320.56,
111,CAM-BEI-UNICO,1,36700.58,14680.23,36700.58,
111,BUZ-AZU-UNICO,1,29569.23,11827.69,29569.23,
112,CAM-BLA-M,1,36700.58,14680.23,36700.58,
112,CAM-BLA-XL,1,36700.58,14680.23,36700.58,
112,REM-CEL-XXL,1,34182.8,13673.12,34182.8,
112,CHU-ÍND-XXL,1,33823.38,13529.35,33823.38,
112,REM-VIO-M,1,32677.97,13071.19,32677.97,
113,REM-VIO-XXL,1,32677.97,13071.19,32677.97,
113,CHU-ÍND-XL,1,33823.38,13529.35,33823.38,
114,MUS-CEL-S,1,32320.56,12928.22,32320.56,
114,MUS-CEL-S,1,32320.56,12928.22,32320.56,
114,CHU-ÍND-L,2,33823.38,13529.35,67646.76,
115,BUZ-AZU-L,1,26612.31,11827.69,26612.31,3
115,JOG-ÍND-M,1,41361.66,16544.66,41361.66,
115,SWE-MAR-M,1,32525.33,13010.13,32525.33,
116,CHU-ÍND-XL,1,33823.38,13529.35,33823.38,
116,GOR-GRI-M,1,28716.74,11486.7,28716.74,
116,JOG-ÍND-M,1,41361.66,16544.66,41361.66,
116,CIN-MAR-L,1,33144.89,13257.96,33144.89,
116,CHU-ÍND-L,1,33823.38,13529.35,33823.38,
117,CIN-TUR-XL,1,33144.89,13257.96,33144.89,
117,REM-BLA-XL,1,32677.97,13071.19,32677.97,
118,GOR-GRI-S,1,28716.74,11486.7,28716.74,
119,MUS-AZU-UNICO,1,32320.56,12928.22,32320.56,
120,JEA-NEG-XL,1,21871.44,8748.58,21871.44,
120,CAM-BLA-M,1,36700.58,14680.23,36700.58,
120,REM-BLA-S,1,32677.97,13071.19,32677.97,
120,GOR-GRI-S,1,28716.74,11486.7,28716.74,
120,JOG-ÍND-M,1,41361.66,16544.66,41361.66,
121,CHU-NEG-M,1,33823.38,13529.35,33823.38,
122,REM-BLA-XL,1,26795.94,13071.19,26795.94,10
122,CIN-MAR-M,1,33144.89,13257.96,33144.89,
123,JEA-NEG-M,1,21871.44,8748.58,21871.44,
123,CHU-ÍND-XL,1,33823.38,13529.35,33823.38,
123,MUS-CEL-XXL,2,32320.56,12928.22,64641.12,
124,MUS-CEL-S,1,32320.56,12928.22,32320.56,
124,MUS-AZU-M,1,32320.56,12928.22,32320.56,
124,CAM-BEI-UNICO,2,36700.58,14680.23,73401.16,
124,SWE-AZU-S,1,32525.33,13010.13,32525.33,
124,CAM-BEI-L,1,36700.58,14680.23,36700.58,
125,CHU-NEG-S,1,33823.38,13529.35,33823.38,
125,JEA-NEG-M,1,21871.44,8748.58,21871.44,
126,GOR-GRI-L,2,28716.74,11486.7,57433.48,
126,CAM-BEI-L,1,36700.58,14680.23,36700.58,
127,MUS-AZU-M,1,32320.56,12928.22,32320.56,
127,JEA-LAV-UNICO,1,21871.44,8748.58,21871.44,
127,GOR-GRI-S,1,28716.74,11486.7,28716.74,
127,CIN-TUR-XL,1,33144.89,13257.96,33144.89,
127,GOR-GRI-XXL,1,28716.74,11486.7,28716.74,
128,SWE-MAR-M,1,32525.33,13010.13,32525.33,
128,REM-VIO-L,1,32677.97,13071.19,32677.97,
129,SWE-MAR-M,1,21141.46,13010.13,21141.46,8
129,SWE-AZU-S,1,32525.33,13010.13,32525.33,
129,CIN-MAR-XL,1,33144.89,13257.96,33144.89,
130,CHU-ÍND-XXL,1,33823.38,13529.35,33823.38,
130,CHU-ÍND-L,1,33823.38,13529.35,33823.38,
130,MUS-AZU-XXL,1,32320.56,12928.22,32320.56,
131,GOR-GRI-UNICO,1,28716.74,11486.7,28716.74,
131,JEA-NEG-UNICO,1,21871.44,8748.58,21871.44,
131,SWE-AZU-S,2,32525.33,13010.13,65050.66,
132,JEA-NEG-UNICO,1,21871.44,8748.58,21871.44,
132,REM-VIO-L,1,32677.97,13071.19,32677.97,
132,CIN-ROS-UNICO,1,33144.89,13257.96,33144.89,
132,CAM-BEI-UNICO,1,30094.48,14680.23,30094.48,10
133,GOR-GRI-UNICO,1,28716.74,11486.7,28716.74,
133,CAM-CEL-XL,1,36700.58,14680.23,36700.58,
133,GOR-GRI-UNICO,1,28716.74,11486.7,28716.74,
134,CAM-BEI-UNICO,1,36700.58,14680.23,36700.58,
134,JEA-NEG-UNICO,1,21871.44,8748.58,21871.44,
134,GOR-GRI-UNICO,1,18665.88,11486.7,18665.88,8
135,CIN-MAR-M,1,27178.81,13257.96,27178.81,10
135,CAM-BLA-M,1,36700.58,14680.23,36700.58,
135,CAM-CEL-XL,1,36700.58,14680.23,36700.58,
136,CHU-ÍND-XL,1,33823.38,13529.35,33823.38,
136,GOR-ROJ-S,1,28716.74,11486.7,28716.74,
136,BUZ-AZU-M,1,29569.23,11827.69,29569.23,
136,JOG-AZU-XXL,1,41361.66,16544.66,41361.66,
136,BUZ-AZU-UNICO,1,29569.23,11827.69,29569.23,
137,CHU-NEG-XL,1,33823.38,13529.35,33823.38,
137,MUS-CEL-M,1,32320.56,12928.22,32320.56,
138,GOR-GRI-XXL,1,28716.74,11486.7,28716.74,
138,CIN-TUR-XL,1,19886.93,13257.96,19886.93,7
138,CAM-BEI-UNICO,1,36700.58,14680.23,36700.58,
138,SWE-MAR-M,1,32525.33,13010.13,32525.33,
138,MUS-AZU-XXL,1,32320.56,12928.22,32320.56,
139,JOG-ÍND-M,1,41361.66,16544.66,41361.66,
139,CAM-CEL-XL,1,36700.58,14680.23,36700.58,
140,REM-BLA-XL,1,32677.97,13071.19,32677.97,
140,CAM-CEL-XL,1,36700.58,14680.23,36700.58,
140,CIN-MAR-XL,1,33144.89,13257.96,33144.89,
141,CAM-CEL-XL,1,36700.58,14680.23,36700.58,
141,CIN-TUR-XL,1,33144.89,13257.96,33144.89,
141,JEA-LAV-UNICO,1,21871.44,8748.58,21871.44,
142,REM-VIO-XL,1,32677.97,13071.19,32677.97,
142,GOR-ROJ-S,1,28716.74,11486.7,28716.74,
143,REM-TUR-XXL,2,34182.8,13673.12,68365.6,
143,JEA-LAV-UNICO,1,21871.44,8748.58,21871.44,
144,CHU-ÍND-XXL,1,33823.38,13529.35,33823.38,
144,CIN-MAR-L,1,33144.89,13257.96,33144.89,
144,BUZ-AZU-UNICO,1,29569.23,11827.69,29569.23,
145,SWE-MAR-UNICO,1,16262.67,13010.13,16262.67,11
146,CAM-BEI-UNICO,2,36700.58,14680.23,73401.16,
146,SWE-AZU-S,1,32525.33,13010.13,32525.33,
146,CIN-MAR-XL,2,33144.89,13257.96,66289.78,
147,GOR-GRI-M,1,28716.74,11486.7,28716.74,
147,CHU-VER-L,1,33823.38,13529.35,33823.38,
148,BUZ-AZU-M,1,29569.23,11827.69,29569.23,
148,JOG-ÍND-M,1,41361.66,16544.66,41361.66,
148,JEA-LAV-L,2,21871.44,8748.58,43742.88,
148,CAM-BEI-L,1,36700.58,14680.23,36700.58,
149,GOR-GRI-S,1,28716.74,11486.7,28716.74,
149,REM-TUR-XXL,1,34182.8,13673.12,34182.8,
149,JOG-ÍND-XL,1,41361.66,16544.66,41361.66,
150,BUZ-AZU-M,1,29569.23,11827.69,29569.23,
150,CAM-BEI-L,1,36700.58,14680.23,36700.58,
150,JOG-ÍND-M,1,41361.66,16544.66,41361.66,
150,JEA-NEG-M,1,21871.44,8748.58,21871.44,
150,CIN-MAR-S,1,33144.89,13257.96,33144.89,
151,CIN-MAR-XL,1,33144.89,13257.96,33144.89,
151,MUS-AZU-M,1,32320.56,12928.22,32320.56,
152,CHU-ÍND-XXL,1,33823.38,13529.35,33823.38,
152,CIN-MAR-M,1,33144.89,13257.96,33144.89,
152,CHU-NEG-UNICO,1,33823.38,13529.35,33823.38,
152,CIN-TUR-UNICO,1,33144.89,13257.96,33144.89,
152,CIN-MAR-L,1,33144.89,13257.96,33144.89,
153,CIN-MAR-S,1,33144.89,13257.96,33144.89,
153,BUZ-AZU-M,1,29569.23,11827.69,29569.23,
153,GOR-GRI-M,1,28716.74,11486.7,28716.74,
153,REM-TUR-XXL,1,34182.8,13673.12,34182.8,
153,MUS-AZU-XXL,1,32320.56,12928.22,32320.56,
154,REM-CEL-XXL,1,34182.8,13673.12,34182.8,
154,JEA-LAV-L,1,21871.44,8748.58,21871.44,
154,CIN-MAR-L,1,33144.89,13257.96,33144.89,
154,CIN-TUR-UNICO,1,33144.89,13257.96,33144.89,
155,REM-VIO-XXL,1,32677.97,13071.19,32677.97,
155,CAM-BLA-M,1,36700.58,14680.23,36700.58,
155,REM-BLA-XL,1,32677.97,13071.19,32677.97,
155,CAM-BEI-L,1,36700.58,14680.23,36700.58,
156,CAM-BEI-UNICO,1,36700.58,14680.23,36700.58,
156,CHU-VER-XL,1,33823.38,13529.35,33823.38,
156,JEA-LAV-L,1,21871.44,8748.58,21871.44,
156,CIN-MAR-S,1,33144.89,13257.96,33144.89,
156,REM-BLA-XL,1,32677.97,13071.19,32677.97,
157,SWE-AZU-S,1,32525.33,13010.13,32525.33,
157,JEA-NEG-M,1,21871.44,8748.58,21871.44,
157,JEA-NEG-UNICO,1,21871.44,8748.58,21871.44,
157,CIN-ROS-XXL,1,33144.89,13257.96,33144.89,
158,JOG-CEL-UNICO,1,41361.66,16544.66,41361.66,
158,CIN-TUR-UNICO,1,33144.89,13257.96,33144.89,
159,CAM-BLA-XL,1,36700.58,14680.23,36700.58,
159,CHU-NEG-M,2,33823.38,13529.35,67646.76,
159,GOR-ROJ-S,1,28716.74,11486.7,28716.74,
159,CAM-BEI-L,1,36700.58,14680.23,36700.58,
160,CIN-MAR-L,1,33144.89,13257.96,33144.89,
160,MUS-AZU-UNICO,1,32320.56,12928.22,32320.56,
161,CHU-NEG-XXL,1,33823.38,13529.35,33823.38,
161,MUS-AZU-M,2,32320.56,12928.22,64641.12,
161,BUZ-AZU-UNICO,1,29569.23,11827.69,29569.23,
162,CHU-ÍND-L,1,33823.38,13529.35,33823.38,
163,CHU-VER-L,2,33823.38,13529.35,67646.76,
164,CIN-MAR-XL,1,33144.89,13257.96,33144.89,
164,CAM-BEI-UNICO,1,36700.58,14680.23,36700.58,
165,MUS-CEL-S,1,32320.56,12928.22,32320.56,
165,GOR-GRI-M,1,28716.74,11486.7,28716.74,
165,CAM-BEI-L,2,36700.58,14680.23,73401.16,
165,SWE-AZU-M,1,32525.33,13010.13,32525.33,
166,MUS-CEL-S,1,32320.56,12928.22,32320.56,
166,JEA-NEG-M,1,21871.44,8748.58,21871.44,
166,CIN-MAR-S,1,33144.89,13257.96,33144.89,
167,GOR-GRI-L,1,28716.74,11486.7,28716.74,
167,BUZ-AZU-M,1,29569.23,11827.69,29569.23,
167,CIN-MAR-XL,1,33144.89,13257.96,33144.89,
167,CIN-MAR-XL,2,33144.89,13257.96,66289.78,
168,CIN-ROS-XXL,1,33144.89,13257.96,33144.89,
169,REM-BLA-UNICO,1,32677.97,13071.19,32677.97,
169,GOR-ROJ-S,1,18665.88,11486.7,18665.88,8
169,REM-TUR-XXL,1,34182.8,13673.12,34182.8,
170,MUS-CEL-M,2,32320.56,12928.22,64641.12,
170,JOG-CEL-UNICO,1,41361.66,16544.66,41361.66,
171,CHU-ÍND-XXL,2,33823.38,13529.35,67646.76,
171,JEA-NEG-M,1,21871.44,8748.58,21871.44,
171,REM-VIO-XL,1,32677.97,13071.19,32677.97,
171,GOR-GRI-L,1,28716.74,11486.7,28716.74,
171,REM-VIO-XL,1,32677.97,13071.19,32677.97,
172,CAM-BLA-M,1,36700.58,14680.23,36700.58,
173,CHU-VER-S,2,33823.38,13529.35,67646.76,
173,CIN-ROS-UNICO,1,33144.89,13257.96,33144.89,
174,CIN-MAR-XL,1,33144.89,13257.96,33144.89,
174,REM-TUR-XXL,2,34182.8,13673.12,68365.6,
175,CIN-MAR-L,1,33144.89,13257.96,33144.89,
175,BUZ-AZU-UNICO,1,29569.23,11827.69,29569.23,
176,BUZ-AZU-M,1,29569.23,11827.69,29569.23,
176,MUS-AZU-M,1,32320.56,12928.22,32320.56,
176,SWE-MAR-UNICO,2,32525.33,13010.13,65050.66,
176,JOG-ÍND-M,1,41361.66,16544.66,41361.66,
176,CHU-NEG-XL,1,33823.38,13529.35,33823.38,
177,CHU-ÍND-XL,1,33823.38,13529.35,33823.38,
177,REM-VIO-XXL,1,32677.97,13071.19,32677.97,
177,GOR-GRI-M,1,28716.74,11486.7,28716.74,
177,CHU-VER-XL,1,20294.03,13529.35,20294.03,7
177,JOG-AZU-XXL,1,41361.66,16544.66,41361.66,
178,REM-CEL-XXL,1,34182.8,13673.12,34182.8,
179,SWE-AZU-S,1,28622.29,13010.13,28622.29,6
179,CIN-MAR-S,1,33144.89,13257.96,33144.89,
179,CHU-ÍND-XXL,1,33823.38,13529.35,33823.38,
180,MUS-AZU-M,1,32320.56,12928.22,32320.56,
180,JOG-AZU-XXL,1,41361.66,16544.66,41361.66,
180,CIN-MAR-L,1,33144.89,13257.96,33144.89,
180,CHU-NEG-M,1,33823.38,13529.35,33823.38,
181,GOR-GRI-XXL,1,28716.74,11486.7,28716.74,
181,JEA-LAV-L,1,21871.44,8748.58,21871.44,
181,CHU-NEG-M,1,33023.38,13529.35,33023.38,12
182,CHU-ÍND-L,1,33823.38,13529.35,33823.38,
182,JOG-ÍND-S,1,41361.66,16544.66,41361.66,
182,GOR-ROJ-S,1,28716.74,11486.7,28716.74,
182,SWE-MAR-UNICO,1,32525.33,13010.13,32525.33,
183,JOG-ÍND-XL,1,41361.66,16544.66,41361.66,
183,REM-BLA-XL,1,32677.97,13071.19,32677.97,
183,SWE-MAR-M,1,32525.33,13010.13,32525.33,
183,JEA-NEG-UNICO,1,21871.44,8748.58,21871.44,
184,GOR-GRI-M,1,28716.74,11486.7,28716.74,
184,CAM-BEI-UNICO,1,36700.58,14680.23,36700.58,
184,CIN-MAR-M,1,33144.89,13257.96,33144.89,
184,REM-VIO-M,1,32677.97,13071.19,32677.97,
185,CIN-MAR-L,1,33144.89,13257.96,33144.89,
186,SWE-AZU-XXL,1,26670.77,13010.13,26670.77,9
186,GOR-GRI-UNICO,1,28716.74,11486.7,28716.74,
186,CIN-ROS-UNICO,1,33144.89,13257.96,33144.89,
187,CHU-ÍND-XL,1,33823.38,13529.35,33823.38,
188,CIN-TUR-UNICO,1,33144.89,13257.96,33144.89,
188,GOR-GRI-M,1,28716.74,11486.7,28716.74,
188,CAM-BEI-L,1,36700.58,14680.23,36700.58,
189,CIN-MAR-L,1,33144.89,13257.96,33144.89,
189,CHU-VER-XL,1,33823.38,13529.35,33823.38,
190,JOG-CEL-UNICO,1,41361.66,16544.66,41361.66,
190,MUS-CEL-S,1,32320.56,12928.22,32320.56,
190,REM-TUR-S,1,34182.8,13673.12,34182.8,
190,GOR-GRI-XXL,1,28716.74,11486.7,28716.74,
191,MUS-CEL-M,1,32320.56,12928.22,32320.56,
191,GOR-GRI-L,1,28716.74,11486.7,28716.74,
191,CAM-BEI-UNICO,1,36700.58,14680.23,36700.58,
191,SWE-AZU-S,1,32525.33,13010.13,32525.33,
192,SWE-MAR-L,1,32525.33,13010.13,32525.33,
192,MUS-AZU-UNICO,1,32320.56,12928.22,32320.56,
192,CHU-ÍND-XXL,1,33823.38,13529.35,33823.38,
192,JEA-LAV-L,1,21871.44,8748.58,21871.44,
192,MUS-AZU-XXL,1,32320.56,12928.22,32320.56,
193,GOR-GRI-UNICO,2,28716.74,11486.7,57433.48,
193,MUS-CEL-S,1,32320.56,12928.22,32320.56,
193,MUS-AZU-M,1,32320.56,12928.22,32320.56,
193,SWE-MAR-UNICO,1,32525.33,13010.13,32525.33,
193,REM-TUR-S,1,20509.68,13673.12,20509.68,7
194,GOR-GRI-M,1,28716.74,11486.7,28716.74,
194,REM-VIO-L,1,32677.97,13071.19,32677.97,
194,CHU-NEG-M,1,33823.38,13529.35,33823.38,
194,JOG-ÍND-M,1,41361.66,16544.66,41361.66,
195,SWE-MAR-UNICO,1,32525.33,13010.13,32525.33,
195,MUS-AZU-UNICO,1,32320.56,12928.22,32320.56,
195,GOR-ROJ-S,1,28716.74,11486.7,28716.74,
195,JOG-ÍND-S,1,41361.66,16544.66,41361.66,
195,REM-VIO-L,1,32677.97,13071.19,32677.97,
196,CIN-MAR-S,2,33144.89,13257.96,66289.78,
196,CHU-NEG-XXL,1,20294.03,13529.35,20294.03,7
196,GOR-GRI-XXL,1,28716.74,11486.7,28716.74,
197,JEA-LAV-UNICO,1,21871.44,8748.58,21871.44,
197,CHU-VER-S,1,33823.38,13529.35,33823.38,
197,CIN-MAR-S,1,33144.89,13257.96,33144.89,
197,JOG-AZU-L,1,41361.66,16544.66,41361.66,
197,CHU-ÍND-XXL,1,33823.38,13529.35,33823.38,
198,CAM-BEI-UNICO,2,36700.58,14680.23,73401.16,
198,CHU-NEG-M,1,33823.38,13529.35,33823.38,
199,GOR-GRI-UNICO,1,28716.74,11486.7,28716.74,
199,JOG-ÍND-XL,1,41361.66,16544.66,41361.66,
200,CIN-MAR-S,2,33144.89,13257.96,66289.78,
200,SWE-AZU-S,1,32525.33,13010.13,32525.33,
200,MUS-CEL-S,1,32320.56,12928.22,32320.56,
201,JOG-AZU-UNICO,1,41361.66,16544.66,41361.66,
201,CHU-VER-XL,1,33823.38,13529.35,33823.38,
202,MUS-AZU-XXL,1,32320.56,12928.22,32320.56,
203,SWE-MAR-L,2,32525.33,13010.13,65050.66,
203,CHU-ÍND-L,1,33823.38,13529.35,33823.38,
204,CAM-BEI-UNICO,1,36700.58,14680.23,36700.58,
205,GOR-GRI-XXL,1,28716.74,11486.7,28716.74,
205,CIN-MAR-L,1,33144.89,13257.96,33144.89,
206,SWE-AZU-S,1,32525.33,13010.13,32525.33,
206,CAM-BEI-UNICO,1,36700.58,14680.23,36700.58,
207,JEA-LAV-UNICO,1,21871.44,8748.58,21871.44,
207,JEA-NEG-M,1,21871.44,8748.58,21871.44,
207,REM-TUR-XXL,1,34182.8,13673.12,34182.8,
207,CHU-VER-XL,1,33823.38,13529.35,33823.38,
208,MUS-AZU-M,1,32320.56,12928.22,32320.56,
208,MUS-CEL-S,1,32320.56,12928.22,32320.56,
209,MUS-AZU-M,1,32320.56,12928.22,32320.56,
209,CIN-MAR-XL,1,33144.89,13257.96,33144.89,
209,JOG-AZU-XL,1,41361.66,16544.66,41361.66,
210,JOG-CEL-UNICO,1,41361.66,16544.66,41361.66,
210,CIN-MAR-L,1,33144.89,13257.96,33144.89,
210,CHU-VER-XL,1,33823.38,13529.35,33823.38,
210,MUS-AZU-XXL,1,32320.56,12928.22,32320.56,
211,JOG-ÍND-M,1,41361.66,16544.66,41361.66,
211,CIN-ROS-UNICO,1,33144.89,13257.96,33144.89,
211,CHU-ÍND-XL,1,33823.38,13529.35,33823.38,
212,GOR-GRI-M,1,28716.74,11486.7,28716.74,
213,GOR-GRI-M,1,28716.74,11486.7,28716.74,
213,JOG-ÍND-M,1,41361.66,16544.66,41361.66,
213,JEA-NEG-XL,1,21871.44,8748.58,21871.44,
213,REM-BLA-XL,1,32677.97,13071.19,32677.97,
213,CHU-NEG-M,1,21985.2,13529.35,21985.2,8
214,REM-TUR-XXL,1,34182.8,13673.12,34182.8,
215,JOG-ÍND-XL,1,41361.66,16544.66,41361.66,
215,CIN-MAR-L,1,33144.89,13257.96,33144.89,
216,MUS-AZU-UNICO,1,32320.56,12928.22,32320.56,
216,CIN-MAR-S,1,33144.89,13257.96,33144.89,
216,CIN-TUR-XL,1,33144.89,13257.96,33144.89,
216,CHU-VER-XL,1,33823.38,13529.35,33823.38,
216,JOG-ÍND-XL,1,41361.66,16544.66,41361.66,
217,REM-TUR-XXL,1,34182.8,13673.12,34182.8,
218,CHU-ÍND-L,1,33823.38,13529.35,33823.38,
218,CHU-ÍND-L,1,27735.17,13529.35,27735.17,10
219,MUS-AZU-UNICO,1,32320.56,12928.22,32320.56,
219,CAM-BEI-L,1,36700.58,14680.23,36700.58,
219,REM-TUR-XXL,1,34182.8,13673.12,34182.8,
219,CAM-BEI-L,1,36700.58,14680.23,36700.58,
220,REM-TUR-S,2,34182.8,13673.12,68365.6,
220,REM-TUR-XXL,1,34182.8,13673.12,34182.8,
221,REM-BLA-XL,1,32677.97,13071.19,32677.97,
221,CHU-ÍND-XXL,1,33823.38,13529.35,33823.38,
221,REM-VIO-L,2,32677.97,13071.19,65355.94,
222,GOR-GRI-S,2,27916.74,11486.7,55833.48,12
222,CIN-ROS-XXL,1,33144.89,13257.96,33144.89,
222,MUS-AZU-M,1,31520.56,12928.22,31520.56,12
223,JOG-AZU-XXL,1,41361.66,16544.66,41361.66,
223,CHU-ÍND-L,1,33823.38,13529.35,33823.38,
223,JEA-NEG-M,1,21871.44,8748.58,21871.44,
224,MUS-CEL-XXL,1,32320.56,12928.22,32320.56,
224,CHU-VER-L,1,33823.38,13529.35,33823.38,
224,GOR-ROJ-UNICO,1,28716.74,11486.7,28716.74,
224,MUS-CEL-XXL,1,32320.56,12928.22,32320.56,
225,CIN-MAR-S,1,33144.89,13257.96,33144.89,
226,REM-TUR-XXL,2,34182.8,13673.12,68365.6,
226,CAM-CEL-XL,1,36700.58,14680.23,36700.58,
227,REM-BLA-UNICO,1,32677.97,13071.19,32677.97,
228,GOR-GRI-XXL,1,28716.74,11486.7,28716.74,
228,REM-BLA-XL,1,32677.97,13071.19,32677.97,
228,REM-BLA-XL,1,32677.97,13071.19,32677.97,
228,CIN-TUR-XL,1,33144.89,13257.96,33144.89,
228,MUS-CEL-S,1,32320.56,12928.22,32320.56,
229,CAM-BLA-M,1,36700.58,14680.23,36700.58,
229,GOR-GRI-M,1,28716.74,11486.7,28716.74,
229,JOG-CEL-UNICO,1,41361.66,16544.66,41361.66,
229,JEA-LAV-L,1,21871.44,8748.58,21871.44,
230,JOG-ÍND-XL,1,41361.66,16544.66,41361.66,
230,REM-VIO-L,1,32677.97,13071.19,32677.97,
230,JOG-AZU-UNICO,1,41361.66,16544.66,41361.66,
231,CIN-ROS-UNICO,1,33144.89,13257.96,33144.89,
231,CIN-TUR-UNICO,1,33144.89,13257.96,33144.89,
231,CIN-MAR-S,1,33144.89,13257.96,33144.89,
232,SWE-AZU-S,1,32525.33,13010.13,32525.33,
233,REM-BLA-UNICO,1,32677.97,13071.19,32677.97,
233,CHU-NEG-UNICO,1,33823.38,13529.35,33823.38,
233,SWE-AZU-M,1,32525.33,13010.13,32525.33,
233,CHU-ÍND-XL,1,33823.38,13529.35,33823.38,
233,CAM-BEI-UNICO,1,36700.58,14680.23,36700.58,
234,JEA-LAV-UNICO,1,21871.44,8748.58,21871.44,
234,CIN-MAR-XL,1,33144.89,13257.96,33144.89,
234,CAM-BLA-M,1,36700.58,14680.23,36700.58,
234,JEA-LAV-L,1,21871.44,8748.58,21871.44,
234,REM-VIO-XL,1,32677.97,13071.19,32677.97,
235,JEA-LAV-L,1,21871.44,8748.58,21871.44,
235,CHU-ÍND-XL,2,33823.38,13529.35,67646.76,
236,JOG-AZU-XXL,2,41361.66,16544.66,82723.32,
236,JOG-AZU-XXL,1,41361.66,16544.66,41361.66,
236,GOR-GRI-M,1,28716.74,11486.7,28716.74,
236,REM-BLA-XL,1,32677.97,13071.19,32677.97,
236,CHU-NEG-S,1,33823.38,13529.35,33823.38,
237,CIN-MAR-M,1,33144.89,13257.96,33144.89,
237,CHU-NEG-S,1,33823.38,13529.35,33823.38,
237,CHU-ÍND-L,1,33823.38,13529.35,33823.38,
237,JOG-ÍND-S,1,41361.66,16544.66,41361.66,
237,REM-TUR-XXL,2,34182.8,13673.12,68365.6,
238,CHU-NEG-M,1,33823.38,13529.35,33823.38,
238,MUS-CEL-S,2,32320.56,12928.22,64641.12,
238,JEA-NEG-XL,1,21871.44,8748.58,21871.44,
238,REM-BLA-S,1,32677.97,13071.19,32677.97,
238,CAM-BEI-S,1,36700.58,14680.23,36700.58,
239,MUS-AZU-UNICO,1,32320.56,12928.22,32320.56,
239,MUS-CEL-S,1,32320.56,12928.22,32320.56,
240,CIN-MAR-M,1,33144.89,13257.96,33144.89,
240,BUZ-AZU-M,1,29569.23,11827.69,29569.23,
240,CIN-MAR-S,1,33144.89,13257.96,33144.89,
240,CIN-MAR-L,1,33144.89,13257.96,33144.89,
241,REM-CEL-XXL,1,34182.8,13673.12,34182.8,
241,MUS-AZU-UNICO,1,32320.56,12928.22,32320.56,
241,JEA-LAV-UNICO,1,21871.44,8748.58,21871.44,
242,SWE-MAR-UNICO,2,32525.33,13010.13,65050.66,
243,BUZ-AZU-UNICO,1,29569.23,11827.69,29569.23,
243,GOR-GRI-XXL,1,28716.74,11486.7,28716.74,
244,REM-VIO-M,1,32677.97,13071.19,32677.97,
244,CAM-BEI-L,1,36700.58,14680.23,36700.58,
245,JOG-AZU-L,2,41361.66,16544.66,82723.32,
245,MUS-CEL-M,1,32320.56,12928.22,32320.56,
246,CHU-NEG-XXL,1,33823.38,13529.35,33823.38,
246,CHU-NEG-XXL,1,33823.38,13529.35,33823.38,
247,MUS-CEL-S,1,32320.56,12928.22,32320.56,
248,CHU-NEG-XXL,1,33823.38,13529.35,33823.38,
248,GOR-GRI-L,1,28716.74,11486.7,28716.74,
248,SWE-MAR-L,1,32525.33,13010.13,32525.33,
248,JOG-AZU-XL,1,41361.66,16544.66,41361.66,
248,REM-VIO-M,1,32677.97,13071.19,32677.97,
249,CHU-NEG-UNICO,1,33823.38,13529.35,33823.38,
249,JEA-LAV-UNICO,1,21871.44,8748.58,21871.44,
250,CAM-CEL-XL,1,36700.58,14680.23,36700.58,
250,MUS-AZU-XXL,1,32320.56,12928.22,32320.56,
250,GOR-GRI-M,1,28716.74,11486.7,28716.74,
250,CAM-BEI-UNICO,1,36700.58,14680.23,36700.58,
250,REM-TUR-XXL,1,34182.8,13673.12,34182.8,
251,CIN-MAR-L,1,33144.89,13257.96,33144.89,
251,MUS-AZU-XXL,2,32320.56,12928.22,64641.12,
251,MUS-AZU-XXL,1,32320.56,12928.22,32320.56,
251,CAM-BEI-S,1,36700.58,14680.23,36700.58,
251,GOR-ROJ-UNICO,1,28716.74,11486.7,28716.74,
252,CAM-BLA-M,1,36700.58,14680.23,36700.58,
253,REM-TUR-XXL,1,34182.8,13673.12,34182.8,
253,CIN-MAR-XL,1,33144.89,13257.96,33144.89,
253,CHU-ÍND-L,1,33823.38,13529.35,33823.38,
254,CAM-CEL-XL,1,36700.58,14680.23,36700.58,
254,MUS-AZU-XXL,1,32320.56,12928.22,32320.56,
254,JOG-CEL-UNICO,2,41361.66,16544.66,82723.32,
255,CHU-VER-XL,1,33823.38,13529.35,33823.38,
256,JEA-NEG-M,1,21871.44,8748.58,21871.44,
257,GOR-GRI-L,2,28716.74,11486.7,57433.48,
257,GOR-GRI-S,1,28716.74,11486.7,28716.74,
257,JOG-AZU-UNICO,1,41361.66,16544.66,41361.66,
257,CAM-CEL-XL,1,36700.58,14680.23,36700.58,
258,CHU-ÍND-XXL,1,27735.17,13529.35,27735.17,10
259,CIN-MAR-L,1,33144.89,13257.96,33144.89,
260,CAM-BEI-UNICO,1,36700.58,14680.23,36700.58,
260,JOG-ÍND-XL,1,41361.66,16544.66,41361.66,
260,SWE-AZU-S,1,32525.33,13010.13,32525.33,
261,CIN-ROS-XXL,2,33144.89,13257.96,66289.78,
261,JOG-ÍND-M,1,41361.66,16544.66,41361.66,
261,GOR-GRI-L,1,28716.74,11486.7,28716.74,
261,CHU-NEG-S,1,33823.38,13529.35,33823.38,
261,BUZ-AZU-M,1,29569.23,11827.69,29569.23,
262,MUS-CEL-S,1,32320.56,12928.22,32320.56,
262,CHU-ÍND-L,1,33823.38,13529.35,33823.38,
263,JOG-AZU-XXL,1,41361.66,16544.66,41361.66,
263,BUZ-AZU-L,1,29569.23,11827.69,29569.23,
263,CIN-MAR-S,1,33144.89,13257.96,33144.89,
263,CHU-NEG-XXL,1,33823.38,13529.35,33823.38,
264,REM-VIO-XL,1,32677.97,13071.19,32677.97,
264,GOR-ROJ-UNICO,1,28716.74,11486.7,28716.74,
264,GOR-GRI-XXL,1,28716.74,11486.7,28716.74,
265,JOG-ÍND-XL,1,41361.66,16544.66,41361.66,
265,CIN-ROS-XXL,1,33144.89,13257.96,33144.89,
265,MUS-CEL-S,1,32320.56,12928.22,32320.56,
265,CIN-MAR-S,1,33144.89,13257.96,33144.89,
266,JOG-AZU-XXL,1,41361.66,16544.66,41361.66,
266,JEA-NEG-XL,1,21871.44,8748.58,21871.44,
266,SWE-AZU-M,2,32525.33,13010.13,65050.66,
266,SWE-MAR-M,1,32525.33,13010.13,32525.33,
266,CHU-ÍND-L,1,33823.38,13529.35,33823.38,
267,CIN-TUR-UNICO,1,33144.89,13257.96,33144.89,
267,MUS-AZU-UNICO,1,32320.56,12928.22,32320.56,
268,REM-TUR-S,1,34182.8,13673.12,34182.8,
268,CAM-BEI-UNICO,1,36700.58,14680.23,36700.58,
268,SWE-MAR-UNICO,1,32525.33,13010.13,32525.33,
269,REM-VIO-M,1,32677.97,13071.19,32677.97,
269,CHU-NEG-XXL,2,33823.38,13529.35,67646.76,
270,CIN-MAR-L,1,33144.89,13257.96,33144.89,
270,MUS-AZU-UNICO,2,32320.56,12928.22,64641.12,
270,CHU-NEG-S,1,33823.38,13529.35,33823.38,
271,REM-VIO-M,1,32677.97,13071.19,32677.97,
271,CIN-MAR-L,1,33144.89,13257.96,33144.89,
271,REM-BLA-XL,1,32677.97,13071.19,32677.97,
272,CHU-NEG-S,1,33823.38,13529.35,33823.38,
272,JEA-LAV-L,1,21871.44,8748.58,21871.44,
272,CIN-TUR-UNICO,1,33144.89,13257.96,33144.89,
272,JOG-CEL-UNICO,1,41361.66,16544.66,41361.66,
272,MUS-AZU-XXL,1,32320.56,12928.22,32320.56,
273,CIN-MAR-XL,1,33144.89,13257.96,33144.89,
273,JOG-CEL-UNICO,1,41361.66,16544.66,41361.66,
273,MUS-AZU-UNICO,1,32320.56,12928.22,32320.56,
273,GOR-GRI-XXL,1,28716.74,11486.7,28716.74,
273,CHU-NEG-M,1,33823.38,13529.35,33823.38,
274,CIN-MAR-XL,2,33144.89,13257.96,66289.78,
274,JOG-ÍND-S,1,41361.66,16544.66,41361.66,
275,MUS-AZU-UNICO,1,32320.56,12928.22,32320.56,
275,MUS-AZU-UNICO,1,32320.56,12928.22,32320.56,
276,MUS-AZU-M,1,32320.56,12928.22,32320.56,
276,CHU-NEG-M,1,33823.38,13529.35,33823.38,
276,CAM-BEI-UNICO,1,36700.58,14680.23,36700.58,
276,BUZ-AZU-M,1,29569.23,11827.69,29569.23,
277,SWE-MAR-UNICO,1,32525.33,13010.13,32525.33,
277,CAM-CEL-XL,1,36700.58,14680.23,36700.58,
277,MUS-AZU-XXL,1,32320.56,12928.22,32320.56,
278,GOR-GRI-M,1,28716.74,11486.7,28716.74,
278,CIN-MAR-XL,1,33144.89,13257.96,33144.89,
278,CIN-MAR-XL,1,33144.89,13257.96,33144.89,
278,MUS-AZU-UNICO,1,32320.56,12928.22,32320.56,
279,CIN-TUR-XL,1,33144.89,13257.96,33144.89,
279,GOR-GRI-XXL,1,28716.74,11486.7,28716.74,
279,REM-CEL-XXL,1,34182.8,13673.12,34182.8,
279,JEA-NEG-M,1,21871.44,8748.58,21871.44,
279,CIN-MAR-M,1,33144.89,13257.96,33144.89,
280,CIN-ROS-XXL,1,33144.89,13257.96,33144.89,
280,GOR-GRI-S,1,28716.74,11486.7,28716.74,
280,GOR-ROJ-S,1,28716.74,11486.7,28716.74,
280,CAM-BEI-L,1,36700.58,14680.23,36700.58,
280,GOR-GRI-UNICO,1,28716.74,11486.7,28716.74,
281,CIN-TUR-UNICO,1,33144.89,13257.96,33144.89,
281,BUZ-AZU-UNICO,1,29569.23,11827.69,29569.23,
282,GOR-GRI-S,1,28716.74,11486.7,28716.74,
283,CHU-ÍND-XXL,1,33823.38,13529.35,33823.38,
283,CAM-BEI-UNICO,1,36700.58,14680.23,36700.58,
283,CAM-BEI-UNICO,1,36700.58,14680.23,36700.58,
283,BUZ-AZU-M,1,29569.23,11827.69,29569.23,
284,CIN-MAR-XL,1,32344.89,13257.96,32344.89,12
284,CIN-MAR-S,1,33144.89,13257.96,33144.89,
284,CIN-ROS-XXL,2,33144.89,13257.96,66289.78,
284,MUS-AZU-M,1,32320.56,12928.22,32320.56,
284,SWE-AZU-S,1,32525.33,13010.13,32525.33,
285,CHU-VER-XL,1,33823.38,13529.35,33823.38,
286,SWE-AZU-S,1,32525.33,13010.13,32525.33,
286,CIN-MAR-L,1,33144.89,13257.96,33144.89,
287,JOG-ÍND-S,1,41361.66,16544.66,41361.66,
287,JEA-LAV-L,1,21871.44,8748.58,21871.44,
288,CIN-MAR-S,1,33144.89,13257.96,33144.89,
288,CIN-TUR-XL,1,33144.89,13257.96,33144.89,
288,MUS-AZU-M,1,32320.56,12928.22,32320.56,
288,GOR-GRI-XXL,1,28716.74,11486.7,28716.74,
288,CIN-TUR-UNICO,2,33144.89,13257.96,66289.78,
289,CAM-BEI-L,1,36700.58,14680.23,36700.58,
289,CIN-TUR-UNICO,2,33144.89,13257.96,66289.78,
289,CHU-NEG-S,1,33823.38,13529.35,33823.38,
289,JOG-ÍND-XL,2,41361.66,16544.66,82723.32,
289,SWE-AZU-S,1,32525.33,13010.13,32525.33,
290,CHU-NEG-S,1,33823.38,13529.35,33823.38,
290,CAM-CEL-XL,1,36700.58,14680.23,36700.58,
290,JEA-LAV-L,2,21871.44,8748.58,43742.88,
290,CHU-VER-XL,1,33823.38,13529.35,33823.38,
290,CAM-BEI-L,1,36700.58,14680.23,36700.58,
291,JOG-ÍND-S,1,41361.66,16544.66,41361.66,
291,SWE-MAR-L,1,32525.33,13010.13,32525.33,
291,CIN-TUR-XL,1,33144.89,13257.96,33144.89,
291,SWE-AZU-M,1,32525.33,13010.13,32525.33,
291,REM-BLA-UNICO,1,32677.97,13071.19,32677.97,
292,GOR-GRI-M,1,28716.74,11486.7,28716.74,
292,SWE-MAR-L,1,32525.33,13010.13,32525.33,
293,GOR-ROJ-L,1,28716.74,11486.7,28716.74,
293,JOG-CEL-L,1,33916.56,16544.66,33916.56,9
294,SWE-MAR-L,1,32525.33,13010.13,32525.33,
294,JOG-ÍND-S,1,41361.66,16544.66,41361.66,
295,JOG-AZU-L,1,41361.66,16544.66,41361.66,
295,REM-BLA-S,1,29410.17,13071.19,29410.17,2
296,CHU-ÍND-XL,1,33823.38,13529.35,33823.38,
296,CAM-BEI-UNICO,1,36700.58,14680.23,36700.58,
296,MUS-AZU-XXL,1,32320.56,12928.22,32320.56,
296,CHU-NEG-M,1,33823.38,13529.35,33823.38,
296,CIN-MAR-L,2,33144.89,13257.96,66289.78,
297,JOG-ÍND-S,1,41361.66,16544.66,41361.66,
298,BUZ-AZU-M,1,29569.23,11827.69,29569.23,
299,CIN-MAR-L,2,33144.89,13257.96,66289.78,
299,REM-TUR-S,1,34182.8,13673.12,34182.8,
299,JOG-CEL-UNICO,1,41361.66,16544.66,41361.66,
299,GOR-GRI-S,1,28716.74,11486.7,28716.74,
299,GOR-GRI-UNICO,1,28716.74,11486.7,28716.74,
300,CHU-NEG-S,1,33823.38,13529.35,33823.38,
300,JOG-CEL-UNICO,1,41361.66,16544.66,41361.66,
300,BUZ-AZU-M,1,29569.23,11827.69,29569.23,
300,JOG-ÍND-M,1,41361.66,16544.66,41361.66,
301,CIN-MAR-M,1,33144.89,13257.96,33144.89,
301,MUS-CEL-S,1,32320.56,12928.22,32320.56,
301,REM-TUR-S,1,34182.8,13673.12,34182.8,
302,CIN-MAR-M,1,33144.89,13257.96,33144.89,
302,CAM-BLA-M,1,36700.58,14680.23,36700.58,
302,REM-BLA-XL,1,32677.97,13071.19,32677.97,
302,JEA-LAV-L,1,21871.44,8748.58,21871.44,
302,CIN-MAR-XL,1,33144.89,13257.96,33144.89,
303,JOG-AZU-UNICO,2,41361.66,16544.66,82723.32,
303,GOR-GRI-M,1,28716.74,11486.7,28716.74,
303,GOR-GRI-XXL,1,28716.74,11486.7,28716.74,
303,REM-CEL-XXL,1,34182.8,13673.12,34182.8,
303,JEA-LAV-L,1,21871.44,8748.58,21871.44,
304,MUS-CEL-S,1,32320.56,12928.22,32320.56,
304,CIN-MAR-M,1,33144.89,13257.96,33144.89,
304,SWE-MAR-XXL,1,32525.33,13010.13,32525.33,
304,REM-VIO-L,1,32677.97,13071.19,32677.97,
304,JEA-LAV-UNICO,1,21871.44,8748.58,21871.44,
305,JEA-NEG-XL,1,10935.72,8748.58,10935.72,11
306,SWE-MAR-L,2,32525.33,13010.13,65050.66,
306,JEA-NEG-M,1,21871.44,8748.58,21871.44,
307,BUZ-AZU-UNICO,1,29569.23,11827.69,29569.23,
307,REM-BLA-XL,1,32677.97,13071.19,32677.97,
307,REM-BLA-XL,1,32677.97,13071.19,32677.97,
307,JEA-NEG-M,1,21871.44,8748.58,21871.44,
307,SWE-MAR-UNICO,2,32525.33,13010.13,65050.66,
308,CAM-BLA-M,1,36700.58,14680.23,36700.58,
308,GOR-ROJ-UNICO,1,28716.74,11486.7,28716.74,
308,GOR-GRI-M,1,28716.74,11486.7,28716.74,
309,CAM-BEI-S,1,36700.58,14680.23,36700.58,
310,SWE-AZU-S,1,32525.33,13010.13,32525.33,
310,JOG-ÍND-S,1,41361.66,16544.66,41361.66,
310,SWE-MAR-UNICO,1,32525.33,13010.13,32525.33,
311,CHU-ÍND-L,1,33823.38,13529.35,33823.38,
311,CIN-MAR-S,1,33144.89,13257.96,33144.89,
311,MUS-AZU-M,1,32320.56,12928.22,32320.56,
311,GOR-GRI-UNICO,1,28716.74,11486.7,28716.74,
311,CIN-ROS-XXL,1,33144.89,13257.96,33144.89,
312,CAM-BLA-S,1,36700.58,14680.23,36700.58,
312,CIN-MAR-M,1,33144.89,13257.96,33144.89,
313,REM-TUR-XXL,1,34182.8,13673.12,34182.8,
313,GOR-GRI-XXL,1,28716.74,11486.7,28716.74,
313,SWE-MAR-UNICO,1,32525.33,13010.13,32525.33,
313,JEA-LAV-L,1,21871.44,8748.58,21871.44,
313,GOR-GRI-UNICO,1,28716.74,11486.7,28716.74,
314,JOG-AZU-UNICO,1,40561.66,16544.66,40561.66,12
315,CAM-BLA-M,1,36700.58,14680.23,36700.58,
316,CAM-BLA-S,1,36700.58,14680.23,36700.58,
316,REM-BLA-S,1,32677.97,13071.19,32677.97,
316,CHU-VER-L,1,33823.38,13529.35,33823.38,
316,CAM-BEI-UNICO,1,36700.58,14680.23,36700.58,
317,JOG-AZU-L,1,41361.66,16544.66,41361.66,
317,CHU-ÍND-L,1,33823.38,13529.35,33823.38,
317,MUS-CEL-XXL,1,32320.56,12928.22,32320.56,
317,SWE-AZU-XXL,1,32525.33,13010.13,32525.33,
317,MUS-CEL-M,1,32320.56,12928.22,32320.56,
318,REM-CEL-XXL,1,34182.8,13673.12,34182.8,
318,CAM-BLA-M,1,36700.58,14680.23,36700.58,
319,GOR-GRI-S,2,28716.74,11486.7,57433.48,
319,CIN-TUR-UNICO,1,33144.89,13257.96,33144.89,
320,CHU-VER-L,1,33823.38,13529.35,33823.38,
320,CIN-TUR-UNICO,1,27178.81,13257.96,27178.81,9
321,CAM-BEI-L,1,36700.58,14680.23,36700.58,
321,REM-CEL-XXL,1,34182.8,13673.12,34182.8,
321,GOR-GRI-UNICO,1,28716.74,11486.7,28716.74,
321,JEA-LAV-UNICO,1,21871.44,8748.58,21871.44,
322,CIN-MAR-M,1,33144.89,13257.96,33144.89,
322,CIN-TUR-UNICO,1,33144.89,13257.96,33144.89,
322,REM-TUR-XXL,1,34182.8,13673.12,34182.8,
322,CIN-MAR-XL,1,33144.89,13257.96,33144.89,
323,CIN-ROS-UNICO,1,33144.89,13257.96,33144.89,
323,MUS-CEL-S,1,32320.56,12928.22,32320.56,
324,JEA-NEG-M,1,21871.44,8748.58,21871.44,
324,REM-TUR-XXL,1,34182.8,13673.12,34182.8,
324,MUS-AZU-XXL,1,32320.56,12928.22,32320.56,
325,GOR-GRI-L,1,28716.74,11486.7,28716.74,
325,CHU-ÍND-XL,1,33823.38,13529.35,33823.38,
325,JOG-ÍND-XL,1,41361.66,16544.66,41361.66,
325,GOR-ROJ-UNICO,1,28716.74,11486.7,28716.74,
326,CAM-BEI-L,1,36700.58,14680.23,36700.58,
326,JOG-AZU-XL,1,41361.66,16544.66,41361.66,
327,REM-VIO-XL,1,32677.97,13071.19,32677.97,
327,JOG-AZU-UNICO,1,41361.66,16544.66,41361.66,
328,JEA-NEG-XL,1,21871.44,8748.58,21871.44,
329,REM-VIO-M,1,32677.97,13071.19,32677.97,
329,SWE-AZU-M,1,32525.33,13010.13,32525.33,
329,CIN-MAR-XL,1,33144.89,13257.96,33144.89,
329,CHU-ÍND-XL,1,33823.38,13529.35,33823.38,
329,CHU-VER-XL,1,33823.38,13529.35,33823.38,
330,CHU-ÍND-L,1,33823.38,13529.35,33823.38,
330,REM-TUR-S,2,30764.52,13673.12,61529.04,3
330,SWE-MAR-M,1,32525.33,13010.13,32525.33,
330,CHU-NEG-XXL,1,33823.38,13529.35,33823.38,
330,REM-BLA-S,2,32677.97,13071.19,65355.94,
331,CHU-VER-S,1,33823.38,13529.35,33823.38,
331,SWE-MAR-S,1,32525.33,13010.13,32525.33,
332,MUS-AZU-XXL,1,32320.56,12928.22,32320.56,
332,CHU-NEG-M,1,33823.38,13529.35,33823.38,
332,GOR-GRI-L,1,28716.74,11486.7,28716.74,
333,SWE-MAR-L,1,32525.33,13010.13,32525.33,
333,REM-TUR-XXL,1,34182.8,13673.12,34182.8,
333,CHU-NEG-S,1,33823.38,13529.35,33823.38,
333,SWE-MAR-L,1,32525.33,13010.13,32525.33,
334,REM-VIO-XXL,1,32677.97,13071.19,32677.97,
334,GOR-GRI-XXL,1,28716.74,11486.7,28716.74,
334,REM-VIO-M,1,32677.97,13071.19,32677.97,
335,CIN-MAR-XL,2,33144.89,13257.96,66289.78,
335,CHU-ÍND-L,1,33823.38,13529.35,33823.38,
336,JOG-ÍND-XL,1,41361.66,16544.66,41361.66,
336,MUS-AZU-XXL,1,32320.56,12928.22,32320.56,
336,MUS-AZU-UNICO,1,32320.56,12928.22,32320.56,
336,CIN-MAR-L,1,33144.89,13257.96,33144.89,
336,REM-TUR-XXL,1,34182.8,13673.12,34182.8,
337,JOG-ÍND-S,1,41361.66,16544.66,41361.66,
337,CIN-MAR-S,1,33144.89,13257.96,33144.89,
337,JEA-NEG-UNICO,1,21871.44,8748.58,21871.44,
337,CIN-ROS-XXL,2,16572.44,13257.96,33144.88,11
337,SWE-MAR-UNICO,1,32525.33,13010.13,32525.33,
338,SWE-MAR-M,1,32525.33,13010.13,32525.33,
339,CAM-BLA-M,2,36700.58,14680.23,73401.16,
339,JOG-CEL-UNICO,1,41361.66,16544.66,41361.66,
339,BUZ-AZU-M,1,29569.23,11827.69,29569.23,
340,MUS-CEL-S,1,32320.56,12928.22,32320.56,
340,GOR-ROJ-UNICO,1,17230.04,11486.7,17230.04,7
340,CIN-TUR-UNICO,1,33144.89,13257.96,33144.89,
340,JOG-CEL-UNICO,1,41361.66,16544.66,41361.66,
341,CIN-TUR-UNICO,1,33144.89,13257.96,33144.89,
341,GOR-GRI-XXL,1,28716.74,11486.7,28716.74,
341,CIN-TUR-XL,1,33144.89,13257.96,33144.89,
341,REM-BLA-XL,1,32677.97,13071.19,32677.97,
341,JEA-NEG-M,1,21871.44,8748.58,21871.44,
342,JOG-ÍND-XL,1,41361.66,16544.66,41361.66,
342,CHU-NEG-M,1,33823.38,13529.35,33823.38,
342,CAM-BEI-L,1,36700.58,14680.23,36700.58,
343,CAM-BEI-UNICO,1,36700.58,14680.23,36700.58,
343,SWE-MAR-XXL,1,32525.33,13010.13,32525.33,
343,JOG-CEL-L,1,41361.66,16544.66,41361.66,
344,MUS-AZU-UNICO,1,32320.56,12928.22,32320.56,
345,BUZ-AZU-M,1,29569.23,11827.69,29569.23,
345,JOG-ÍND-XL,1,41361.66,16544.66,41361.66,
345,GOR-ROJ-UNICO,2,28716.74,11486.7,57433.48,
346,JEA-LAV-UNICO,1,21871.44,8748.58,21871.44,
347,MUS-AZU-XXL,1,32320.56,12928.22,32320.56,
347,JEA-NEG-M,1,21871.44,8748.58,21871.44,
347,GOR-GRI-UNICO,1,28716.74,11486.7,28716.74,
347,JOG-ÍND-M,1,41361.66,16544.66,41361.66,
347,GOR-GRI-M,1,28716.74,11486.7,28716.74,
348,CIN-ROS-XXL,1,33144.89,13257.96,33144.89,
348,JOG-ÍND-XL,1,40561.66,16544.66,40561.66,12
348,GOR-GRI-M,1,28716.74,11486.7,28716.74,
349,CHU-NEG-S,1,33823.38,13529.35,33823.38,
349,GOR-ROJ-UNICO,1,28716.74,11486.7,28716.74,
349,SWE-MAR-UNICO,1,32525.33,13010.13,32525.33,
349,CAM-CEL-XL,1,36700.58,14680.23,36700.58,
349,CIN-TUR-XL,1,33144.89,13257.96,33144.89,
350,CAM-BEI-UNICO,1,36700.58,14680.23,36700.58,
350,CAM-CEL-XL,1,36700.58,14680.23,36700.58,
350,CIN-MAR-M,1,33144.89,13257.96,33144.89,
350,CIN-MAR-M,1,33144.89,13257.96,33144.89,
351,GOR-GRI-L,1,28716.74,11486.7,28716.74,
351,CIN-MAR-XL,1,33144.89,13257.96,33144.89,
352,JOG-CEL-UNICO,1,41361.66,16544.66,41361.66,
352,BUZ-AZU-UNICO,1,29569.23,11827.69,29569.23,
353,REM-CEL-XXL,1,34182.8,13673.12,34182.8,
353,MUS-AZU-UNICO,1,32320.56,12928.22,32320.56,
353,MUS-CEL-S,1,32320.56,12928.22,32320.56,
353,CIN-MAR-XL,1,33144.89,13257.96,33144.89,
353,MUS-AZU-M,1,32320.56,12928.22,32320.56,
354,REM-VIO-M,1,32677.97,13071.19,32677.97,
354,CHU-ÍND-XXL,1,33823.38,13529.35,33823.38,
354,MUS-AZU-M,1,22624.39,12928.22,22624.39,5
354,SWE-MAR-UNICO,1,22767.73,13010.13,22767.73,5
355,GOR-GRI-UNICO,2,28716.74,11486.7,57433.48,
355,CAM-CEL-XL,1,36700.58,14680.23,36700.58,
355,CHU-VER-XL,2,33823.38,13529.35,67646.76,
355,MUS-AZU-XXL,1,32320.56,12928.22,32320.56,
355,REM-CEL-XXL,1,34182.8,13673.12,34182.8,
356,REM-VIO-XL,1,32677.97,13071.19,32677.97,
356,CHU-NEG-UNICO,2,33823.38,13529.35,67646.76,
356,CHU-NEG-XL,1,33823.38,13529.35,33823.38,
357,REM-CEL-XXL,1,34182.8,13673.12,34182.8,
358,JOG-ÍND-M,1,41361.66,16544.66,41361.66,
358,CAM-BLA-XL,1,36700.58,14680.23,36700.58,
359,GOR-ROJ-UNICO,1,28716.74,11486.7,28716.74,
359,CAM-BEI-S,1,36700.58,14680.23,36700.58,
360,GOR-ROJ-UNICO,1,28716.74,11486.7,28716.74,
361,GOR-GRI-L,1,28716.74,11486.7,28716.74,
361,CIN-MAR-XL,1,33144.89,13257.96,33144.89,
361,CIN-MAR-S,1,33144.89,13257.96,33144.89,
362,REM-CEL-XXL,1,34182.8,13673.12,34182.8,
362,JOG-ÍND-S,1,41361.66,16544.66,41361.66,
363,CIN-MAR-L,1,33144.89,13257.96,33144.89,
363,GOR-GRI-L,1,28716.74,11486.7,28716.74,
363,JOG-CEL-UNICO,1,41361.66,16544.66,41361.66,
363,CIN-TUR-XL,1,33144.89,13257.96,33144.89,
363,MUS-AZU-UNICO,1,32320.56,12928.22,32320.56,
364,CIN-MAR-M,1,33144.89,13257.96,33144.89,
365,JOG-ÍND-M,1,41361.66,16544.66,41361.66,
366,MUS-AZU-UNICO,1,32320.56,12928.22,32320.56,
366,CIN-ROS-XXL,1,33144.89,13257.96,33144.89,
366,MUS-AZU-UNICO,1,32320.56,12928.22,32320.56,
366,CAM-BEI-UNICO,1,36700.58,14680.23,36700.58,
367,JOG-ÍND-M,1,41361.66,16544.66,41361.66,
368,GOR-GRI-XXL,1,28716.74,11486.7,28716.74,
368,MUS-AZU-XXL,1,32320.56,12928.22,32320.56,
368,GOR-GRI-M,1,28716.74,11486.7,28716.74,
368,SWE-MAR-UNICO,1,32525.33,13010.13,32525.33,
368,BUZ-AZU-UNICO,1,29569.23,11827.69,29569.23,
369,JOG-ÍND-S,1,41361.66,16544.66,41361.66,
369,JOG-ÍND-S,1,41361.66,16544.66,41361.66,
369,BUZ-AZU-M,1,29569.23,11827.69,29569.23,
370,GOR-GRI-S,1,28716.74,11486.7,28716.74,
370,JOG-AZU-XXL,2,24817.0,16544.66,49634.0,7
370,CHU-ÍND-XL,1,33823.38,13529.35,33823.38,
370,CIN-MAR-M,1,33144.89,13257.96,33144.89,
370,JEA-LAV-UNICO,1,21871.44,8748.58,21871.44,
371,REM-VIO-L,1,32677.97,13071.19,32677.97,
372,JOG-AZU-UNICO,1,41361.66,16544.66,41361.66,
372,MUS-AZU-UNICO,1,32320.56,12928.22,32320.56,
373,GOR-GRI-XXL,1,28716.74,11486.7,28716.74,
373,MUS-AZU-XXL,1,32320.56,12928.22,32320.56,
374,CAM-BEI-UNICO,1,36700.58,14680.23,36700.58,
374,MUS-AZU-M,1,32320.56,12928.22,32320.56,
374,JEA-NEG-M,1,21871.44,8748.58,21871.44,
375,CIN-ROS-XXL,1,33144.89,13257.96,33144.89,
375,CAM-CEL-XL,1,36700.58,14680.23,36700.58,
375,CHU-NEG-XXL,1,33823.38,13529.35,33823.38,
376,JOG-AZU-UNICO,1,33916.56,16544.66,33916.56,9
376,MUS-AZU-M,1,32320.56,12928.22,32320.56,
376,GOR-GRI-M,1,23547.73,11486.7,23547.73,9
376,JEA-LAV-L,1,21871.44,8748.58,21871.44,
377,MUS-AZU-M,1,32320.56,12928.22,32320.56,
377,BUZ-AZU-M,1,29569.23,11827.69,29569.23,
378,CAM-BLA-S,1,36700.58,14680.23,36700.58,
378,REM-VIO-L,1,32677.97,13071.19,32677.97,
378,CHU-ÍND-XXL,2,33823.38,13529.35,67646.76,
379,JEA-NEG-XL,1,21871.44,8748.58,21871.44,
379,MUS-CEL-M,1,32320.56,12928.22,32320.56,
379,JEA-NEG-UNICO,1,21871.44,8748.58,21871.44,
380,CIN-MAR-S,1,33144.89,13257.96,33144.89,
380,JEA-NEG-M,1,21871.44,8748.58,21871.44,
381,CAM-CEL-XL,1,36700.58,14680.23,36700.58,
382,JOG-CEL-UNICO,1,41361.66,16544.66,41361.66,
382,REM-TUR-XXL,1,34182.8,13673.12,34182.8,
382,CAM-BEI-L,1,30094.48,14680.23,30094.48,9
382,CHU-NEG-XXL,2,33823.38,13529.35,67646.76,
382,MUS-AZU-XXL,2,32320.56,12928.22,64641.12,
383,REM-VIO-XXL,1,32677.97,13071.19,32677.97,
384,GOR-GRI-L,1,28716.74,11486.7,28716.74,
384,BUZ-AZU-M,1,29569.23,11827.69,29569.23,
384,REM-VIO-L,1,32677.97,13071.19,32677.97,
385,REM-VIO-XXL,1,32677.97,13071.19,32677.97,
385,CAM-BLA-M,2,36700.58,14680.23,73401.16,
386,JOG-ÍND-M,2,41361.66,16544.66,82723.32,
386,CIN-ROS-L,1,33144.89,13257.96,33144.89,
386,CIN-MAR-S,1,33144.89,13257.96,33144.89,
386,JEA-LAV-UNICO,1,21871.44,8748.58,21871.44,
387,REM-BLA-S,1,32677.97,13071.19,32677.97,
387,JEA-LAV-UNICO,1,21871.44,8748.58,21871.44,
387,JEA-NEG-M,1,21871.44,8748.58,21871.44,
388,CIN-MAR-XL,1,33144.89,13257.96,33144.89,
388,MUS-AZU-UNICO,1,32320.56,12928.22,32320.56,
389,REM-VIO-L,1,32677.97,13071.19,32677.97,
389,GOR-ROJ-S,1,28716.74,11486.7,28716.74,
390,REM-BLA-S,1,32677.97,13071.19,32677.97,
390,CHU-NEG-S,1,27735.17,13529.35,27735.17,10
390,CIN-MAR-XL,1,33144.89,13257.96,33144.89,
390,MUS-CEL-S,1,26502.86,12928.22,26502.86,10
391,BUZ-AZU-UNICO,1,29569.23,11827.69,29569.23,
391,CAM-BLA-XL,1,36700.58,14680.23,36700.58,
391,CIN-TUR-XL,1,33144.89,13257.96,33144.89,
391,REM-VIO-M,1,32677.97,13071.19,32677.97,
392,JOG-ÍND-M,1,41361.66,16544.66,41361.66,
392,GOR-GRI-L,2,28716.74,11486.7,57433.48,
392,JEA-LAV-UNICO,1,21871.44,8748.58,21871.44,
392,JOG-ÍND-M,1,41361.66,16544.66,41361.66,
392,CIN-TUR-UNICO,1,33144.89,13257.96,33144.89,
393,CIN-MAR-L,1,33144.89,13257.96,33144.89,
393,JOG-AZU-XL,1,41361.66,16544.66,41361.66,
393,MUS-AZU-XXL,1,32320.56,12928.22,32320.56,
393,SWE-MAR-L,1,32525.33,13010.13,32525.33,
393,CHU-VER-XL,1,27735.17,13529.35,27735.17,10
394,REM-VIO-XXL,1,32677.97,13071.19,32677.97,
395,SWE-MAR-UNICO,1,32525.33,13010.13,32525.33,
395,CIN-MAR-L,1,33144.89,13257.96,33144.89,
395,CHU-NEG-S,1,33823.38,13529.35,33823.38,
395,GOR-GRI-S,1,28716.74,11486.7,28716.74,
396,JOG-ÍND-M,1,41361.66,16544.66,41361.66,
396,MUS-CEL-S,1,32320.56,12928.22,32320.56,
396,CHU-ÍND-L,1,33823.38,13529.35,33823.38,
396,JOG-CEL-UNICO,1,41361.66,16544.66,41361.66,
397,CHU-NEG-XL,1,33823.38,13529.35,33823.38,
397,GOR-ROJ-UNICO,1,28716.74,11486.7,28716.74,
398,JEA-LAV-UNICO,1,21871.44,8748.58,21871.44,
399,MUS-AZU-UNICO,1,32320.56,12928.22,32320.56,
399,SWE-AZU-M,2,32525.33,13010.13,65050.66,
399,JEA-NEG-M,1,21871.44,8748.58,21871.44,
400,CIN-MAR-S,1,21544.18,13257.96,21544.18,8
400,JOG-ÍND-XL,1,41361.66,16544.66,41361.66,
400,REM-BLA-XL,1,32677.97,13071.19,32677.97,
400,REM-BLA-XL,1,21240.68,13071.19,21240.68,8
401,GOR-ROJ-S,1,28716.74,11486.7,28716.74,
402,CIN-MAR-XL,1,33144.89,13257.96,33144.89,
402,CIN-TUR-XL,2,33144.89,13257.96,66289.78,
402,JEA-LAV-L,1,21871.44,8748.58,21871.44,
402,GOR-ROJ-L,1,18665.88,11486.7,18665.88,8
403,GOR-GRI-XXL,2,28716.74,11486.7,57433.48,
403,CAM-BEI-UNICO,1,36700.58,14680.23,36700.58,
404,CIN-MAR-M,1,33144.89,13257.96,33144.89,
404,CHU-NEG-XXL,1,33823.38,13529.35,33823.38,
404,CHU-NEG-M,1,33823.38,13529.35,33823.38,
405,CHU-NEG-S,1,33823.38,13529.35,33823.38,
405,SWE-AZU-S,2,32525.33,13010.13,65050.66,
406,CIN-MAR-S,1,33144.89,13257.96,33144.89,
406,GOR-GRI-S,1,28716.74,11486.7,28716.74,
406,CIN-MAR-M,1,33144.89,13257.96,33144.89,
406,CIN-ROS-XXL,1,33144.89,13257.96,33144.89,
406,CAM-BEI-L,1,36700.58,14680.23,36700.58,
407,REM-VIO-M,2,32677.97,13071.19,65355.94,
407,CHU-VER-XL,1,33823.38,13529.35,33823.38,
407,JOG-AZU-UNICO,2,41361.66,16544.66,82723.32,
408,MUS-CEL-M,1,32320.56,12928.22,32320.56,
408,JOG-ÍND-S,1,41361.66,16544.66,41361.66,
408,MUS-AZU-UNICO,1,32320.56,12928.22,32320.56,
408,SWE-MAR-UNICO,1,32525.33,13010.13,32525.33,
408,GOR-GRI-XXL,1,18665.88,11486.7,18665.88,8
409,CHU-ÍND-XXL,1,33823.38,13529.35,33823.38,
409,SWE-MAR-UNICO,1,32525.33,13010.13,32525.33,
410,REM-VIO-M,1,32677.97,13071.19,32677.97,
410,CIN-MAR-M,1,33144.89,13257.96,33144.89,
411,CIN-ROS-XXL,1,33144.89,13257.96,33144.89,
411,REM-TUR-XXL,1,34182.8,13673.12,34182.8,
411,CHU-NEG-S,1,33823.38,13529.35,33823.38,
411,JEA-NEG-UNICO,1,21871.44,8748.58,21871.44,
411,JEA-LAV-UNICO,1,21871.44,8748.58,21871.44,
412,CHU-ÍND-XL,1,33823.38,13529.35,33823.38,
412,REM-TUR-XXL,2,34182.8,13673.12,68365.6,
413,JEA-NEG-XL,2,21871.44,8748.58,43742.88,
413,JOG-ÍND-S,1,41361.66,16544.66,41361.66,
413,CHU-ÍND-XL,1,33823.38,13529.35,33823.38,
414,MUS-CEL-S,1,21008.36,12928.22,21008.36,8
415,MUS-AZU-UNICO,2,32320.56,12928.22,64641.12,
415,SWE-MAR-UNICO,1,32525.33,13010.13,32525.33,
415,MUS-AZU-UNICO,1,32320.56,12928.22,32320.56,
415,SWE-MAR-UNICO,1,32525.33,13010.13,32525.33,
415,JOG-ÍND-M,1,41361.66,16544.66,41361.66,
416,CHU-NEG-S,1,33823.38,13529.35,33823.38,
416,CHU-VER-L,1,33823.38,13529.35,33823.38,
416,JOG-AZU-XXL,1,33916.56,16544.66,33916.56,10
417,MUS-AZU-UNICO,1,32320.56,12928.22,32320.56,
417,JOG-ÍND-M,1,41361.66,16544.66,41361.66,
417,CIN-MAR-M,1,33144.89,13257.96,33144.89,
417,SWE-MAR-UNICO,1,32525.33,13010.13,32525.33,
417,CIN-MAR-M,1,33144.89,13257.96,33144.89,
418,CHU-NEG-M,1,33823.38,13529.35,33823.38,
418,SWE-MAR-L,1,32525.33,13010.13,32525.33,
418,JOG-AZU-UNICO,1,41361.66,16544.66,41361.66,
418,SWE-MAR-L,1,32525.33,13010.13,32525.33,
419,JEA-LAV-L,1,21871.44,8748.58,21871.44,
419,CHU-NEG-S,1,33823.38,13529.35,33823.38,
419,GOR-GRI-M,1,28716.74,11486.7,28716.74,
419,JEA-LAV-L,1,21871.44,8748.58,21871.44,
419,GOR-GRI-XXL,1,28716.74,11486.7,28716.74,
420,JEA-NEG-XL,1,21871.44,8748.58,21871.44,
420,JOG-AZU-L,1,41361.66,16544.66,41361.66,
421,CIN-MAR-M,1,33144.89,13257.96,33144.89,
421,JOG-ÍND-XL,2,41361.66,16544.66,82723.32,
421,SWE-MAR-M,1,32525.33,13010.13,32525.33,
422,CHU-VER-XL,1,33823.38,13529.35,33823.38,
422,SWE-MAR-UNICO,2,32525.33,13010.13,65050.66,
423,CAM-BEI-L,1,36700.58,14680.23,36700.58,
423,CAM-BEI-UNICO,1,36700.58,14680.23,36700.58,
424,MUS-AZU-UNICO,1,32320.56,12928.22,32320.56,
424,JOG-AZU-XXL,1,41361.66,16544.66,41361.66,
424,JOG-AZU-UNICO,1,41361.66,16544.66,41361.66,
424,MUS-AZU-XXL,1,32320.56,12928.22,32320.56,
425,SWE-AZU-XXL,2,26670.77,13010.13,53341.54,9
425,SWE-AZU-M,1,32525.33,13010.13,32525.33,
425,CIN-MAR-L,2,33144.89,13257.96,66289.78,
425,SWE-MAR-UNICO,1,32525.33,13010.13,32525.33,
426,JOG-ÍND-XL,1,41361.66,16544.66,41361.66,
426,CAM-CEL-XL,1,36700.58,14680.23,36700.58,
426,CAM-BLA-S,1,36700.58,14680.23,36700.58,
426,CAM-BLA-S,1,36700.58,14680.23,36700.58,
426,CAM-BLA-XL,1,36700.58,14680.23,36700.58,
427,GOR-GRI-XXL,1,28716.74,11486.7,28716.74,
427,MUS-AZU-M,1,32320.56,12928.22,32320.56,
428,GOR-ROJ-S,1,28716.74,11486.7,28716.74,
428,GOR-ROJ-L,1,28716.74,11486.7,28716.74,
428,CAM-BEI-L,1,36700.58,14680.23,36700.58,
428,JOG-ÍND-S,1,41361.66,16544.66,41361.66,
429,GOR-GRI-S,1,28716.74,11486.7,28716.74,
430,GOR-ROJ-UNICO,1,28716.74,11486.7,28716.74,
430,GOR-GRI-UNICO,1,28716.74,11486.7,28716.74,
430,JOG-AZU-UNICO,1,41361.66,16544.66,41361.66,
431,JEA-NEG-XL,1,21871.44,8748.58,21871.44,
431,CHU-ÍND-XL,1,33823.38,13529.35,33823.38,
431,GOR-ROJ-UNICO,1,28716.74,11486.7,28716.74,
431,REM-VIO-M,1,21240.68,13071.19,21240.68,8
431,CIN-MAR-M,2,21544.18,13257.96,43088.36,8
432,BUZ-AZU-M,1,29569.23,11827.69,29569.23,
432,CHU-NEG-M,1,33823.38,13529.35,33823.38,
433,GOR-ROJ-UNICO,1,28716.74,11486.7,28716.74,
433,CIN-MAR-S,1,33144.89,13257.96,33144.89,
433,SWE-AZU-S,1,32525.33,13010.13,32525.33,
433,GOR-ROJ-S,1,28716.74,11486.7,28716.74,
434,GOR-GRI-L,1,28716.74,11486.7,28716.74,
435,SWE-MAR-UNICO,1,32525.33,13010.13,32525.33,
435,SWE-MAR-L,1,32525.33,13010.13,32525.33,
435,CAM-BLA-XL,1,36700.58,14680.23,36700.58,
436,REM-TUR-XXL,1,34182.8,13673.12,34182.8,
437,REM-VIO-XXL,1,32677.97,13071.19,32677.97,
437,CIN-MAR-M,1,33144.89,13257.96,33144.89,
437,SWE-AZU-S,1,32525.33,13010.13,32525.33,
437,REM-VIO-XXL,1,26795.94,13071.19,26795.94,10
437,CIN-MAR-M,1,27178.81,13257.96,27178.81,10
438,SWE-MAR-L,2,32525.33,13010.13,65050.66,
438,CHU-VER-XL,1,33823.38,13529.35,33823.38,
438,CHU-ÍND-XXL,1,33823.38,13529.35,33823.38,
438,CHU-VER-L,2,33823.38,13529.35,67646.76,
439,CIN-TUR-UNICO,1,33144.89,13257.96,33144.89,
439,JEA-LAV-L,1,21871.44,8748.58,21871.44,
440,REM-CEL-XXL,1,34182.8,13673.12,34182.8,
441,CIN-TUR-XL,1,33144.89,13257.96,33144.89,
442,GOR-ROJ-UNICO,1,28716.74,11486.7,28716.74,
442,MUS-AZU-M,1,32320.56,12928.22,32320.56,
442,REM-TUR-XXL,1,34182.8,13673.12,34182.8,
442,GOR-GRI-S,1,28716.74,11486.7,28716.74,
443,CIN-MAR-XL,1,33144.89,13257.96,33144.89,
443,GOR-GRI-S,1,28716.74,11486.7,28716.74,
443,CHU-NEG-XXL,1,16911.69,13529.35,16911.69,11
444,MUS-AZU-M,1,32320.56,12928.22,32320.56,
444,CHU-ÍND-UNICO,1,27735.17,13529.35,27735.17,9
444,GOR-ROJ-S,1,28716.74,11486.7,28716.74,
444,JOG-AZU-XXL,1,41361.66,16544.66,41361.66,
445,REM-BLA-XL,1,32677.97,13071.19,32677.97,
445,CAM-BEI-UNICO,1,36700.58,14680.23,36700.58,
445,CIN-MAR-S,1,33144.89,13257.96,33144.89,
445,JEA-LAV-UNICO,2,17934.58,8748.58,35869.16,10
446,SWE-AZU-S,1,32525.33,13010.13,32525.33,
446,REM-TUR-S,1,34182.8,13673.12,34182.8,
447,MUS-AZU-XXL,1,32320.56,12928.22,32320.56,
448,MUS-CEL-XXL,2,32320.56,12928.22,64641.12,
448,JEA-LAV-UNICO,1,21871.44,8748.58,21871.44,
448,CHU-VER-L,1,33823.38,13529.35,33823.38,
449,SWE-MAR-UNICO,1,32525.33,13010.13,32525.33,
449,CHU-ÍND-XXL,2,33823.38,13529.35,67646.76,
449,REM-CEL-XXL,1,34182.8,13673.12,34182.8,
450,REM-TUR-S,1,22218.82,13673.12,22218.82,8
451,JOG-ÍND-M,1,41361.66,16544.66,41361.66,
451,SWE-MAR-UNICO,1,32525.33,13010.13,32525.33,
451,GOR-GRI-L,1,28716.74,11486.7,28716.74,
451,SWE-MAR-M,1,32525.33,13010.13,32525.33,
451,JOG-AZU-XL,1,41361.66,16544.66,41361.66,
452,JOG-CEL-UNICO,1,41361.66,16544.66,41361.66,
452,CHU-NEG-S,1,33823.38,13529.35,33823.38,
452,JEA-NEG-M,1,21871.44,8748.58,21871.44,
452,CIN-TUR-UNICO,1,33144.89,13257.96,33144.89,
453,SWE-MAR-L,1,32525.33,13010.13,32525.33,
453,CIN-MAR-M,1,33144.89,13257.96,33144.89,
454,GOR-GRI-XXL,1,28716.74,11486.7,28716.74,
454,REM-VIO-M,1,32677.97,13071.19,32677.97,
455,MUS-CEL-M,1,32320.56,12928.22,32320.56,
455,MUS-AZU-XXL,1,32320.56,12928.22,32320.56,
456,CIN-MAR-XL,1,33144.89,13257.96,33144.89,
457,CIN-TUR-UNICO,1,33144.89,13257.96,33144.89,
457,CHU-NEG-S,1,33823.38,13529.35,33823.38,
458,GOR-GRI-M,1,28716.74,11486.7,28716.74,
458,JOG-CEL-UNICO,1,41361.66,16544.66,41361.66,
458,JEA-NEG-M,1,21871.44,8748.58,21871.44,
458,JOG-CEL-UNICO,1,41361.66,16544.66,41361.66,
459,SWE-MAR-M,1,32525.33,13010.13,32525.33,
460,REM-TUR-XXL,1,34182.8,13673.12,34182.8,
460,REM-VIO-M,1,32677.97,13071.19,32677.97,
460,SWE-AZU-S,1,32525.33,13010.13,32525.33,
460,SWE-MAR-L,1,32525.33,13010.13,32525.33,
460,GOR-ROJ-S,1,28716.74,11486.7,28716.74,
461,JEA-LAV-UNICO,1,21871.44,8748.58,21871.44,
461,JOG-ÍND-M,1,41361.66,16544.66,41361.66,
462,REM-CEL-XXL,2,34182.8,13673.12,68365.6,
462,CIN-TUR-XL,1,33144.89,13257.96,33144.89,
462,GOR-GRI-XXL,1,28716.74,11486.7,28716.74,
462,GOR-GRI-L,1,28716.74,11486.7,28716.74,
462,REM-TUR-XXL,1,34182.8,13673.12,34182.8,
463,JOG-AZU-UNICO,1,41361.66,16544.66,41361.66,
463,MUS-CEL-S,1,32320.56,12928.22,32320.56,
463,SWE-MAR-L,1,32525.33,13010.13,32525.33,
464,GOR-GRI-S,1,28716.74,11486.7,28716.74,
464,REM-BLA-XL,1,32677.97,13071.19,32677.97,
464,CHU-NEG-S,1,33823.38,13529.35,33823.38,
464,MUS-AZU-XXL,1,32320.56,12928.22,32320.56,
465,CIN-MAR-M,1,33144.89,13257.96,33144.89,
465,CHU-ÍND-L,1,33823.38,13529.35,33823.38,
465,CHU-NEG-S,1,33823.38,13529.35,33823.38,
465,CAM-BLA-M,1,36700.58,14680.23,36700.58,
465,REM-BLA-XL,1,32677.97,13071.19,32677.97,
466,SWE-MAR-M,1,32525.33,13010.13,32525.33,
466,JOG-AZU-XL,1,41361.66,16544.66,41361.66,
466,SWE-MAR-L,1,32525.33,13010.13,32525.33,
466,REM-VIO-M,1,32677.97,13071.19,32677.97,
466,REM-VIO-XXL,1,32677.97,13071.19,32677.97,
467,MUS-CEL-S,1,32320.56,12928.22,32320.56,
467,SWE-MAR-L,2,32525.33,13010.13,65050.66,
467,REM-CEL-XXL,1,34182.8,13673.12,34182.8,
467,CIN-TUR-XL,1,33144.89,13257.96,33144.89,
468,CHU-NEG-M,1,33823.38,13529.35,33823.38,
468,JOG-CEL-UNICO,1,41361.66,16544.66,41361.66,
468,BUZ-AZU-M,1,29569.23,11827.69,29569.23,
469,JOG-AZU-XL,1,41361.66,16544.66,41361.66,
469,JOG-AZU-XXL,1,41361.66,16544.66,41361.66,
469,CHU-NEG-XL,1,33823.38,13529.35,33823.38,
469,CAM-BLA-M,2,36700.58,14680.23,73401.16,
470,CHU-NEG-S,1,33823.38,13529.35,33823.38,
470,JEA-LAV-L,1,21871.44,8748.58,21871.44,
470,GOR-GRI-XXL,2,28716.74,11486.7,57433.48,
470,CIN-TUR-XL,1,33144.89,13257.96,33144.89,
470,JEA-NEG-M,1,21871.44,8748.58,21871.44,
471,CIN-MAR-S,1,33144.89,13257.96,33144.89,
471,JOG-CEL-UNICO,2,41361.66,16544.66,82723.32,
471,MUS-AZU-XXL,1,32320.56,12928.22,32320.56,
471,SWE-MAR-L,2,32525.33,13010.13,65050.66,
471,SWE-MAR-L,1,32525.33,13010.13,32525.33,
472,REM-TUR-XXL,2,34182.8,13673.12,68365.6,
472,SWE-MAR-L,2,32525.33,13010.13,65050.66,
473,CIN-TUR-XL,2,33144.89,13257.96,66289.78,
473,CAM-CEL-XL,1,36700.58,14680.23,36700.58,
473,MUS-AZU-M,1,32320.56,12928.22,32320.56,
473,REM-CEL-XXL,1,34182.8,13673.12,34182.8,
473,SWE-MAR-UNICO,1,32525.33,13010.13,32525.33,
474,GOR-GRI-S,1,28716.74,11486.7,28716.74,
475,GOR-GRI-M,1,28716.74,11486.7,28716.74,
476,CHU-ÍND-XXL,1,33823.38,13529.35,33823.38,
476,GOR-GRI-S,1,28716.74,11486.7,28716.74,
476,SWE-MAR-UNICO,1,32525.33,13010.13,32525.33,
476,SWE-AZU-M,1,32525.33,13010.13,32525.33,
477,CIN-ROS-XXL,1,27178.81,13257.96,27178.81,10
477,GOR-GRI-UNICO,1,23547.73,11486.7,23547.73,10
477,MUS-AZU-M,1,32320.56,12928.22,32320.56,
477,CIN-MAR-S,1,33144.89,13257.96,33144.89,
478,CIN-TUR-UNICO,1,33144.89,13257.96,33144.89,
478,CIN-TUR-XL,1,33144.89,13257.96,33144.89,
479,CAM-BEI-UNICO,1,36700.58,14680.23,36700.58,
479,JOG-CEL-UNICO,1,40561.66,16544.66,40561.66,12
479,CAM-BEI-UNICO,2,36700.58,14680.23,73401.16,
480,REM-TUR-XXL,1,34182.8,13673.12,34182.8,
480,REM-VIO-M,1,32677.97,13071.19,32677.97,
481,CHU-NEG-XXL,1,33823.38,13529.35,33823.38,
482,JEA-LAV-UNICO,1,21871.44,8748.58,21871.44,
482,REM-VIO-XL,1,32677.97,13071.19,32677.97,
482,SWE-MAR-S,1,32525.33,13010.13,32525.33,
482,CAM-BLA-XL,1,36700.58,14680.23,36700.58,
483,GOR-GRI-S,1,28716.74,11486.7,28716.74,
484,CIN-MAR-XL,1,33144.89,13257.96,33144.89,
485,JEA-LAV-UNICO,1,21871.44,8748.58,21871.44,
485,JEA-LAV-L,1,21871.44,8748.58,21871.44,
485,CIN-MAR-XL,1,33144.89,13257.96,33144.89,
486,GOR-GRI-UNICO,2,28716.74,11486.7,57433.48,
486,MUS-CEL-M,1,32320.56,12928.22,32320.56,
486,REM-CEL-XXL,1,34182.8,13673.12,34182.8,
486,CAM-BEI-UNICO,1,36700.58,14680.23,36700.58,
487,REM-CEL-XXL,1,33382.8,13673.12,33382.8,12
487,JEA-LAV-UNICO,1,21871.44,8748.58,21871.44,
487,CHU-NEG-S,1,33023.38,13529.35,33023.38,12
488,JEA-LAV-L,1,21871.44,8748.58,21871.44,
488,CIN-MAR-XL,1,33144.89,13257.96,33144.89,
489,GOR-GRI-S,1,28716.74,11486.7,28716.74,
490,CAM-BLA-M,1,36700.58,14680.23,36700.58,
490,GOR-GRI-S,1,28716.74,11486.7,28716.74,
490,CHU-NEG-M,1,33823.38,13529.35,33823.38,
490,REM-BLA-XL,1,32677.97,13071.19,32677.97,
490,CIN-MAR-XL,1,33144.89,13257.96,33144.89,
491,REM-TUR-S,2,34182.8,13673.12,68365.6,
491,MUS-CEL-S,2,32320.56,12928.22,64641.12,
491,CIN-MAR-S,1,33144.89,13257.96,33144.89,
491,CIN-ROS-XXL,1,33144.89,13257.96,33144.89,
491,CHU-VER-S,1,33823.38,13529.35,33823.38,
492,CIN-MAR-S,1,33144.89,13257.96,33144.89,
492,JEA-LAV-L,1,21871.44,8748.58,21871.44,
493,GOR-ROJ-S,1,28716.74,11486.7,28716.74,
493,REM-VIO-XL,1,32677.97,13071.19,32677.97,
493,MUS-AZU-M,1,32320.56,12928.22,32320.56,
494,MUS-CEL-S,1,32320.56,12928.22,32320.56,
494,GOR-GRI-M,1,28716.74,11486.7,28716.74,
494,MUS-AZU-XXL,1,32320.56,12928.22,32320.56,
494,SWE-MAR-M,1,32525.33,13010.13,32525.33,
495,MUS-CEL-S,1,32320.56,12928.22,32320.56,
495,CHU-ÍND-XXL,1,33823.38,13529.35,33823.38,
495,CAM-CEL-XL,1,36700.58,14680.23,36700.58,
495,BUZ-AZU-L,1,29569.23,11827.69,29569.23,
495,GOR-ROJ-UNICO,1,28716.74,11486.7,28716.74,
496,GOR-GRI-M,1,28716.74,11486.7,28716.74,
496,GOR-ROJ-S,1,28716.74,11486.7,28716.74,
496,JOG-CEL-UNICO,1,41361.66,16544.66,41361.66,
496,CHU-NEG-M,1,33823.38,13529.35,33823.38,
497,CHU-VER-XL,1,33823.38,13529.35,33823.38,
498,CHU-VER-XL,1,33823.38,13529.35,33823.38,
498,GOR-GRI-XXL,1,28716.74,11486.7,28716.74,
498,JOG-AZU-UNICO,1,41361.66,16544.66,41361.66,
498,CIN-TUR-UNICO,1,33144.89,13257.96,33144.89,
499,REM-BLA-XL,1,32677.97,13071.19,32677.97,
499,SWE-AZU-S,1,32525.33,13010.13,32525.33,
499,CIN-TUR-XL,1,33144.89,13257.96,33144.89,
499,GOR-GRI-M,1,28716.74,11486.7,28716.74,
500,SWE-MAR-L,1,32525.33,13010.13,32525.33,
500,CAM-BLA-M,1,36700.58,14680.23,36700.58,
500,JOG-CEL-UNICO,1,41361.66,16544.66,41361.66,
500,CHU-NEG-S,1,33823.38,13529.35,33823.38,
500,CHU-ÍND-XL,1,20294.03,13529.35,20294.03,7
501,MUS-AZU-XXL,1,32320.56,12928.22,32320.56,
501,GOR-GRI-L,1,28716.74,11486.7,28716.74,
501,JOG-AZU-UNICO,1,41361.66,16544.66,41361.66,
501,MUS-AZU-UNICO,2,31520.56,12928.22,63041.12,12
502,CIN-MAR-S,2,33144.89,13257.96,66289.78,
502,CAM-CEL-XL,1,36700.58,14680.23,36700.58,
502,CIN-TUR-UNICO,1,33144.89,13257.96,33144.89,
502,BUZ-AZU-M,1,29569.23,11827.69,29569.23,
503,CHU-NEG-XXL,1,33823.38,13529.35,33823.38,
503,CIN-MAR-S,1,33144.89,13257.96,33144.89,
504,GOR-GRI-UNICO,1,28716.74,11486.7,28716.74,
504,CIN-MAR-M,1,33144.89,13257.96,33144.89,
504,SWE-AZU-S,1,32525.33,13010.13,32525.33,
504,CHU-ÍND-XL,1,33823.38,13529.35,33823.38,
505,MUS-AZU-XXL,1,32320.56,12928.22,32320.56,
505,JOG-AZU-XL,1,41361.66,16544.66,41361.66,
505,CIN-TUR-UNICO,1,33144.89,13257.96,33144.89,
505,CHU-VER-L,1,33823.38,13529.35,33823.38,
505,REM-BLA-S,1,32677.97,13071.19,32677.97,
506,CAM-CEL-XL,1,36700.58,14680.23,36700.58,
506,GOR-GRI-S,1,28716.74,11486.7,28716.74,
507,GOR-ROJ-UNICO,1,28716.74,11486.7,28716.74,
507,SWE-MAR-M,1,32525.33,13010.13,32525.33,
507,CIN-MAR-M,1,33144.89,13257.96,33144.89,
507,CIN-ROS-XXL,1,27178.81,13257.96,27178.81,9
507,CAM-BEI-L,1,36700.58,14680.23,36700.58,
508,CAM-CEL-XL,1,36700.58,14680.23,36700.58,
508,CHU-NEG-M,1,33823.38,13529.35,33823.38,
509,CHU-VER-XL,1,33823.38,13529.35,33823.38,
510,JEA-LAV-UNICO,1,21871.44,8748.58,21871.44,
511,CIN-TUR-UNICO,1,32344.89,13257.96,32344.89,12
512,CIN-ROS-XXL,1,33144.89,13257.96,33144.89,
512,REM-VIO-XL,1,32677.97,13071.19,32677.97,
512,CIN-MAR-L,1,33144.89,13257.96,33144.89,
513,MUS-AZU-M,1,32320.56,12928.22,32320.56,
513,MUS-AZU-XXL,1,32320.56,12928.22,32320.56,
513,JOG-AZU-XXL,1,41361.66,16544.66,41361.66,
513,GOR-GRI-XXL,1,28716.74,11486.7,28716.74,
514,CAM-BEI-L,1,36700.58,14680.23,36700.58,
514,GOR-GRI-XXL,1,28716.74,11486.7,28716.74,
514,GOR-GRI-UNICO,1,28716.74,11486.7,28716.74,
514,MUS-AZU-XXL,1,32320.56,12928.22,32320.56,
515,JOG-ÍND-XL,1,41361.66,16544.66,41361.66,
515,REM-TUR-XXL,1,34182.8,13673.12,34182.8,
515,REM-CEL-XXL,1,34182.8,13673.12,34182.8,
516,JEA-LAV-UNICO,1,21871.44,8748.58,21871.44,
516,CAM-CEL-XL,1,36700.58,14680.23,36700.58,
516,GOR-GRI-M,1,28716.74,11486.7,28716.74,
517,JEA-LAV-UNICO,1,21871.44,8748.58,21871.44,
517,MUS-AZU-XXL,2,32320.56,12928.22,64641.12,
517,GOR-ROJ-S,1,28716.74,11486.7,28716.74,
518,BUZ-AZU-UNICO,2,29569.23,11827.69,59138.46,
518,JOG-ÍND-XL,1,41361.66,16544.66,41361.66,
518,MUS-AZU-XXL,1,32320.56,12928.22,32320.56,
518,CHU-NEG-XL,1,33823.38,13529.35,33823.38,
519,CIN-MAR-S,1,33144.89,13257.96,33144.89,
520,BUZ-AZU-L,1,29569.23,11827.69,29569.23,
521,SWE-MAR-XXL,1,32525.33,13010.13,32525.33,
521,CAM-BEI-UNICO,1,36700.58,14680.23,36700.58,
521,JEA-LAV-UNICO,1,21871.44,8748.58,21871.44,
521,CAM-BEI-S,1,36700.58,14680.23,36700.58,
521,CHU-VER-S,1,33823.38,13529.35,33823.38,
522,REM-TUR-XXL,2,34182.8,13673.12,68365.6,
523,CHU-NEG-XL,1,33823.38,13529.35,33823.38,
523,CHU-ÍND-XXL,1,33823.38,13529.35,33823.38,
524,MUS-CEL-XXL,1,32320.56,12928.22,32320.56,
524,SWE-MAR-M,1,32525.33,13010.13,32525.33,
524,CHU-NEG-XXL,1,21985.2,13529.35,21985.2,8
524,JOG-AZU-L,1,41361.66,16544.66,41361.66,
524,SWE-MAR-XXL,1,32525.33,13010.13,32525.33,
525,CHU-VER-XL,1,33823.38,13529.35,33823.38,
525,CAM-BLA-M,2,36700.58,14680.23,73401.16,
525,JOG-ÍND-S,1,41361.66,16544.66,41361.66,
526,CHU-VER-S,1,33823.38,13529.35,33823.38,
526,SWE-AZU-S,1,32525.33,13010.13,32525.33,
526,CHU-NEG-S,1,33823.38,13529.35,33823.38,
526,CIN-ROS-XXL,1,33144.89,13257.96,33144.89,
527,CHU-ÍND-XL,1,33823.38,13529.35,33823.38,
528,JEA-LAV-L,1,21871.44,8748.58,21871.44,
528,BUZ-AZU-M,1,29569.23,11827.69,29569.23,
528,CHU-NEG-S,1,33823.38,13529.35,33823.38,
528,MUS-AZU-UNICO,1,32320.56,12928.22,32320.56,
528,CIN-ROS-XXL,1,33144.89,13257.96,33144.89,
529,SWE-AZU-S,2,32525.33,13010.13,65050.66,
529,JOG-AZU-UNICO,1,41361.66,16544.66,41361.66,
529,JOG-AZU-UNICO,1,41361.66,16544.66,41361.66,
530,CHU-ÍND-L,1,33823.38,13529.35,33823.38,
531,MUS-AZU-XXL,2,32320.56,12928.22,64641.12,
531,SWE-MAR-UNICO,1,32525.33,13010.13,32525.33,
531,JOG-ÍND-S,2,41361.66,16544.66,82723.32,
531,GOR-GRI-L,1,28716.74,11486.7,28716.74,
532,CHU-NEG-XXL,1,33823.38,13529.35,33823.38,
532,CIN-MAR-XL,1,33144.89,13257.96,33144.89,
532,CHU-NEG-XL,1,33823.38,13529.35,33823.38,
533,CIN-TUR-UNICO,1,33144.89,13257.96,33144.89,
533,JOG-AZU-UNICO,1,41361.66,16544.66,41361.66,
533,CIN-TUR-UNICO,2,33144.89,13257.96,66289.78,
533,MUS-AZU-XXL,1,32320.56,12928.22,32320.56,
534,SWE-MAR-L,1,32525.33,13010.13,32525.33,
534,JOG-AZU-UNICO,1,41361.66,16544.66,41361.66,
534,REM-TUR-S,1,34182.8,13673.12,34182.8,
534,REM-VIO-XXL,1,32677.97,13071.19,32677.97,
535,GOR-GRI-M,1,23547.73,11486.7,23547.73,10
535,REM-VIO-XXL,1,26795.94,13071.19,26795.94,10
535,REM-VIO-XXL,1,32677.97,13071.19,32677.97,
536,GOR-GRI-L,1,28716.74,11486.7,28716.74,
536,CHU-NEG-M,1,33823.38,13529.35,33823.38,
536,CIN-MAR-M,1,33144.89,13257.96,33144.89,
537,BUZ-AZU-M,1,29569.23,11827.69,29569.23,
538,CHU-NEG-XXL,1,33823.38,13529.35,33823.38,
538,GOR-ROJ-L,1,28716.74,11486.7,28716.74,
538,MUS-AZU-M,1,32320.56,12928.22,32320.56,
538,GOR-ROJ-S,1,28716.74,11486.7,28716.74,
539,GOR-GRI-M,1,28716.74,11486.7,28716.74,
540,CIN-MAR-S,1,33144.89,13257.96,33144.89,
540,CHU-VER-XL,1,33823.38,13529.35,33823.38,
540,CIN-TUR-UNICO,1,33144.89,13257.96,33144.89,
540,MUS-AZU-XXL,1,32320.56,12928.22,32320.56,
540,CAM-CEL-XL,1,36700.58,14680.23,36700.58,
541,CIN-ROS-XXL,1,33144.89,13257.96,33144.89,
541,CIN-MAR-M,1,33144.89,13257.96,33144.89,
541,JOG-CEL-UNICO,1,41361.66,16544.66,41361.66,
542,BUZ-AZU-UNICO,1,29569.23,11827.69,29569.23,
543,CIN-TUR-UNICO,2,33144.89,13257.96,66289.78,
543,GOR-GRI-XXL,1,28716.74,11486.7,28716.74,
543,JOG-CEL-UNICO,1,41361.66,16544.66,41361.66,
543,GOR-GRI-XXL,1,28716.74,11486.7,28716.74,
544,JEA-LAV-UNICO,1,17497.15,8748.58,17497.15,1
544,CHU-ÍND-UNICO,1,33823.38,13529.35,33823.38,
545,JOG-AZU-XL,1,41361.66,16544.66,41361.66,
546,GOR-GRI-S,1,28716.74,11486.7,28716.74,
546,JOG-CEL-UNICO,1,41361.66,16544.66,41361.66,
546,SWE-MAR-UNICO,1,31725.33,13010.13,31725.33,12
546,SWE-MAR-L,1,32525.33,13010.13,32525.33,
547,GOR-ROJ-L,1,25270.73,11486.7,25270.73,6
547,SWE-MAR-XXL,1,32525.33,13010.13,32525.33,
547,JOG-AZU-UNICO,1,41361.66,16544.66,41361.66,
547,GOR-ROJ-S,1,28716.74,11486.7,28716.74,
547,CAM-BEI-L,1,36700.58,14680.23,36700.58,
548,CHU-NEG-M,1,33823.38,13529.35,33823.38,
548,CAM-CEL-XL,2,36700.58,14680.23,73401.16,
548,GOR-ROJ-UNICO,1,28716.74,11486.7,28716.74,
548,JOG-ÍND-M,1,41361.66,16544.66,41361.66,
548,CAM-BLA-M,2,36700.58,14680.23,73401.16,
549,CHU-VER-XL,1,33823.38,13529.35,33823.38,
549,SWE-MAR-L,1,26670.77,13010.13,26670.77,9
549,MUS-AZU-XXL,1,32320.56,12928.22,32320.56,
549,GOR-ROJ-S,1,28716.74,11486.7,28716.74,
549,REM-VIO-XL,2,32677.97,13071.19,65355.94,
550,JOG-ÍND-M,1,41361.66,16544.66,41361.66,
551,REM-VIO-XXL,1,32677.97,13071.19,32677.97,
551,JEA-NEG-XL,1,21871.44,8748.58,21871.44,
551,CIN-MAR-XL,1,33144.89,13257.96,33144.89,
552,REM-CEL-XXL,1,20509.68,13673.12,20509.68,7
552,CIN-MAR-S,1,33144.89,13257.96,33144.89,
552,GOR-GRI-UNICO,1,28716.74,11486.7,28716.74,
552,CAM-CEL-XL,1,36700.58,14680.23,36700.58,
552,MUS-AZU-M,1,32320.56,12928.22,32320.56,
553,CIN-ROS-XXL,1,33144.89,13257.96,33144.89,
553,MUS-AZU-UNICO,1,32320.56,12928.22,32320.56,
554,MUS-AZU-M,1,32320.56,12928.22,32320.56,
554,JOG-AZU-XL,2,41361.66,16544.66,82723.32,
555,GOR-GRI-S,1,28716.74,11486.7,28716.74,
555,REM-VIO-M,1,32677.97,13071.19,32677.97,
556,REM-BLA-XL,2,32677.97,13071.19,65355.94,
556,CIN-MAR-XL,1,33144.89,13257.96,33144.89,
556,JOG-ÍND-M,1,41361.66,16544.66,41361.66,
556,GOR-GRI-M,1,28716.74,11486.7,28716.74,
556,JOG-ÍND-XL,2,41361.66,16544.66,82723.32,
557,GOR-GRI-M,1,28716.74,11486.7,28716.74,
557,GOR-GRI-L,1,28716.74,11486.7,28716.74,
557,GOR-GRI-XXL,1,28716.74,11486.7,28716.74,
557,CIN-TUR-XL,1,33144.89,13257.96,33144.89,
558,GOR-GRI-XXL,1,28716.74,11486.7,28716.74,
559,BUZ-AZU-M,1,28769.23,11827.69,28769.23,12
559,CIN-MAR-L,1,33144.89,13257.96,33144.89,
559,CAM-BEI-UNICO,1,36700.58,14680.23,36700.58,
559,MUS-CEL-S,1,32320.56,12928.22,32320.56,
559,JOG-ÍND-M,1,41361.66,16544.66,41361.66,
560,JOG-CEL-UNICO,2,41361.66,16544.66,82723.32,
560,CIN-TUR-XL,1,33144.89,13257.96,33144.89,
560,SWE-AZU-S,1,32525.33,13010.13,32525.33,
560,CIN-MAR-M,2,33144.89,13257.96,66289.78,
561,JEA-LAV-UNICO,1,21871.44,8748.58,21871.44,
561,CHU-NEG-M,1,33823.38,13529.35,33823.38,
561,CHU-ÍND-UNICO,1,33823.38,13529.35,33823.38,
561,MUS-AZU-XXL,1,32320.56,12928.22,32320.56,
561,BUZ-AZU-UNICO,1,24246.77,11827.69,24246.77,9
562,CAM-BEI-UNICO,1,36700.58,14680.23,36700.58,
562,CHU-NEG-M,1,33823.38,13529.35,33823.38,
562,CAM-BLA-M,1,36700.58,14680.23,36700.58,
562,JOG-CEL-UNICO,2,41361.66,16544.66,82723.32,
562,SWE-MAR-M,2,32525.33,13010.13,65050.66,
563,REM-BLA-S,2,32677.97,13071.19,65355.94,
563,JOG-ÍND-S,1,41361.66,16544.66,41361.66,
563,REM-BLA-XL,1,32677.97,13071.19,32677.97,
563,JOG-AZU-XL,1,41361.66,16544.66,41361.66,
564,MUS-CEL-S,1,32320.56,12928.22,32320.56,
565,CHU-NEG-S,1,33823.38,13529.35,33823.38,
565,MUS-CEL-S,1,32320.56,12928.22,32320.56,
565,GOR-GRI-L,1,28716.74,11486.7,28716.74,
566,MUS-AZU-M,1,32320.56,12928.22,32320.56,
567,GOR-GRI-XXL,1,28716.74,11486.7,28716.74,
567,JEA-NEG-M,1,21871.44,8748.58,21871.44,
567,CIN-MAR-XL,1,33144.89,13257.96,33144.89,
568,CIN-ROS-XXL,1,33144.89,13257.96,33144.89,
569,GOR-ROJ-UNICO,1,28716.74,11486.7,28716.74,
569,MUS-AZU-XXL,1,32320.56,12928.22,32320.56,
569,SWE-AZU-S,1,32525.33,13010.13,32525.33,
570,SWE-MAR-UNICO,1,32525.33,13010.13,32525.33,
570,BUZ-AZU-M,1,29569.23,11827.69,29569.23,
570,REM-TUR-XXL,1,34182.8,13673.12,34182.8,
570,SWE-MAR-L,1,32525.33,13010.13,32525.33,
570,REM-TUR-XXL,1,34182.8,13673.12,34182.8,
571,GOR-GRI-XXL,1,28716.74,11486.7,28716.74,
571,REM-CEL-XXL,1,34182.8,13673.12,34182.8,
571,JEA-NEG-UNICO,1,21871.44,8748.58,21871.44,
571,GOR-ROJ-UNICO,1,28716.74,11486.7,28716.74,
572,CHU-NEG-M,1,33823.38,13529.35,33823.38,
572,JEA-LAV-L,1,21871.44,8748.58,21871.44,
573,REM-TUR-XXL,1,34182.8,13673.12,34182.8,
573,CHU-VER-XL,1,33823.38,13529.35,33823.38,
574,CHU-ÍND-XXL,1,33823.38,13529.35,33823.38,
574,GOR-ROJ-UNICO,1,28716.74,11486.7,28716.74,
575,GOR-ROJ-S,1,28716.74,11486.7,28716.74,
575,REM-VIO-L,1,32677.97,13071.19,32677.97,
575,JOG-CEL-UNICO,2,41361.66,16544.66,82723.32,
575,REM-CEL-XXL,1,34182.8,13673.12,34182.8,
575,MUS-CEL-S,1,32320.56,12928.22,32320.56,
576,CIN-ROS-UNICO,1,33144.89,13257.96,33144.89,
577,GOR-GRI-L,1,28716.74,11486.7,28716.74,
577,JOG-ÍND-XL,1,40561.66,16544.66,40561.66,12
577,GOR-GRI-XXL,1,28716.74,11486.7,28716.74,
577,SWE-MAR-UNICO,2,32525.33,13010.13,65050.66,
577,CHU-NEG-M,1,33823.38,13529.35,33823.38,
578,GOR-GRI-XXL,1,28716.74,11486.7,28716.74,
578,MUS-CEL-S,1,32320.56,12928.22,32320.56,
578,CHU-VER-XL,1,33823.38,13529.35,33823.38,
578,JEA-LAV-UNICO,1,21871.44,8748.58,21871.44,
579,CHU-ÍND-XXL,1,33823.38,13529.35,33823.38,
579,JOG-CEL-UNICO,1,41361.66,16544.66,41361.66,
579,CAM-BLA-M,2,36700.58,14680.23,73401.16,
580,CIN-ROS-XXL,1,33144.89,13257.96,33144.89,
581,CIN-MAR-L,1,33144.89,13257.96,33144.89,
582,CAM-BLA-XL,1,36700.58,14680.23,36700.58,
582,REM-TUR-XXL,1,34182.8,13673.12,34182.8,
582,CHU-ÍND-UNICO,1,33823.38,13529.35,33823.38,
583,CHU-VER-XL,2,33823.38,13529.35,67646.76,
583,JOG-ÍND-XL,1,41361.66,16544.66,41361.66,
584,CAM-CEL-XL,1,36700.58,14680.23,36700.58,
585,JEA-NEG-UNICO,1,15310.01,8748.58,15310.01,5
586,GOR-GRI-XXL,1,28716.74,11486.7,28716.74,
586,GOR-ROJ-UNICO,1,28716.74,11486.7,28716.74,
586,REM-VIO-XL,1,32677.97,13071.19,32677.97,
586,CAM-BLA-M,1,36700.58,14680.23,36700.58,
586,SWE-MAR-L,1,32525.33,13010.13,32525.33,
587,JOG-CEL-XXL,2,41361.66,16544.66,82723.32,
588,CIN-TUR-XL,1,33144.89,13257.96,33144.89,
588,REM-VIO-M,2,32677.97,13071.19,65355.94,
589,SWE-MAR-UNICO,1,32525.33,13010.13,32525.33,
590,BUZ-AZU-M,1,29569.23,11827.69,29569.23,
591,GOR-ROJ-UNICO,1,28716.74,11486.7,28716.74,
591,REM-BLA-XL,1,32677.97,13071.19,32677.97,
591,SWE-MAR-L,1,32525.33,13010.13,32525.33,
591,REM-VIO-L,2,32677.97,13071.19,65355.94,
591,JOG-AZU-XXL,1,41361.66,16544.66,41361.66,
592,JEA-LAV-L,1,21871.44,8748.58,21871.44,
593,REM-TUR-XXL,1,34182.8,13673.12,34182.8,
593,GOR-GRI-L,1,28716.74,11486.7,28716.74,
594,GOR-GRI-S,1,18665.88,11486.7,18665.88,8
594,REM-TUR-XXL,1,22218.82,13673.12,22218.82,8
594,CIN-TUR-XL,1,33144.89,13257.96,33144.89,
594,CAM-BEI-L,1,36700.58,14680.23,36700.58,
595,CHU-ÍND-L,1,33823.38,13529.35,33823.38,
595,SWE-MAR-UNICO,1,32525.33,13010.13,32525.33,
596,REM-TUR-XXL,1,34182.8,13673.12,34182.8,
596,JEA-NEG-M,1,21871.44,8748.58,21871.44,
596,REM-VIO-XL,1,16338.99,13071.19,16338.99,11
597,CIN-MAR-L,1,33144.89,13257.96,33144.89,
597,CIN-ROS-UNICO,2,33144.89,13257.96,66289.78,
597,SWE-AZU-M,1,29272.8,13010.13,29272.8,2
597,GOR-ROJ-UNICO,1,25845.07,11486.7,25845.07,2
598,CHU-ÍND-XXL,1,33823.38,13529.35,33823.38,
598,REM-TUR-XXL,1,34182.8,13673.12,34182.8,
598,REM-BLA-XL,1,32677.97,13071.19,32677.97,
598,GOR-GRI-L,1,28716.74,11486.7,28716.74,
599,REM-CEL-XXL,1,34182.8,13673.12,34182.8,
600,CHU-ÍND-L,1,33823.38,13529.35,33823.38,
600,REM-CEL-XXL,1,34182.8,13673.12,34182.8,
600,CHU-VER-XL,2,33823.38,13529.35,67646.76,
600,REM-CEL-XXL,1,34182.8,13673.12,34182.8,
600,MUS-AZU-XXL,1,32320.56,12928.22,32320.56,
601,CIN-MAR-L,2,33144.89,13257.96,66289.78,
601,GOR-GRI-XXL,1,28716.74,11486.7,28716.74,
602,GOR-GRI-XXL,1,28716.74,11486.7,28716.74,
602,SWE-AZU-S,1,32525.33,13010.13,32525.33,
602,JOG-ÍND-XL,2,41361.66,16544.66,82723.32,
602,JOG-CEL-UNICO,1,41361.66,16544.66,41361.66,
602,CAM-BEI-L,1,36700.58,14680.23,36700.58,
603,CIN-MAR-S,1,33144.89,13257.96,33144.89,
603,CAM-BLA-M,1,36700.58,14680.23,36700.58,
604,GOR-GRI-S,1,28716.74,11486.7,28716.74,
604,CAM-BLA-S,1,36700.58,14680.23,36700.58,
604,GOR-ROJ-L,1,28716.74,11486.7,28716.74,
604,CIN-MAR-S,1,33144.89,13257.96,33144.89,
605,JEA-NEG-UNICO,2,21871.44,8748.58,43742.88,
605,CAM-CEL-XL,1,36700.58,14680.23,36700.58,
605,MUS-AZU-UNICO,1,32320.56,12928.22,32320.56,
605,MUS-AZU-UNICO,1,32320.56,12928.22,32320.56,
605,GOR-GRI-UNICO,1,28716.74,11486.7,28716.74,
606,GOR-ROJ-UNICO,1,28716.74,11486.7,28716.74,
606,BUZ-AZU-L,1,29569.23,11827.69,29569.23,
606,CAM-BEI-UNICO,1,36700.58,14680.23,36700.58,
606,REM-VIO-L,1,32677.97,13071.19,32677.97,
607,SWE-MAR-L,1,32525.33,13010.13,32525.33,
607,MUS-AZU-M,1,32320.56,12928.22,32320.56,
607,CHU-ÍND-L,1,33823.38,13529.35,33823.38,
607,REM-BLA-XL,1,32677.97,13071.19,32677.97,
607,GOR-GRI-UNICO,1,28716.74,11486.7,28716.74,
608,CIN-ROS-XXL,2,33144.89,13257.96,66289.78,
608,GOR-GRI-L,2,28716.74,11486.7,57433.48,
609,CIN-MAR-XL,1,33144.89,13257.96,33144.89,
609,GOR-GRI-M,1,28716.74,11486.7,28716.74,
609,GOR-GRI-M,1,28716.74,11486.7,28716.74,
609,CIN-MAR-L,2,33144.89,13257.96,66289.78,
610,CHU-NEG-XXL,1,33823.38,13529.35,33823.38,
610,CHU-VER-L,1,33823.38,13529.35,33823.38,
610,JOG-ÍND-M,1,41361.66,16544.66,41361.66,
610,GOR-GRI-S,1,28716.74,11486.7,28716.74,
611,GOR-GRI-L,1,28716.74,11486.7,28716.74,
611,CIN-TUR-UNICO,1,33144.89,13257.96,33144.89,
611,JOG-AZU-XL,1,41361.66,16544.66,41361.66,
612,CAM-BLA-S,1,36700.58,14680.23,36700.58,
612,SWE-MAR-UNICO,2,32525.33,13010.13,65050.66,
613,JOG-ÍND-S,1,41361.66,16544.66,41361.66,
613,CHU-VER-XL,1,33823.38,13529.35,33823.38,
613,REM-VIO-XL,1,32677.97,13071.19,32677.97,
613,MUS-CEL-S,1,32320.56,12928.22,32320.56,
613,GOR-GRI-S,1,28716.74,11486.7,28716.74,
614,JEA-NEG-M,1,21871.44,8748.58,21871.44,
614,GOR-GRI-M,1,28716.74,11486.7,28716.74,
614,CAM-BEI-L,1,36700.58,14680.23,36700.58,
615,CHU-ÍND-XL,2,30441.04,13529.35,60882.08,3
615,CIN-ROS-UNICO,1,33144.89,13257.96,33144.89,
615,CHU-NEG-UNICO,1,33823.38,13529.35,33823.38,
615,GOR-GRI-UNICO,1,28716.74,11486.7,28716.74,
616,CHU-VER-XL,1,33823.38,13529.35,33823.38,
616,JEA-LAV-UNICO,1,21871.44,8748.58,21871.44,
616,SWE-AZU-S,1,32525.33,13010.13,32525.33,
617,GOR-GRI-L,1,28716.74,11486.7,28716.74,
617,MUS-AZU-M,1,32320.56,12928.22,32320.56,
617,BUZ-AZU-UNICO,1,29569.23,11827.69,29569.23,
617,CIN-MAR-M,1,33144.89,13257.96,33144.89,
618,JOG-CEL-UNICO,2,41361.66,16544.66,82723.32,
618,MUS-CEL-S,1,32320.56,12928.22,32320.56,
618,REM-VIO-XL,1,32677.97,13071.19,32677.97,
618,REM-CEL-XXL,1,34182.8,13673.12,34182.8,
619,SWE-MAR-UNICO,2,32525.33,13010.13,65050.66,
619,CIN-TUR-UNICO,1,33144.89,13257.96,33144.89,
619,CAM-BLA-M,1,36700.58,14680.23,36700.58,
619,MUS-AZU-XXL,1,32320.56,12928.22,32320.56,
620,REM-TUR-XXL,1,34182.8,13673.12,34182.8,
620,CIN-TUR-UNICO,1,33144.89,13257.96,33144.89,
620,CAM-BEI-L,1,36700.58,14680.23,36700.58,
620,CIN-MAR-L,1,33144.89,13257.96,33144.89,
621,CIN-MAR-M,1,33144.89,13257.96,33144.89,
621,GOR-ROJ-UNICO,1,28716.74,11486.7,28716.74,
621,MUS-AZU-UNICO,1,32320.56,12928.22,32320.56,
622,REM-CEL-XXL,1,34182.8,13673.12,34182.8,
622,JEA-NEG-UNICO,1,21871.44,8748.58,21871.44,
623,CHU-ÍND-XXL,1,16911.69,13529.35,16911.69,11
623,CIN-MAR-XL,1,33144.89,13257.96,33144.89,
623,CIN-MAR-L,1,33144.89,13257.96,33144.89,
624,GOR-GRI-UNICO,1,28716.74,11486.7,28716.74,
625,JOG-ÍND-M,1,41361.66,16544.66,41361.66,
626,CHU-ÍND-XXL,1,33823.38,13529.35,33823.38,
626,JOG-ÍND-M,1,41361.66,16544.66,41361.66,
627,CHU-VER-L,1,33823.38,13529.35,33823.38,
627,REM-TUR-XXL,1,34182.8,13673.12,34182.8,
628,CHU-NEG-S,1,33823.38,13529.35,33823.38,
628,JEA-LAV-UNICO,1,21871.44,8748.58,21871.44,
628,CIN-TUR-UNICO,1,33144.89,13257.96,33144.89,
628,REM-VIO-XL,1,32677.97,13071.19,32677.97,
628,CIN-TUR-XL,2,33144.89,13257.96,66289.78,
629,CAM-BLA-M,1,36700.58,14680.23,36700.58,
629,CAM-BEI-S,2,36700.58,14680.23,73401.16,
630,GOR-GRI-UNICO,1,28716.74,11486.7,28716.74,
630,CIN-TUR-XL,1,27178.81,13257.96,27178.81,9
630,CIN-MAR-M,1,27178.81,13257.96,27178.81,9
630,SWE-AZU-S,1,32525.33,13010.13,32525.33,
631,REM-BLA-XL,1,32677.97,13071.19,32677.97,
631,CIN-TUR-XL,1,33144.89,13257.96,33144.89,
632,JOG-ÍND-XL,1,41361.66,16544.66,41361.66,
632,CHU-VER-XL,1,33823.38,13529.35,33823.38,
632,JEA-NEG-M,1,21871.44,8748.58,21871.44,
632,JOG-CEL-UNICO,1,41361.66,16544.66,41361.66,
632,JEA-NEG-UNICO,1,21871.44,8748.58,21871.44,
633,JOG-ÍND-S,1,41361.66,16544.66,41361.66,
633,REM-BLA-XL,1,26795.94,13071.19,26795.94,9
633,REM-VIO-XL,1,26795.94,13071.19,26795.94,9
633,JEA-LAV-L,1,21871.44,8748.58,21871.44,
633,CHU-VER-XL,1,27735.17,13529.35,27735.17,9
634,CHU-NEG-M,1,33823.38,13529.35,33823.38,
634,GOR-GRI-XXL,1,28716.74,11486.7,28716.74,
634,BUZ-AZU-M,1,29569.23,11827.69,29569.23,
635,CIN-TUR-XL,1,33144.89,13257.96,33144.89,
635,MUS-AZU-XXL,1,32320.56,12928.22,32320.56,
635,CIN-MAR-M,1,33144.89,13257.96,33144.89,
635,CIN-MAR-S,1,33144.89,13257.96,33144.89,
635,REM-VIO-XL,1,32677.97,13071.19,32677.97,
636,CAM-BLA-M,1,36700.58,14680.23,36700.58,
636,CHU-NEG-M,1,33823.38,13529.35,33823.38,
636,GOR-GRI-L,1,28716.74,11486.7,28716.74,
636,JOG-AZU-UNICO,1,41361.66,16544.66,41361.66,
637,CHU-NEG-M,2,33823.38,13529.35,67646.76,
637,GOR-ROJ-UNICO,1,28716.74,11486.7,28716.74,
637,BUZ-AZU-UNICO,2,24246.77,11827.69,48493.54,10
637,CIN-MAR-L,1,33144.89,13257.96,33144.89,
638,GOR-GRI-L,1,28716.74,11486.7,28716.74,
638,CAM-BEI-L,1,36700.58,14680.23,36700.58,
638,CIN-MAR-XL,1,33144.89,13257.96,33144.89,
638,SWE-MAR-UNICO,1,32525.33,13010.13,32525.33,
638,CHU-NEG-S,1,33823.38,13529.35,33823.38,
639,CHU-ÍND-XL,1,33823.38,13529.35,33823.38,
639,SWE-MAR-L,2,32525.33,13010.13,65050.66,
640,CIN-TUR-XL,2,33144.89,13257.96,66289.78,
640,MUS-AZU-UNICO,1,32320.56,12928.22,32320.56,
640,CHU-ÍND-L,1,33823.38,13529.35,33823.38,
640,JEA-NEG-UNICO,1,21871.44,8748.58,21871.44,
641,JOG-AZU-UNICO,1,41361.66,16544.66,41361.66,
641,CIN-MAR-XL,1,33144.89,13257.96,33144.89,
641,MUS-AZU-UNICO,1,32320.56,12928.22,32320.56,
641,JOG-ÍND-S,1,41361.66,16544.66,41361.66,
641,CHU-NEG-S,1,33823.38,13529.35,33823.38,
642,REM-VIO-XL,1,32677.97,13071.19,32677.97,
643,CHU-NEG-S,1,20294.03,13529.35,20294.03,7
643,MUS-CEL-S,1,19392.34,12928.22,19392.34,7
644,BUZ-AZU-M,1,29569.23,11827.69,29569.23,
644,CIN-TUR-XL,1,33144.89,13257.96,33144.89,
644,CIN-MAR-S,1,33144.89,13257.96,33144.89,
645,CHU-ÍND-L,1,33823.38,13529.35,33823.38,
645,CIN-TUR-XL,1,33144.89,13257.96,33144.89,
645,REM-TUR-XXL,1,34182.8,13673.12,34182.8,
645,REM-TUR-XXL,1,34182.8,13673.12,34182.8,
645,REM-VIO-L,1,32677.97,13071.19,32677.97,
646,CAM-BLA-XL,1,36700.58,14680.23,36700.58,
646,CAM-BLA-XL,2,36700.58,14680.23,73401.16,
646,BUZ-AZU-UNICO,1,29569.23,11827.69,29569.23,
646,REM-BLA-XL,2,32677.97,13071.19,65355.94,
647,JEA-LAV-L,1,21871.44,8748.58,21871.44,
648,CAM-BEI-UNICO,1,36700.58,14680.23,36700.58,
648,REM-TUR-XXL,2,34182.8,13673.12,68365.6,
648,JOG-AZU-UNICO,1,41361.66,16544.66,41361.66,
648,JOG-ÍND-S,1,41361.66,16544.66,41361.66,
648,CIN-MAR-XL,1,33144.89,13257.96,33144.89,
649,JOG-AZU-XL,2,41361.66,16544.66,82723.32,
649,JOG-ÍND-S,2,41361.66,16544.66,82723.32,
649,CIN-MAR-M,1,33144.89,13257.96,33144.89,
650,GOR-GRI-UNICO,1,28716.74,11486.7,28716.74,
650,JOG-ÍND-M,1,41361.66,16544.66,41361.66,
651,CHU-NEG-XL,1,16911.69,13529.35,16911.69,11
651,MUS-CEL-S,1,32320.56,12928.22,32320.56,
651,CHU-ÍND-XXL,2,33823.38,13529.35,67646.76,
651,SWE-AZU-S,1,32525.33,13010.13,32525.33,
651,JOG-AZU-UNICO,1,41361.66,16544.66,41361.66,
652,JOG-ÍND-XL,1,41361.66,16544.66,41361.66,
653,SWE-MAR-S,1,32525.33,13010.13,32525.33,
653,MUS-CEL-M,1,28442.09,12928.22,28442.09,6
653,CIN-MAR-M,2,33144.89,13257.96,66289.78,
653,MUS-CEL-M,1,28442.09,12928.22,28442.09,6
653,BUZ-AZU-M,1,26020.92,11827.69,26020.92,6
654,JEA-LAV-L,1,21871.44,8748.58,21871.44,
654,CIN-MAR-M,1,33144.89,13257.96,33144.89,
654,BUZ-AZU-UNICO,1,29569.23,11827.69,29569.23,
655,MUS-AZU-M,1,26502.86,12928.22,26502.86,10
655,CAM-BLA-XL,1,36700.58,14680.23,36700.58,
655,SWE-MAR-L,1,32525.33,13010.13,32525.33,
655,GOR-ROJ-S,1,28716.74,11486.7,28716.74,
656,CHU-ÍND-L,1,33823.38,13529.35,33823.38,
656,REM-VIO-XL,2,32677.97,13071.19,65355.94,
657,GOR-GRI-XXL,1,28716.74,11486.7,28716.74,
658,CAM-BEI-L,1,36700.58,14680.23,36700.58,
659,SWE-MAR-UNICO,1,32525.33,13010.13,32525.33,
659,GOR-GRI-M,1,28716.74,11486.7,28716.74,
659,SWE-MAR-L,1,32525.33,13010.13,32525.33,
660,CIN-MAR-L,1,33144.89,13257.96,33144.89,
660,JEA-LAV-UNICO,1,21871.44,8748.58,21871.44,
660,JEA-NEG-M,2,21071.44,8748.58,42142.88,12
661,CIN-MAR-S,1,33144.89,13257.96,33144.89,
661,CHU-NEG-S,1,33823.38,13529.35,33823.38,
662,CIN-MAR-M,2,33144.89,13257.96,66289.78,
662,CIN-MAR-S,1,33144.89,13257.96,33144.89,
662,BUZ-AZU-UNICO,1,29569.23,11827.69,29569.23,
662,CIN-TUR-XL,1,33144.89,13257.96,33144.89,
663,GOR-ROJ-S,1,28716.74,11486.7,28716.74,
664,JEA-NEG-UNICO,1,21871.44,8748.58,21871.44,
664,CIN-TUR-XL,1,33144.89,13257.96,33144.89,
664,JOG-AZU-UNICO,1,41361.66,16544.66,41361.66,
664,MUS-AZU-UNICO,1,32320.56,12928.22,32320.56,
664,CIN-MAR-XL,2,33144.89,13257.96,66289.78,
665,CIN-MAR-L,1,33144.89,13257.96,33144.89,
666,CIN-MAR-L,1,33144.89,13257.96,33144.89,
666,REM-TUR-S,1,34182.8,13673.12,34182.8,
667,GOR-ROJ-S,1,28716.74,11486.7,28716.74,
668,GOR-GRI-XXL,1,28716.74,11486.7,28716.74,
668,JOG-CEL-UNICO,1,41361.66,16544.66,41361.66,
668,BUZ-AZU-M,2,29569.23,11827.69,59138.46,
668,JOG-CEL-UNICO,1,41361.66,16544.66,41361.66,
669,CAM-BEI-L,1,36700.58,14680.23,36700.58,
669,SWE-MAR-M,1,32525.33,13010.13,32525.33,
669,MUS-CEL-S,1,32320.56,12928.22,32320.56,
669,JEA-LAV-L,2,21871.44,8748.58,43742.88,
669,JEA-LAV-L,1,21871.44,8748.58,21871.44,
670,BUZ-AZU-UNICO,1,29569.23,11827.69,29569.23,
670,SWE-AZU-XXL,2,21141.46,13010.13,42282.92,8
671,CIN-MAR-XL,1,33144.89,13257.96,33144.89,
671,CIN-ROS-XXL,1,33144.89,13257.96,33144.89,
671,SWE-AZU-S,2,32525.33,13010.13,65050.66,
672,REM-BLA-XL,1,32677.97,13071.19,32677.97,
672,CHU-VER-L,1,33823.38,13529.35,33823.38,
672,CHU-VER-L,1,20294.03,13529.35,20294.03,7
672,CHU-ÍND-XXL,1,33823.38,13529.35,33823.38,
672,JEA-LAV-UNICO,1,13122.86,8748.58,13122.86,7
673,GOR-GRI-L,1,28716.74,11486.7,28716.74,
674,CAM-BEI-S,2,36700.58,14680.23,73401.16,
674,SWE-AZU-S,1,32525.33,13010.13,32525.33,
675,CIN-TUR-UNICO,1,27178.81,13257.96,27178.81,9
675,JEA-NEG-XL,1,17934.58,8748.58,17934.58,9
675,JOG-CEL-UNICO,1,41361.66,16544.66,41361.66,
675,CAM-BEI-L,1,36700.58,14680.23,36700.58,
676,JOG-AZU-L,1,41361.66,16544.66,41361.66,
676,CHU-NEG-UNICO,1,33823.38,13529.35,33823.38,
676,JOG-ÍND-M,1,41361.66,16544.66,41361.66,
676,MUS-AZU-UNICO,1,21008.36,12928.22,21008.36,8
676,MUS-AZU-UNICO,1,21008.36,12928.22,21008.36,8
677,JEA-NEG-UNICO,1,21871.44,8748.58,21871.44,
677,CIN-TUR-UNICO,1,33144.89,13257.96,33144.89,
677,CIN-MAR-L,1,33144.89,13257.96,33144.89,
677,SWE-MAR-S,1,32525.33,13010.13,32525.33,
677,CHU-VER-S,2,33823.38,13529.35,67646.76,
678,BUZ-AZU-M,2,29569.23,11827.69,59138.46,
678,CIN-TUR-UNICO,2,33144.89,13257.96,66289.78,
678,CIN-MAR-L,1,33144.89,13257.96,33144.89,
678,CHU-VER-XL,1,33823.38,13529.35,33823.38,
678,JOG-ÍND-XL,1,41361.66,16544.66,41361.66,
679,CAM-BLA-XL,2,36700.58,14680.23,73401.16,
680,SWE-MAR-UNICO,1,32525.33,13010.13,32525.33,
681,CAM-BEI-S,1,36700.58,14680.23,36700.58,
682,JOG-AZU-XXL,1,41361.66,16544.66,41361.66,
682,CAM-BEI-UNICO,1,36700.58,14680.23,36700.58,
682,REM-VIO-XL,1,32677.97,13071.19,32677.97,
682,MUS-AZU-XXL,1,32320.56,12928.22,32320.56,
683,CHU-NEG-XXL,1,33823.38,13529.35,33823.38,
683,MUS-AZU-XXL,1,32320.56,12928.22,32320.56,
683,JEA-NEG-M,1,21871.44,8748.58,21871.44,
684,CHU-NEG-XXL,1,33823.38,13529.35,33823.38,
685,REM-BLA-XL,1,32677.97,13071.19,32677.97,
685,CHU-NEG-S,2,33823.38,13529.35,67646.76,
685,CAM-CEL-XL,1,36700.58,14680.23,36700.58,
686,REM-BLA-S,1,32677.97,13071.19,32677.97,
686,REM-VIO-XL,1,32677.97,13071.19,32677.97,
686,REM-BLA-S,1,32677.97,13071.19,32677.97,
686,JOG-ÍND-S,1,41361.66,16544.66,41361.66,
687,SWE-MAR-L,1,32525.33,13010.13,32525.33,
687,GOR-ROJ-XXL,1,28716.74,11486.7,28716.74,
687,SWE-AZU-M,1,32525.33,13010.13,32525.33,
687,JEA-NEG-XL,1,21871.44,8748.58,21871.44,
688,CHU-ÍND-L,1,33823.38,13529.35,33823.38,
688,MUS-AZU-XXL,1,32320.56,12928.22,32320.56,
688,GOR-GRI-UNICO,1,28716.74,11486.7,28716.74,
688,CHU-ÍND-L,2,33823.38,13529.35,67646.76,
689,JOG-AZU-L,2,41361.66,16544.66,82723.32,
690,CIN-ROS-XXL,1,33144.89,13257.96,33144.89,
690,CHU-NEG-S,1,33823.38,13529.35,33823.38,
690,REM-BLA-XL,1,32677.97,13071.19,32677.97,
690,CAM-CEL-XL,1,36700.58,14680.23,36700.58,
691,REM-TUR-S,1,34182.8,13673.12,34182.8,
692,JEA-LAV-L,1,21871.44,8748.58,21871.44,
692,BUZ-AZU-M,1,29569.23,11827.69,29569.23,
692,CHU-NEG-M,1,33823.38,13529.35,33823.38,
692,GOR-GRI-M,1,28716.74,11486.7,28716.74,
693,CIN-MAR-S,1,33144.89,13257.96,33144.89,
693,CHU-NEG-XL,1,33823.38,13529.35,33823.38,
693,CHU-NEG-XXL,1,33823.38,13529.35,33823.38,
693,MUS-AZU-UNICO,1,32320.56,12928.22,32320.56,
693,JEA-LAV-UNICO,1,21871.44,8748.58,21871.44,
694,SWE-MAR-M,2,32525.33,13010.13,65050.66,
694,REM-BLA-S,2,32677.97,13071.19,65355.94,
695,JEA-NEG-XL,1,14216.44,8748.58,14216.44,8
695,CIN-ROS-UNICO,2,33144.89,13257.96,66289.78,
695,SWE-MAR-UNICO,1,21141.46,13010.13,21141.46,8
695,REM-BLA-XL,1,32677.97,13071.19,32677.97,
695,GOR-GRI-UNICO,1,18665.88,11486.7,18665.88,8
696,CIN-TUR-UNICO,1,33144.89,13257.96,33144.89,
696,MUS-AZU-M,1,32320.56,12928.22,32320.56,
696,SWE-MAR-L,1,32525.33,13010.13,32525.33,
696,JOG-ÍND-XL,1,40561.66,16544.66,40561.66,12
697,CHU-NEG-XXL,1,33823.38,13529.35,33823.38,
697,JOG-AZU-UNICO,1,41361.66,16544.66,41361.66,
697,CHU-ÍND-XXL,1,33823.38,13529.35,33823.38,
698,JOG-ÍND-M,1,41361.66,16544.66,41361.66,
698,REM-VIO-XL,1,32677.97,13071.19,32677.97,
699,JOG-ÍND-XL,1,41361.66,16544.66,41361.66,
699,CIN-MAR-M,1,33144.89,13257.96,33144.89,
699,CHU-NEG-M,1,33823.38,13529.35,33823.38,
699,CAM-BEI-L,1,36700.58,14680.23,36700.58,
699,JOG-CEL-UNICO,1,41361.66,16544.66,41361.66,
700,REM-CEL-XXL,1,34182.8,13673.12,34182.8,
700,JEA-LAV-L,1,21871.44,8748.58,21871.44,
700,GOR-GRI-XXL,2,28716.74,11486.7,57433.48,
701,CHU-NEG-S,1,33823.38,13529.35,33823.38,
701,CIN-ROS-XXL,1,33144.89,13257.96,33144.89,
701,CAM-BEI-UNICO,1,36700.58,14680.23,36700.58,
702,JEA-NEG-UNICO,1,21871.44,8748.58,21871.44,
702,JEA-NEG-UNICO,1,21871.44,8748.58,21871.44,
702,SWE-MAR-UNICO,2,32525.33,13010.13,65050.66,
702,JEA-NEG-UNICO,1,21871.44,8748.58,21871.44,
703,JEA-LAV-L,1,21871.44,8748.58,21871.44,
704,GOR-GRI-XXL,1,28716.74,11486.7,28716.74,
705,JEA-NEG-M,1,21871.44,8748.58,21871.44,
705,CHU-ÍND-XL,1,33823.38,13529.35,33823.38,
706,CAM-BEI-UNICO,1,23855.38,14680.23,23855.38,8
706,GOR-ROJ-S,1,28716.74,11486.7,28716.74,
706,JEA-NEG-M,1,21871.44,8748.58,21871.44,
706,CHU-NEG-S,1,33823.38,13529.35,33823.38,
706,CIN-ROS-L,1,33144.89,13257.96,33144.89,
707,JOG-AZU-UNICO,1,41361.66,16544.66,41361.66,
708,GOR-ROJ-S,1,28716.74,11486.7,28716.74,
708,REM-BLA-XL,1,32677.97,13071.19,32677.97,
708,JEA-LAV-UNICO,1,21871.44,8748.58,21871.44,
708,CHU-NEG-XXL,1,33823.38,13529.35,33823.38,
709,GOR-ROJ-S,1,28716.74,11486.7,28716.74,
709,JOG-ÍND-XL,1,41361.66,16544.66,41361.66,
709,GOR-GRI-S,1,28716.74,11486.7,28716.74,
710,JOG-CEL-UNICO,1,41361.66,16544.66,41361.66,
710,REM-BLA-S,1,32677.97,13071.19,32677.97,
710,JEA-NEG-XL,1,14216.44,8748.58,14216.44,8
711,MUS-AZU-UNICO,1,32320.56,12928.22,32320.56,
711,MUS-AZU-M,1,32320.56,12928.22,32320.56,
711,JOG-CEL-UNICO,1,41361.66,16544.66,41361.66,
712,JOG-AZU-XXL,1,41361.66,16544.66,41361.66,
712,CIN-MAR-L,1,33144.89,13257.96,33144.89,
713,JEA-NEG-M,1,21871.44,8748.58,21871.44,
714,JOG-ÍND-S,1,41361.66,16544.66,41361.66,
715,CHU-NEG-S,1,33023.38,13529.35,33023.38,12
715,MUS-CEL-S,2,32320.56,12928.22,64641.12,
716,GOR-ROJ-S,1,28716.74,11486.7,28716.74,
716,REM-TUR-XXL,1,34182.8,13673.12,34182.8,
716,MUS-AZU-XXL,1,32320.56,12928.22,32320.56,
716,REM-VIO-M,1,32677.97,13071.19,32677.97,
717,JOG-AZU-XL,1,41361.66,16544.66,41361.66,
717,SWE-MAR-L,1,32525.33,13010.13,32525.33,
717,MUS-AZU-UNICO,1,32320.56,12928.22,32320.56,
717,SWE-AZU-S,1,32525.33,13010.13,32525.33,
718,JOG-CEL-UNICO,1,41361.66,16544.66,41361.66,
718,CAM-BEI-L,2,36700.58,14680.23,73401.16,
718,CHU-NEG-S,2,33823.38,13529.35,67646.76,
718,SWE-MAR-L,1,32525.33,13010.13,32525.33,
718,JEA-LAV-L,1,21871.44,8748.58,21871.44,
719,CAM-CEL-XL,1,36700.58,14680.23,36700.58,
719,GOR-ROJ-UNICO,1,28716.74,11486.7,28716.74,
719,JOG-CEL-UNICO,1,41361.66,16544.66,41361.66,
719,CIN-MAR-S,1,33144.89,13257.96,33144.89,
720,REM-TUR-XXL,1,20509.68,13673.12,20509.68,7
720,REM-VIO-M,1,19606.78,13071.19,19606.78,7
720,JEA-LAV-L,1,21871.44,8748.58,21871.44,
721,CIN-MAR-S,1,33144.89,13257.96,33144.89,
721,REM-BLA-XL,1,32677.97,13071.19,32677.97,
721,JOG-CEL-UNICO,1,41361.66,16544.66,41361.66,
721,JOG-ÍND-M,1,41361.66,16544.66,41361.66,
721,JOG-ÍND-XL,1,41361.66,16544.66,41361.66,
722,CAM-CEL-XL,1,36700.58,14680.23,36700.58,
722,SWE-AZU-S,1,32525.33,13010.13,32525.33,
722,MUS-AZU-XXL,1,32320.56,12928.22,32320.56,
723,GOR-GRI-UNICO,1,28716.74,11486.7,28716.74,
724,MUS-CEL-S,1,32320.56,12928.22,32320.56,
724,JOG-ÍND-XL,1,41361.66,16544.66,41361.66,
724,CAM-BLA-M,1,36700.58,14680.23,36700.58,
724,CIN-MAR-XL,1,33144.89,13257.96,33144.89,
725,GOR-ROJ-S,2,28716.74,11486.7,57433.48,
725,REM-VIO-XL,1,32677.97,13071.19,32677.97,
725,MUS-AZU-UNICO,1,32320.56,12928.22,32320.56,
725,CHU-VER-XL,1,33823.38,13529.35,33823.38,
725,CIN-MAR-S,1,33144.89,13257.96,33144.89,
726,CAM-CEL-XL,1,36700.58,14680.23,36700.58,
727,CAM-BEI-L,2,36700.58,14680.23,73401.16,
727,CIN-MAR-S,1,33144.89,13257.96,33144.89,
727,GOR-GRI-L,2,28716.74,11486.7,57433.48,
728,JEA-LAV-L,1,21871.44,8748.58,21871.44,
728,CAM-BEI-L,1,36700.58,14680.23,36700.58,
728,CIN-TUR-XL,1,33144.89,13257.96,33144.89,
728,REM-VIO-M,1,32677.97,13071.19,32677.97,
729,JEA-LAV-UNICO,1,21871.44,8748.58,21871.44,
729,REM-BLA-XL,1,32677.97,13071.19,32677.97,
729,BUZ-AZU-UNICO,1,29569.23,11827.69,29569.23,
729,JOG-ÍND-S,1,41361.66,16544.66,41361.66,
730,SWE-AZU-XXL,1,32525.33,13010.13,32525.33,
730,JOG-ÍND-M,1,41361.66,16544.66,41361.66,
730,CHU-VER-S,1,33823.38,13529.35,33823.38,
730,JOG-CEL-L,1,41361.66,16544.66,41361.66,
731,CIN-MAR-M,1,33144.89,13257.96,33144.89,
732,JEA-NEG-UNICO,1,17934.58,8748.58,17934.58,10
732,JEA-NEG-M,1,21871.44,8748.58,21871.44,
732,SWE-MAR-L,1,32525.33,13010.13,32525.33,
733,JOG-ÍND-M,2,41361.66,16544.66,82723.32,
733,JOG-AZU-UNICO,1,41361.66,16544.66,41361.66,
733,JOG-ÍND-S,2,41361.66,16544.66,82723.32,
733,SWE-AZU-S,1,32525.33,13010.13,32525.33,
734,CIN-ROS-XXL,1,33144.89,13257.96,33144.89,
735,REM-TUR-XXL,1,34182.8,13673.12,34182.8,
735,JEA-NEG-UNICO,1,21871.44,8748.58,21871.44,
735,SWE-AZU-S,1,32525.33,13010.13,32525.33,
736,JEA-LAV-L,1,17934.58,8748.58,17934.58,10
737,CAM-BLA-S,1,36700.58,14680.23,36700.58,
737,GOR-GRI-L,1,25270.73,11486.7,25270.73,6
737,SWE-MAR-L,1,32525.33,13010.13,32525.33,
738,SWE-AZU-M,1,32525.33,13010.13,32525.33,
738,GOR-ROJ-L,1,28716.74,11486.7,28716.74,
738,GOR-ROJ-L,1,28716.74,11486.7,28716.74,
738,MUS-CEL-S,2,32320.56,12928.22,64641.12,
739,CIN-TUR-XL,1,33144.89,13257.96,33144.89,
740,CHU-VER-L,1,33823.38,13529.35,33823.38,
740,CAM-BLA-XL,1,36700.58,14680.23,36700.58,
740,MUS-CEL-XXL,1,32320.56,12928.22,32320.56,
740,SWE-MAR-L,1,32525.33,13010.13,32525.33,
741,CHU-VER-XL,1,33823.38,13529.35,33823.38,
741,CIN-TUR-XL,2,33144.89,13257.96,66289.78,
741,GOR-GRI-L,1,28716.74,11486.7,28716.74,
742,CHU-VER-L,1,33823.38,13529.35,33823.38,
742,BUZ-AZU-M,2,29569.23,11827.69,59138.46,
742,JEA-NEG-M,1,21871.44,8748.58,21871.44,
742,JOG-AZU-UNICO,1,41361.66,16544.66,41361.66,
742,SWE-MAR-L,1,32525.33,13010.13,32525.33,
743,JOG-ÍND-M,2,41361.66,16544.66,82723.32,
743,CAM-BEI-L,1,36700.58,14680.23,36700.58,
744,GOR-GRI-L,1,28716.74,11486.7,28716.74,
744,JOG-AZU-XXL,1,41361.66,16544.66,41361.66,
744,MUS-AZU-M,1,32320.56,12928.22,32320.56,
745,CAM-BEI-UNICO,1,36700.58,14680.23,36700.58,
745,CIN-MAR-S,1,33144.89,13257.96,33144.89,
745,BUZ-AZU-M,1,29569.23,11827.69,29569.23,
745,CIN-MAR-L,1,33144.89,13257.96,33144.89,
745,CHU-VER-XL,1,33823.38,13529.35,33823.38,
746,CIN-MAR-S,1,33144.89,13257.96,33144.89,
746,MUS-AZU-M,2,32320.56,12928.22,64641.12,
746,CIN-TUR-UNICO,1,33144.89,13257.96,33144.89,
747,JEA-NEG-UNICO,1,21871.44,8748.58,21871.44,
748,MUS-AZU-XXL,1,32320.56,12928.22,32320.56,
748,REM-CEL-XXL,1,34182.8,13673.12,34182.8,
748,GOR-ROJ-UNICO,2,28716.74,11486.7,57433.48,
748,MUS-AZU-M,1,32320.56,12928.22,32320.56,
749,REM-TUR-S,2,34182.8,13673.12,68365.6,
749,SWE-MAR-M,1,19515.2,13010.13,19515.2,7
749,CHU-NEG-M,1,33823.38,13529.35,33823.38,
750,REM-VIO-L,1,32677.97,13071.19,32677.97,
750,JEA-NEG-M,1,21871.44,8748.58,21871.44,
751,CHU-NEG-S,1,33823.38,13529.35,33823.38,
751,MUS-AZU-M,1,32320.56,12928.22,32320.56,
751,GOR-GRI-L,1,28716.74,11486.7,28716.74,
752,MUS-AZU-XXL,1,32320.56,12928.22,32320.56,
752,GOR-ROJ-S,1,28716.74,11486.7,28716.74,
752,CAM-BLA-S,1,36700.58,14680.23,36700.58,
753,JOG-AZU-UNICO,1,41361.66,16544.66,41361.66,
753,CIN-TUR-XL,1,33144.89,13257.96,33144.89,
753,CAM-BEI-L,1,36700.58,14680.23,36700.58,
753,GOR-GRI-M,1,28716.74,11486.7,28716.74,
753,CIN-MAR-S,1,33144.89,13257.96,33144.89,
754,CIN-ROS-UNICO,1,33144.89,13257.96,33144.89,
754,CAM-BEI-UNICO,1,30094.48,14680.23,30094.48,10
754,CIN-ROS-XXL,1,33144.89,13257.96,33144.89,
754,CHU-NEG-XXL,1,33823.38,13529.35,33823.38,
754,CHU-NEG-M,1,33823.38,13529.35,33823.38,
755,CIN-MAR-XL,1,33144.89,13257.96,33144.89,
755,CIN-MAR-M,1,33144.89,13257.96,33144.89,
755,CHU-NEG-S,1,33023.38,13529.35,33023.38,12
755,MUS-AZU-M,1,32320.56,12928.22,32320.56,
756,REM-VIO-XXL,2,32677.97,13071.19,65355.94,
756,MUS-CEL-XXL,1,32320.56,12928.22,32320.56,
756,CIN-TUR-UNICO,1,33144.89,13257.96,33144.89,
756,JOG-CEL-L,1,41361.66,16544.66,41361.66,
757,CIN-ROS-UNICO,1,33144.89,13257.96,33144.89,
757,REM-CEL-XXL,1,34182.8,13673.12,34182.8,
757,MUS-AZU-XXL,1,32320.56,12928.22,32320.56,
757,SWE-MAR-S,1,32525.33,13010.13,32525.33,
757,JOG-AZU-XXL,1,41361.66,16544.66,41361.66,
758,REM-VIO-L,1,32677.97,13071.19,32677.97,
758,GOR-GRI-M,2,28716.74,11486.7,57433.48,
758,CAM-BLA-M,1,36700.58,14680.23,36700.58,
758,MUS-AZU-M,1,32320.56,12928.22,32320.56,
758,GOR-ROJ-UNICO,1,28716.74,11486.7,28716.74,
759,CHU-ÍND-L,1,33823.38,13529.35,33823.38,
759,JEA-NEG-M,1,21871.44,8748.58,21871.44,
759,JOG-ÍND-XL,1,41361.66,16544.66,41361.66,
759,GOR-GRI-UNICO,2,28716.74,11486.7,57433.48,
760,JOG-CEL-UNICO,1,41361.66,16544.66,41361.66,
760,CIN-TUR-XL,1,33144.89,13257.96,33144.89,
760,CHU-VER-XL,1,33823.38,13529.35,33823.38,
761,MUS-CEL-S,1,32320.56,12928.22,32320.56,
761,CIN-ROS-XXL,1,33144.89,13257.96,33144.89,
761,CAM-BEI-L,1,36700.58,14680.23,36700.58,
761,MUS-AZU-UNICO,1,32320.56,12928.22,32320.56,
762,MUS-AZU-XXL,2,32320.56,12928.22,64641.12,
763,JEA-LAV-L,1,21871.44,8748.58,21871.44,
763,CIN-MAR-XL,1,33144.89,13257.96,33144.89,
763,BUZ-AZU-M,1,29569.23,11827.69,29569.23,
763,CHU-VER-XL,1,33823.38,13529.35,33823.38,
764,CHU-NEG-S,1,33823.38,13529.35,33823.38,
764,CHU-NEG-S,1,33823.38,13529.35,33823.38,
764,GOR-GRI-XXL,1,28716.74,11486.7,28716.74,
764,CAM-BEI-L,2,36700.58,14680.23,73401.16,
764,MUS-CEL-S,1,32320.56,12928.22,32320.56,
765,REM-CEL-XXL,1,34182.8,13673.12,34182.8,
765,CIN-MAR-L,1,33144.89,13257.96,33144.89,
765,JOG-ÍND-XL,1,41361.66,16544.66,41361.66,
766,CIN-TUR-XL,1,33144.89,13257.96,33144.89,
766,GOR-ROJ-L,1,28716.74,11486.7,28716.74,
766,MUS-AZU-XXL,1,32320.56,12928.22,32320.56,
766,SWE-AZU-M,1,32525.33,13010.13,32525.33,
767,SWE-AZU-S,1,32525.33,13010.13,32525.33,
767,GOR-ROJ-UNICO,1,28716.74,11486.7,28716.74,
767,REM-BLA-XL,1,19606.78,13071.19,19606.78,7
767,BUZ-AZU-M,1,17741.54,11827.69,17741.54,7
767,CHU-ÍND-XL,1,33823.38,13529.35,33823.38,
768,JEA-LAV-UNICO,1,21871.44,8748.58,21871.44,
768,JEA-LAV-UNICO,1,21871.44,8748.58,21871.44,
768,CHU-ÍND-L,1,33823.38,13529.35,33823.38,
768,CHU-ÍND-L,1,33823.38,13529.35,33823.38,
769,CHU-VER-XL,1,33823.38,13529.35,33823.38,
769,MUS-AZU-UNICO,1,32320.56,12928.22,32320.56,
770,REM-TUR-XXL,1,34182.8,13673.12,34182.8,
770,CHU-ÍND-XL,1,33823.38,13529.35,33823.38,
770,MUS-CEL-S,1,32320.56,12928.22,32320.56,
771,MUS-AZU-XXL,1,32320.56,12928.22,32320.56,
771,REM-TUR-XXL,1,34182.8,13673.12,34182.8,
771,JOG-CEL-UNICO,1,41361.66,16544.66,41361.66,
771,SWE-MAR-L,1,32525.33,13010.13,32525.33,
772,GOR-GRI-XXL,1,28716.74,11486.7,28716.74,
772,JOG-AZU-UNICO,1,41361.66,16544.66,41361.66,
772,GOR-GRI-L,1,28716.74,11486.7,28716.74,
772,CAM-BEI-L,1,36700.58,14680.23,36700.58,
773,SWE-AZU-S,1,32525.33,13010.13,32525.33,
773,JEA-NEG-UNICO,1,19246.87,8748.58,19246.87,6
774,CHU-ÍND-L,1,33823.38,13529.35,33823.38,
775,CAM-CEL-XL,1,36700.58,14680.23,36700.58,
775,BUZ-AZU-UNICO,2,29569.23,11827.69,59138.46,
775,CHU-ÍND-UNICO,1,33823.38,13529.35,33823.38,
776,MUS-AZU-M,2,32320.56,12928.22,64641.12,
776,CAM-BLA-M,2,36700.58,14680.23,73401.16,
776,MUS-AZU-XXL,1,32320.56,12928.22,32320.56,
777,JOG-ÍND-XL,1,41361.66,16544.66,41361.66,
777,JOG-ÍND-XL,1,41361.66,16544.66,41361.66,
777,REM-VIO-M,1,32677.97,13071.19,32677.97,
777,CIN-MAR-L,1,33144.89,13257.96,33144.89,
778,REM-BLA-S,1,32677.97,13071.19,32677.97,
778,CHU-ÍND-XXL,1,33823.38,13529.35,33823.38,
778,JOG-ÍND-S,1,41361.66,16544.66,41361.66,
779,MUS-AZU-M,1,32320.56,12928.22,32320.56,
779,REM-VIO-M,1,32677.97,13071.19,32677.97,
779,BUZ-AZU-M,1,29569.23,11827.69,29569.23,
779,SWE-AZU-S,1,32525.33,13010.13,32525.33,
780,JEA-LAV-UNICO,1,21871.44,8748.58,21871.44,
780,CHU-NEG-S,1,33823.38,13529.35,33823.38,
780,GOR-GRI-XXL,1,28716.74,11486.7,28716.74,
781,JEA-LAV-L,1,21871.44,8748.58,21871.44,
781,CAM-BEI-UNICO,1,36700.58,14680.23,36700.58,
781,SWE-MAR-UNICO,1,32525.33,13010.13,32525.33,
781,JOG-CEL-UNICO,1,41361.66,16544.66,41361.66,
781,CIN-TUR-UNICO,1,33144.89,13257.96,33144.89,
782,CIN-MAR-L,1,33144.89,13257.96,33144.89,
783,CAM-BEI-UNICO,1,36700.58,14680.23,36700.58,
783,BUZ-AZU-M,1,17741.54,11827.69,17741.54,7
783,MUS-AZU-M,1,19392.34,12928.22,19392.34,7
783,CIN-MAR-S,1,19886.93,13257.96,19886.93,7
783,CHU-NEG-XXL,1,33823.38,13529.35,33823.38,
784,CIN-ROS-UNICO,1,33144.89,13257.96,33144.89,
784,REM-VIO-XL,1,32677.97,13071.19,32677.97,
784,CIN-TUR-UNICO,1,33144.89,13257.96,33144.89,
784,GOR-GRI-M,1,28716.74,11486.7,28716.74,
784,JEA-NEG-M,1,21871.44,8748.58,21871.44,
785,REM-TUR-S,1,34182.8,13673.12,34182.8,
786,GOR-GRI-XXL,1,28716.74,11486.7,28716.74,
786,CAM-BEI-UNICO,1,36700.58,14680.23,36700.58,
786,JOG-AZU-UNICO,1,41361.66,16544.66,41361.66,
786,GOR-GRI-XXL,1,28716.74,11486.7,28716.74,
786,GOR-GRI-S,1,27916.74,11486.7,27916.74,12
787,GOR-ROJ-XXL,1,28716.74,11486.7,28716.74,
787,CIN-TUR-XL,1,33144.89,13257.96,33144.89,
787,BUZ-AZU-M,1,29569.23,11827.69,29569.23,
787,SWE-MAR-M,1,32525.33,13010.13,32525.33,
788,GOR-GRI-XXL,1,28716.74,11486.7,28716.74,
789,SWE-MAR-M,1,32525.33,13010.13,32525.33,
789,REM-TUR-XXL,2,34182.8,13673.12,68365.6,
790,BUZ-AZU-UNICO,1,29569.23,11827.69,29569.23,
790,BUZ-AZU-M,1,29569.23,11827.69,29569.23,
791,SWE-MAR-UNICO,2,32525.33,13010.13,65050.66,
791,CHU-ÍND-L,1,33823.38,13529.35,33823.38,
791,CIN-TUR-XL,1,33144.89,13257.96,33144.89,
791,CIN-MAR-XL,2,33144.89,13257.96,66289.78,
792,MUS-AZU-XXL,1,32320.56,12928.22,32320.56,
792,GOR-ROJ-XXL,1,28716.74,11486.7,28716.74,
793,REM-VIO-XL,1,32677.97,13071.19,32677.97,
794,CHU-NEG-M,1,33823.38,13529.35,33823.38,
795,JOG-AZU-XXL,1,41361.66,16544.66,41361.66,
795,GOR-GRI-L,1,28716.74,11486.7,28716.74,
795,CIN-ROS-XXL,1,27178.81,13257.96,27178.81,10
795,SWE-AZU-S,2,26670.77,13010.13,53341.54,10
796,CIN-TUR-XL,1,33144.89,13257.96,33144.89,
796,CIN-MAR-M,1,33144.89,13257.96,33144.89,
797,GOR-GRI-UNICO,1,28716.74,11486.7,28716.74,
797,REM-VIO-M,1,32677.97,13071.19,32677.97,
797,MUS-AZU-UNICO,1,32320.56,12928.22,32320.56,
797,CHU-NEG-XXL,1,33823.38,13529.35,33823.38,
798,JOG-AZU-XXL,1,41361.66,16544.66,41361.66,
798,BUZ-AZU-UNICO,1,29569.23,11827.69,29569.23,
798,CHU-ÍND-L,2,33823.38,13529.35,67646.76,
799,MUS-AZU-UNICO,1,32320.56,12928.22,32320.56,
799,JEA-LAV-UNICO,1,21871.44,8748.58,21871.44,
799,CAM-CEL-XL,1,36700.58,14680.23,36700.58,
799,REM-BLA-XL,1,32677.97,13071.19,32677.97,
800,CHU-VER-XL,1,33823.38,13529.35,33823.38,
801,MUS-AZU-M,1,32320.56,12928.22,32320.56,
801,GOR-GRI-XXL,2,28716.74,11486.7,57433.48,
801,JOG-AZU-XXL,1,41361.66,16544.66,41361.66,
801,MUS-CEL-S,1,32320.56,12928.22,32320.56,
801,CIN-ROS-UNICO,1,33144.89,13257.96,33144.89,
802,REM-VIO-L,1,32677.97,13071.19,32677.97,
803,JEA-LAV-L,1,21871.44,8748.58,21871.44,
803,BUZ-AZU-UNICO,1,29569.23,11827.69,29569.23,
803,MUS-CEL-S,1,32320.56,12928.22,32320.56,
803,CIN-TUR-XL,2,33144.89,13257.96,66289.78,
804,REM-VIO-XL,1,32677.97,13071.19,32677.97,
804,JEA-NEG-M,1,21871.44,8748.58,21871.44,
805,MUS-AZU-M,1,32320.56,12928.22,32320.56,
806,MUS-AZU-XXL,1,32320.56,12928.22,32320.56,
806,BUZ-AZU-UNICO,1,29569.23,11827.69,29569.23,
806,CIN-TUR-UNICO,1,33144.89,13257.96,33144.89,
807,BUZ-AZU-M,1,29569.23,11827.69,29569.23,
807,JOG-ÍND-XL,1,41361.66,16544.66,41361.66,
808,SWE-MAR-UNICO,1,32525.33,13010.13,32525.33,
808,JOG-ÍND-M,2,41361.66,16544.66,82723.32,
808,CIN-MAR-L,2,33144.89,13257.96,66289.78,
808,SWE-AZU-S,1,32525.33,13010.13,32525.33,
808,JEA-NEG-M,2,21871.44,8748.58,43742.88,
809,REM-VIO-M,2,32677.97,13071.19,65355.94,
809,GOR-GRI-XXL,2,25845.07,11486.7,51690.14,3
810,CHU-NEG-S,1,33823.38,13529.35,33823.38,
811,JOG-CEL-UNICO,1,41361.66,16544.66,41361.66,
811,JOG-ÍND-M,1,41361.66,16544.66,41361.66,
812,CAM-CEL-XL,2,36700.58,14680.23,73401.16,
812,CIN-TUR-XL,1,27178.81,13257.96,27178.81,9
812,SWE-AZU-S,1,32525.33,13010.13,32525.33,
812,REM-BLA-UNICO,1,32677.97,13071.19,32677.97,
812,JOG-AZU-UNICO,1,41361.66,16544.66,41361.66,
813,CHU-NEG-M,1,33823.38,13529.35,33823.38,
813,JEA-NEG-UNICO,1,17934.58,8748.58,17934.58,10
814,CAM-BEI-UNICO,1,36700.58,14680.23,36700.58,
815,CHU-NEG-XL,1,33823.38,13529.35,33823.38,
815,REM-CEL-XXL,1,34182.8,13673.12,34182.8,
815,CAM-BEI-S,1,36700.58,14680.23,36700.58,
816,GOR-GRI-L,1,28716.74,11486.7,28716.74,
816,REM-BLA-XL,1,32677.97,13071.19,32677.97,
816,CHU-NEG-M,1,33823.38,13529.35,33823.38,
816,CHU-NEG-S,1,33823.38,13529.35,33823.38,
816,SWE-MAR-UNICO,1,32525.33,13010.13,32525.33,
817,REM-VIO-M,1,32677.97,13071.19,32677.97,
818,JEA-NEG-M,1,21871.44,8748.58,21871.44,
818,CIN-TUR-XL,1,33144.89,13257.96,33144.89,
818,BUZ-AZU-M,1,17741.54,11827.69,17741.54,7
819,MUS-AZU-UNICO,1,32320.56,12928.22,32320.56,
819,CAM-BEI-UNICO,1,36700.58,14680.23,36700.58,
819,BUZ-AZU-M,1,29569.23,11827.69,29569.23,
819,SWE-MAR-L,1,32525.33,13010.13,32525.33,
820,REM-TUR-XXL,1,34182.8,13673.12,34182.8,
820,REM-CEL-XXL,1,34182.8,13673.12,34182.8,
820,MUS-AZU-UNICO,2,32320.56,12928.22,64641.12,
820,REM-TUR-XXL,1,34182.8,13673.12,34182.8,
820,JEA-LAV-UNICO,1,21871.44,8748.58,21871.44,
821,REM-VIO-M,1,32677.97,13071.19,32677.97,
821,CHU-ÍND-XXL,1,33823.38,13529.35,33823.38,
821,MUS-AZU-UNICO,2,32320.56,12928.22,64641.12,
821,CHU-NEG-S,1,33823.38,13529.35,33823.38,
822,GOR-GRI-UNICO,1,28716.74,11486.7,28716.74,
822,CIN-ROS-UNICO,1,33144.89,13257.96,33144.89,
822,JOG-AZU-XL,1,41361.66,16544.66,41361.66,
822,JOG-ÍND-S,2,41361.66,16544.66,82723.32,
822,CAM-BEI-L,1,36700.58,14680.23,36700.58,
823,CAM-CEL-XL,1,36700.58,14680.23,36700.58,
823,JOG-ÍND-S,1,41361.66,16544.66,41361.66,
824,JEA-NEG-M,1,21871.44,8748.58,21871.44,
824,JOG-ÍND-S,1,41361.66,16544.66,41361.66,
824,MUS-AZU-UNICO,2,32320.56,12928.22,64641.12,
824,CHU-ÍND-XXL,1,33823.38,13529.35,33823.38,
824,JOG-ÍND-S,1,41361.66,16544.66,41361.66,
825,MUS-CEL-XXL,1,32320.56,12928.22,32320.56,
825,JEA-NEG-UNICO,1,21871.44,8748.58,21871.44,
825,CHU-VER-M,1,33823.38,13529.35,33823.38,
826,JEA-LAV-L,1,21871.44,8748.58,21871.44,
827,CIN-MAR-S,1,33144.89,13257.96,33144.89,
827,JOG-AZU-XL,1,41361.66,16544.66,41361.66,
827,CAM-BLA-M,1,36700.58,14680.23,36700.58,
827,CHU-VER-L,1,33823.38,13529.35,33823.38,
827,CAM-BLA-XL,1,22020.35,14680.23,22020.35,7
828,CIN-MAR-L,1,33144.89,13257.96,33144.89,
828,CHU-NEG-S,1,33823.38,13529.35,33823.38,
828,CIN-MAR-XL,1,33144.89,13257.96,33144.89,
829,JOG-AZU-UNICO,1,41361.66,16544.66,41361.66,
829,SWE-MAR-L,1,32525.33,13010.13,32525.33,
829,CHU-NEG-S,2,33823.38,13529.35,67646.76,
829,MUS-AZU-XXL,1,32320.56,12928.22,32320.56,
830,CAM-BLA-XL,1,36700.58,14680.23,36700.58,
830,CHU-ÍND-XXL,1,33823.38,13529.35,33823.38,
830,CHU-NEG-S,1,33823.38,13529.35,33823.38,
831,GOR-ROJ-UNICO,1,28716.74,11486.7,28716.74,
831,JOG-AZU-L,2,41361.66,16544.66,82723.32,
831,CIN-MAR-XL,1,33144.89,13257.96,33144.89,
832,CIN-MAR-S,2,33144.89,13257.96,66289.78,
833,JOG-ÍND-XL,2,41361.66,16544.66,82723.32,
833,GOR-GRI-UNICO,1,28716.74,11486.7,28716.74,
834,REM-BLA-XL,1,32677.97,13071.19,32677.97,
834,CHU-NEG-M,1,33823.38,13529.35,33823.38,
834,MUS-AZU-UNICO,2,32320.56,12928.22,64641.12,
835,CIN-MAR-S,1,33144.89,13257.96,33144.89,
835,CIN-MAR-XL,1,33144.89,13257.96,33144.89,
835,MUS-AZU-XXL,1,32320.56,12928.22,32320.56,
836,GOR-ROJ-S,1,28716.74,11486.7,28716.74,
836,GOR-GRI-XXL,1,28716.74,11486.7,28716.74,
837,CHU-NEG-XL,1,33823.38,13529.35,33823.38,
837,CHU-ÍND-L,1,33823.38,13529.35,33823.38,
838,BUZ-AZU-M,1,29569.23,11827.69,29569.23,
839,SWE-AZU-M,1,32525.33,13010.13,32525.33,
839,CHU-NEG-XL,1,33823.38,13529.35,33823.38,
839,GOR-GRI-XXL,1,28716.74,11486.7,28716.74,
839,CHU-VER-XL,1,33823.38,13529.35,33823.38,
839,CHU-NEG-S,1,33823.38,13529.35,33823.38,
840,MUS-AZU-XXL,1,32320.56,12928.22,32320.56,
840,JOG-AZU-UNICO,1,41361.66,16544.66,41361.66,
840,CHU-NEG-M,1,27735.17,13529.35,27735.17,9
841,BUZ-AZU-M,1,29569.23,11827.69,29569.23,
841,CIN-ROS-XXL,1,33144.89,13257.96,33144.89,
841,CHU-VER-XL,1,33823.38,13529.35,33823.38,
841,JEA-NEG-UNICO,1,21871.44,8748.58,21871.44,
842,CIN-TUR-UNICO,1,33144.89,13257.96,33144.89,
842,JOG-AZU-UNICO,1,41361.66,16544.66,41361.66,
842,REM-VIO-L,1,32677.97,13071.19,32677.97,
842,GOR-GRI-S,1,28716.74,11486.7,28716.74,
843,CHU-VER-XL,1,21985.2,13529.35,21985.2,8
843,JEA-LAV-L,1,19684.3,8748.58,19684.3,2
843,CAM-BLA-S,1,36700.58,14680.23,36700.58,
843,CAM-BEI-S,1,36700.58,14680.23,36700.58,
843,REM-VIO-XL,1,32677.97,13071.19,32677.97,
844,CAM-BLA-M,1,36700.58,14680.23,36700.58,
844,CHU-NEG-M,2,33823.38,13529.35,67646.76,
844,REM-VIO-M,1,32677.97,13071.19,32677.97,
845,JOG-ÍND-XL,1,41361.66,16544.66,41361.66,
845,CHU-NEG-XL,1,33823.38,13529.35,33823.38,
846,MUS-CEL-S,1,32320.56,12928.22,32320.56,
846,CHU-NEG-S,1,33823.38,13529.35,33823.38,
846,REM-BLA-XL,1,32677.97,13071.19,32677.97,
846,CIN-MAR-XL,1,33144.89,13257.96,33144.89,
847,GOR-GRI-XXL,1,28716.74,11486.7,28716.74,
848,JOG-AZU-L,1,41361.66,16544.66,41361.66,
848,MUS-AZU-XXL,1,32320.56,12928.22,32320.56,
848,CIN-MAR-S,1,33144.89,13257.96,33144.89,
849,CHU-NEG-S,2,33823.38,13529.35,67646.76,
849,GOR-ROJ-S,1,28716.74,11486.7,28716.74,
849,JOG-ÍND-XL,1,41361.66,16544.66,41361.66,
849,SWE-AZU-S,1,32525.33,13010.13,32525.33,
850,CAM-CEL-XL,1,36700.58,14680.23,36700.58,
850,SWE-MAR-M,1,32525.33,13010.13,32525.33,
851,GOR-GRI-UNICO,1,28716.74,11486.7,28716.74,
851,MUS-AZU-XXL,1,32320.56,12928.22,32320.56,
851,BUZ-AZU-M,1,29569.23,11827.69,29569.23,
851,GOR-ROJ-UNICO,1,28716.74,11486.7,28716.74,
852,SWE-AZU-S,1,32525.33,13010.13,32525.33,
853,GOR-GRI-UNICO,1,28716.74,11486.7,28716.74,
853,CAM-CEL-XL,1,36700.58,14680.23,36700.58,
853,CIN-TUR-UNICO,1,33144.89,13257.96,33144.89,
853,MUS-AZU-M,2,32320.56,12928.22,64641.12,
853,REM-BLA-S,1,32677.97,13071.19,32677.97,
854,SWE-MAR-UNICO,1,32525.33,13010.13,32525.33,
855,REM-TUR-XXL,1,34182.8,13673.12,34182.8,
855,JOG-AZU-XL,1,41361.66,16544.66,41361.66,
855,JOG-CEL-L,1,41361.66,16544.66,41361.66,
855,CAM-BLA-S,1,23855.38,14680.23,23855.38,8
856,JOG-AZU-XL,1,41361.66,16544.66,41361.66,
856,CHU-NEG-UNICO,2,33823.38,13529.35,67646.76,
856,JEA-NEG-XL,1,21871.44,8748.58,21871.44,
856,CIN-ROS-XXL,1,33144.89,13257.96,33144.89,
856,GOR-ROJ-S,1,28716.74,11486.7,28716.74,
857,CAM-CEL-XL,1,30094.48,14680.23,30094.48,10
858,REM-TUR-XXL,2,34182.8,13673.12,68365.6,
858,JOG-AZU-L,1,41361.66,16544.66,41361.66,
858,SWE-MAR-XXL,1,32525.33,13010.13,32525.33,
859,GOR-GRI-UNICO,1,28716.74,11486.7,28716.74,
860,GOR-GRI-S,1,28716.74,11486.7,28716.74,
860,GOR-GRI-XXL,1,28716.74,11486.7,28716.74,
860,CIN-ROS-XXL,1,33144.89,13257.96,33144.89,
861,CIN-MAR-M,1,27178.81,13257.96,27178.81,10
862,JOG-ÍND-S,1,41361.66,16544.66,41361.66,
862,JOG-CEL-UNICO,1,41361.66,16544.66,41361.66,
863,CIN-TUR-XL,1,33144.89,13257.96,33144.89,
863,CHU-NEG-M,1,33823.38,13529.35,33823.38,
863,CHU-NEG-S,1,33823.38,13529.35,33823.38,
863,GOR-GRI-UNICO,1,28716.74,11486.7,28716.74,
864,JOG-CEL-UNICO,1,41361.66,16544.66,41361.66,
864,GOR-GRI-XXL,1,28716.74,11486.7,28716.74,
864,CIN-MAR-L,1,33144.89,13257.96,33144.89,
864,REM-CEL-XXL,1,34182.8,13673.12,34182.8,
865,CHU-NEG-UNICO,1,33823.38,13529.35,33823.38,
865,REM-TUR-S,1,34182.8,13673.12,34182.8,
865,MUS-CEL-S,1,32320.56,12928.22,32320.56,
865,REM-VIO-XL,2,32677.97,13071.19,65355.94,
866,SWE-MAR-M,1,32525.33,13010.13,32525.33,
866,JOG-AZU-XXL,1,41361.66,16544.66,41361.66,
866,REM-BLA-XL,2,32677.97,13071.19,65355.94,
866,REM-VIO-L,1,32677.97,13071.19,32677.97,
867,GOR-GRI-XXL,1,28716.74,11486.7,28716.74,
867,CAM-BLA-XL,1,30094.48,14680.23,30094.48,10
867,CIN-TUR-UNICO,1,27178.81,13257.96,27178.81,10
867,REM-VIO-L,1,32677.97,13071.19,32677.97,
867,CHU-ÍND-L,1,33823.38,13529.35,33823.38,
868,CIN-ROS-XXL,1,33144.89,13257.96,33144.89,
868,CAM-BEI-UNICO,1,36700.58,14680.23,36700.58,
869,MUS-AZU-M,1,26502.86,12928.22,26502.86,9
869,GOR-ROJ-L,1,28716.74,11486.7,28716.74,
869,REM-TUR-S,1,34182.8,13673.12,34182.8,
870,CIN-ROS-XXL,1,33144.89,13257.96,33144.89,
870,MUS-AZU-XXL,1,32320.56,12928.22,32320.56,
870,MUS-AZU-XXL,1,32320.56,12928.22,32320.56,
870,REM-CEL-XXL,1,34182.8,13673.12,34182.8,
870,REM-TUR-XXL,1,34182.8,13673.12,34182.8,
871,CHU-NEG-XXL,1,33823.38,13529.35,33823.38,
871,CIN-ROS-XXL,1,33144.89,13257.96,33144.89,
872,JEA-LAV-UNICO,2,21871.44,8748.58,43742.88,
872,CHU-VER-XL,1,33823.38,13529.35,33823.38,
873,BUZ-AZU-M,1,29569.23,11827.69,29569.23,
873,CIN-MAR-S,1,33144.89,13257.96,33144.89,
873,REM-VIO-M,2,32677.97,13071.19,65355.94,
873,GOR-GRI-S,1,28716.74,11486.7,28716.74,
873,GOR-ROJ-UNICO,1,28716.74,11486.7,28716.74,
874,CAM-CEL-XL,1,36700.58,14680.23,36700.58,
875,REM-BLA-S,1,32677.97,13071.19,32677.97,
875,CAM-BLA-M,1,36700.58,14680.23,36700.58,
875,REM-CEL-XXL,1,28029.9,13673.12,28029.9,10
875,CIN-TUR-XL,2,27178.81,13257.96,54357.62,10
876,CAM-BEI-UNICO,1,36700.58,14680.23,36700.58,
876,CIN-MAR-L,1,33144.89,13257.96,33144.89,
877,CHU-NEG-S,1,33823.38,13529.35,33823.38,
877,CAM-BEI-UNICO,1,36700.58,14680.23,36700.58,
877,REM-VIO-XXL,2,32677.97,13071.19,65355.94,
877,GOR-GRI-UNICO,1,28716.74,11486.7,28716.74,
878,GOR-GRI-XXL,2,28716.74,11486.7,57433.48,
878,GOR-ROJ-S,1,28716.74,11486.7,28716.74,
878,GOR-GRI-L,1,28716.74,11486.7,28716.74,
879,SWE-AZU-S,1,31725.33,13010.13,31725.33,12
879,JEA-LAV-UNICO,1,21071.44,8748.58,21071.44,12
880,GOR-GRI-S,1,28716.74,11486.7,28716.74,
880,CHU-NEG-M,1,33823.38,13529.35,33823.38,
881,CIN-ROS-XXL,1,33144.89,13257.96,33144.89,
881,CIN-MAR-L,1,27178.81,13257.96,27178.81,10
881,CHU-NEG-M,1,33823.38,13529.35,33823.38,
881,GOR-GRI-M,1,28716.74,11486.7,28716.74,
882,CHU-ÍND-XL,1,33823.38,13529.35,33823.38,
882,CAM-BEI-S,1,32296.51,14680.23,32296.51,6
883,CIN-TUR-UNICO,1,33144.89,13257.96,33144.89,
883,GOR-GRI-XXL,1,28716.74,11486.7,28716.74,
883,CIN-TUR-UNICO,1,33144.89,13257.96,33144.89,
884,JOG-ÍND-XL,1,41361.66,16544.66,41361.66,
884,REM-BLA-XL,1,32677.97,13071.19,32677.97,
885,CHU-NEG-M,1,33823.38,13529.35,33823.38,
886,REM-VIO-XL,1,32677.97,13071.19,32677.97,
886,JOG-AZU-UNICO,1,41361.66,16544.66,41361.66,
886,MUS-CEL-M,1,32320.56,12928.22,32320.56,
886,GOR-ROJ-S,1,28716.74,11486.7,28716.74,
887,GOR-GRI-UNICO,1,28716.74,11486.7,28716.74,
887,MUS-AZU-M,1,32320.56,12928.22,32320.56,
887,SWE-MAR-L,1,26670.77,13010.13,26670.77,10
887,JOG-CEL-UNICO,1,41361.66,16544.66,41361.66,
887,REM-BLA-XL,1,32677.97,13071.19,32677.97,
888,CIN-TUR-UNICO,1,33144.89,13257.96,33144.89,
888,BUZ-AZU-M,1,29569.23,11827.69,29569.23,
888,CHU-NEG-S,1,33823.38,13529.35,33823.38,
889,CIN-MAR-S,1,33144.89,13257.96,33144.89,
889,CIN-MAR-S,1,33144.89,13257.96,33144.89,
889,JEA-LAV-UNICO,1,21871.44,8748.58,21871.44,
890,SWE-MAR-L,2,32525.33,13010.13,65050.66,
890,JOG-ÍND-M,2,41361.66,16544.66,82723.32,
890,CIN-MAR-XL,1,33144.89,13257.96,33144.89,
891,CAM-BEI-L,2,36700.58,14680.23,73401.16,
891,MUS-AZU-UNICO,1,32320.56,12928.22,32320.56,
891,GOR-GRI-L,1,28716.74,11486.7,28716.74,
891,JOG-ÍND-XL,1,41361.66,16544.66,41361.66,
892,JOG-CEL-UNICO,2,41361.66,16544.66,82723.32,
892,CIN-TUR-XL,1,33144.89,13257.96,33144.89,
892,CHU-NEG-S,1,33823.38,13529.35,33823.38,
892,REM-BLA-XL,1,32677.97,13071.19,32677.97,
892,SWE-MAR-L,1,32525.33,13010.13,32525.33,
893,JOG-CEL-UNICO,2,41361.66,16544.66,82723.32,
893,CHU-ÍND-XXL,1,33823.38,13529.35,33823.38,
893,GOR-GRI-M,1,17230.04,11486.7,17230.04,7
893,JOG-ÍND-M,1,41361.66,16544.66,41361.66,
893,CHU-VER-XL,1,33823.38,13529.35,33823.38,
894,JOG-ÍND-XL,1,41361.66,16544.66,41361.66,
894,JOG-CEL-UNICO,1,41361.66,16544.66,41361.66,
894,CAM-BLA-M,2,36700.58,14680.23,73401.16,
894,REM-TUR-S,1,34182.8,13673.12,34182.8,
894,CHU-NEG-S,1,33823.38,13529.35,33823.38,
895,JEA-NEG-M,1,21871.44,8748.58,21871.44,
895,CAM-BLA-S,2,36700.58,14680.23,73401.16,
895,CAM-BLA-M,2,22020.35,14680.23,44040.7,7
895,CHU-ÍND-L,1,33823.38,13529.35,33823.38,
896,CAM-BEI-UNICO,1,36700.58,14680.23,36700.58,
896,REM-CEL-XXL,1,34182.8,13673.12,34182.8,
896,GOR-ROJ-XXL,2,28716.74,11486.7,57433.48,
896,GOR-GRI-S,1,28716.74,11486.7,28716.74,
896,MUS-CEL-XXL,1,32320.56,12928.22,32320.56,
897,GOR-GRI-S,1,28716.74,11486.7,28716.74,
897,JOG-CEL-UNICO,1,41361.66,16544.66,41361.66,
897,CAM-CEL-XL,1,36700.58,14680.23,36700.58,
897,SWE-MAR-L,1,32525.33,13010.13,32525.33,
897,BUZ-AZU-M,1,29569.23,11827.69,29569.23,
898,CHU-ÍND-XL,2,33823.38,13529.35,67646.76,
898,CHU-VER-XL,1,33823.38,13529.35,33823.38,
898,REM-TUR-S,1,34182.8,13673.12,34182.8,
898,CAM-BLA-S,1,36700.58,14680.23,36700.58,
899,BUZ-AZU-UNICO,1,24246.77,11827.69,24246.77,9
899,JEA-LAV-UNICO,1,21871.44,8748.58,21871.44,
899,MUS-AZU-M,1,32320.56,12928.22,32320.56,
899,REM-CEL-XXL,1,34182.8,13673.12,34182.8,
900,SWE-AZU-S,1,32525.33,13010.13,32525.33,
900,CHU-VER-S,1,33823.38,13529.35,33823.38,
900,CHU-ÍND-XXL,1,33823.38,13529.35,33823.38,
900,CHU-NEG-XL,1,33823.38,13529.35,33823.38,
900,CHU-VER-L,1,33823.38,13529.35,33823.38,
901,CAM-BLA-M,2,36700.58,14680.23,73401.16,
901,JEA-LAV-UNICO,2,21871.44,8748.58,43742.88,
901,SWE-MAR-UNICO,1,32525.33,13010.13,32525.33,
901,GOR-GRI-S,1,28716.74,11486.7,28716.74,
901,JEA-LAV-L,1,21871.44,8748.58,21871.44,
902,CIN-MAR-L,1,33144.89,13257.96,33144.89,
902,MUS-AZU-XXL,1,32320.56,12928.22,32320.56,
902,CAM-CEL-XL,1,36700.58,14680.23,36700.58,
902,JEA-LAV-UNICO,1,21871.44,8748.58,21871.44,
902,REM-CEL-XXL,1,34182.8,13673.12,34182.8,
903,JEA-LAV-UNICO,1,21871.44,8748.58,21871.44,
903,CAM-CEL-XL,1,36700.58,14680.23,36700.58,
903,JEA-LAV-UNICO,1,21871.44,8748.58,21871.44,
903,GOR-GRI-S,1,28716.74,11486.7,28716.74,
904,CAM-BEI-UNICO,1,36700.58,14680.23,36700.58,
905,CIN-ROS-XXL,1,33144.89,13257.96,33144.89,
905,CAM-BEI-UNICO,1,36700.58,14680.23,36700.58,
905,JEA-NEG-M,1,21871.44,8748.58,21871.44,
906,CIN-MAR-L,1,33144.89,13257.96,33144.89,
906,GOR-GRI-M,1,28716.74,11486.7,28716.74,
906,CIN-MAR-L,1,33144.89,13257.96,33144.89,
907,GOR-GRI-M,1,28716.74,11486.7,28716.74,
907,JEA-NEG-M,1,21871.44,8748.58,21871.44,
907,MUS-CEL-S,1,32320.56,12928.22,32320.56,
908,CIN-TUR-UNICO,1,33144.89,13257.96,33144.89,
908,SWE-MAR-L,1,32525.33,13010.13,32525.33,
908,JOG-ÍND-XL,1,41361.66,16544.66,41361.66,
909,BUZ-AZU-UNICO,2,29569.23,11827.69,59138.46,
910,GOR-GRI-L,1,28716.74,11486.7,28716.74,
911,SWE-AZU-M,1,32525.33,13010.13,32525.33,
911,SWE-MAR-L,1,32525.33,13010.13,32525.33,
912,CAM-BEI-UNICO,1,36700.58,14680.23,36700.58,
913,CIN-MAR-L,1,33144.89,13257.96,33144.89,
913,JEA-NEG-UNICO,1,21871.44,8748.58,21871.44,
914,GOR-GRI-S,1,28716.74,11486.7,28716.74,
914,CHU-NEG-S,1,33823.38,13529.35,33823.38,
915,JOG-ÍND-M,1,33916.56,16544.66,33916.56,10
915,REM-VIO-XL,1,32677.97,13071.19,32677.97,
916,CAM-BEI-L,1,36700.58,14680.23,36700.58,
916,CAM-BLA-S,1,36700.58,14680.23,36700.58,
917,SWE-MAR-L,1,32525.33,13010.13,32525.33,
917,JOG-CEL-UNICO,2,41361.66,16544.66,82723.32,
917,JOG-CEL-UNICO,1,41361.66,16544.66,41361.66,
918,JEA-LAV-L,2,21871.44,8748.58,43742.88,
918,CHU-VER-S,1,33823.38,13529.35,33823.38,
918,CAM-BEI-L,1,36700.58,14680.23,36700.58,
918,CIN-MAR-L,1,33144.89,13257.96,33144.89,
919,CAM-CEL-XL,1,36700.58,14680.23,36700.58,
919,GOR-GRI-M,1,28716.74,11486.7,28716.74,
919,CHU-ÍND-L,1,33823.38,13529.35,33823.38,
919,CHU-NEG-M,1,33823.38,13529.35,33823.38,
920,CHU-NEG-M,1,33823.38,13529.35,33823.38,
920,CHU-ÍND-XL,1,33823.38,13529.35,33823.38,
920,CHU-NEG-XXL,1,33823.38,13529.35,33823.38,
920,CHU-VER-XL,1,33823.38,13529.35,33823.38,
920,CHU-ÍND-L,1,33823.38,13529.35,33823.38,
921,JOG-AZU-XXL,1,41361.66,16544.66,41361.66,
921,CAM-BEI-UNICO,1,36700.58,14680.23,36700.58,
922,CIN-MAR-S,2,33144.89,13257.96,66289.78,
923,JOG-CEL-UNICO,1,41361.66,16544.66,41361.66,
924,GOR-GRI-UNICO,1,28716.74,11486.7,28716.74,
924,CHU-ÍND-XXL,1,33823.38,13529.35,33823.38,
924,BUZ-AZU-M,1,29569.23,11827.69,29569.23,
924,MUS-AZU-UNICO,1,32320.56,12928.22,32320.56,
924,JEA-LAV-UNICO,1,21871.44,8748.58,21871.44,
925,JEA-LAV-UNICO,1,21871.44,8748.58,21871.44,
925,CAM-BLA-S,1,36700.58,14680.23,36700.58,
925,REM-VIO-L,1,32677.97,13071.19,32677.97,
925,BUZ-AZU-M,1,29569.23,11827.69,29569.23,
926,SWE-MAR-L,1,32525.33,13010.13,32525.33,
926,CAM-BEI-UNICO,1,36700.58,14680.23,36700.58,
926,GOR-GRI-UNICO,1,28716.74,11486.7,28716.74,
927,REM-BLA-XL,1,32677.97,13071.19,32677.97,
927,JOG-ÍND-M,2,41361.66,16544.66,82723.32,
928,MUS-CEL-S,1,32320.56,12928.22,32320.56,
928,JEA-NEG-M,1,21871.44,8748.58,21871.44,
928,REM-BLA-S,1,32677.97,13071.19,32677.97,
929,SWE-AZU-S,1,32525.33,13010.13,32525.33,
930,CIN-TUR-UNICO,1,33144.89,13257.96,33144.89,
931,CIN-TUR-XL,1,33144.89,13257.96,33144.89,
931,CHU-NEG-S,1,33823.38,13529.35,33823.38,
931,CIN-ROS-XXL,1,33144.89,13257.96,33144.89,
931,CIN-TUR-XL,1,33144.89,13257.96,33144.89,
931,JEA-NEG-M,1,21871.44,8748.58,21871.44,
932,GOR-GRI-M,1,28716.74,11486.7,28716.74,
933,CHU-NEG-S,1,33823.38,13529.35,33823.38,
933,GOR-GRI-S,1,28716.74,11486.7,28716.74,
934,MUS-AZU-XXL,1,32320.56,12928.22,32320.56,
934,MUS-AZU-XXL,1,32320.56,12928.22,32320.56,
934,JEA-LAV-L,1,21871.44,8748.58,21871.44,
934,SWE-MAR-UNICO,1,32525.33,13010.13,32525.33,
934,REM-CEL-XXL,1,34182.8,13673.12,34182.8,
935,CHU-NEG-XXL,1,33823.38,13529.35,33823.38,
935,JOG-ÍND-M,1,41361.66,16544.66,41361.66,
936,CIN-TUR-XL,1,33144.89,13257.96,33144.89,
936,JEA-NEG-UNICO,1,21871.44,8748.58,21871.44,
936,CAM-CEL-XL,1,36700.58,14680.23,36700.58,
936,JEA-LAV-UNICO,1,21871.44,8748.58,21871.44,
937,CIN-MAR-S,1,33144.89,13257.96,33144.89,
937,CAM-BLA-M,1,36700.58,14680.23,36700.58,
938,CHU-ÍND-XL,1,33823.38,13529.35,33823.38,
938,CAM-BEI-UNICO,1,36700.58,14680.23,36700.58,
938,JOG-AZU-XXL,1,41361.66,16544.66,41361.66,
938,JOG-ÍND-M,2,41361.66,16544.66,82723.32,
939,JOG-AZU-UNICO,2,41361.66,16544.66,82723.32,
939,MUS-AZU-XXL,1,32320.56,12928.22,32320.56,
939,GOR-GRI-L,1,28716.74,11486.7,28716.74,
940,REM-TUR-XXL,1,34182.8,13673.12,34182.8,
940,JEA-LAV-L,1,21871.44,8748.58,21871.44,
940,SWE-AZU-S,1,32525.33,13010.13,32525.33,
940,REM-BLA-XL,1,32677.97,13071.19,32677.97,
940,JEA-NEG-M,1,21871.44,8748.58,21871.44,
941,CHU-ÍND-XL,2,33823.38,13529.35,67646.76,
941,CHU-ÍND-L,1,33823.38,13529.35,33823.38,
942,CIN-MAR-L,1,33144.89,13257.96,33144.89,
942,REM-CEL-XXL,1,34182.8,13673.12,34182.8,
942,GOR-GRI-UNICO,1,28716.74,11486.7,28716.74,
943,MUS-AZU-XXL,1,32320.56,12928.22,32320.56,
943,MUS-AZU-UNICO,1,31520.56,12928.22,31520.56,12
944,JOG-ÍND-M,1,41361.66,16544.66,41361.66,
944,REM-BLA-S,1,32677.97,13071.19,32677.97,
944,BUZ-AZU-M,1,24246.77,11827.69,24246.77,10
945,MUS-AZU-XXL,1,32320.56,12928.22,32320.56,
946,CIN-MAR-L,2,33144.89,13257.96,66289.78,
946,CIN-TUR-UNICO,1,33144.89,13257.96,33144.89,
946,SWE-MAR-L,1,32525.33,13010.13,32525.33,
947,CIN-ROS-XXL,1,33144.89,13257.96,33144.89,
947,JEA-NEG-M,2,21871.44,8748.58,43742.88,
947,REM-TUR-XXL,1,34182.8,13673.12,34182.8,
947,REM-VIO-M,1,32677.97,13071.19,32677.97,
948,JEA-NEG-M,1,21871.44,8748.58,21871.44,
948,GOR-GRI-S,1,28716.74,11486.7,28716.74,
948,CHU-ÍND-XXL,1,33823.38,13529.35,33823.38,
949,JEA-NEG-UNICO,1,21871.44,8748.58,21871.44,
949,SWE-MAR-UNICO,1,32525.33,13010.13,32525.33,
949,BUZ-AZU-UNICO,1,29569.23,11827.69,29569.23,
950,GOR-GRI-M,1,28716.74,11486.7,28716.74,
951,CHU-ÍND-L,1,33823.38,13529.35,33823.38,
951,REM-VIO-XXL,2,32677.97,13071.19,65355.94,
951,MUS-AZU-XXL,1,32320.56,12928.22,32320.56,
952,CIN-MAR-XL,1,33144.89,13257.96,33144.89,
952,CHU-ÍND-XXL,1,33823.38,13529.35,33823.38,
952,CIN-MAR-XL,1,33144.89,13257.96,33144.89,
953,CHU-ÍND-XL,1,33823.38,13529.35,33823.38,
953,CHU-ÍND-L,1,33823.38,13529.35,33823.38,
953,CHU-NEG-S,1,33823.38,13529.35,33823.38,
954,SWE-MAR-UNICO,1,32525.33,13010.13,32525.33,
955,MUS-AZU-M,1,32320.56,12928.22,32320.56,
956,BUZ-AZU-M,1,29569.23,11827.69,29569.23,
956,CIN-MAR-XL,2,33144.89,13257.96,66289.78,
957,REM-BLA-XL,1,32677.97,13071.19,32677.97,
957,CHU-NEG-S,1,33823.38,13529.35,33823.38,
957,CAM-BEI-UNICO,1,36700.58,14680.23,36700.58,
958,REM-TUR-XXL,1,34182.8,13673.12,34182.8,
958,CIN-ROS-XXL,1,33144.89,13257.96,33144.89,
958,MUS-CEL-S,1,32320.56,12928.22,32320.56,
959,REM-BLA-S,1,32677.97,13071.19,32677.97,
959,CAM-BEI-S,1,36700.58,14680.23,36700.58,
960,JEA-LAV-L,1,21871.44,8748.58,21871.44,
960,GOR-GRI-XXL,1,28716.74,11486.7,28716.74,
960,CAM-BEI-UNICO,1,36700.58,14680.23,36700.58,
960,JEA-NEG-M,1,21871.44,8748.58,21871.44,
960,MUS-AZU-UNICO,2,32320.56,12928.22,64641.12,
961,SWE-AZU-XXL,1,32525.33,13010.13,32525.33,
961,MUS-CEL-S,1,32320.56,12928.22,32320.56,
961,JOG-AZU-L,1,41361.66,16544.66,41361.66,
961,JOG-AZU-L,2,41361.66,16544.66,82723.32,
962,MUS-AZU-M,1,32320.56,12928.22,32320.56,
962,GOR-ROJ-S,1,28716.74,11486.7,28716.74,
962,CIN-MAR-S,1,33144.89,13257.96,33144.89,
963,CAM-BLA-M,1,36700.58,14680.23,36700.58,
964,CIN-MAR-M,1,33144.89,13257.96,33144.89,
964,REM-VIO-XXL,1,32677.97,13071.19,32677.97,
964,SWE-MAR-UNICO,1,32525.33,13010.13,32525.33,
964,BUZ-AZU-L,1,29569.23,11827.69,29569.23,
964,SWE-AZU-XXL,1,29272.8,13010.13,29272.8,2
965,CIN-MAR-XL,1,33144.89,13257.96,33144.89,
965,JOG-ÍND-XL,1,41361.66,16544.66,41361.66,
965,JOG-ÍND-XL,1,41361.66,16544.66,41361.66,
965,CHU-VER-XL,1,33823.38,13529.35,33823.38,
966,BUZ-AZU-M,1,29569.23,11827.69,29569.23,
966,BUZ-AZU-M,1,29569.23,11827.69,29569.23,
967,SWE-MAR-L,1,32525.33,13010.13,32525.33,
967,CIN-MAR-S,1,33144.89,13257.96,33144.89,
967,JEA-NEG-UNICO,1,21871.44,8748.58,21871.44,
968,CIN-MAR-XL,1,33144.89,13257.96,33144.89,
968,CHU-ÍND-L,1,33823.38,13529.35,33823.38,
969,CHU-ÍND-L,1,33823.38,13529.35,33823.38,
969,MUS-CEL-S,1,32320.56,12928.22,32320.56,
970,MUS-AZU-M,1,32320.56,12928.22,32320.56,
970,MUS-AZU-XXL,1,32320.56,12928.22,32320.56,
970,SWE-MAR-L,1,32525.33,13010.13,32525.33,
970,CHU-ÍND-XXL,1,33823.38,13529.35,33823.38,
971,MUS-AZU-UNICO,1,32320.56,12928.22,32320.56,
971,CHU-NEG-S,1,33823.38,13529.35,33823.38,
971,REM-VIO-XXL,1,32677.97,13071.19,32677.97,
972,CHU-NEG-S,1,33823.38,13529.35,33823.38,
972,CHU-NEG-M,1,33823.38,13529.35,33823.38,
973,GOR-ROJ-UNICO,2,28716.74,11486.7,57433.48,
973,JEA-NEG-UNICO,1,21871.44,8748.58,21871.44,
973,SWE-MAR-L,1,32525.33,13010.13,32525.33,
973,GOR-GRI-M,1,28716.74,11486.7,28716.74,
973,JOG-ÍND-XL,1,41361.66,16544.66,41361.66,
974,JOG-CEL-UNICO,1,41361.66,16544.66,41361.66,
974,GOR-GRI-M,1,28716.74,11486.7,28716.74,
974,GOR-GRI-M,1,28716.74,11486.7,28716.74,
974,SWE-AZU-S,1,32525.33,13010.13,32525.33,
974,REM-BLA-XL,2,32677.97,13071.19,65355.94,
975,CHU-NEG-XL,1,33823.38,13529.35,33823.38,
975,REM-VIO-XL,1,32677.97,13071.19,32677.97,
975,GOR-GRI-S,1,28716.74,11486.7,28716.74,
976,JOG-ÍND-S,1,24817.0,16544.66,24817.0,7
976,REM-VIO-M,2,32677.97,13071.19,65355.94,
976,JEA-NEG-M,2,21871.44,8748.58,43742.88,
977,JOG-ÍND-S,1,41361.66,16544.66,41361.66,
977,CAM-BEI-UNICO,1,36700.58,14680.23,36700.58,
977,GOR-GRI-S,2,25270.73,11486.7,50541.46,6
977,REM-TUR-S,2,30080.86,13673.12,60161.72,6
978,CHU-ÍND-UNICO,1,33823.38,13529.35,33823.38,
978,CHU-ÍND-XL,1,33823.38,13529.35,33823.38,
979,GOR-GRI-M,2,28716.74,11486.7,57433.48,
979,JOG-ÍND-XL,1,41361.66,16544.66,41361.66,
979,JOG-ÍND-XL,1,41361.66,16544.66,41361.66,
979,JEA-LAV-L,1,21871.44,8748.58,21871.44,
979,JEA-LAV-UNICO,1,21871.44,8748.58,21871.44,
980,JEA-LAV-UNICO,1,21871.44,8748.58,21871.44,
980,GOR-GRI-L,1,28716.74,11486.7,28716.74,
980,CHU-NEG-S,1,33823.38,13529.35,33823.38,
980,REM-BLA-XL,1,32677.97,13071.19,32677.97,
981,REM-TUR-XXL,2,34182.8,13673.12,68365.6,
981,SWE-MAR-L,1,32525.33,13010.13,32525.33,
982,JEA-LAV-L,1,21871.44,8748.58,21871.44,
983,CIN-MAR-M,1,21544.18,13257.96,21544.18,8
983,CHU-ÍND-XL,1,33823.38,13529.35,33823.38,
984,CHU-ÍND-XL,1,33823.38,13529.35,33823.38,
984,CAM-BLA-XL,1,36700.58,14680.23,36700.58,
984,JOG-ÍND-XL,1,24817.0,16544.66,24817.0,7
985,REM-VIO-M,1,32677.97,13071.19,32677.97,
985,JEA-NEG-UNICO,2,21871.44,8748.58,43742.88,
985,GOR-GRI-XXL,1,28716.74,11486.7,28716.74,
985,CIN-MAR-M,2,33144.89,13257.96,66289.78,
985,CIN-ROS-UNICO,2,33144.89,13257.96,66289.78,
986,CIN-TUR-XL,1,33144.89,13257.96,33144.89,
986,CIN-ROS-L,1,33144.89,13257.96,33144.89,
986,CIN-ROS-XXL,1,33144.89,13257.96,33144.89,
986,JOG-AZU-XL,1,41361.66,16544.66,41361.66,
986,SWE-MAR-M,1,32525.33,13010.13,32525.33,
987,SWE-AZU-S,1,32525.33,13010.13,32525.33,
988,CIN-MAR-S,1,33144.89,13257.96,33144.89,
989,REM-BLA-XL,1,32677.97,13071.19,32677.97,
989,REM-BLA-XL,2,32677.97,13071.19,65355.94,
989,CAM-BEI-L,1,36700.58,14680.23,36700.58,
990,SWE-AZU-M,1,16262.67,13010.13,16262.67,11
990,MUS-CEL-S,1,16160.28,12928.22,16160.28,11
990,CAM-BEI-L,1,36700.58,14680.23,36700.58,
990,CHU-NEG-UNICO,1,33823.38,13529.35,33823.38,
990,REM-VIO-XXL,2,32677.97,13071.19,65355.94,
991,GOR-GRI-UNICO,1,28716.74,11486.7,28716.74,
991,SWE-MAR-L,2,32525.33,13010.13,65050.66,
992,GOR-GRI-L,1,28716.74,11486.7,28716.74,
992,GOR-ROJ-S,1,28716.74,11486.7,28716.74,
992,GOR-ROJ-UNICO,1,28716.74,11486.7,28716.74,
992,CHU-ÍND-XL,1,33823.38,13529.35,33823.38,
993,GOR-GRI-XXL,1,28716.74,11486.7,28716.74,
993,CIN-TUR-XL,1,33144.89,13257.96,33144.89,
993,CIN-TUR-XL,1,33144.89,13257.96,33144.89,
994,CIN-TUR-UNICO,1,33144.89,13257.96,33144.89,
994,JEA-NEG-M,2,21871.44,8748.58,43742.88,
995,MUS-CEL-S,1,32320.56,12928.22,32320.56,
995,CHU-VER-M,2,33823.38,13529.35,67646.76,
995,GOR-ROJ-S,1,28716.74,11486.7,28716.74,
996,MUS-AZU-UNICO,1,32320.56,12928.22,32320.56,
996,CIN-MAR-S,1,33144.89,13257.96,33144.89,
997,GOR-GRI-XXL,1,28716.74,11486.7,28716.74,
997,GOR-GRI-XXL,2,28716.74,11486.7,57433.48,
997,GOR-GRI-UNICO,1,28716.74,11486.7,28716.74,
997,MUS-AZU-M,1,32320.56,12928.22,32320.56,
997,CIN-MAR-XL,1,33144.89,13257.96,33144.89,
998,CHU-VER-L,1,33823.38,13529.35,33823.38,
999,CIN-TUR-UNICO,1,33144.89,13257.96,33144.89,
999,GOR-GRI-XXL,1,28716.74,11486.7,28716.74,
1000,CIN-MAR-M,1,33144.89,13257.96,33144.89,
1000,CAM-BEI-L,1,18350.29,14680.23,18350.29,11
1000,CHU-NEG-S,1,16911.69,13529.35,16911.69,11
1000,SWE-AZU-S,1,16262.67,13010.13,16262.67,11
1000,REM-VIO-M,1,16338.99,13071.19,16338.99,11
1001,CHU-NEG-XL,1,33823.38,13529.35,33823.38,
1001,JOG-AZU-UNICO,1,41361.66,16544.66,41361.66,
1001,GOR-ROJ-L,1,28716.74,11486.7,28716.74,
1001,JEA-NEG-M,1,21871.44,8748.58,21871.44,
1002,CHU-ÍND-XL,1,33823.38,13529.35,33823.38,
1002,JOG-AZU-UNICO,1,41361.66,16544.66,41361.66,
1002,JOG-ÍND-XL,1,41361.66,16544.66,41361.66,
1002,MUS-AZU-XXL,1,32320.56,12928.22,32320.56,
1003,JOG-AZU-UNICO,1,41361.66,16544.66,41361.66,
1003,JOG-AZU-XL,1,41361.66,16544.66,41361.66,
1004,REM-BLA-S,1,32677.97,13071.19,32677.97,
1004,JEA-LAV-L,1,21871.44,8748.58,21871.44,
1004,CIN-TUR-XL,1,33144.89,13257.96,33144.89,
1004,CHU-NEG-UNICO,2,33823.38,13529.35,67646.76,
1005,CAM-BLA-M,1,36700.58,14680.23,36700.58,
1006,CIN-ROS-XXL,1,33144.89,13257.96,33144.89,
1006,SWE-MAR-UNICO,1,32525.33,13010.13,32525.33,
1007,GOR-GRI-L,1,28716.74,11486.7,28716.74,
1007,SWE-MAR-UNICO,1,32525.33,13010.13,32525.33,
1007,MUS-CEL-S,1,32320.56,12928.22,32320.56,
1008,REM-BLA-XL,1,32677.97,13071.19,32677.97,
1009,JEA-NEG-M,1,21871.44,8748.58,21871.44,
1009,MUS-AZU-UNICO,1,32320.56,12928.22,32320.56,
1010,REM-BLA-XL,1,32677.97,13071.19,32677.97,
1010,MUS-CEL-S,2,32320.56,12928.22,64641.12,
1010,MUS-AZU-XXL,1,32320.56,12928.22,32320.56,
1011,JOG-ÍND-M,2,41361.66,16544.66,82723.32,
1011,JEA-NEG-M,2,21071.44,8748.58,42142.88,12
1011,JEA-LAV-UNICO,1,21871.44,8748.58,21871.44,
1012,CAM-BLA-M,1,36700.58,14680.23,36700.58,
1012,JOG-AZU-UNICO,1,41361.66,16544.66,41361.66,
1012,JOG-ÍND-M,2,41361.66,16544.66,82723.32,
1012,CAM-BEI-L,1,36700.58,14680.23,36700.58,
1013,MUS-AZU-XXL,1,32320.56,12928.22,32320.56,
1013,CIN-MAR-M,2,33144.89,13257.96,66289.78,
1013,JEA-LAV-UNICO,2,21871.44,8748.58,43742.88,
1013,CHU-NEG-M,1,33823.38,13529.35,33823.38,
1014,GOR-GRI-S,1,28716.74,11486.7,28716.74,
1014,JOG-CEL-UNICO,1,41361.66,16544.66,41361.66,
1015,CAM-BEI-S,1,36700.58,14680.23,36700.58,
1015,CAM-BLA-XL,1,36700.58,14680.23,36700.58,
1016,REM-TUR-XXL,1,28029.9,13673.12,28029.9,9
1016,CHU-VER-M,2,33823.38,13529.35,67646.76,
1016,REM-VIO-M,1,32677.97,13071.19,32677.97,
1016,CAM-BLA-S,1,36700.58,14680.23,36700.58,
1016,SWE-AZU-S,1,32525.33,13010.13,32525.33,
1017,GOR-GRI-S,1,28716.74,11486.7,28716.74,
1017,GOR-GRI-S,2,28716.74,11486.7,57433.48,
1017,BUZ-AZU-M,1,29569.23,11827.69,29569.23,
1017,REM-TUR-XXL,1,34182.8,13673.12,34182.8,
1018,MUS-AZU-UNICO,1,32320.56,12928.22,32320.56,
1019,CIN-MAR-M,1,33144.89,13257.96,33144.89,
1019,GOR-GRI-XXL,1,28716.74,11486.7,28716.74,
1019,CIN-TUR-XL,1,33144.89,13257.96,33144.89,
1020,MUS-AZU-UNICO,1,32320.56,12928.22,32320.56,
1020,GOR-GRI-XXL,1,28716.74,11486.7,28716.74,
1021,CHU-VER-S,1,33823.38,13529.35,33823.38,
1021,REM-BLA-XL,1,32677.97,13071.19,32677.97,
1021,CIN-MAR-S,1,33144.89,13257.96,33144.89,
1021,CHU-VER-XL,2,33823.38,13529.35,67646.76,
1021,JOG-AZU-XXL,1,41361.66,16544.66,41361.66,
1022,CHU-VER-S,1,33823.38,13529.35,33823.38,
1022,CHU-NEG-XL,1,33823.38,13529.35,33823.38,
1023,CHU-NEG-XL,1,33823.38,13529.35,33823.38,
1023,CHU-NEG-M,1,33823.38,13529.35,33823.38,
1023,CHU-NEG-XL,1,33823.38,13529.35,33823.38,
1023,JEA-NEG-M,1,21871.44,8748.58,21871.44,
1024,CIN-TUR-XL,1,33144.89,13257.96,33144.89,
1025,REM-BLA-XL,1,32677.97,13071.19,32677.97,
1025,JOG-AZU-XXL,1,41361.66,16544.66,41361.66,
1025,SWE-MAR-L,1,32525.33,13010.13,32525.33,
1025,GOR-ROJ-XXL,1,28716.74,11486.7,28716.74,
1025,CHU-ÍND-UNICO,1,27735.17,13529.35,27735.17,9
1026,CIN-MAR-M,1,33144.89,13257.96,33144.89,
1026,JOG-ÍND-M,1,41361.66,16544.66,41361.66,
1026,GOR-GRI-XXL,1,28716.74,11486.7,28716.74,
1026,JOG-AZU-XL,2,41361.66,16544.66,82723.32,
1027,JEA-LAV-UNICO,1,21071.44,8748.58,21071.44,12
1027,REM-CEL-XXL,1,33382.8,13673.12,33382.8,12
1028,CHU-ÍND-XXL,1,33823.38,13529.35,33823.38,
1028,SWE-MAR-L,1,32525.33,13010.13,32525.33,
1029,GOR-GRI-L,1,28716.74,11486.7,28716.74,
1029,JEA-LAV-UNICO,1,21871.44,8748.58,21871.44,
1029,GOR-GRI-S,1,28716.74,11486.7,28716.74,
1030,GOR-ROJ-UNICO,1,28716.74,11486.7,28716.74,
1030,SWE-AZU-S,1,32525.33,13010.13,32525.33,
1030,GOR-GRI-S,1,28716.74,11486.7,28716.74,
1031,JOG-AZU-UNICO,1,41361.66,16544.66,41361.66,
1031,JOG-CEL-UNICO,2,41361.66,16544.66,82723.32,
1031,CIN-ROS-XXL,1,33144.89,13257.96,33144.89,
1031,CIN-MAR-XL,1,33144.89,13257.96,33144.89,
1032,JOG-AZU-UNICO,1,41361.66,16544.66,41361.66,
1032,CIN-MAR-XL,1,32344.89,13257.96,32344.89,12
1032,SWE-MAR-L,1,32525.33,13010.13,32525.33,
1032,MUS-AZU-UNICO,1,32320.56,12928.22,32320.56,
1032,JOG-ÍND-XL,1,41361.66,16544.66,41361.66,
1033,CHU-NEG-S,1,33823.38,13529.35,33823.38,
1033,REM-TUR-XXL,1,34182.8,13673.12,34182.8,
1033,CIN-TUR-XL,1,33144.89,13257.96,33144.89,
1033,JEA-LAV-UNICO,1,21871.44,8748.58,21871.44,
1034,GOR-GRI-UNICO,1,28716.74,11486.7,28716.74,
1034,CHU-VER-XL,1,33823.38,13529.35,33823.38,
1035,JOG-ÍND-M,1,41361.66,16544.66,41361.66,
1036,SWE-AZU-S,1,32525.33,13010.13,32525.33,
1037,MUS-AZU-XXL,2,32320.56,12928.22,64641.12,
1037,CHU-VER-XL,1,33823.38,13529.35,33823.38,
1037,JEA-NEG-M,1,21871.44,8748.58,21871.44,
1038,CIN-MAR-XL,1,33144.89,13257.96,33144.89,
1038,GOR-GRI-L,1,28716.74,11486.7,28716.74,
1038,CAM-BEI-L,1,36700.58,14680.23,36700.58,
1039,CHU-VER-L,1,33823.38,13529.35,33823.38,
1039,SWE-AZU-S,1,32525.33,13010.13,32525.33,
1039,CAM-BEI-L,1,36700.58,14680.23,36700.58,
1040,MUS-AZU-UNICO,1,32320.56,12928.22,32320.56,
1040,BUZ-AZU-M,1,29569.23,11827.69,29569.23,
1041,CHU-VER-XL,1,33823.38,13529.35,33823.38,
1041,MUS-CEL-S,1,32320.56,12928.22,32320.56,
1041,CIN-TUR-XL,1,33144.89,13257.96,33144.89,
1041,CAM-CEL-XL,1,36700.58,14680.23,36700.58,
1042,REM-BLA-XL,1,32677.97,13071.19,32677.97,
1042,JOG-ÍND-M,2,41361.66,16544.66,82723.32,
1042,JEA-NEG-M,1,21871.44,8748.58,21871.44,
1042,SWE-AZU-S,1,32525.33,13010.13,32525.33,
1043,SWE-AZU-M,1,29272.8,13010.13,29272.8,2
1044,JEA-LAV-UNICO,1,21871.44,8748.58,21871.44,
1044,JEA-LAV-L,1,21871.44,8748.58,21871.44,
1044,CIN-TUR-UNICO,1,33144.89,13257.96,33144.89,
1044,JOG-CEL-UNICO,1,41361.66,16544.66,41361.66,
1044,JOG-ÍND-XL,1,41361.66,16544.66,41361.66,
1045,SWE-AZU-S,1,32525.33,13010.13,32525.33,
1045,JOG-ÍND-S,1,41361.66,16544.66,41361.66,
1045,GOR-ROJ-UNICO,1,28716.74,11486.7,28716.74,
1046,MUS-CEL-S,1,32320.56,12928.22,32320.56,
1046,CHU-VER-XL,1,33823.38,13529.35,33823.38,
1046,CIN-ROS-UNICO,1,33144.89,13257.96,33144.89,
1046,JOG-AZU-XL,1,41361.66,16544.66,41361.66,
1047,REM-VIO-XL,1,32677.97,13071.19,32677.97,
1047,CHU-NEG-S,1,27058.7,13529.35,27058.7,1
1047,CHU-VER-S,1,33823.38,13529.35,33823.38,
1047,CHU-VER-XL,1,33823.38,13529.35,33823.38,
1048,SWE-MAR-L,1,32525.33,13010.13,32525.33,
1048,GOR-GRI-M,1,28716.74,11486.7,28716.74,
1048,CHU-ÍND-XXL,1,33823.38,13529.35,33823.38,
1048,REM-BLA-XL,1,32677.97,13071.19,32677.97,
1049,CAM-BEI-UNICO,1,36700.58,14680.23,36700.58,
1049,SWE-MAR-L,2,32525.33,13010.13,65050.66,
1049,MUS-AZU-XXL,1,32320.56,12928.22,32320.56,
1050,CHU-NEG-S,1,33823.38,13529.35,33823.38,
1051,MUS-AZU-XXL,2,32320.56,12928.22,64641.12,
1051,CIN-TUR-XL,2,33144.89,13257.96,66289.78,
1052,CIN-MAR-M,1,33144.89,13257.96,33144.89,
1052,GOR-GRI-M,1,28716.74,11486.7,28716.74,
1052,CHU-NEG-S,1,33823.38,13529.35,33823.38,
1052,SWE-MAR-L,1,32525.33,13010.13,32525.33,
1053,GOR-GRI-XXL,1,28716.74,11486.7,28716.74,
1054,GOR-ROJ-S,1,28716.74,11486.7,28716.74,
1054,GOR-GRI-M,1,28716.74,11486.7,28716.74,
1054,CIN-TUR-XL,1,33144.89,13257.96,33144.89,
1055,CIN-TUR-XL,1,33144.89,13257.96,33144.89,
1055,CHU-VER-XL,1,33823.38,13529.35,33823.38,
1055,CIN-MAR-S,1,33144.89,13257.96,33144.89,
1055,JOG-ÍND-XL,1,41361.66,16544.66,41361.66,
1055,JOG-ÍND-XL,1,41361.66,16544.66,41361.66,
1056,CAM-CEL-XL,1,36700.58,14680.23,36700.58,
1056,CHU-VER-L,1,33823.38,13529.35,33823.38,
1056,CHU-NEG-XXL,1,33823.38,13529.35,33823.38,
1056,CHU-ÍND-XXL,1,33823.38,13529.35,33823.38,
1056,CIN-TUR-XL,1,33144.89,13257.96,33144.89,
1057,GOR-GRI-L,1,28716.74,11486.7,28716.74,
1057,CIN-MAR-S,1,33144.89,13257.96,33144.89,
1057,GOR-GRI-XXL,1,28716.74,11486.7,28716.74,
1058,MUS-CEL-S,2,32320.56,12928.22,64641.12,
1058,CIN-TUR-XL,1,33144.89,13257.96,33144.89,
1058,GOR-GRI-XXL,1,28716.74,11486.7,28716.74,
1058,CIN-MAR-S,1,33144.89,13257.96,33144.89,
1058,MUS-AZU-XXL,2,32320.56,12928.22,64641.12,
1059,CHU-NEG-XL,1,33823.38,13529.35,33823.38,
1059,CIN-ROS-UNICO,1,33144.89,13257.96,33144.89,
1060,SWE-MAR-M,1,32525.33,13010.13,32525.33,
1060,JOG-ÍND-S,1,41361.66,16544.66,41361.66,
1061,CIN-MAR-S,1,33144.89,13257.96,33144.89,
1062,MUS-CEL-S,2,22624.39,12928.22,45248.78,5
1062,REM-VIO-L,1,32677.97,13071.19,32677.97,
1063,BUZ-AZU-M,1,29569.23,11827.69,29569.23,
1063,JOG-ÍND-XL,1,41361.66,16544.66,41361.66,
1063,SWE-AZU-M,1,32525.33,13010.13,32525.33,
1064,JOG-ÍND-M,1,41361.66,16544.66,41361.66,
1064,SWE-MAR-L,1,32525.33,13010.13,32525.33,
1064,GOR-GRI-XXL,1,28716.74,11486.7,28716.74,
1064,CIN-MAR-S,1,33144.89,13257.96,33144.89,
1065,JOG-ÍND-S,1,41361.66,16544.66,41361.66,
1065,MUS-AZU-UNICO,1,32320.56,12928.22,32320.56,
1065,MUS-CEL-S,1,32320.56,12928.22,32320.56,
1065,BUZ-AZU-UNICO,1,29569.23,11827.69,29569.23,
1066,CAM-BLA-XL,1,30094.48,14680.23,30094.48,10
1066,CAM-BLA-M,1,36700.58,14680.23,36700.58,
1067,SWE-MAR-UNICO,1,32525.33,13010.13,32525.33,
1067,REM-VIO-XL,1,32677.97,13071.19,32677.97,
1067,JEA-LAV-UNICO,1,21871.44,8748.58,21871.44,
1067,CIN-TUR-XL,1,33144.89,13257.96,33144.89,
1067,GOR-GRI-XXL,1,28716.74,11486.7,28716.74,
1068,CHU-ÍND-L,1,33823.38,13529.35,33823.38,
1069,JEA-NEG-UNICO,1,21871.44,8748.58,21871.44,
1069,CIN-MAR-S,1,33144.89,13257.96,33144.89,
1069,SWE-MAR-UNICO,1,32525.33,13010.13,32525.33,
1070,JOG-ÍND-XL,1,41361.66,16544.66,41361.66,
1070,REM-TUR-XXL,1,34182.8,13673.12,34182.8,
1070,CHU-NEG-M,1,20294.03,13529.35,20294.03,7
1070,REM-CEL-XXL,1,34182.8,13673.12,34182.8,
1071,JOG-AZU-UNICO,1,41361.66,16544.66,41361.66,
1071,CIN-MAR-XL,1,19886.93,13257.96,19886.93,7
1071,BUZ-AZU-M,1,17741.54,11827.69,17741.54,7
1071,CAM-BLA-XL,1,22020.35,14680.23,22020.35,7
1072,JEA-LAV-UNICO,1,21871.44,8748.58,21871.44,
1072,SWE-AZU-S,1,32525.33,13010.13,32525.33,
1072,REM-BLA-UNICO,1,32677.97,13071.19,32677.97,
1073,JOG-AZU-UNICO,2,41361.66,16544.66,82723.32,
1073,SWE-AZU-S,1,32525.33,13010.13,32525.33,
1074,GOR-GRI-XXL,1,28716.74,11486.7,28716.74,
1074,GOR-GRI-S,1,28716.74,11486.7,28716.74,
1074,MUS-AZU-M,1,32320.56,12928.22,32320.56,
1074,JEA-LAV-L,1,21871.44,8748.58,21871.44,
1075,JEA-NEG-M,1,21871.44,8748.58,21871.44,
1075,SWE-AZU-S,2,32525.33,13010.13,65050.66,
1075,GOR-ROJ-UNICO,1,28716.74,11486.7,28716.74,
1075,CAM-BEI-UNICO,1,35900.58,14680.23,35900.58,12
1075,SWE-MAR-L,1,32525.33,13010.13,32525.33,
1076,CHU-VER-XL,1,33823.38,13529.35,33823.38,
1076,JOG-CEL-UNICO,1,41361.66,16544.66,41361.66,
1077,REM-BLA-XL,1,32677.97,13071.19,32677.97,
1077,GOR-GRI-M,1,28716.74,11486.7,28716.74,
1078,GOR-GRI-UNICO,1,28716.74,11486.7,28716.74,
1078,CIN-MAR-S,1,33144.89,13257.96,33144.89,
1078,CIN-MAR-M,1,33144.89,13257.96,33144.89,
1078,CIN-TUR-UNICO,1,33144.89,13257.96,33144.89,
1079,GOR-GRI-UNICO,1,28716.74,11486.7,28716.74,
1079,CHU-ÍND-L,1,33823.38,13529.35,33823.38,
1079,GOR-ROJ-S,1,28716.74,11486.7,28716.74,
1080,SWE-MAR-UNICO,1,32525.33,13010.13,32525.33,
1080,CHU-VER-XL,1,33823.38,13529.35,33823.38,
1080,CAM-BEI-UNICO,1,36700.58,14680.23,36700.58,
1081,GOR-GRI-XXL,1,28716.74,11486.7,28716.74,
1081,SWE-MAR-UNICO,1,32525.33,13010.13,32525.33,
1081,JEA-NEG-M,1,21871.44,8748.58,21871.44,
1081,JOG-AZU-XXL,1,41361.66,16544.66,41361.66,
1081,CHU-VER-XL,1,33823.38,13529.35,33823.38,
1082,CIN-ROS-UNICO,1,33144.89,13257.96,33144.89,
1082,CHU-NEG-S,1,33823.38,13529.35,33823.38,
1082,CAM-BLA-S,1,36700.58,14680.23,36700.58,
1083,GOR-GRI-S,1,28716.74,11486.7,28716.74,
1083,SWE-MAR-L,1,32525.33,13010.13,32525.33,
1083,JEA-NEG-M,1,21871.44,8748.58,21871.44,
1083,CAM-BEI-L,1,36700.58,14680.23,36700.58,
1083,SWE-AZU-S,1,32525.33,13010.13,32525.33,
1084,GOR-GRI-UNICO,1,28716.74,11486.7,28716.74,
1084,REM-VIO-L,1,32677.97,13071.19,32677.97,
1084,REM-VIO-M,1,32677.97,13071.19,32677.97,
1085,REM-VIO-XXL,1,32677.97,13071.19,32677.97,
1085,REM-TUR-XXL,1,34182.8,13673.12,34182.8,
1086,JOG-ÍND-M,1,41361.66,16544.66,41361.66,
1086,MUS-CEL-S,1,32320.56,12928.22,32320.56,
1086,GOR-GRI-L,1,28716.74,11486.7,28716.74,
1086,CHU-ÍND-XXL,1,33823.38,13529.35,33823.38,
1086,JOG-ÍND-XL,1,41361.66,16544.66,41361.66,
1087,MUS-CEL-XXL,1,32320.56,12928.22,32320.56,
1087,CHU-NEG-XXL,1,33823.38,13529.35,33823.38,
1087,CHU-ÍND-XL,2,33823.38,13529.35,67646.76,
1087,REM-TUR-S,1,34182.8,13673.12,34182.8,
1088,SWE-MAR-L,1,32525.33,13010.13,32525.33,
1088,SWE-AZU-M,1,32525.33,13010.13,32525.33,
1088,BUZ-AZU-UNICO,1,29569.23,11827.69,29569.23,
1088,JOG-AZU-XL,1,41361.66,16544.66,41361.66,
1089,CIN-MAR-L,1,33144.89,13257.96,33144.89,
1089,CHU-VER-XL,1,33823.38,13529.35,33823.38,
1089,CIN-TUR-XL,1,33144.89,13257.96,33144.89,
1089,CHU-ÍND-XXL,1,33823.38,13529.35,33823.38,
1089,JOG-AZU-XXL,1,41361.66,16544.66,41361.66,
1090,CHU-ÍND-L,1,33823.38,13529.35,33823.38,
1090,REM-VIO-XL,1,32677.97,13071.19,32677.97,
1090,REM-CEL-XXL,1,34182.8,13673.12,34182.8,
1090,JOG-ÍND-M,1,41361.66,16544.66,41361.66,
1090,REM-CEL-XXL,1,34182.8,13673.12,34182.8,
1091,CIN-MAR-XL,2,33144.89,13257.96,66289.78,
1091,MUS-AZU-UNICO,1,32320.56,12928.22,32320.56,
1091,CAM-BEI-UNICO,1,36700.58,14680.23,36700.58,
1092,MUS-AZU-UNICO,1,32320.56,12928.22,32320.56,
1092,SWE-AZU-S,1,32525.33,13010.13,32525.33,
1093,CHU-NEG-S,1,33823.38,13529.35,33823.38,
1093,BUZ-AZU-M,1,29569.23,11827.69,29569.23,
1093,MUS-AZU-XXL,1,32320.56,12928.22,32320.56,
1094,CIN-MAR-S,2,33144.89,13257.96,66289.78,
1094,CHU-VER-XL,1,33823.38,13529.35,33823.38,
1094,CHU-NEG-S,1,33823.38,13529.35,33823.38,
1095,GOR-GRI-S,1,28716.74,11486.7,28716.74,
1095,CHU-VER-XL,1,33823.38,13529.35,33823.38,
1095,CHU-NEG-S,1,33823.38,13529.35,33823.38,
1095,REM-TUR-XXL,1,34182.8,13673.12,34182.8,
1096,JEA-NEG-UNICO,1,21871.44,8748.58,21871.44,
1096,JEA-LAV-UNICO,1,21871.44,8748.58,21871.44,
1097,BUZ-AZU-UNICO,1,29569.23,11827.69,29569.23,
1097,MUS-AZU-XXL,1,32320.56,12928.22,32320.56,
1098,JOG-ÍND-M,1,41361.66,16544.66,41361.66,
1099,JOG-AZU-XL,2,41361.66,16544.66,82723.32,
1099,CIN-MAR-L,1,33144.89,13257.96,33144.89,
1099,GOR-GRI-UNICO,1,28716.74,11486.7,28716.74,
1099,SWE-MAR-UNICO,1,32525.33,13010.13,32525.33,
1099,CHU-NEG-M,1,33823.38,13529.35,33823.38,
1100,CHU-NEG-UNICO,1,33823.38,13529.35,33823.38,
1101,CHU-NEG-XXL,1,33823.38,13529.35,33823.38,
1101,CHU-NEG-M,1,33823.38,13529.35,33823.38,
1101,CIN-MAR-S,1,33144.89,13257.96,33144.89,
1101,JOG-ÍND-XL,1,41361.66,16544.66,41361.66,
1102,SWE-MAR-UNICO,1,31725.33,13010.13,31725.33,12
1102,GOR-GRI-UNICO,1,28716.74,11486.7,28716.74,
1102,GOR-GRI-L,1,28716.74,11486.7,28716.74,
1103,SWE-MAR-UNICO,1,32525.33,13010.13,32525.33,
1103,SWE-MAR-L,1,32525.33,13010.13,32525.33,
1103,MUS-AZU-M,1,32320.56,12928.22,32320.56,
1104,BUZ-AZU-L,1,29569.23,11827.69,29569.23,
1105,CHU-VER-XL,1,33823.38,13529.35,33823.38,
1105,SWE-AZU-S,1,32525.33,13010.13,32525.33,
1105,SWE-MAR-UNICO,1,32525.33,13010.13,32525.33,
1105,CAM-BEI-L,1,36700.58,14680.23,36700.58,
1105,GOR-GRI-S,1,28716.74,11486.7,28716.74,
1106,GOR-ROJ-UNICO,1,28716.74,11486.7,28716.74,
1106,CIN-ROS-XXL,1,33144.89,13257.96,33144.89,
1106,REM-BLA-XL,2,21240.68,13071.19,42481.36,8
1106,CAM-CEL-XL,1,36700.58,14680.23,36700.58,
1107,CIN-MAR-XL,1,33144.89,13257.96,33144.89,
1108,SWE-AZU-S,1,32525.33,13010.13,32525.33,
1108,CIN-TUR-XL,1,33144.89,13257.96,33144.89,
1108,MUS-CEL-S,1,32320.56,12928.22,32320.56,
1108,SWE-AZU-S,1,32525.33,13010.13,32525.33,
1109,REM-BLA-XL,1,32677.97,13071.19,32677.97,
1109,JEA-LAV-UNICO,2,21871.44,8748.58,43742.88,
1109,SWE-MAR-UNICO,1,32525.33,13010.13,32525.33,
1109,CIN-MAR-S,1,33144.89,13257.96,33144.89,
1110,SWE-MAR-UNICO,1,32525.33,13010.13,32525.33,
1110,CIN-TUR-XL,1,33144.89,13257.96,33144.89,
1110,GOR-GRI-S,1,28716.74,11486.7,28716.74,
1110,MUS-AZU-XXL,1,32320.56,12928.22,32320.56,
1110,CIN-ROS-XXL,1,33144.89,13257.96,33144.89,
1111,REM-CEL-XXL,1,34182.8,13673.12,34182.8,
1111,GOR-ROJ-L,1,28716.74,11486.7,28716.74,
1112,CIN-MAR-S,1,33144.89,13257.96,33144.89,
1113,SWE-MAR-L,1,32525.33,13010.13,32525.33,
1113,CAM-BEI-UNICO,1,36700.58,14680.23,36700.58,
1113,JOG-ÍND-M,1,41361.66,16544.66,41361.66,
1113,CHU-VER-XL,1,33823.38,13529.35,33823.38,
1113,SWE-AZU-S,2,32525.33,13010.13,65050.66,
1114,BUZ-AZU-L,1,24246.77,11827.69,24246.77,9
1114,REM-VIO-L,1,32677.97,13071.19,32677.97,
1114,JOG-AZU-XXL,1,41361.66,16544.66,41361.66,
1114,GOR-ROJ-S,2,28716.74,11486.7,57433.48,
1115,JEA-LAV-UNICO,1,21871.44,8748.58,21871.44,
1115,GOR-GRI-XXL,1,28716.74,11486.7,28716.74,
1115,MUS-AZU-M,1,32320.56,12928.22,32320.56,
1116,REM-TUR-XXL,1,34182.8,13673.12,34182.8,
1117,MUS-AZU-UNICO,1,32320.56,12928.22,32320.56,
1117,CIN-MAR-XL,1,33144.89,13257.96,33144.89,
1117,MUS-AZU-XXL,1,32320.56,12928.22,32320.56,
1117,SWE-MAR-L,1,32525.33,13010.13,32525.33,
1117,REM-BLA-XL,1,32677.97,13071.19,32677.97,
1118,GOR-GRI-L,1,28716.74,11486.7,28716.74,
1118,CIN-TUR-XL,1,33144.89,13257.96,33144.89,
1118,MUS-AZU-M,1,32320.56,12928.22,32320.56,
1118,JOG-CEL-UNICO,1,41361.66,16544.66,41361.66,
1118,GOR-GRI-UNICO,1,28716.74,11486.7,28716.74,
1119,GOR-ROJ-S,1,28716.74,11486.7,28716.74,
1119,CAM-BLA-M,2,36700.58,14680.23,73401.16,
1120,CIN-ROS-XXL,1,33144.89,13257.96,33144.89,
1120,CHU-ÍND-XXL,1,33823.38,13529.35,33823.38,
1120,CIN-MAR-S,1,33144.89,13257.96,33144.89,
1121,MUS-AZU-XXL,1,32320.56,12928.22,32320.56,
1121,SWE-MAR-L,1,32525.33,13010.13,32525.33,
1122,GOR-ROJ-L,1,28716.74,11486.7,28716.74,
1122,BUZ-AZU-M,1,29569.23,11827.69,29569.23,
1123,GOR-ROJ-UNICO,1,28716.74,11486.7,28716.74,
1123,CAM-BLA-M,1,36700.58,14680.23,36700.58,
1124,CIN-MAR-M,1,33144.89,13257.96,33144.89,
1124,CIN-TUR-UNICO,1,33144.89,13257.96,33144.89,
1124,MUS-CEL-S,2,32320.56,12928.22,64641.12,
1125,SWE-AZU-S,1,32525.33,13010.13,32525.33,
1125,JEA-LAV-L,1,21871.44,8748.58,21871.44,
1125,CIN-ROS-XXL,1,33144.89,13257.96,33144.89,
1125,CHU-NEG-XXL,1,33823.38,13529.35,33823.38,
1125,REM-TUR-S,1,34182.8,13673.12,34182.8,
1126,SWE-MAR-M,1,32525.33,13010.13,32525.33,
1126,CHU-NEG-UNICO,1,33823.38,13529.35,33823.38,
1126,REM-VIO-XXL,1,32677.97,13071.19,32677.97,
1126,CAM-BEI-UNICO,1,36700.58,14680.23,36700.58,
1126,GOR-GRI-M,1,28716.74,11486.7,28716.74,
1127,JOG-ÍND-S,2,41361.66,16544.66,82723.32,
1127,GOR-ROJ-UNICO,1,28716.74,11486.7,28716.74,
1127,CHU-NEG-M,1,33823.38,13529.35,33823.38,
1127,JEA-NEG-M,1,21871.44,8748.58,21871.44,
1128,CHU-ÍND-L,1,33823.38,13529.35,33823.38,
1128,JEA-NEG-M,1,21871.44,8748.58,21871.44,
1128,CAM-BEI-L,1,36700.58,14680.23,36700.58,
1128,REM-TUR-S,1,34182.8,13673.12,34182.8,
1129,BUZ-AZU-M,1,29569.23,11827.69,29569.23,
1129,MUS-AZU-UNICO,1,32320.56,12928.22,32320.56,
1129,JOG-AZU-UNICO,1,41361.66,16544.66,41361.66,
1129,CAM-BEI-L,1,36700.58,14680.23,36700.58,
1129,JOG-ÍND-XL,2,41361.66,16544.66,82723.32,
1130,REM-VIO-XXL,1,32677.97,13071.19,32677.97,
1130,JEA-NEG-M,2,21871.44,8748.58,43742.88,
1130,REM-TUR-XXL,1,34182.8,13673.12,34182.8,
1130,CIN-ROS-XXL,1,33144.89,13257.96,33144.89,
1131,CAM-BEI-UNICO,1,36700.58,14680.23,36700.58,
1131,JOG-AZU-XXL,1,41361.66,16544.66,41361.66,
1132,JOG-CEL-UNICO,1,41361.66,16544.66,41361.66,
1133,MUS-AZU-XXL,1,32320.56,12928.22,32320.56,
1133,GOR-GRI-M,1,28716.74,11486.7,28716.74,
1133,MUS-AZU-M,1,32320.56,12928.22,32320.56,
1133,MUS-AZU-M,1,32320.56,12928.22,32320.56,
1133,CAM-CEL-XL,1,36700.58,14680.23,36700.58,
1134,CHU-ÍND-XXL,1,16911.69,13529.35,16911.69,11
1135,GOR-GRI-XXL,1,28716.74,11486.7,28716.74,
1136,GOR-GRI-M,1,28716.74,11486.7,28716.74,
1136,GOR-GRI-M,1,28716.74,11486.7,28716.74,
1136,GOR-ROJ-UNICO,2,28716.74,11486.7,57433.48,
1136,CIN-ROS-UNICO,1,33144.89,13257.96,33144.89,
1136,CIN-ROS-UNICO,1,33144.89,13257.96,33144.89,
1137,JEA-LAV-UNICO,1,21871.44,8748.58,21871.44,
1137,JOG-AZU-UNICO,1,41361.66,16544.66,41361.66,
1137,GOR-GRI-M,2,28716.74,11486.7,57433.48,
1137,GOR-GRI-XXL,1,28716.74,11486.7,28716.74,
1138,JEA-LAV-L,1,21871.44,8748.58,21871.44,
1138,GOR-GRI-L,2,28716.74,11486.7,57433.48,
1138,CIN-MAR-S,1,33144.89,13257.96,33144.89,
1138,MUS-AZU-XXL,1,32320.56,12928.22,32320.56,
1138,REM-BLA-XL,1,32677.97,13071.19,32677.97,
1139,MUS-CEL-S,1,32320.56,12928.22,32320.56,
1140,GOR-GRI-L,2,28716.74,11486.7,57433.48,
1140,SWE-MAR-UNICO,1,32525.33,13010.13,32525.33,
1140,CAM-BEI-UNICO,1,35900.58,14680.23,35900.58,12
1141,MUS-AZU-M,1,32320.56,12928.22,32320.56,
1141,CHU-ÍND-XL,1,33823.38,13529.35,33823.38,
1141,CHU-NEG-S,1,33823.38,13529.35,33823.38,
1142,JOG-AZU-UNICO,1,41361.66,16544.66,41361.66,
1143,CAM-CEL-XL,1,36700.58,14680.23,36700.58,
1143,SWE-MAR-UNICO,1,32525.33,13010.13,32525.33,
1143,REM-VIO-XXL,1,32677.97,13071.19,32677.97,
1143,SWE-MAR-L,1,32525.33,13010.13,32525.33,
1143,CAM-BLA-M,1,36700.58,14680.23,36700.58,
1144,CIN-MAR-M,1,33144.89,13257.96,33144.89,
1145,CHU-VER-XL,1,33823.38,13529.35,33823.38,
1146,CIN-ROS-UNICO,1,33144.89,13257.96,33144.89,
1146,SWE-MAR-UNICO,1,32525.33,13010.13,32525.33,
1147,CHU-NEG-M,1,33823.38,13529.35,33823.38,
1147,SWE-MAR-XXL,1,32525.33,13010.13,32525.33,
1147,CIN-MAR-XL,1,33144.89,13257.96,33144.89,
1147,JEA-NEG-XL,1,21871.44,8748.58,21871.44,
1148,CHU-NEG-XL,1,33823.38,13529.35,33823.38,
1148,GOR-GRI-UNICO,1,28716.74,11486.7,28716.74,
1148,MUS-CEL-M,1,32320.56,12928.22,32320.56,
1148,CHU-ÍND-UNICO,1,33823.38,13529.35,33823.38,
1149,REM-VIO-M,1,32677.97,13071.19,32677.97,
1149,REM-VIO-M,1,32677.97,13071.19,32677.97,
1150,REM-TUR-XXL,1,34182.8,13673.12,34182.8,
1151,CHU-NEG-S,1,33823.38,13529.35,33823.38,
1151,JOG-AZU-XXL,1,41361.66,16544.66,41361.66,
1151,MUS-AZU-M,1,32320.56,12928.22,32320.56,
1151,CIN-MAR-S,1,33144.89,13257.96,33144.89,
1152,BUZ-AZU-UNICO,1,29569.23,11827.69,29569.23,
1152,REM-VIO-XL,1,32677.97,13071.19,32677.97,
1152,GOR-ROJ-UNICO,1,28716.74,11486.7,28716.74,
1152,CAM-BEI-L,1,36700.58,14680.23,36700.58,
1153,REM-VIO-XL,1,32677.97,13071.19,32677.97,
1153,JOG-ÍND-M,1,41361.66,16544.66,41361.66,
1153,CHU-ÍND-XXL,1,33823.38,13529.35,33823.38,
1153,CIN-MAR-S,1,33144.89,13257.96,33144.89,
1153,BUZ-AZU-UNICO,2,29569.23,11827.69,59138.46,
1154,CIN-TUR-UNICO,1,33144.89,13257.96,33144.89,
1154,CHU-ÍND-L,2,33823.38,13529.35,67646.76,
1155,JOG-AZU-UNICO,1,41361.66,16544.66,41361.66,
1155,JOG-AZU-XXL,1,41361.66,16544.66,41361.66,
1155,CIN-TUR-XL,1,33144.89,13257.96,33144.89,
1155,SWE-MAR-S,1,32525.33,13010.13,32525.33,
1155,MUS-CEL-S,1,32320.56,12928.22,32320.56,
1156,SWE-MAR-L,1,32525.33,13010.13,32525.33,
1156,REM-CEL-XXL,1,34182.8,13673.12,34182.8,
1156,CIN-MAR-S,1,33144.89,13257.96,33144.89,
1156,CAM-BEI-UNICO,1,36700.58,14680.23,36700.58,
1157,CHU-NEG-S,1,33823.38,13529.35,33823.38,
1157,CHU-NEG-S,1,33823.38,13529.35,33823.38,
1157,GOR-GRI-M,1,28716.74,11486.7,28716.74,
1157,CIN-MAR-XL,2,33144.89,13257.96,66289.78,
1158,CAM-BEI-L,1,36700.58,14680.23,36700.58,
1158,CAM-BLA-S,1,36700.58,14680.23,36700.58,
1159,MUS-AZU-UNICO,1,32320.56,12928.22,32320.56,
1160,MUS-AZU-XXL,1,32320.56,12928.22,32320.56,
1161,REM-TUR-S,2,34182.8,13673.12,68365.6,
1161,CHU-ÍND-XXL,1,33823.38,13529.35,33823.38,
1161,CIN-MAR-M,1,33144.89,13257.96,33144.89,
1162,SWE-AZU-S,1,32525.33,13010.13,32525.33,
1163,SWE-MAR-L,1,16262.67,13010.13,16262.67,11
1163,JOG-ÍND-S,1,41361.66,16544.66,41361.66,
1164,JEA-LAV-UNICO,1,21871.44,8748.58,21871.44,
1164,MUS-CEL-S,1,32320.56,12928.22,32320.56,
1164,REM-CEL-XXL,1,34182.8,13673.12,34182.8,
1165,CIN-TUR-XL,1,33144.89,13257.96,33144.89,
1165,MUS-CEL-S,1,32320.56,12928.22,32320.56,
1166,CAM-CEL-XL,1,36700.58,14680.23,36700.58,
1166,JOG-ÍND-XL,1,41361.66,16544.66,41361.66,
1166,JEA-NEG-UNICO,1,21871.44,8748.58,21871.44,
1166,CAM-BEI-L,1,36700.58,14680.23,36700.58,
1167,JOG-ÍND-M,1,41361.66,16544.66,41361.66,
1167,CIN-TUR-UNICO,1,33144.89,13257.96,33144.89,
1168,CHU-NEG-M,2,33823.38,13529.35,67646.76,
1168,GOR-ROJ-UNICO,1,28716.74,11486.7,28716.74,
1168,GOR-GRI-L,1,28716.74,11486.7,28716.74,
1168,JOG-AZU-XXL,1,41361.66,16544.66,41361.66,
1168,REM-CEL-XXL,1,34182.8,13673.12,34182.8,
1169,REM-VIO-M,1,32677.97,13071.19,32677.97,
1169,CIN-MAR-S,1,33144.89,13257.96,33144.89,
1170,CIN-MAR-L,1,33144.89,13257.96,33144.89,
1171,GOR-GRI-UNICO,1,28716.74,11486.7,28716.74,
1171,JOG-ÍND-M,1,41361.66,16544.66,41361.66,
1172,CIN-MAR-L,1,33144.89,13257.96,33144.89,
1172,JOG-CEL-UNICO,1,41361.66,16544.66,41361.66,
1172,JOG-AZU-UNICO,1,41361.66,16544.66,41361.66,
1172,MUS-AZU-XXL,1,32320.56,12928.22,32320.56,
1173,SWE-MAR-M,1,32525.33,13010.13,32525.33,
1173,CAM-BEI-UNICO,1,36700.58,14680.23,36700.58,
1173,REM-VIO-L,1,32677.97,13071.19,32677.97,
1174,GOR-GRI-M,1,28716.74,11486.7,28716.74,
1175,REM-CEL-XXL,1,34182.8,13673.12,34182.8,
1175,SWE-MAR-UNICO,1,32525.33,13010.13,32525.33,
1175,JEA-LAV-L,1,21871.44,8748.58,21871.44,
1175,CIN-MAR-L,1,33144.89,13257.96,33144.89,
1175,CAM-BEI-UNICO,1,36700.58,14680.23,36700.58,
1176,CIN-MAR-M,1,33144.89,13257.96,33144.89,
1176,MUS-AZU-XXL,1,32320.56,12928.22,32320.56,
1176,CAM-BEI-L,1,36700.58,14680.23,36700.58,
1177,REM-BLA-XL,1,32677.97,13071.19,32677.97,
1178,JOG-ÍND-XL,1,41361.66,16544.66,41361.66,
1179,MUS-CEL-S,1,32320.56,12928.22,32320.56,
1179,SWE-MAR-UNICO,1,32525.33,13010.13,32525.33,
1179,JOG-AZU-UNICO,1,41361.66,16544.66,41361.66,
1179,REM-VIO-M,1,32677.97,13071.19,32677.97,
1180,BUZ-AZU-M,1,29569.23,11827.69,29569.23,
1181,CIN-ROS-XXL,1,33144.89,13257.96,33144.89,
1181,CIN-MAR-L,2,33144.89,13257.96,66289.78,
1181,MUS-CEL-S,1,32320.56,12928.22,32320.56,
1181,REM-VIO-L,1,32677.97,13071.19,32677.97,
1181,REM-VIO-L,2,32677.97,13071.19,65355.94,
1182,GOR-ROJ-S,1,28716.74,11486.7,28716.74,
1182,CIN-MAR-XL,1,33144.89,13257.96,33144.89,
1182,BUZ-AZU-UNICO,2,29569.23,11827.69,59138.46,
1183,JOG-ÍND-S,1,41361.66,16544.66,41361.66,
1183,REM-BLA-S,1,32677.97,13071.19,32677.97,
1183,SWE-MAR-L,1,32525.33,13010.13,32525.33,
1183,CAM-BEI-UNICO,1,36700.58,14680.23,36700.58,
1184,GOR-ROJ-S,1,25845.07,11486.7,25845.07,3
1184,CHU-NEG-M,1,33823.38,13529.35,33823.38,
1185,JEA-LAV-UNICO,1,21871.44,8748.58,21871.44,
1185,JOG-ÍND-XL,1,41361.66,16544.66,41361.66,
1185,REM-VIO-M,1,32677.97,13071.19,32677.97,
1185,CHU-ÍND-L,1,33823.38,13529.35,33823.38,
1186,CAM-BEI-L,1,36700.58,14680.23,36700.58,
1187,GOR-GRI-S,1,28716.74,11486.7,28716.74,
1187,JEA-NEG-M,1,21871.44,8748.58,21871.44,
1188,REM-BLA-XL,1,32677.97,13071.19,32677.97,
1188,BUZ-AZU-M,1,29569.23,11827.69,29569.23,
1188,REM-BLA-XL,2,32677.97,13071.19,65355.94,
1188,CAM-BEI-UNICO,1,36700.58,14680.23,36700.58,
1188,CHU-NEG-S,1,33823.38,13529.35,33823.38,
1189,CIN-TUR-UNICO,1,33144.89,13257.96,33144.89,
1189,MUS-AZU-XXL,1,32320.56,12928.22,32320.56,
1189,REM-VIO-XL,1,32677.97,13071.19,32677.97,
1189,GOR-ROJ-S,1,28716.74,11486.7,28716.74,
1190,CAM-BLA-S,1,36700.58,14680.23,36700.58,
1190,JOG-ÍND-S,1,41361.66,16544.66,41361.66,
1191,CIN-MAR-M,1,33144.89,13257.96,33144.89,
1192,CIN-MAR-L,1,33144.89,13257.96,33144.89,
1192,REM-TUR-XXL,1,34182.8,13673.12,34182.8,
1192,CHU-VER-L,1,33823.38,13529.35,33823.38,
1192,REM-VIO-L,2,32677.97,13071.19,65355.94,
1193,JEA-LAV-L,1,21871.44,8748.58,21871.44,
1193,BUZ-AZU-M,2,29569.23,11827.69,59138.46,
1193,CHU-VER-XL,1,33823.38,13529.35,33823.38,
1193,JOG-AZU-UNICO,1,41361.66,16544.66,41361.66,
1193,GOR-GRI-M,1,28716.74,11486.7,28716.74,
1194,JOG-ÍND-S,1,41361.66,16544.66,41361.66,
1194,JOG-ÍND-M,1,41361.66,16544.66,41361.66,
1194,REM-VIO-M,1,32677.97,13071.19,32677.97,
1194,GOR-GRI-S,1,28716.74,11486.7,28716.74,
1195,JOG-CEL-UNICO,1,41361.66,16544.66,41361.66,
1195,REM-CEL-XXL,1,34182.8,13673.12,34182.8,
1196,JEA-NEG-M,1,21871.44,8748.58,21871.44,
1197,BUZ-AZU-UNICO,1,29569.23,11827.69,29569.23,
1197,CIN-TUR-XL,1,33144.89,13257.96,33144.89,
1198,CIN-MAR-M,1,33144.89,13257.96,33144.89,
1198,BUZ-AZU-UNICO,1,29569.23,11827.69,29569.23,
1198,MUS-AZU-M,1,32320.56,12928.22,32320.56,
1198,JOG-ÍND-XL,1,41361.66,16544.66,41361.66,
1199,CAM-BEI-UNICO,1,36700.58,14680.23,36700.58,
1199,MUS-AZU-UNICO,1,32320.56,12928.22,32320.56,
1199,CIN-MAR-L,1,33144.89,13257.96,33144.89,
1199,JEA-LAV-L,1,21871.44,8748.58,21871.44,
1200,SWE-MAR-L,1,32525.33,13010.13,32525.33,
1200,CIN-TUR-UNICO,1,33144.89,13257.96,33144.89,
1200,CHU-NEG-S,1,33823.38,13529.35,33823.38,
1201,JOG-CEL-UNICO,2,41361.66,16544.66,82723.32,
1201,JOG-ÍND-XL,1,41361.66,16544.66,41361.66,
1201,REM-BLA-XL,1,32677.97,13071.19,32677.97,
1201,CAM-BEI-L,1,36700.58,14680.23,36700.58,
1201,REM-TUR-XXL,1,34182.8,13673.12,34182.8,
1202,REM-CEL-XXL,1,34182.8,13673.12,34182.8,
1202,BUZ-AZU-UNICO,1,24246.77,11827.69,24246.77,10
1202,JOG-AZU-XXL,1,33916.56,16544.66,33916.56,10
1202,CAM-CEL-XL,1,36700.58,14680.23,36700.58,
1203,CHU-NEG-M,1,33823.38,13529.35,33823.38,
1203,CIN-ROS-XXL,1,33144.89,13257.96,33144.89,
1203,GOR-GRI-XXL,1,28716.74,11486.7,28716.74,
1204,GOR-GRI-L,1,28716.74,11486.7,28716.74,
1205,CHU-VER-XL,1,33823.38,13529.35,33823.38,
1206,CHU-NEG-XXL,1,33823.38,13529.35,33823.38,
1206,CHU-NEG-XL,1,33823.38,13529.35,33823.38,
1207,REM-CEL-XXL,2,34182.8,13673.12,68365.6,
1207,SWE-MAR-L,1,32525.33,13010.13,32525.33,
1207,GOR-ROJ-UNICO,2,27916.74,11486.7,55833.48,12
1207,CHU-ÍND-L,1,33823.38,13529.35,33823.38,
1207,CHU-NEG-S,1,33823.38,13529.35,33823.38,
1208,REM-CEL-XXL,1,34182.8,13673.12,34182.8,
1208,REM-TUR-S,1,34182.8,13673.12,34182.8,
1208,MUS-CEL-XXL,2,32320.56,12928.22,64641.12,
1208,CIN-ROS-XXL,1,33144.89,13257.96,33144.89,
1208,CIN-ROS-L,1,33144.89,13257.96,33144.89,
1209,REM-VIO-XXL,1,32677.97,13071.19,32677.97,
1209,JOG-CEL-UNICO,1,41361.66,16544.66,41361.66,
1209,CHU-NEG-M,1,33823.38,13529.35,33823.38,
1210,JOG-CEL-UNICO,1,41361.66,16544.66,41361.66,
1210,SWE-AZU-S,1,32525.33,13010.13,32525.33,
1211,JEA-LAV-UNICO,1,21871.44,8748.58,21871.44,
1211,CAM-BEI-UNICO,1,36700.58,14680.23,36700.58,
1211,REM-VIO-M,1,32677.97,13071.19,32677.97,
1211,JEA-NEG-M,1,21871.44,8748.58,21871.44,
1211,REM-TUR-XXL,1,34182.8,13673.12,34182.8,
1212,GOR-GRI-L,1,25270.73,11486.7,25270.73,6
1212,CAM-BEI-UNICO,1,36700.58,14680.23,36700.58,
1212,REM-VIO-L,1,28756.61,13071.19,28756.61,6
1212,JOG-AZU-L,1,41361.66,16544.66,41361.66,
1213,CIN-TUR-XL,1,33144.89,13257.96,33144.89,
1213,CHU-VER-XL,1,33823.38,13529.35,33823.38,
1213,GOR-GRI-S,1,28716.74,11486.7,28716.74,
1213,CAM-BEI-UNICO,1,36700.58,14680.23,36700.58,
1213,CIN-MAR-M,1,33144.89,13257.96,33144.89,
1214,SWE-AZU-S,1,32525.33,13010.13,32525.33,
1214,CAM-BEI-L,1,36700.58,14680.23,36700.58,
1214,GOR-ROJ-L,1,28716.74,11486.7,28716.74,
1214,BUZ-AZU-L,2,29569.23,11827.69,59138.46,
1215,SWE-MAR-XXL,2,32525.33,13010.13,65050.66,
1216,SWE-MAR-S,1,32525.33,13010.13,32525.33,
1216,JOG-AZU-XXL,1,41361.66,16544.66,41361.66,
1217,CHU-ÍND-L,1,33823.38,13529.35,33823.38,
1218,MUS-CEL-S,1,32320.56,12928.22,32320.56,
1218,SWE-AZU-S,1,32525.33,13010.13,32525.33,
1218,GOR-GRI-L,2,28716.74,11486.7,57433.48,
1218,JOG-ÍND-XL,1,41361.66,16544.66,41361.66,
1219,MUS-AZU-M,1,32320.56,12928.22,32320.56,
1219,CAM-BLA-M,1,25690.41,14680.23,25690.41,5
1219,CAM-BLA-XL,1,36700.58,14680.23,36700.58,
1219,CAM-BEI-S,1,36700.58,14680.23,36700.58,
1220,JOG-CEL-UNICO,1,41361.66,16544.66,41361.66,
1220,MUS-CEL-S,1,32320.56,12928.22,32320.56,
1220,MUS-CEL-S,2,32320.56,12928.22,64641.12,
1220,CIN-TUR-XL,1,33144.89,13257.96,33144.89,
1221,CHU-ÍND-L,1,33823.38,13529.35,33823.38,
1222,GOR-GRI-L,1,28716.74,11486.7,28716.74,
1222,BUZ-AZU-UNICO,1,29569.23,11827.69,29569.23,
1222,CIN-MAR-L,1,33144.89,13257.96,33144.89,
1222,GOR-GRI-M,1,28716.74,11486.7,28716.74,
1222,GOR-GRI-S,1,28716.74,11486.7,28716.74,
1223,CIN-MAR-L,2,33144.89,13257.96,66289.78,
1223,CAM-BEI-L,1,36700.58,14680.23,36700.58,
1223,CHU-ÍND-L,1,33823.38,13529.35,33823.38,
1223,BUZ-AZU-M,2,29569.23,11827.69,59138.46,
1223,REM-CEL-XXL,1,34182.8,13673.12,34182.8,
1224,REM-BLA-UNICO,1,32677.97,13071.19,32677.97,
1224,GOR-GRI-UNICO,1,28716.74,11486.7,28716.74,
1224,SWE-AZU-M,1,32525.33,13010.13,32525.33,
1224,JEA-NEG-UNICO,1,21871.44,8748.58,21871.44,
1225,CHU-VER-XL,1,33823.38,13529.35,33823.38,
1225,JOG-AZU-UNICO,1,41361.66,16544.66,41361.66,
1226,JEA-LAV-L,1,21871.44,8748.58,21871.44,
1226,GOR-GRI-M,1,28716.74,11486.7,28716.74,
1226,MUS-AZU-XXL,1,32320.56,12928.22,32320.56,
1226,CHU-NEG-S,1,33823.38,13529.35,33823.38,
1227,CIN-MAR-XL,1,33144.89,13257.96,33144.89,
1228,REM-CEL-XXL,2,27346.24,13673.12,54692.48,1
1228,JOG-ÍND-S,1,41361.66,16544.66,41361.66,
1228,CHU-NEG-XXL,1,33823.38,13529.35,33823.38,
1228,CIN-TUR-XL,1,33144.89,13257.96,33144.89,
1228,JOG-AZU-UNICO,1,41361.66,16544.66,41361.66,
1229,JOG-AZU-XL,1,41361.66,16544.66,41361.66,
1230,MUS-AZU-UNICO,1,21008.36,12928.22,21008.36,8
1230,SWE-MAR-UNICO,1,21141.46,13010.13,21141.46,8
1230,REM-VIO-L,2,32677.97,13071.19,65355.94,
1230,CAM-BLA-XL,1,36700.58,14680.23,36700.58,
1231,CHU-VER-XL,1,33823.38,13529.35,33823.38,
1231,CIN-TUR-UNICO,1,33144.89,13257.96,33144.89,
1231,CHU-VER-XL,1,33823.38,13529.35,33823.38,
1231,JEA-NEG-M,1,21871.44,8748.58,21871.44,
1232,REM-TUR-S,1,34182.8,13673.12,34182.8,
1232,CHU-ÍND-L,1,33823.38,13529.35,33823.38,
1232,CHU-NEG-S,1,33823.38,13529.35,33823.38,
1232,JOG-AZU-XL,1,41361.66,16544.66,41361.66,
1232,BUZ-AZU-M,1,29569.23,11827.69,29569.23,
1233,GOR-GRI-L,1,28716.74,11486.7,28716.74,
1234,JEA-LAV-UNICO,2,21871.44,8748.58,43742.88,
1234,CAM-CEL-XL,1,36700.58,14680.23,36700.58,
1234,CAM-CEL-XL,1,36700.58,14680.23,36700.58,
1235,CIN-TUR-XL,1,33144.89,13257.96,33144.89,
1235,CHU-ÍND-L,1,33823.38,13529.35,33823.38,
1235,JEA-NEG-M,1,21871.44,8748.58,21871.44,
1235,JEA-LAV-UNICO,1,21871.44,8748.58,21871.44,
1235,SWE-MAR-M,2,32525.33,13010.13,65050.66,
1236,SWE-AZU-S,1,32525.33,13010.13,32525.33,
1236,CIN-TUR-UNICO,2,33144.89,13257.96,66289.78,
1237,CIN-MAR-M,1,33144.89,13257.96,33144.89,
1237,CIN-ROS-UNICO,1,33144.89,13257.96,33144.89,
1237,CHU-VER-XL,1,33823.38,13529.35,33823.38,
1237,GOR-GRI-L,1,28716.74,11486.7,28716.74,
1238,REM-CEL-XXL,2,34182.8,13673.12,68365.6,
1238,CIN-TUR-XL,1,33144.89,13257.96,33144.89,
1238,GOR-GRI-UNICO,2,28716.74,11486.7,57433.48,
1239,JOG-AZU-XL,1,41361.66,16544.66,41361.66,
1239,CHU-VER-S,1,33823.38,13529.35,33823.38,
1239,JEA-LAV-L,1,21871.44,8748.58,21871.44,
1240,REM-VIO-XL,1,32677.97,13071.19,32677.97,
1240,CAM-BLA-S,1,36700.58,14680.23,36700.58,
1241,JOG-CEL-UNICO,1,41361.66,16544.66,41361.66,
1241,JOG-AZU-XXL,1,41361.66,16544.66,41361.66,
1241,JEA-NEG-M,1,21871.44,8748.58,21871.44,
1242,BUZ-AZU-UNICO,1,29569.23,11827.69,29569.23,
1242,JOG-ÍND-S,1,41361.66,16544.66,41361.66,
1243,MUS-AZU-UNICO,1,32320.56,12928.22,32320.56,
1243,SWE-MAR-M,1,32525.33,13010.13,32525.33,
1243,MUS-CEL-XXL,1,32320.56,12928.22,32320.56,
1244,BUZ-AZU-L,1,29569.23,11827.69,29569.23,
1244,CIN-TUR-UNICO,1,33144.89,13257.96,33144.89,
1244,CAM-BLA-XL,1,36700.58,14680.23,36700.58,
1245,GOR-GRI-L,1,28716.74,11486.7,28716.74,
1245,GOR-GRI-XXL,1,28716.74,11486.7,28716.74,
1245,JEA-LAV-L,1,21871.44,8748.58,21871.44,
1245,BUZ-AZU-M,2,29569.23,11827.69,59138.46,
1245,JOG-ÍND-XL,1,41361.66,16544.66,41361.66,
1246,GOR-GRI-L,1,28716.74,11486.7,28716.74,
1246,MUS-CEL-XXL,2,32320.56,12928.22,64641.12,
1247,REM-CEL-XXL,1,34182.8,13673.12,34182.8,
1248,JOG-ÍND-S,1,37225.49,16544.66,37225.49,2
1249,CIN-MAR-L,1,33144.89,13257.96,33144.89,
1249,REM-BLA-XL,1,32677.97,13071.19,32677.97,
1249,CHU-VER-XL,1,33823.38,13529.35,33823.38,
1249,SWE-AZU-S,1,32525.33,13010.13,32525.33,
1249,JOG-ÍND-M,1,41361.66,16544.66,41361.66,
1250,GOR-GRI-UNICO,1,28716.74,11486.7,28716.74,
1250,REM-TUR-S,1,34182.8,13673.12,34182.8,
1250,CHU-VER-XL,2,33823.38,13529.35,67646.76,
1251,JEA-NEG-UNICO,1,21871.44,8748.58,21871.44,
1251,MUS-AZU-XXL,1,32320.56,12928.22,32320.56,
1252,REM-TUR-XXL,1,34182.8,13673.12,34182.8,
1252,GOR-ROJ-UNICO,1,27916.74,11486.7,27916.74,12
1252,BUZ-AZU-M,1,28769.23,11827.69,28769.23,12
1252,SWE-MAR-L,1,31725.33,13010.13,31725.33,12
1253,GOR-GRI-XXL,1,28716.74,11486.7,28716.74,
1253,SWE-MAR-L,1,32525.33,13010.13,32525.33,
1253,JEA-LAV-UNICO,1,21871.44,8748.58,21871.44,
1254,CIN-MAR-XL,1,33144.89,13257.96,33144.89,
1254,CHU-VER-XL,1,33823.38,13529.35,33823.38,
1254,JOG-ÍND-XL,1,41361.66,16544.66,41361.66,
1254,CIN-MAR-M,1,33144.89,13257.96,33144.89,
1255,MUS-CEL-S,1,32320.56,12928.22,32320.56,
1255,JEA-LAV-L,2,21871.44,8748.58,43742.88,
1256,JEA-NEG-UNICO,2,21871.44,8748.58,43742.88,
1256,BUZ-AZU-UNICO,1,29569.23,11827.69,29569.23,
1256,CIN-MAR-M,1,33144.89,13257.96,33144.89,
1256,MUS-AZU-M,1,32320.56,12928.22,32320.56,
1257,CIN-MAR-M,2,33144.89,13257.96,66289.78,
1257,GOR-GRI-S,1,28716.74,11486.7,28716.74,
1257,GOR-GRI-UNICO,1,28716.74,11486.7,28716.74,
1258,CHU-NEG-M,1,33823.38,13529.35,33823.38,
1258,SWE-MAR-XXL,1,32525.33,13010.13,32525.33,
1258,REM-CEL-XXL,1,34182.8,13673.12,34182.8,
1258,JOG-AZU-XL,1,41361.66,16544.66,41361.66,
1259,SWE-MAR-L,1,32525.33,13010.13,32525.33,
1259,CIN-MAR-XL,1,33144.89,13257.96,33144.89,
1259,REM-BLA-XL,1,32677.97,13071.19,32677.97,
1259,CAM-BEI-L,1,36700.58,14680.23,36700.58,
1259,GOR-ROJ-UNICO,1,28716.74,11486.7,28716.74,
1260,JOG-AZU-XXL,1,28953.16,16544.66,28953.16,5
1260,JEA-NEG-M,1,21871.44,8748.58,21871.44,
1261,CIN-MAR-XL,1,33144.89,13257.96,33144.89,
1261,CIN-MAR-L,1,33144.89,13257.96,33144.89,
1261,CIN-MAR-S,1,33144.89,13257.96,33144.89,
1261,JOG-ÍND-M,1,41361.66,16544.66,41361.66,
1261,GOR-GRI-XXL,1,28716.74,11486.7,28716.74,
1262,REM-TUR-XXL,1,34182.8,13673.12,34182.8,
1262,CHU-NEG-XXL,1,33823.38,13529.35,33823.38,
1263,JOG-ÍND-XL,1,41361.66,16544.66,41361.66,
1264,CAM-BEI-UNICO,1,36700.58,14680.23,36700.58,
1264,MUS-AZU-UNICO,1,32320.56,12928.22,32320.56,
1264,GOR-GRI-UNICO,1,28716.74,11486.7,28716.74,
1264,GOR-GRI-S,1,28716.74,11486.7,28716.74,
1264,CIN-MAR-L,1,33144.89,13257.96,33144.89,
1265,GOR-GRI-XXL,2,28716.74,11486.7,57433.48,
1266,JEA-NEG-M,1,21871.44,8748.58,21871.44,
1266,GOR-GRI-S,1,28716.74,11486.7,28716.74,
1267,MUS-CEL-S,1,31520.56,12928.22,31520.56,12
1268,CIN-TUR-UNICO,1,33144.89,13257.96,33144.89,
1268,JEA-NEG-M,1,21871.44,8748.58,21871.44,
1268,SWE-MAR-L,1,32525.33,13010.13,32525.33,
1268,JEA-LAV-UNICO,1,21871.44,8748.58,21871.44,
1268,SWE-AZU-S,1,32525.33,13010.13,32525.33,
1269,CIN-MAR-L,1,33144.89,13257.96,33144.89,
1269,MUS-AZU-XXL,1,32320.56,12928.22,32320.56,
1269,CHU-VER-XL,1,33823.38,13529.35,33823.38,
1270,REM-TUR-XXL,1,34182.8,13673.12,34182.8,
1270,BUZ-AZU-M,2,29569.23,11827.69,59138.46,
1270,JEA-NEG-M,1,21871.44,8748.58,21871.44,
1271,CIN-MAR-M,1,33144.89,13257.96,33144.89,
1271,CIN-TUR-XL,1,33144.89,13257.96,33144.89,
1271,REM-TUR-S,1,34182.8,13673.12,34182.8,
1271,JEA-NEG-UNICO,1,21871.44,8748.58,21871.44,
1272,MUS-AZU-XXL,1,32320.56,12928.22,32320.56,
1273,CAM-BEI-UNICO,1,36700.58,14680.23,36700.58,
1273,CIN-MAR-XL,1,33144.89,13257.96,33144.89,
1273,JEA-NEG-M,2,21871.44,8748.58,43742.88,
1274,CAM-BLA-M,1,36700.58,14680.23,36700.58,
1275,GOR-ROJ-S,1,28716.74,11486.7,28716.74,
1275,REM-VIO-XXL,1,32677.97,13071.19,32677.97,
1275,CIN-TUR-UNICO,1,33144.89,13257.96,33144.89,
1275,CHU-NEG-S,1,33823.38,13529.35,33823.38,
1276,JOG-CEL-UNICO,1,41361.66,16544.66,41361.66,
1277,SWE-MAR-L,2,32525.33,13010.13,65050.66,
1277,GOR-GRI-S,1,28716.74,11486.7,28716.74,
1277,CAM-CEL-XL,1,36700.58,14680.23,36700.58,
1277,JOG-CEL-UNICO,1,41361.66,16544.66,41361.66,
1278,CHU-ÍND-XL,1,33823.38,13529.35,33823.38,
1278,REM-BLA-XL,1,32677.97,13071.19,32677.97,
1279,SWE-MAR-L,1,32525.33,13010.13,32525.33,
1280,MUS-AZU-M,1,32320.56,12928.22,32320.56,
1280,CAM-BLA-M,1,36700.58,14680.23,36700.58,
1280,GOR-GRI-UNICO,1,28716.74,11486.7,28716.74,
1281,SWE-AZU-S,1,32525.33,13010.13,32525.33,
1282,REM-VIO-L,1,32677.97,13071.19,32677.97,
1282,REM-VIO-XXL,2,32677.97,13071.19,65355.94,
1283,MUS-AZU-UNICO,1,32320.56,12928.22,32320.56,
1283,REM-CEL-XXL,1,34182.8,13673.12,34182.8,
1284,JOG-AZU-XL,1,41361.66,16544.66,41361.66,
1284,JOG-ÍND-XL,1,24817.0,16544.66,24817.0,7
1284,CHU-VER-L,1,33823.38,13529.35,33823.38,
1284,CIN-MAR-S,1,33144.89,13257.96,33144.89,
1285,JEA-LAV-UNICO,1,21871.44,8748.58,21871.44,
1285,CIN-MAR-S,1,33144.89,13257.96,33144.89,
1285,JOG-CEL-UNICO,1,41361.66,16544.66,41361.66,
1285,GOR-GRI-L,1,28716.74,11486.7,28716.74,
1286,REM-CEL-XXL,1,34182.8,13673.12,34182.8,
1286,JEA-LAV-UNICO,1,21871.44,8748.58,21871.44,
1286,CIN-MAR-M,1,33144.89,13257.96,33144.89,
1286,JEA-LAV-UNICO,2,21871.44,8748.58,43742.88,
1286,REM-BLA-XL,1,32677.97,13071.19,32677.97,
1287,JOG-CEL-UNICO,1,41361.66,16544.66,41361.66,
1287,REM-BLA-XL,1,26795.94,13071.19,26795.94,9
1287,CIN-MAR-XL,1,27178.81,13257.96,27178.81,9
1287,CIN-MAR-L,1,33144.89,13257.96,33144.89,
1287,BUZ-AZU-M,1,29569.23,11827.69,29569.23,
1288,GOR-GRI-UNICO,1,28716.74,11486.7,28716.74,
1289,CHU-NEG-UNICO,1,33823.38,13529.35,33823.38,
1289,REM-VIO-XL,1,32677.97,13071.19,32677.97,
1290,CHU-VER-XL,1,33823.38,13529.35,33823.38,
1290,CIN-ROS-UNICO,1,33144.89,13257.96,33144.89,
1290,JOG-ÍND-XL,1,41361.66,16544.66,41361.66,
1290,MUS-CEL-M,2,32320.56,12928.22,64641.12,
1291,REM-TUR-XXL,1,28029.9,13673.12,28029.9,10
1291,CIN-ROS-UNICO,2,33144.89,13257.96,66289.78,
1292,MUS-CEL-S,1,32320.56,12928.22,32320.56,
1292,CIN-MAR-M,2,33144.89,13257.96,66289.78,
1292,MUS-AZU-XXL,1,32320.56,12928.22,32320.56,
1293,MUS-CEL-M,1,32320.56,12928.22,32320.56,
1293,SWE-AZU-XXL,2,32525.33,13010.13,65050.66,
1294,SWE-MAR-M,1,32525.33,13010.13,32525.33,
1295,JOG-CEL-UNICO,1,41361.66,16544.66,41361.66,
1295,CIN-TUR-XL,1,33144.89,13257.96,33144.89,
1295,CIN-MAR-L,1,33144.89,13257.96,33144.89,
1295,JOG-ÍND-M,1,41361.66,16544.66,41361.66,
1295,CAM-BEI-L,1,35900.58,14680.23,35900.58,12
1296,GOR-GRI-UNICO,1,28716.74,11486.7,28716.74,
1296,CIN-MAR-XL,1,33144.89,13257.96,33144.89,
1297,CIN-MAR-XL,1,33144.89,13257.96,33144.89,
1297,GOR-GRI-S,2,28716.74,11486.7,57433.48,
1297,CIN-TUR-XL,2,33144.89,13257.96,66289.78,
1297,SWE-AZU-S,1,32525.33,13010.13,32525.33,
1298,CIN-MAR-M,1,33144.89,13257.96,33144.89,
1298,CIN-TUR-XL,1,33144.89,13257.96,33144.89,
1298,MUS-AZU-XXL,1,32320.56,12928.22,32320.56,
1299,BUZ-AZU-M,1,29569.23,11827.69,29569.23,
1299,GOR-GRI-M,1,28716.74,11486.7,28716.74,
1299,MUS-AZU-XXL,1,32320.56,12928.22,32320.56,
1299,CAM-CEL-XL,1,36700.58,14680.23,36700.58,
1299,CIN-MAR-L,1,33144.89,13257.96,33144.89,
1300,CIN-MAR-M,1,33144.89,13257.96,33144.89,
1300,CHU-NEG-XL,2,33823.38,13529.35,67646.76,
1300,JOG-CEL-UNICO,1,41361.66,16544.66,41361.66,
1301,CHU-NEG-M,2,33823.38,13529.35,67646.76,
1301,GOR-GRI-L,1,28716.74,11486.7,28716.74,
1302,GOR-GRI-S,2,28716.74,11486.7,57433.48,
1302,CHU-ÍND-L,1,33823.38,13529.35,33823.38,
1302,CAM-BEI-UNICO,1,36700.58,14680.23,36700.58,
1302,SWE-MAR-L,1,32525.33,13010.13,32525.33,
1302,REM-VIO-M,1,32677.97,13071.19,32677.97,
1303,CIN-MAR-XL,1,32344.89,13257.96,32344.89,12
1303,MUS-AZU-UNICO,1,32320.56,12928.22,32320.56,
1303,MUS-CEL-S,1,32320.56,12928.22,32320.56,
1303,JOG-AZU-UNICO,1,41361.66,16544.66,41361.66,
1303,JEA-NEG-M,2,21871.44,8748.58,43742.88,
1304,MUS-CEL-S,2,32320.56,12928.22,64641.12,
1304,REM-CEL-XXL,2,34182.8,13673.12,68365.6,
1304,CHU-VER-L,1,33823.38,13529.35,33823.38,
1305,CAM-BEI-L,1,36700.58,14680.23,36700.58,
1305,JOG-ÍND-XL,1,41361.66,16544.66,41361.66,
1305,MUS-CEL-S,1,32320.56,12928.22,32320.56,
1306,CIN-ROS-UNICO,1,33144.89,13257.96,33144.89,
1307,JEA-NEG-M,1,21871.44,8748.58,21871.44,
1307,REM-BLA-XL,1,32677.97,13071.19,32677.97,
1307,REM-TUR-XXL,1,34182.8,13673.12,34182.8,
1307,CIN-MAR-S,1,33144.89,13257.96,33144.89,
1307,CHU-VER-XL,1,33823.38,13529.35,33823.38,
1308,CHU-NEG-S,2,33823.38,13529.35,67646.76,
1308,GOR-GRI-XXL,2,28716.74,11486.7,57433.48,
1308,CIN-TUR-UNICO,1,33144.89,13257.96,33144.89,
1309,GOR-GRI-UNICO,1,28716.74,11486.7,28716.74,
1309,CAM-BEI-S,1,36700.58,14680.23,36700.58,
1309,CAM-BLA-M,1,36700.58,14680.23,36700.58,
1309,CAM-BEI-L,1,18350.29,14680.23,18350.29,11
1309,JEA-NEG-XL,1,21871.44,8748.58,21871.44,
1310,GOR-GRI-L,1,28716.74,11486.7,28716.74,
1311,CHU-NEG-S,1,33823.38,13529.35,33823.38,
1311,SWE-MAR-L,1,26670.77,13010.13,26670.77,10
1312,GOR-GRI-UNICO,1,28716.74,11486.7,28716.74,
1313,REM-VIO-XL,1,32677.97,13071.19,32677.97,
1313,SWE-AZU-M,2,32525.33,13010.13,65050.66,
1314,BUZ-AZU-L,1,29569.23,11827.69,29569.23,
1314,CHU-NEG-XL,1,33823.38,13529.35,33823.38,
1314,JOG-AZU-XL,1,41361.66,16544.66,41361.66,
1314,GOR-ROJ-XXL,1,28716.74,11486.7,28716.74,
1315,CIN-MAR-L,1,33144.89,13257.96,33144.89,
1315,GOR-GRI-S,1,28716.74,11486.7,28716.74,
1316,CHU-VER-XL,1,33823.38,13529.35,33823.38,
1316,CAM-CEL-XL,1,36700.58,14680.23,36700.58,
1317,MUS-CEL-S,1,32320.56,12928.22,32320.56,
1317,MUS-AZU-M,1,32320.56,12928.22,32320.56,
1317,CHU-VER-XL,1,33823.38,13529.35,33823.38,
1317,CIN-MAR-L,1,33144.89,13257.96,33144.89,
1318,REM-VIO-M,1,19606.78,13071.19,19606.78,7
1318,CHU-ÍND-XXL,1,20294.03,13529.35,20294.03,7
1318,CIN-MAR-S,1,33144.89,13257.96,33144.89,
1318,CAM-BEI-L,1,36700.58,14680.23,36700.58,
1318,REM-VIO-L,1,32677.97,13071.19,32677.97,
1319,JEA-NEG-UNICO,1,10935.72,8748.58,10935.72,11
1319,GOR-GRI-UNICO,2,28716.74,11486.7,57433.48,
1319,JOG-ÍND-M,1,41361.66,16544.66,41361.66,
1319,SWE-MAR-L,1,32525.33,13010.13,32525.33,
1320,CHU-VER-XL,1,33823.38,13529.35,33823.38,
1321,REM-VIO-L,1,32677.97,13071.19,32677.97,
1321,CHU-VER-L,2,33823.38,13529.35,67646.76,
1321,BUZ-AZU-M,1,29569.23,11827.69,29569.23,
1321,JEA-NEG-UNICO,2,21871.44,8748.58,43742.88,
1321,MUS-AZU-XXL,1,32320.56,12928.22,32320.56,
1322,REM-BLA-XL,1,32677.97,13071.19,32677.97,
1322,JOG-ÍND-M,1,41361.66,16544.66,41361.66,
1322,GOR-GRI-M,1,27916.74,11486.7,27916.74,12
1323,CIN-MAR-M,1,33144.89,13257.96,33144.89,
1323,MUS-CEL-S,1,32320.56,12928.22,32320.56,
1323,GOR-GRI-M,1,28716.74,11486.7,28716.74,
1324,GOR-GRI-UNICO,1,28716.74,11486.7,28716.74,
1324,JEA-LAV-UNICO,1,21871.44,8748.58,21871.44,
1324,SWE-AZU-S,1,32525.33,13010.13,32525.33,
1324,REM-TUR-XXL,1,34182.8,13673.12,34182.8,
1324,REM-VIO-XL,1,32677.97,13071.19,32677.97,
1325,SWE-MAR-L,1,32525.33,13010.13,32525.33,
1325,JOG-CEL-UNICO,1,41361.66,16544.66,41361.66,
1325,JOG-ÍND-M,1,41361.66,16544.66,41361.66,
1326,CHU-NEG-S,1,16911.69,13529.35,16911.69,11
1326,CIN-TUR-XL,1,33144.89,13257.96,33144.89,
1326,GOR-ROJ-L,1,28716.74,11486.7,28716.74,
1327,CAM-CEL-XL,1,36700.58,14680.23,36700.58,
1327,MUS-AZU-UNICO,1,32320.56,12928.22,32320.56,
1327,JOG-AZU-UNICO,1,41361.66,16544.66,41361.66,
1328,CIN-ROS-XXL,1,33144.89,13257.96,33144.89,
1328,REM-BLA-XL,1,32677.97,13071.19,32677.97,
1328,GOR-GRI-XXL,1,28716.74,11486.7,28716.74,
1328,CIN-MAR-XL,1,33144.89,13257.96,33144.89,
1329,GOR-GRI-M,1,28716.74,11486.7,28716.74,
1329,SWE-MAR-UNICO,1,32525.33,13010.13,32525.33,
1329,GOR-GRI-L,1,28716.74,11486.7,28716.74,
1329,CAM-CEL-XL,2,36700.58,14680.23,73401.16,
1329,SWE-AZU-S,1,32525.33,13010.13,32525.33,
1330,JEA-LAV-L,1,21871.44,8748.58,21871.44,
1330,MUS-AZU-XXL,1,32320.56,12928.22,32320.56,
1330,GOR-ROJ-UNICO,1,28716.74,11486.7,28716.74,
1330,JOG-AZU-UNICO,1,41361.66,16544.66,41361.66,
1330,REM-VIO-M,1,32677.97,13071.19,32677.97,
1331,JEA-LAV-L,2,21871.44,8748.58,43742.88,
1331,CHU-NEG-XXL,1,29764.57,13529.35,29764.57,6
1331,CHU-NEG-M,1,29764.57,13529.35,29764.57,6
1332,GOR-GRI-L,1,28716.74,11486.7,28716.74,
1332,REM-VIO-XL,1,32677.97,13071.19,32677.97,
1333,CHU-NEG-S,1,33823.38,13529.35,33823.38,
1333,REM-TUR-S,1,34182.8,13673.12,34182.8,
1334,CIN-ROS-UNICO,1,29830.4,13257.96,29830.4,3
1334,CAM-CEL-XL,1,36700.58,14680.23,36700.58,
1334,MUS-AZU-XXL,1,32320.56,12928.22,32320.56,
1334,JOG-CEL-UNICO,1,41361.66,16544.66,41361.66,
1334,CAM-BEI-L,1,36700.58,14680.23,36700.58,
1335,JEA-NEG-M,1,21871.44,8748.58,21871.44,
1335,BUZ-AZU-M,1,29569.23,11827.69,29569.23,
1335,SWE-AZU-S,1,32525.33,13010.13,32525.33,
1335,JEA-LAV-L,1,21871.44,8748.58,21871.44,
1336,JOG-CEL-UNICO,2,41361.66,16544.66,82723.32,
1336,GOR-GRI-M,1,28716.74,11486.7,28716.74,
1336,MUS-AZU-M,1,32320.56,12928.22,32320.56,
1337,CIN-MAR-M,1,33144.89,13257.96,33144.89,
1338,REM-TUR-S,1,34182.8,13673.12,34182.8,
1338,SWE-AZU-S,1,32525.33,13010.13,32525.33,
1338,JOG-ÍND-M,1,41361.66,16544.66,41361.66,
1339,CIN-TUR-UNICO,1,33144.89,13257.96,33144.89,
1339,SWE-MAR-S,1,32525.33,13010.13,32525.33,
1339,CHU-VER-XL,1,33823.38,13529.35,33823.38,
1340,CIN-MAR-XL,1,32344.89,13257.96,32344.89,12
1340,CIN-TUR-XL,1,33144.89,13257.96,33144.89,
1340,CIN-MAR-L,1,33144.89,13257.96,33144.89,
1340,GOR-GRI-M,1,27916.74,11486.7,27916.74,12
1341,REM-TUR-XXL,1,34182.8,13673.12,34182.8,
1341,CHU-ÍND-XXL,1,33823.38,13529.35,33823.38,
1341,REM-VIO-XL,1,32677.97,13071.19,32677.97,
1341,GOR-GRI-M,1,28716.74,11486.7,28716.74,
1342,CHU-NEG-XXL,2,33823.38,13529.35,67646.76,
1343,BUZ-AZU-L,1,29569.23,11827.69,29569.23,
1343,CAM-BEI-S,2,36700.58,14680.23,73401.16,
1343,JEA-LAV-L,1,21871.44,8748.58,21871.44,
1343,GOR-GRI-UNICO,1,28716.74,11486.7,28716.74,
1344,MUS-AZU-UNICO,1,32320.56,12928.22,32320.56,
1344,JEA-NEG-M,1,21871.44,8748.58,21871.44,
1345,CIN-MAR-XL,2,33144.89,13257.96,66289.78,
1345,CIN-MAR-L,1,21544.18,13257.96,21544.18,8
1346,JOG-AZU-UNICO,1,41361.66,16544.66,41361.66,
1346,REM-CEL-XXL,1,34182.8,13673.12,34182.8,
1346,CIN-MAR-L,1,33144.89,13257.96,33144.89,
1347,CIN-MAR-XL,1,33144.89,13257.96,33144.89,
1347,GOR-GRI-S,1,28716.74,11486.7,28716.74,
1347,CIN-MAR-S,1,33144.89,13257.96,33144.89,
1347,GOR-GRI-M,1,28716.74,11486.7,28716.74,
1348,CAM-BEI-L,2,36700.58,14680.23,73401.16,
1348,BUZ-AZU-M,1,29569.23,11827.69,29569.23,
1348,SWE-MAR-UNICO,1,32525.33,13010.13,32525.33,
1349,CIN-MAR-S,1,33144.89,13257.96,33144.89,
1349,CAM-BLA-M,1,36700.58,14680.23,36700.58,
1350,CIN-ROS-XXL,1,33144.89,13257.96,33144.89,
1351,CHU-ÍND-L,1,33823.38,13529.35,33823.38,
1352,JOG-AZU-UNICO,2,41361.66,16544.66,82723.32,
1352,GOR-GRI-M,1,28716.74,11486.7,28716.74,
1352,JEA-LAV-UNICO,1,21871.44,8748.58,21871.44,
1353,CAM-BEI-L,1,36700.58,14680.23,36700.58,
1354,JOG-AZU-L,1,41361.66,16544.66,41361.66,
1354,JEA-NEG-UNICO,1,21871.44,8748.58,21871.44,
1354,GOR-GRI-L,1,28716.74,11486.7,28716.74,
1355,JEA-LAV-L,1,21871.44,8748.58,21871.44,
1355,JOG-AZU-L,2,41361.66,16544.66,82723.32,
1355,MUS-CEL-M,1,32320.56,12928.22,32320.56,
1356,CAM-BEI-L,1,36700.58,14680.23,36700.58,
1356,MUS-AZU-XXL,1,32320.56,12928.22,32320.56,
1357,GOR-GRI-M,1,28716.74,11486.7,28716.74,
1357,CHU-NEG-S,1,33823.38,13529.35,33823.38,
1357,CAM-BEI-L,1,36700.58,14680.23,36700.58,
1357,GOR-GRI-S,1,28716.74,11486.7,28716.74,
1357,JOG-ÍND-XL,1,41361.66,16544.66,41361.66,
1358,REM-VIO-M,1,32677.97,13071.19,32677.97,
1358,GOR-GRI-UNICO,1,28716.74,11486.7,28716.74,
1358,CIN-TUR-XL,1,33144.89,13257.96,33144.89,
1358,JOG-AZU-UNICO,1,41361.66,16544.66,41361.66,
1359,SWE-AZU-S,2,32525.33,13010.13,65050.66,
1359,CAM-BEI-UNICO,1,18350.29,14680.23,18350.29,11
1360,JOG-ÍND-S,1,41361.66,16544.66,41361.66,
1361,CIN-TUR-UNICO,1,33144.89,13257.96,33144.89,
1361,CIN-MAR-M,1,33144.89,13257.96,33144.89,
1362,GOR-GRI-M,2,28716.74,11486.7,57433.48,
1363,GOR-GRI-UNICO,1,28716.74,11486.7,28716.74,
1363,REM-CEL-XXL,1,34182.8,13673.12,34182.8,
1363,CAM-BEI-UNICO,1,36700.58,14680.23,36700.58,
1363,GOR-GRI-M,1,28716.74,11486.7,28716.74,
1363,MUS-AZU-M,1,32320.56,12928.22,32320.56,
1364,JOG-ÍND-S,1,41361.66,16544.66,41361.66,
1364,JOG-AZU-UNICO,1,41361.66,16544.66,41361.66,
1365,CIN-TUR-XL,2,33144.89,13257.96,66289.78,
1365,GOR-GRI-L,1,28716.74,11486.7,28716.74,
1366,SWE-AZU-S,1,32525.33,13010.13,32525.33,
1367,BUZ-AZU-M,1,29569.23,11827.69,29569.23,
1368,REM-VIO-XL,2,32677.97,13071.19,65355.94,
1368,SWE-AZU-S,1,32525.33,13010.13,32525.33,
1368,JOG-AZU-UNICO,1,41361.66,16544.66,41361.66,
1368,REM-BLA-S,1,32677.97,13071.19,32677.97,
1369,GOR-GRI-S,1,28716.74,11486.7,28716.74,
1369,REM-BLA-XL,1,32677.97,13071.19,32677.97,
1370,REM-VIO-M,1,32677.97,13071.19,32677.97,
1371,CHU-ÍND-XL,2,33823.38,13529.35,67646.76,
1371,CHU-NEG-S,2,33823.38,13529.35,67646.76,
1371,CAM-BEI-UNICO,1,36700.58,14680.23,36700.58,
1371,REM-BLA-S,1,32677.97,13071.19,32677.97,
1371,GOR-ROJ-UNICO,1,28716.74,11486.7,28716.74,
1372,GOR-GRI-M,1,28716.74,11486.7,28716.74,
1373,CAM-CEL-XL,1,36700.58,14680.23,36700.58,
1373,GOR-ROJ-UNICO,1,28716.74,11486.7,28716.74,
1373,MUS-CEL-S,1,32320.56,12928.22,32320.56,
1373,CAM-BLA-XL,1,36700.58,14680.23,36700.58,
1374,JOG-AZU-XXL,1,41361.66,16544.66,41361.66,
1374,JEA-LAV-UNICO,1,21871.44,8748.58,21871.44,
1374,REM-TUR-XXL,1,34182.8,13673.12,34182.8,
1375,MUS-AZU-UNICO,1,32320.56,12928.22,32320.56,
1375,CHU-NEG-M,1,33823.38,13529.35,33823.38,
1375,REM-VIO-XL,1,32677.97,13071.19,32677.97,
1376,MUS-AZU-XXL,1,32320.56,12928.22,32320.56,
1376,REM-VIO-M,1,32677.97,13071.19,32677.97,
1376,SWE-AZU-M,1,26670.77,13010.13,26670.77,9
1377,REM-TUR-XXL,1,34182.8,13673.12,34182.8,
1377,MUS-AZU-XXL,1,32320.56,12928.22,32320.56,
1378,GOR-GRI-L,1,28716.74,11486.7,28716.74,
1378,JOG-ÍND-XL,1,41361.66,16544.66,41361.66,
1378,SWE-AZU-S,1,32525.33,13010.13,32525.33,
1379,GOR-ROJ-UNICO,1,28716.74,11486.7,28716.74,
1379,CHU-NEG-XL,2,33823.38,13529.35,67646.76,
1380,CAM-BLA-M,1,30094.48,14680.23,30094.48,9
1380,SWE-MAR-M,2,32525.33,13010.13,65050.66,
1380,CIN-MAR-S,1,33144.89,13257.96,33144.89,
1380,MUS-CEL-M,1,32320.56,12928.22,32320.56,
1381,MUS-AZU-XXL,1,32320.56,12928.22,32320.56,
1381,CIN-MAR-S,1,33144.89,13257.96,33144.89,
1382,CIN-MAR-XL,1,33144.89,13257.96,33144.89,
1383,MUS-AZU-XXL,1,32320.56,12928.22,32320.56,
1383,BUZ-AZU-M,1,29569.23,11827.69,29569.23,
1383,CIN-TUR-XL,1,33144.89,13257.96,33144.89,
1384,GOR-GRI-UNICO,2,28716.74,11486.7,57433.48,
1385,CAM-CEL-XL,1,36700.58,14680.23,36700.58,
1385,JEA-LAV-L,1,21871.44,8748.58,21871.44,
1385,GOR-GRI-XXL,1,28716.74,11486.7,28716.74,
1385,JEA-NEG-UNICO,1,21871.44,8748.58,21871.44,
1385,CHU-NEG-S,1,33823.38,13529.35,33823.38,
1386,REM-TUR-S,1,34182.8,13673.12,34182.8,
1386,GOR-ROJ-S,1,28716.74,11486.7,28716.74,
1387,REM-BLA-XL,1,32677.97,13071.19,32677.97,
1387,SWE-AZU-S,2,32525.33,13010.13,65050.66,
1387,CIN-ROS-XXL,1,33144.89,13257.96,33144.89,
1388,CHU-NEG-M,1,33823.38,13529.35,33823.38,
1388,REM-TUR-XXL,1,34182.8,13673.12,34182.8,
1388,REM-BLA-XL,1,32677.97,13071.19,32677.97,
1388,JEA-LAV-UNICO,1,21071.44,8748.58,21071.44,12
1388,CIN-TUR-UNICO,1,33144.89,13257.96,33144.89,
1389,SWE-AZU-S,1,32525.33,13010.13,32525.33,
1389,GOR-GRI-S,1,28716.74,11486.7,28716.74,
1389,CHU-NEG-S,1,33823.38,13529.35,33823.38,
1389,MUS-AZU-M,1,32320.56,12928.22,32320.56,
1390,MUS-AZU-XXL,1,32320.56,12928.22,32320.56,
1390,REM-BLA-S,1,32677.97,13071.19,32677.97,
1390,CIN-MAR-XL,1,33144.89,13257.96,33144.89,
1390,REM-BLA-S,1,32677.97,13071.19,32677.97,
1390,REM-VIO-XXL,1,28756.61,13071.19,28756.61,6
1391,GOR-GRI-UNICO,1,27916.74,11486.7,27916.74,12
1392,GOR-GRI-S,1,28716.74,11486.7,28716.74,
1392,CAM-BLA-M,1,36700.58,14680.23,36700.58,
1392,CAM-BEI-L,1,36700.58,14680.23,36700.58,
1392,REM-VIO-M,1,32677.97,13071.19,32677.97,
1393,REM-VIO-L,1,32677.97,13071.19,32677.97,
1393,CHU-ÍND-L,1,33823.38,13529.35,33823.38,
1393,CIN-TUR-XL,1,33144.89,13257.96,33144.89,
1394,CHU-ÍND-UNICO,1,33823.38,13529.35,33823.38,
1394,CAM-BEI-UNICO,1,36700.58,14680.23,36700.58,
1394,CAM-BLA-S,1,30094.48,14680.23,30094.48,9
1394,CAM-BLA-XL,1,36700.58,14680.23,36700.58,
1394,MUS-CEL-XXL,1,32320.56,12928.22,32320.56,
1395,CIN-MAR-L,1,33144.89,13257.96,33144.89,
1395,CIN-MAR-S,1,33144.89,13257.96,33144.89,
1395,CIN-MAR-S,1,33144.89,13257.96,33144.89,
1395,SWE-MAR-L,1,32525.33,13010.13,32525.33,
1395,REM-VIO-M,1,32677.97,13071.19,32677.97,
1396,JOG-AZU-XL,1,41361.66,16544.66,41361.66,
1396,MUS-AZU-UNICO,1,32320.56,12928.22,32320.56,
1397,JEA-NEG-UNICO,1,21871.44,8748.58,21871.44,
1397,JOG-ÍND-S,2,41361.66,16544.66,82723.32,
1398,CHU-ÍND-L,2,33823.38,13529.35,67646.76,
1398,REM-VIO-M,1,32677.97,13071.19,32677.97,
1398,CHU-NEG-S,1,33823.38,13529.35,33823.38,
1399,JOG-AZU-UNICO,1,41361.66,16544.66,41361.66,
1399,CIN-MAR-L,1,33144.89,13257.96,33144.89,
1399,GOR-GRI-M,1,28716.74,11486.7,28716.74,
1400,JEA-NEG-M,1,21871.44,8748.58,21871.44,
1400,CHU-VER-XL,1,33823.38,13529.35,33823.38,
1400,GOR-GRI-L,1,28716.74,11486.7,28716.74,
1401,CAM-BLA-M,1,36700.58,14680.23,36700.58,
1402,CIN-MAR-S,2,33144.89,13257.96,66289.78,
1402,GOR-GRI-UNICO,1,28716.74,11486.7,28716.74,
1402,GOR-GRI-XXL,2,28716.74,11486.7,57433.48,
1402,JOG-CEL-UNICO,1,41361.66,16544.66,41361.66,
1402,JOG-AZU-XXL,1,41361.66,16544.66,41361.66,
1403,JOG-CEL-UNICO,1,41361.66,16544.66,41361.66,
1403,CIN-MAR-XL,1,33144.89,13257.96,33144.89,
1403,REM-BLA-XL,1,32677.97,13071.19,32677.97,
1403,JEA-NEG-M,1,21871.44,8748.58,21871.44,
1403,CHU-ÍND-XL,1,33823.38,13529.35,33823.38,
1404,GOR-GRI-S,2,28716.74,11486.7,57433.48,
1405,JOG-AZU-XL,1,41361.66,16544.66,41361.66,
1406,REM-BLA-XL,2,32677.97,13071.19,65355.94,
1406,CIN-TUR-UNICO,2,33144.89,13257.96,66289.78,
1407,JEA-LAV-L,2,21871.44,8748.58,43742.88,
1407,MUS-AZU-UNICO,1,32320.56,12928.22,32320.56,
1408,JOG-ÍND-M,1,41361.66,16544.66,41361.66,
1408,CHU-ÍND-L,1,33823.38,13529.35,33823.38,
1408,CIN-TUR-UNICO,1,33144.89,13257.96,33144.89,
1409,CIN-MAR-L,1,33144.89,13257.96,33144.89,
1410,GOR-GRI-XXL,1,28716.74,11486.7,28716.74,
1410,JEA-LAV-UNICO,1,21871.44,8748.58,21871.44,
1410,REM-TUR-S,1,34182.8,13673.12,34182.8,
1410,REM-VIO-L,1,32677.97,13071.19,32677.97,
1411,MUS-AZU-UNICO,1,32320.56,12928.22,32320.56,
1411,CIN-MAR-XL,1,33144.89,13257.96,33144.89,
1411,GOR-GRI-L,1,28716.74,11486.7,28716.74,
1411,REM-BLA-XL,1,32677.97,13071.19,32677.97,
1411,CIN-MAR-XL,1,33144.89,13257.96,33144.89,
1412,CHU-ÍND-UNICO,1,27735.17,13529.35,27735.17,9
1412,CHU-NEG-XXL,2,33823.38,13529.35,67646.76,
1412,MUS-CEL-XXL,1,32320.56,12928.22,32320.56,
1412,CAM-BLA-XL,1,36700.58,14680.23,36700.58,
1413,GOR-GRI-L,1,28716.74,11486.7,28716.74,
1413,CHU-VER-XL,1,33823.38,13529.35,33823.38,
1413,GOR-GRI-M,1,28716.74,11486.7,28716.74,
1413,REM-CEL-XXL,1,34182.8,13673.12,34182.8,
1413,CHU-NEG-S,1,33823.38,13529.35,33823.38,
1414,CAM-BEI-S,1,36700.58,14680.23,36700.58,
1414,CHU-VER-S,2,21985.2,13529.35,43970.4,8
1414,SWE-MAR-XXL,1,32525.33,13010.13,32525.33,
1414,GOR-GRI-L,1,18665.88,11486.7,18665.88,8
1414,CAM-BEI-L,1,36700.58,14680.23,36700.58,
1415,JOG-ÍND-S,2,41361.66,16544.66,82723.32,
1415,SWE-AZU-S,1,32525.33,13010.13,32525.33,
1415,REM-VIO-XL,1,32677.97,13071.19,32677.97,
1415,BUZ-AZU-UNICO,1,29569.23,11827.69,29569.23,
1415,JEA-NEG-UNICO,1,21871.44,8748.58,21871.44,
1416,REM-VIO-M,1,32677.97,13071.19,32677.97,
1416,CHU-ÍND-XL,1,33823.38,13529.35,33823.38,
1416,JOG-CEL-UNICO,1,41361.66,16544.66,41361.66,
1416,CHU-NEG-XXL,1,33823.38,13529.35,33823.38,
1417,JOG-ÍND-S,1,41361.66,16544.66,41361.66,
1417,CIN-TUR-XL,1,33144.89,13257.96,33144.89,
1417,GOR-GRI-XXL,1,28716.74,11486.7,28716.74,
1417,JEA-NEG-UNICO,1,21871.44,8748.58,21871.44,
1417,CHU-NEG-XL,2,33823.38,13529.35,67646.76,
1418,CIN-MAR-M,1,33144.89,13257.96,33144.89,
1419,CAM-BEI-L,1,36700.58,14680.23,36700.58,
1419,BUZ-AZU-M,1,29569.23,11827.69,29569.23,
1420,GOR-ROJ-S,1,28716.74,11486.7,28716.74,
1420,MUS-CEL-M,1,32320.56,12928.22,32320.56,
1421,JOG-AZU-XXL,1,41361.66,16544.66,41361.66,
1421,CIN-ROS-L,2,33144.89,13257.96,66289.78,
1421,MUS-CEL-XXL,1,32320.56,12928.22,32320.56,
1421,JOG-ÍND-M,1,41361.66,16544.66,41361.66,
1422,JOG-AZU-UNICO,1,41361.66,16544.66,41361.66,
1422,SWE-MAR-L,1,32525.33,13010.13,32525.33,
1422,JOG-ÍND-M,1,41361.66,16544.66,41361.66,
1422,REM-VIO-XXL,1,32677.97,13071.19,32677.97,
1422,REM-BLA-S,1,32677.97,13071.19,32677.97,
1423,REM-BLA-S,1,32677.97,13071.19,32677.97,
1424,CIN-TUR-UNICO,1,33144.89,13257.96,33144.89,
1424,JEA-NEG-UNICO,1,21871.44,8748.58,21871.44,
1424,CAM-CEL-XL,1,36700.58,14680.23,36700.58,
1424,JOG-CEL-UNICO,1,41361.66,16544.66,41361.66,
1424,REM-VIO-L,1,32677.97,13071.19,32677.97,
1425,GOR-GRI-XXL,1,28716.74,11486.7,28716.74,
1426,JOG-AZU-XXL,1,41361.66,16544.66,41361.66,
1426,GOR-ROJ-S,1,28716.74,11486.7,28716.74,
1426,CIN-ROS-XXL,1,33144.89,13257.96,33144.89,
1426,CIN-TUR-UNICO,1,23201.42,13257.96,23201.42,5
1426,CIN-TUR-XL,1,33144.89,13257.96,33144.89,
1427,JOG-ÍND-XL,1,41361.66,16544.66,41361.66,
1427,GOR-GRI-L,1,28716.74,11486.7,28716.74,
1427,SWE-MAR-L,1,32525.33,13010.13,32525.33,
1427,BUZ-AZU-M,1,29569.23,11827.69,29569.23,
1428,MUS-CEL-M,1,32320.56,12928.22,32320.56,
1428,CAM-BLA-S,1,23855.38,14680.23,23855.38,8
1429,REM-CEL-XXL,1,34182.8,13673.12,34182.8,
1429,GOR-ROJ-UNICO,1,28716.74,11486.7,28716.74,
1429,JOG-AZU-UNICO,2,41361.66,16544.66,82723.32,
1430,JEA-NEG-UNICO,1,21871.44,8748.58,21871.44,
1431,SWE-MAR-S,1,32525.33,13010.13,32525.33,
1431,GOR-ROJ-L,1,28716.74,11486.7,28716.74,
1431,CAM-BEI-UNICO,1,36700.58,14680.23,36700.58,
1431,MUS-AZU-UNICO,1,32320.56,12928.22,32320.56,
1432,JOG-ÍND-S,1,41361.66,16544.66,41361.66,
1432,CAM-BLA-M,1,36700.58,14680.23,36700.58,
1432,JOG-ÍND-M,1,41361.66,16544.66,41361.66,
1433,JOG-CEL-UNICO,1,41361.66,16544.66,41361.66,
1433,JOG-AZU-UNICO,1,41361.66,16544.66,41361.66,
1433,CAM-BEI-L,1,30094.48,14680.23,30094.48,10
1433,JEA-LAV-L,1,17934.58,8748.58,17934.58,10
1433,CAM-BLA-M,1,30094.48,14680.23,30094.48,10
1434,JOG-ÍND-XL,1,41361.66,16544.66,41361.66,
1434,REM-VIO-XL,1,32677.97,13071.19,32677.97,
1435,BUZ-AZU-L,1,29569.23,11827.69,29569.23,
1435,SWE-MAR-XXL,1,32525.33,13010.13,32525.33,
1435,JOG-CEL-UNICO,1,41361.66,16544.66,41361.66,
1435,JOG-AZU-XL,1,41361.66,16544.66,41361.66,
1435,CHU-NEG-XL,1,33823.38,13529.35,33823.38,
1436,CHU-ÍND-XXL,1,33823.38,13529.35,33823.38,
1436,CHU-ÍND-L,1,33823.38,13529.35,33823.38,
1436,CAM-BEI-L,1,36700.58,14680.23,36700.58,
1436,GOR-ROJ-UNICO,1,28716.74,11486.7,28716.74,
1436,CAM-CEL-XL,1,36700.58,14680.23,36700.58,
1437,CAM-BLA-S,1,36700.58,14680.23,36700.58,
1437,JEA-NEG-UNICO,1,21871.44,8748.58,21871.44,
1437,CIN-ROS-UNICO,1,33144.89,13257.96,33144.89,
1437,CHU-NEG-M,2,33823.38,13529.35,67646.76,
1437,CIN-MAR-M,1,33144.89,13257.96,33144.89,
1438,REM-VIO-XL,1,32677.97,13071.19,32677.97,
1438,MUS-AZU-XXL,1,32320.56,12928.22,32320.56,
1439,CHU-NEG-S,1,33823.38,13529.35,33823.38,
1439,CIN-TUR-XL,1,33144.89,13257.96,33144.89,
1440,CHU-ÍND-XXL,1,33823.38,13529.35,33823.38,
1441,MUS-AZU-XXL,1,32320.56,12928.22,32320.56,
1442,MUS-CEL-S,1,32320.56,12928.22,32320.56,
1443,JOG-ÍND-M,1,41361.66,16544.66,41361.66,
1443,CIN-TUR-UNICO,1,33144.89,13257.96,33144.89,
1444,CAM-BLA-XL,1,30094.48,14680.23,30094.48,10
1444,CAM-BEI-UNICO,1,36700.58,14680.23,36700.58,
1444,CHU-ÍND-L,1,33823.38,13529.35,33823.38,
1444,REM-VIO-M,1,32677.97,13071.19,32677.97,
1444,CHU-NEG-XXL,1,33823.38,13529.35,33823.38,
1445,CHU-NEG-S,1,33823.38,13529.35,33823.38,
1446,CHU-ÍND-L,1,33823.38,13529.35,33823.38,
1447,CIN-MAR-S,1,33144.89,13257.96,33144.89,
1448,REM-VIO-XL,1,32677.97,13071.19,32677.97,
1448,MUS-AZU-UNICO,1,32320.56,12928.22,32320.56,
1448,GOR-ROJ-S,1,28716.74,11486.7,28716.74,
1448,JOG-AZU-UNICO,1,41361.66,16544.66,41361.66,
1448,CHU-NEG-XL,1,33823.38,13529.35,33823.38,
1449,JEA-LAV-UNICO,1,21871.44,8748.58,21871.44,
1450,CHU-ÍND-XXL,1,33823.38,13529.35,33823.38,
1450,JEA-NEG-UNICO,1,21871.44,8748.58,21871.44,
1450,JEA-NEG-M,1,21871.44,8748.58,21871.44,
1451,CHU-ÍND-XXL,1,33823.38,13529.35,33823.38,
1452,MUS-AZU-UNICO,1,32320.56,12928.22,32320.56,
1452,MUS-AZU-XXL,1,32320.56,12928.22,32320.56,
1452,CAM-BEI-L,1,36700.58,14680.23,36700.58,
1452,JOG-ÍND-XL,2,41361.66,16544.66,82723.32,
1453,CHU-VER-XL,1,33823.38,13529.35,33823.38,
1453,REM-BLA-XL,1,32677.97,13071.19,32677.97,
1453,GOR-GRI-M,1,28716.74,11486.7,28716.74,
1454,CHU-NEG-M,1,33823.38,13529.35,33823.38,
1454,JOG-AZU-UNICO,1,41361.66,16544.66,41361.66,
1454,JEA-NEG-M,1,21871.44,8748.58,21871.44,
1454,CAM-BEI-L,1,36700.58,14680.23,36700.58,
1455,JOG-ÍND-S,1,41361.66,16544.66,41361.66,
1455,BUZ-AZU-L,1,29569.23,11827.69,29569.23,
1456,CHU-VER-L,1,33823.38,13529.35,33823.38,
1456,JOG-AZU-XL,1,41361.66,16544.66,41361.66,
1456,CIN-ROS-UNICO,1,33144.89,13257.96,33144.89,
1456,CIN-MAR-M,1,33144.89,13257.96,33144.89,
1457,BUZ-AZU-M,1,29569.23,11827.69,29569.23,
1457,CIN-MAR-S,1,33144.89,13257.96,33144.89,
1457,JEA-LAV-L,1,21871.44,8748.58,21871.44,
1457,REM-BLA-XL,1,32677.97,13071.19,32677.97,
1457,JOG-AZU-XXL,1,41361.66,16544.66,41361.66,
1458,GOR-GRI-XXL,1,28716.74,11486.7,28716.74,
1458,JEA-NEG-UNICO,2,21871.44,8748.58,43742.88,
1458,GOR-GRI-L,1,28716.74,11486.7,28716.74,
1459,MUS-CEL-S,1,32320.56,12928.22,32320.56,
1460,REM-VIO-XL,1,32677.97,13071.19,32677.97,
1460,MUS-AZU-M,1,32320.56,12928.22,32320.56,
1460,REM-VIO-XL,1,32677.97,13071.19,32677.97,
1460,CIN-TUR-UNICO,1,33144.89,13257.96,33144.89,
1460,REM-VIO-M,1,32677.97,13071.19,32677.97,
1461,JEA-NEG-UNICO,1,21871.44,8748.58,21871.44,
1461,MUS-AZU-XXL,1,32320.56,12928.22,32320.56,
1461,JEA-NEG-UNICO,1,21871.44,8748.58,21871.44,
1462,CHU-ÍND-L,1,33823.38,13529.35,33823.38,
1462,CAM-BEI-S,1,36700.58,14680.23,36700.58,
1463,GOR-GRI-UNICO,1,28716.74,11486.7,28716.74,
1463,CHU-NEG-S,2,33823.38,13529.35,67646.76,
1463,REM-TUR-XXL,1,34182.8,13673.12,34182.8,
1463,CHU-NEG-S,1,33823.38,13529.35,33823.38,
1463,CAM-BEI-UNICO,1,36700.58,14680.23,36700.58,
1464,BUZ-AZU-M,1,29569.23,11827.69,29569.23,
1464,CHU-ÍND-XXL,1,33823.38,13529.35,33823.38,
1464,REM-TUR-S,1,34182.8,13673.12,34182.8,
1464,CHU-NEG-S,1,33823.38,13529.35,33823.38,
1464,REM-VIO-M,1,32677.97,13071.19,32677.97,
1465,BUZ-AZU-UNICO,1,29569.23,11827.69,29569.23,
1465,CHU-VER-XL,1,33823.38,13529.35,33823.38,
1465,CIN-TUR-UNICO,1,33144.89,13257.96,33144.89,
1465,BUZ-AZU-M,1,29569.23,11827.69,29569.23,
1466,GOR-GRI-M,1,28716.74,11486.7,28716.74,
1466,BUZ-AZU-M,1,29569.23,11827.69,29569.23,
1466,CAM-BLA-M,1,36700.58,14680.23,36700.58,
1467,CHU-NEG-M,1,33823.38,13529.35,33823.38,
1467,CAM-BEI-L,1,36700.58,14680.23,36700.58,
1467,SWE-AZU-S,2,32525.33,13010.13,65050.66,
1467,CIN-ROS-XXL,1,33144.89,13257.96,33144.89,
1467,CHU-VER-XL,1,33823.38,13529.35,33823.38,
1468,GOR-GRI-M,1,28716.74,11486.7,28716.74,
1468,GOR-GRI-S,1,28716.74,11486.7,28716.74,
1469,CIN-MAR-XL,1,33144.89,13257.96,33144.89,
1469,CIN-ROS-L,1,27178.81,13257.96,27178.81,9
1469,CHU-VER-L,1,33823.38,13529.35,33823.38,
1470,CIN-MAR-S,1,33144.89,13257.96,33144.89,
1471,GOR-GRI-UNICO,1,28716.74,11486.7,28716.74,
1471,MUS-CEL-S,1,32320.56,12928.22,32320.56,
1471,GOR-GRI-S,1,28716.74,11486.7,28716.74,
1472,REM-VIO-XL,1,19606.78,13071.19,19606.78,7
1473,REM-VIO-M,1,32677.97,13071.19,32677.97,
1474,JOG-ÍND-S,1,41361.66,16544.66,41361.66,
1474,CAM-BEI-L,1,36700.58,14680.23,36700.58,
1475,CHU-NEG-S,1,33823.38,13529.35,33823.38,
1475,MUS-AZU-UNICO,1,32320.56,12928.22,32320.56,
1476,REM-CEL-XXL,1,34182.8,13673.12,34182.8,
1477,JEA-LAV-L,1,21871.44,8748.58,21871.44,
1477,GOR-GRI-S,1,28716.74,11486.7,28716.74,
1477,SWE-MAR-L,1,32525.33,13010.13,32525.33,
1477,JOG-ÍND-S,1,41361.66,16544.66,41361.66,
1477,CIN-MAR-XL,1,33144.89,13257.96,33144.89,
1478,CHU-NEG-M,1,33823.38,13529.35,33823.38,
1479,CHU-NEG-M,2,33823.38,13529.35,67646.76,
1480,REM-VIO-XXL,1,16338.99,13071.19,16338.99,11
1480,CIN-MAR-M,1,33144.89,13257.96,33144.89,
1480,REM-TUR-S,2,34182.8,13673.12,68365.6,
1481,SWE-MAR-L,1,32525.33,13010.13,32525.33,
1482,CIN-TUR-XL,1,33144.89,13257.96,33144.89,
1482,CIN-MAR-L,1,33144.89,13257.96,33144.89,
1483,CAM-BEI-L,1,36700.58,14680.23,36700.58,
1484,GOR-GRI-XXL,1,28716.74,11486.7,28716.74,
1484,MUS-CEL-S,1,32320.56,12928.22,32320.56,
1485,CHU-VER-XL,1,33823.38,13529.35,33823.38,
1485,CIN-MAR-XL,1,33144.89,13257.96,33144.89,
1486,SWE-AZU-S,1,32525.33,13010.13,32525.33,
1486,CIN-MAR-M,1,33144.89,13257.96,33144.89,
1486,SWE-AZU-S,1,32525.33,13010.13,32525.33,
1486,MUS-AZU-UNICO,1,32320.56,12928.22,32320.56,
1486,CAM-BLA-M,1,36700.58,14680.23,36700.58,
1487,CHU-ÍND-XXL,1,33823.38,13529.35,33823.38,
1487,GOR-ROJ-UNICO,1,28716.74,11486.7,28716.74,
1487,GOR-ROJ-S,1,28716.74,11486.7,28716.74,
1488,JOG-AZU-XL,1,41361.66,16544.66,41361.66,
1488,CAM-BLA-M,1,36700.58,14680.23,36700.58,
1488,CAM-BLA-M,1,36700.58,14680.23,36700.58,
1488,CHU-NEG-M,1,33823.38,13529.35,33823.38,
1488,MUS-CEL-S,1,32320.56,12928.22,32320.56,
1489,CIN-MAR-L,1,33144.89,13257.96,33144.89,
1489,JOG-ÍND-XL,1,41361.66,16544.66,41361.66,
1489,MUS-AZU-XXL,1,32320.56,12928.22,32320.56,
1489,BUZ-AZU-M,1,29569.23,11827.69,29569.23,
1490,JOG-ÍND-XL,1,41361.66,16544.66,41361.66,
1490,SWE-MAR-XXL,1,21141.46,13010.13,21141.46,8
1490,JOG-AZU-XXL,1,41361.66,16544.66,41361.66,
1491,SWE-AZU-S,1,32525.33,13010.13,32525.33,
1491,JOG-ÍND-M,1,41361.66,16544.66,41361.66,
1491,SWE-MAR-UNICO,1,32525.33,13010.13,32525.33,
1491,BUZ-AZU-UNICO,1,29569.23,11827.69,29569.23,
1491,CIN-TUR-UNICO,1,33144.89,13257.96,33144.89,
1492,CIN-MAR-S,1,33144.89,13257.96,33144.89,
1492,GOR-GRI-S,1,28716.74,11486.7,28716.74,
1492,GOR-GRI-L,1,25270.73,11486.7,25270.73,6
1492,CHU-NEG-S,1,33823.38,13529.35,33823.38,
1492,CAM-BEI-S,1,36700.58,14680.23,36700.58,
1493,CAM-CEL-XL,1,36700.58,14680.23,36700.58,
1493,CHU-ÍND-L,1,33823.38,13529.35,33823.38,
1493,SWE-MAR-UNICO,1,32525.33,13010.13,32525.33,
1494,CAM-BLA-M,1,36700.58,14680.23,36700.58,
1494,CIN-TUR-UNICO,2,33144.89,13257.96,66289.78,
1494,REM-CEL-XXL,1,34182.8,13673.12,34182.8,
1494,JEA-NEG-M,1,21871.44,8748.58,21871.44,
1495,GOR-ROJ-UNICO,1,28716.74,11486.7,28716.74,
1495,JEA-NEG-M,1,21871.44,8748.58,21871.44,
1495,REM-VIO-M,1,32677.97,13071.19,32677.97,
1495,JOG-AZU-UNICO,1,41361.66,16544.66,41361.66,
1495,GOR-ROJ-UNICO,1,28716.74,11486.7,28716.74,
1496,CAM-BEI-S,1,36700.58,14680.23,36700.58,
1496,REM-TUR-XXL,1,34182.8,13673.12,34182.8,
1496,CAM-BLA-S,2,23855.38,14680.23,47710.76,8
1496,REM-VIO-XXL,1,32677.97,13071.19,32677.97,
1496,BUZ-AZU-UNICO,1,29569.23,11827.69,29569.23,
1497,MUS-AZU-XXL,1,32320.56,12928.22,32320.56,
1497,CHU-ÍND-UNICO,1,33823.38,13529.35,33823.38,
1497,JOG-AZU-XXL,1,41361.66,16544.66,41361.66,
1498,GOR-ROJ-UNICO,1,28716.74,11486.7,28716.74,
1498,REM-VIO-M,1,32677.97,13071.19,32677.97,
1499,CHU-NEG-XXL,1,33823.38,13529.35,33823.38,
1500,GOR-GRI-UNICO,2,28716.74,11486.7,57433.48,
1500,CAM-BEI-UNICO,1,36700.58,14680.23,36700.58,
1500,JOG-ÍND-XL,1,41361.66,16544.66,41361.66,
1500,REM-VIO-M,1,32677.97,13071.19,32677.97,
1501,JEA-LAV-L,1,21871.44,8748.58,21871.44,
1501,CHU-VER-XL,1,33823.38,13529.35,33823.38,
1501,MUS-CEL-S,1,32320.56,12928.22,32320.56,
1501,CHU-NEG-S,2,33823.38,13529.35,67646.76,
1502,GOR-ROJ-S,1,28716.74,11486.7,28716.74,
1502,JOG-AZU-UNICO,1,41361.66,16544.66,41361.66,
1502,CHU-ÍND-XXL,1,33823.38,13529.35,33823.38,
1503,REM-VIO-XL,2,32677.97,13071.19,65355.94,
1503,CHU-VER-XL,1,33823.38,13529.35,33823.38,
1503,JOG-AZU-UNICO,1,41361.66,16544.66,41361.66,
1503,MUS-CEL-S,1,32320.56,12928.22,32320.56,
1504,REM-BLA-XL,2,32677.97,13071.19,65355.94,
1505,CIN-TUR-XL,1,33144.89,13257.96,33144.89,
1505,CHU-VER-XL,1,33823.38,13529.35,33823.38,
1505,GOR-GRI-L,1,28716.74,11486.7,28716.74,
1505,CIN-MAR-L,1,33144.89,13257.96,33144.89,
1505,JOG-AZU-XXL,1,41361.66,16544.66,41361.66,
1506,CAM-BEI-UNICO,1,36700.58,14680.23,36700.58,
1506,MUS-CEL-M,2,32320.56,12928.22,64641.12,
1507,REM-VIO-L,1,32677.97,13071.19,32677.97,
1507,GOR-GRI-S,1,28716.74,11486.7,28716.74,
1507,CHU-NEG-M,1,33823.38,13529.35,33823.38,
1508,JOG-ÍND-S,1,41361.66,16544.66,41361.66,
1508,JOG-AZU-UNICO,1,41361.66,16544.66,41361.66,
1509,GOR-GRI-XXL,1,28716.74,11486.7,28716.74,
1509,CAM-CEL-XL,1,36700.58,14680.23,36700.58,
1509,CHU-NEG-UNICO,1,33823.38,13529.35,33823.38,
1509,CHU-NEG-XL,1,33823.38,13529.35,33823.38,
1509,REM-VIO-L,1,32677.97,13071.19,32677.97,
1510,CIN-MAR-S,2,33144.89,13257.96,66289.78,
1510,GOR-GRI-S,2,28716.74,11486.7,57433.48,
1511,CIN-ROS-UNICO,1,33144.89,13257.96,33144.89,
1511,CAM-CEL-XL,1,36700.58,14680.23,36700.58,
1511,GOR-GRI-L,1,28716.74,11486.7,28716.74,
1511,REM-BLA-S,1,32677.97,13071.19,32677.97,
1511,JEA-LAV-UNICO,1,21871.44,8748.58,21871.44,
1512,SWE-AZU-S,1,32525.33,13010.13,32525.33,
1512,SWE-AZU-S,1,32525.33,13010.13,32525.33,
1512,REM-BLA-XL,1,32677.97,13071.19,32677.97,
1512,CIN-TUR-UNICO,1,33144.89,13257.96,33144.89,
1513,JEA-LAV-L,1,21871.44,8748.58,21871.44,
1513,CAM-CEL-XL,1,36700.58,14680.23,36700.58,
1513,REM-VIO-XL,2,32677.97,13071.19,65355.94,
1513,CHU-ÍND-XXL,1,33823.38,13529.35,33823.38,
1514,CHU-ÍND-XXL,2,33823.38,13529.35,67646.76,
1514,CHU-NEG-XXL,1,33823.38,13529.35,33823.38,
1514,SWE-MAR-UNICO,1,32525.33,13010.13,32525.33,
1514,CIN-TUR-XL,1,33144.89,13257.96,33144.89,
1515,SWE-MAR-L,1,32525.33,13010.13,32525.33,
1515,CIN-MAR-XL,1,33144.89,13257.96,33144.89,
1516,JOG-AZU-UNICO,2,41361.66,16544.66,82723.32,
1516,CHU-ÍND-XXL,1,33823.38,13529.35,33823.38,
1516,CAM-BLA-S,1,36700.58,14680.23,36700.58,
1516,GOR-ROJ-L,1,28716.74,11486.7,28716.74,
1516,JOG-AZU-L,1,41361.66,16544.66,41361.66,
1517,CAM-BLA-M,1,36700.58,14680.23,36700.58,
1517,JOG-ÍND-XL,1,41361.66,16544.66,41361.66,
1517,GOR-GRI-L,1,28716.74,11486.7,28716.74,
1517,MUS-CEL-M,1,26502.86,12928.22,26502.86,9
1517,REM-BLA-S,1,32677.97,13071.19,32677.97,
1518,CHU-VER-L,1,33823.38,13529.35,33823.38,
1518,GOR-GRI-L,1,28716.74,11486.7,28716.74,
1518,CAM-BLA-S,1,36700.58,14680.23,36700.58,
1518,JOG-AZU-XXL,2,41361.66,16544.66,82723.32,
1518,JOG-ÍND-M,1,41361.66,16544.66,41361.66,
1519,CHU-NEG-XXL,1,33823.38,13529.35,33823.38,
1520,GOR-GRI-S,1,28716.74,11486.7,28716.74,
1521,REM-TUR-XXL,1,34182.8,13673.12,34182.8,
1521,REM-CEL-XXL,1,34182.8,13673.12,34182.8,
1521,CHU-VER-XL,1,33823.38,13529.35,33823.38,
1521,GOR-GRI-M,1,28716.74,11486.7,28716.74,
1521,REM-VIO-XL,1,32677.97,13071.19,32677.97,
1522,BUZ-AZU-M,1,29569.23,11827.69,29569.23,
1522,CAM-BEI-UNICO,1,36700.58,14680.23,36700.58,
1523,CIN-MAR-S,1,33144.89,13257.96,33144.89,
1524,CIN-ROS-XXL,1,33144.89,13257.96,33144.89,
1524,CAM-BEI-L,1,36700.58,14680.23,36700.58,
1524,GOR-GRI-S,1,27916.74,11486.7,27916.74,12
1524,CIN-MAR-L,1,33144.89,13257.96,33144.89,
1524,MUS-CEL-S,1,32320.56,12928.22,32320.56,
1525,CIN-TUR-UNICO,1,33144.89,13257.96,33144.89,
1525,JEA-LAV-L,2,21071.44,8748.58,42142.88,12
1525,CIN-TUR-XL,1,33144.89,13257.96,33144.89,
1525,JOG-AZU-UNICO,1,41361.66,16544.66,41361.66,
1525,REM-BLA-XL,1,32677.97,13071.19,32677.97,
1526,JOG-AZU-UNICO,1,41361.66,16544.66,41361.66,
1526,SWE-MAR-XXL,1,32525.33,13010.13,32525.33,
1526,CIN-ROS-UNICO,1,33144.89,13257.96,33144.89,
1526,JEA-LAV-L,1,21871.44,8748.58,21871.44,
1527,CAM-BEI-UNICO,1,36700.58,14680.23,36700.58,
1527,REM-TUR-XXL,1,34182.8,13673.12,34182.8,
1527,BUZ-AZU-M,1,29569.23,11827.69,29569.23,
1527,CIN-TUR-UNICO,1,33144.89,13257.96,33144.89,
1528,CIN-TUR-UNICO,1,33144.89,13257.96,33144.89,
1528,REM-VIO-M,1,32677.97,13071.19,32677.97,
1528,GOR-ROJ-UNICO,1,28716.74,11486.7,28716.74,
1528,REM-CEL-XXL,1,34182.8,13673.12,34182.8,
1529,GOR-GRI-M,1,28716.74,11486.7,28716.74,
1529,JOG-AZU-XXL,1,41361.66,16544.66,41361.66,
1529,CAM-BLA-S,2,23855.38,14680.23,47710.76,8
1530,GOR-GRI-S,1,28716.74,11486.7,28716.74,
1530,MUS-AZU-XXL,1,32320.56,12928.22,32320.56,
1531,JOG-AZU-XXL,1,41361.66,16544.66,41361.66,
1531,REM-CEL-XXL,1,34182.8,13673.12,34182.8,
1531,GOR-GRI-L,1,28716.74,11486.7,28716.74,
1531,CAM-BEI-L,1,36700.58,14680.23,36700.58,
1531,CHU-NEG-M,1,33823.38,13529.35,33823.38,
1532,GOR-GRI-UNICO,1,28716.74,11486.7,28716.74,
1532,JOG-ÍND-M,1,41361.66,16544.66,41361.66,
1532,CHU-NEG-UNICO,1,33823.38,13529.35,33823.38,
1532,GOR-GRI-XXL,1,28716.74,11486.7,28716.74,
1532,GOR-ROJ-S,1,28716.74,11486.7,28716.74,
1533,CAM-BEI-UNICO,1,36700.58,14680.23,36700.58,
1534,SWE-MAR-UNICO,1,32525.33,13010.13,32525.33,
1534,SWE-AZU-S,1,32525.33,13010.13,32525.33,
1534,JOG-ÍND-S,2,41361.66,16544.66,82723.32,
1534,CHU-ÍND-L,1,33823.38,13529.35,33823.38,
1534,CHU-ÍND-XXL,1,33823.38,13529.35,33823.38,
1535,REM-TUR-S,1,34182.8,13673.12,34182.8,
1535,REM-BLA-XL,2,32677.97,13071.19,65355.94,
1535,CHU-VER-L,1,33823.38,13529.35,33823.38,
1535,GOR-GRI-M,1,28716.74,11486.7,28716.74,
1535,CHU-NEG-S,2,33823.38,13529.35,67646.76,
1536,JOG-CEL-UNICO,1,41361.66,16544.66,41361.66,
1537,SWE-MAR-UNICO,1,32525.33,13010.13,32525.33,
1537,JOG-AZU-UNICO,1,41361.66,16544.66,41361.66,
1537,MUS-AZU-M,1,32320.56,12928.22,32320.56,
1537,GOR-ROJ-UNICO,1,28716.74,11486.7,28716.74,
1538,CIN-TUR-UNICO,1,33144.89,13257.96,33144.89,
1538,GOR-GRI-M,1,28716.74,11486.7,28716.74,
1538,GOR-GRI-M,1,28716.74,11486.7,28716.74,
1538,CIN-ROS-XXL,2,33144.89,13257.96,66289.78,
1538,JEA-LAV-L,1,21871.44,8748.58,21871.44,
1539,SWE-MAR-XXL,2,32525.33,13010.13,65050.66,
1539,SWE-MAR-L,1,16262.67,13010.13,16262.67,11
1540,CHU-VER-L,1,23676.37,13529.35,23676.37,5
1540,REM-VIO-M,1,32677.97,13071.19,32677.97,
1541,CAM-BEI-L,1,36700.58,14680.23,36700.58,
1541,MUS-AZU-UNICO,1,32320.56,12928.22,32320.56,
1542,CIN-MAR-XL,1,33144.89,13257.96,33144.89,
1542,CIN-TUR-UNICO,1,33144.89,13257.96,33144.89,
1542,SWE-MAR-L,1,32525.33,13010.13,32525.33,
1542,CAM-CEL-XL,2,36700.58,14680.23,73401.16,
1543,REM-BLA-UNICO,1,32677.97,13071.19,32677.97,
1544,CHU-ÍND-XXL,1,33823.38,13529.35,33823.38,
1544,MUS-AZU-M,1,32320.56,12928.22,32320.56,
1544,REM-VIO-M,1,32677.97,13071.19,32677.97,
1544,JEA-LAV-UNICO,1,21871.44,8748.58,21871.44,
1545,GOR-GRI-UNICO,1,28716.74,11486.7,28716.74,
1546,MUS-CEL-S,2,32320.56,12928.22,64641.12,
1546,MUS-CEL-S,1,32320.56,12928.22,32320.56,
1546,GOR-GRI-XXL,1,28716.74,11486.7,28716.74,
1546,MUS-AZU-M,1,32320.56,12928.22,32320.56,
1547,CIN-MAR-L,1,33144.89,13257.96,33144.89,
1547,CIN-MAR-M,2,33144.89,13257.96,66289.78,
1548,BUZ-AZU-M,1,29569.23,11827.69,29569.23,
1548,JOG-ÍND-XL,1,40561.66,16544.66,40561.66,12
1549,BUZ-AZU-UNICO,1,29569.23,11827.69,29569.23,
1549,CHU-VER-L,1,33823.38,13529.35,33823.38,
1550,JOG-AZU-XL,1,41361.66,16544.66,41361.66,
1550,CIN-TUR-XL,1,33144.89,13257.96,33144.89,
1550,GOR-ROJ-UNICO,1,28716.74,11486.7,28716.74,
1550,CIN-TUR-XL,1,33144.89,13257.96,33144.89,
1551,SWE-AZU-S,1,32525.33,13010.13,32525.33,
1551,REM-VIO-XL,1,32677.97,13071.19,32677.97,
1551,JOG-ÍND-XL,1,41361.66,16544.66,41361.66,
1552,CAM-CEL-XL,1,36700.58,14680.23,36700.58,
1552,CIN-TUR-UNICO,1,33144.89,13257.96,33144.89,
1552,CAM-BEI-L,1,36700.58,14680.23,36700.58,
1553,CIN-MAR-S,1,33144.89,13257.96,33144.89,
1553,REM-CEL-XXL,1,34182.8,13673.12,34182.8,
1553,CIN-MAR-M,2,33144.89,13257.96,66289.78,
1553,MUS-CEL-S,1,32320.56,12928.22,32320.56,
1553,CIN-MAR-XL,1,33144.89,13257.96,33144.89,
1554,SWE-MAR-L,2,32525.33,13010.13,65050.66,
1554,GOR-GRI-L,1,28716.74,11486.7,28716.74,
1554,JEA-LAV-UNICO,1,21871.44,8748.58,21871.44,
1554,JEA-NEG-M,1,21871.44,8748.58,21871.44,
1555,CHU-ÍND-L,1,33823.38,13529.35,33823.38,
1556,REM-BLA-S,2,32677.97,13071.19,65355.94,
1556,CHU-NEG-XXL,1,33823.38,13529.35,33823.38,
1557,REM-TUR-S,1,34182.8,13673.12,34182.8,
1557,JOG-CEL-UNICO,1,41361.66,16544.66,41361.66,
1557,REM-CEL-XXL,1,34182.8,13673.12,34182.8,
1558,JOG-CEL-UNICO,1,41361.66,16544.66,41361.66,
1558,REM-TUR-S,1,34182.8,13673.12,34182.8,
1558,MUS-AZU-XXL,1,29088.5,12928.22,29088.5,3
1558,REM-CEL-XXL,1,34182.8,13673.12,34182.8,
1559,CHU-NEG-S,2,33823.38,13529.35,67646.76,
1559,CIN-TUR-XL,1,33144.89,13257.96,33144.89,
1559,REM-BLA-XL,1,32677.97,13071.19,32677.97,
1559,SWE-AZU-S,1,32525.33,13010.13,32525.33,
1560,REM-BLA-XL,1,32677.97,13071.19,32677.97,
1560,CIN-MAR-XL,1,33144.89,13257.96,33144.89,
1561,MUS-AZU-M,2,32320.56,12928.22,64641.12,
1561,GOR-ROJ-UNICO,1,28716.74,11486.7,28716.74,
1561,JOG-AZU-XXL,1,41361.66,16544.66,41361.66,
1561,GOR-GRI-M,1,28716.74,11486.7,28716.74,
1562,REM-TUR-XXL,1,34182.8,13673.12,34182.8,
1562,CHU-ÍND-XL,1,33823.38,13529.35,33823.38,
1563,BUZ-AZU-UNICO,1,29569.23,11827.69,29569.23,
1563,CIN-ROS-UNICO,1,33144.89,13257.96,33144.89,
1563,CIN-TUR-UNICO,1,33144.89,13257.96,33144.89,
1563,BUZ-AZU-L,1,24246.77,11827.69,24246.77,9
1564,MUS-AZU-XXL,1,32320.56,12928.22,32320.56,
1564,JEA-NEG-M,2,21871.44,8748.58,43742.88,
1565,BUZ-AZU-M,1,29569.23,11827.69,29569.23,
1565,GOR-GRI-S,1,28716.74,11486.7,28716.74,
1566,GOR-GRI-L,1,28716.74,11486.7,28716.74,
1566,JOG-CEL-UNICO,1,41361.66,16544.66,41361.66,
1567,CIN-MAR-M,1,33144.89,13257.96,33144.89,
1567,CIN-TUR-UNICO,2,33144.89,13257.96,66289.78,
1568,CHU-ÍND-L,1,33823.38,13529.35,33823.38,
1569,REM-VIO-L,1,32677.97,13071.19,32677.97,
1570,JEA-LAV-L,1,21871.44,8748.58,21871.44,
1571,JEA-NEG-UNICO,1,21871.44,8748.58,21871.44,
1571,GOR-ROJ-UNICO,1,25845.07,11486.7,25845.07,3
1572,JOG-ÍND-S,1,41361.66,16544.66,41361.66,
1572,CHU-NEG-XL,1,33823.38,13529.35,33823.38,
1572,JOG-AZU-XXL,1,41361.66,16544.66,41361.66,
1572,SWE-MAR-XXL,1,32525.33,13010.13,32525.33,
1573,REM-TUR-S,1,34182.8,13673.12,34182.8,
1573,CHU-VER-XL,2,33823.38,13529.35,67646.76,
1574,SWE-MAR-L,1,32525.33,13010.13,32525.33,
1574,JEA-NEG-M,2,21871.44,8748.58,43742.88,
1574,MUS-AZU-XXL,1,32320.56,12928.22,32320.56,
1574,JEA-LAV-L,1,21871.44,8748.58,21871.44,
1575,CAM-BLA-XL,2,36700.58,14680.23,73401.16,
1575,BUZ-AZU-L,2,29569.23,11827.69,59138.46,
1575,JOG-CEL-L,2,41361.66,16544.66,82723.32,
1575,CIN-MAR-XL,1,33144.89,13257.96,33144.89,
1576,CHU-ÍND-L,1,33823.38,13529.35,33823.38,
1576,CIN-MAR-S,1,33144.89,13257.96,33144.89,
1576,MUS-AZU-XXL,1,32320.56,12928.22,32320.56,
1576,SWE-MAR-M,1,32525.33,13010.13,32525.33,
1576,REM-TUR-S,1,34182.8,13673.12,34182.8,
1577,JOG-ÍND-M,1,41361.66,16544.66,41361.66,
1577,CAM-CEL-XL,1,36700.58,14680.23,36700.58,
1578,MUS-AZU-XXL,2,32320.56,12928.22,64641.12,
1578,MUS-AZU-XXL,1,32320.56,12928.22,32320.56,
1578,GOR-GRI-XXL,1,28716.74,11486.7,28716.74,
1578,CHU-ÍND-L,1,33823.38,13529.35,33823.38,
1578,CIN-MAR-XL,1,33144.89,13257.96,33144.89,
1579,CIN-MAR-XL,1,33144.89,13257.96,33144.89,
1579,REM-VIO-XL,1,32677.97,13071.19,32677.97,
1579,REM-BLA-XL,1,32677.97,13071.19,32677.97,
1580,CHU-NEG-S,1,33823.38,13529.35,33823.38,
1580,CHU-NEG-UNICO,1,33823.38,13529.35,33823.38,
1580,CIN-MAR-L,1,33144.89,13257.96,33144.89,
1580,GOR-GRI-UNICO,1,28716.74,11486.7,28716.74,
1581,SWE-MAR-M,1,32525.33,13010.13,32525.33,
1581,REM-CEL-XXL,1,34182.8,13673.12,34182.8,
1581,MUS-CEL-S,1,32320.56,12928.22,32320.56,
1581,REM-VIO-XXL,1,32677.97,13071.19,32677.97,
1582,JEA-NEG-M,1,21871.44,8748.58,21871.44,
1583,CIN-MAR-L,2,33144.89,13257.96,66289.78,
1584,REM-BLA-XL,2,32677.97,13071.19,65355.94,
1584,GOR-GRI-M,1,28716.74,11486.7,28716.74,
1585,CHU-VER-S,1,33823.38,13529.35,33823.38,
1586,CAM-BLA-M,1,36700.58,14680.23,36700.58,
1587,JEA-NEG-XL,1,21871.44,8748.58,21871.44,
1587,CAM-BEI-S,1,36700.58,14680.23,36700.58,
1587,CIN-MAR-XL,2,33144.89,13257.96,66289.78,
1587,REM-VIO-XL,1,32677.97,13071.19,32677.97,
1588,REM-TUR-XXL,1,34182.8,13673.12,34182.8,
1588,REM-BLA-XL,1,32677.97,13071.19,32677.97,
1588,BUZ-AZU-M,1,29569.23,11827.69,29569.23,
1589,CIN-TUR-XL,1,33144.89,13257.96,33144.89,
1589,MUS-AZU-UNICO,1,32320.56,12928.22,32320.56,
1589,GOR-ROJ-S,1,28716.74,11486.7,28716.74,
1589,CIN-ROS-XXL,1,33144.89,13257.96,33144.89,
1589,MUS-AZU-M,2,32320.56,12928.22,64641.12,
1590,CIN-TUR-UNICO,2,33144.89,13257.96,66289.78,
1590,JEA-NEG-M,1,21871.44,8748.58,21871.44,
1590,CHU-NEG-S,1,33823.38,13529.35,33823.38,
1590,GOR-GRI-UNICO,1,28716.74,11486.7,28716.74,
1590,CIN-TUR-XL,1,33144.89,13257.96,33144.89,
1591,GOR-ROJ-S,1,14358.37,11486.7,14358.37,11
1591,CHU-VER-S,1,33823.38,13529.35,33823.38,
1591,BUZ-AZU-UNICO,1,29569.23,11827.69,29569.23,
1591,CIN-TUR-XL,1,16572.44,13257.96,16572.44,11
1592,MUS-CEL-XXL,1,26502.86,12928.22,26502.86,9
1592,CIN-MAR-L,1,33144.89,13257.96,33144.89,
1593,CIN-MAR-XL,1,33144.89,13257.96,33144.89,
1593,GOR-GRI-XXL,1,28716.74,11486.7,28716.74,
1593,JOG-ÍND-XL,1,41361.66,16544.66,41361.66,
1593,MUS-AZU-M,1,32320.56,12928.22,32320.56,
1594,CHU-NEG-XXL,1,33823.38,13529.35,33823.38,
1594,JOG-AZU-XXL,1,41361.66,16544.66,41361.66,
1594,CAM-BEI-L,2,36700.58,14680.23,73401.16,
1594,JEA-NEG-UNICO,1,21871.44,8748.58,21871.44,
1595,CIN-MAR-L,1,33144.89,13257.96,33144.89,
1595,GOR-GRI-M,1,28716.74,11486.7,28716.74,
1595,SWE-MAR-L,1,32525.33,13010.13,32525.33,
1596,CHU-ÍND-L,1,33823.38,13529.35,33823.38,
1597,JOG-CEL-UNICO,1,41361.66,16544.66,41361.66,
1598,GOR-GRI-M,1,28716.74,11486.7,28716.74,
1598,CIN-TUR-XL,1,33144.89,13257.96,33144.89,
1598,JOG-ÍND-M,1,41361.66,16544.66,41361.66,
1598,JOG-ÍND-M,1,41361.66,16544.66,41361.66,
1599,JOG-AZU-XXL,1,41361.66,16544.66,41361.66,
1600,GOR-GRI-XXL,1,27916.74,11486.7,27916.74,12
1600,JOG-ÍND-M,1,41361.66,16544.66,41361.66,
1600,JEA-LAV-L,1,21871.44,8748.58,21871.44,
1600,GOR-GRI-M,2,28716.74,11486.7,57433.48,
1600,MUS-CEL-S,1,32320.56,12928.22,32320.56,
1601,REM-VIO-XXL,1,32677.97,13071.19,32677.97,
1601,GOR-GRI-L,1,28716.74,11486.7,28716.74,
1601,SWE-AZU-S,1,32525.33,13010.13,32525.33,
1601,JOG-ÍND-XL,1,41361.66,16544.66,41361.66,
1602,REM-CEL-XXL,1,34182.8,13673.12,34182.8,
1602,REM-TUR-XXL,1,20509.68,13673.12,20509.68,7
1603,JOG-CEL-UNICO,1,41361.66,16544.66,41361.66,
1603,CHU-NEG-S,1,33823.38,13529.35,33823.38,
1603,JOG-CEL-UNICO,1,41361.66,16544.66,41361.66,
1603,GOR-GRI-XXL,1,27916.74,11486.7,27916.74,12
1603,CIN-TUR-XL,1,33144.89,13257.96,33144.89,
1604,BUZ-AZU-M,1,29569.23,11827.69,29569.23,
1604,JEA-NEG-UNICO,1,17934.58,8748.58,17934.58,9
1604,REM-VIO-XXL,1,32677.97,13071.19,32677.97,
1605,MUS-AZU-M,1,32320.56,12928.22,32320.56,
1605,BUZ-AZU-M,1,29569.23,11827.69,29569.23,
1605,GOR-GRI-UNICO,1,28716.74,11486.7,28716.74,
1605,SWE-AZU-S,1,32525.33,13010.13,32525.33,
1606,REM-VIO-L,1,32677.97,13071.19,32677.97,
1606,CIN-MAR-M,2,33144.89,13257.96,66289.78,
1606,CIN-MAR-M,2,33144.89,13257.96,66289.78,
1606,CHU-NEG-XL,1,33823.38,13529.35,33823.38,
1607,JEA-LAV-UNICO,1,21871.44,8748.58,21871.44,
1607,CIN-MAR-S,1,33144.89,13257.96,33144.89,
1607,CHU-NEG-M,1,33823.38,13529.35,33823.38,
1607,CAM-CEL-XL,1,36700.58,14680.23,36700.58,
1608,BUZ-AZU-M,1,29569.23,11827.69,29569.23,
1608,SWE-AZU-S,1,32525.33,13010.13,32525.33,
1608,BUZ-AZU-UNICO,1,29569.23,11827.69,29569.23,
1608,JOG-ÍND-M,1,41361.66,16544.66,41361.66,
1609,JOG-AZU-UNICO,1,41361.66,16544.66,41361.66,
1609,CHU-ÍND-L,1,33823.38,13529.35,33823.38,
1609,SWE-AZU-S,1,32525.33,13010.13,32525.33,
1609,JEA-LAV-L,1,21871.44,8748.58,21871.44,
1609,CHU-NEG-M,1,33823.38,13529.35,33823.38,
1610,CIN-MAR-L,1,33144.89,13257.96,33144.89,
1610,BUZ-AZU-UNICO,1,29569.23,11827.69,29569.23,
1610,GOR-ROJ-UNICO,1,28716.74,11486.7,28716.74,
1611,JOG-ÍND-M,1,41361.66,16544.66,41361.66,
1612,SWE-MAR-L,2,32525.33,13010.13,65050.66,
1613,CIN-MAR-M,1,33144.89,13257.96,33144.89,
1613,MUS-AZU-XXL,2,32320.56,12928.22,64641.12,
1613,CHU-NEG-S,1,33823.38,13529.35,33823.38,
1613,CAM-BEI-UNICO,1,36700.58,14680.23,36700.58,
1613,CIN-MAR-XL,1,33144.89,13257.96,33144.89,
1614,JOG-AZU-UNICO,2,41361.66,16544.66,82723.32,
1615,JEA-NEG-M,1,21871.44,8748.58,21871.44,
1615,CAM-CEL-XL,1,36700.58,14680.23,36700.58,
1615,JEA-LAV-UNICO,1,21871.44,8748.58,21871.44,
1615,CHU-NEG-S,1,33823.38,13529.35,33823.38,
1615,CHU-VER-XL,1,33823.38,13529.35,33823.38,
1616,CIN-MAR-XL,1,33144.89,13257.96,33144.89,
1616,CAM-BLA-S,1,36700.58,14680.23,36700.58,
1617,CIN-TUR-UNICO,1,33144.89,13257.96,33144.89,
1618,CIN-ROS-XXL,1,33144.89,13257.96,33144.89,
1618,JEA-NEG-M,1,21871.44,8748.58,21871.44,
1619,GOR-GRI-XXL,1,28716.74,11486.7,28716.74,
1619,GOR-GRI-XXL,1,28716.74,11486.7,28716.74,
1619,GOR-GRI-M,1,28716.74,11486.7,28716.74,
1619,SWE-AZU-S,1,32525.33,13010.13,32525.33,
1619,CIN-ROS-XXL,1,33144.89,13257.96,33144.89,
1620,BUZ-AZU-UNICO,1,29569.23,11827.69,29569.23,
1620,REM-TUR-S,1,34182.8,13673.12,34182.8,
1620,CIN-MAR-M,1,33144.89,13257.96,33144.89,
1621,REM-BLA-XL,1,32677.97,13071.19,32677.97,
1621,CIN-TUR-UNICO,1,33144.89,13257.96,33144.89,
1622,SWE-MAR-L,1,32525.33,13010.13,32525.33,
1623,JEA-NEG-M,1,21871.44,8748.58,21871.44,
1623,MUS-CEL-S,1,32320.56,12928.22,32320.56,
1623,JEA-LAV-UNICO,1,21871.44,8748.58,21871.44,
1623,JEA-LAV-L,1,21871.44,8748.58,21871.44,
1623,MUS-CEL-S,1,32320.56,12928.22,32320.56,
1624,MUS-AZU-UNICO,1,32320.56,12928.22,32320.56,
1624,JOG-ÍND-M,2,41361.66,16544.66,82723.32,
1624,CAM-BEI-L,1,36700.58,14680.23,36700.58,
1625,CIN-MAR-M,1,33144.89,13257.96,33144.89,
1625,CHU-ÍND-UNICO,1,33823.38,13529.35,33823.38,
1626,GOR-GRI-L,1,28716.74,11486.7,28716.74,
1626,GOR-ROJ-UNICO,2,28716.74,11486.7,57433.48,
1626,CHU-ÍND-L,1,33823.38,13529.35,33823.38,
1627,JOG-ÍND-M,1,41361.66,16544.66,41361.66,
1627,CAM-BEI-UNICO,1,36700.58,14680.23,36700.58,
1627,GOR-GRI-M,1,28716.74,11486.7,28716.74,
1627,MUS-CEL-S,2,32320.56,12928.22,64641.12,
1628,CAM-BEI-L,1,36700.58,14680.23,36700.58,
1628,CAM-CEL-XL,1,36700.58,14680.23,36700.58,
1628,REM-TUR-XXL,1,34182.8,13673.12,34182.8,
1628,CAM-CEL-XL,1,36700.58,14680.23,36700.58,
1629,JEA-LAV-UNICO,1,21871.44,8748.58,21871.44,
1629,GOR-ROJ-UNICO,1,28716.74,11486.7,28716.74,
1629,CHU-NEG-S,1,33823.38,13529.35,33823.38,
1629,BUZ-AZU-UNICO,1,29569.23,11827.69,29569.23,
1629,SWE-MAR-S,1,32525.33,13010.13,32525.33,
1630,JOG-CEL-UNICO,1,41361.66,16544.66,41361.66,
1630,GOR-GRI-UNICO,1,28716.74,11486.7,28716.74,
1630,REM-BLA-XL,1,32677.97,13071.19,32677.97,
1631,CIN-MAR-XL,1,33144.89,13257.96,33144.89,
1631,REM-BLA-XL,1,32677.97,13071.19,32677.97,
1631,CIN-TUR-UNICO,1,33144.89,13257.96,33144.89,
1632,JEA-NEG-UNICO,1,21871.44,8748.58,21871.44,
1632,MUS-AZU-UNICO,1,32320.56,12928.22,32320.56,
1632,GOR-GRI-UNICO,1,28716.74,11486.7,28716.74,
1633,BUZ-AZU-UNICO,1,29569.23,11827.69,29569.23,
1633,CHU-NEG-M,1,33823.38,13529.35,33823.38,
1633,MUS-CEL-S,1,32320.56,12928.22,32320.56,
1633,CHU-NEG-M,1,33823.38,13529.35,33823.38,
1633,JEA-LAV-L,2,21871.44,8748.58,43742.88,
1634,JEA-LAV-L,1,21871.44,8748.58,21871.44,
1634,REM-TUR-S,1,34182.8,13673.12,34182.8,
1634,CIN-TUR-UNICO,1,33144.89,13257.96,33144.89,
1634,GOR-GRI-L,1,28716.74,11486.7,28716.74,
1634,SWE-MAR-XXL,1,32525.33,13010.13,32525.33,
1635,MUS-AZU-XXL,1,32320.56,12928.22,32320.56,
1635,CIN-TUR-UNICO,2,33144.89,13257.96,66289.78,
1635,JEA-NEG-UNICO,1,21871.44,8748.58,21871.44,
1636,BUZ-AZU-L,1,29569.23,11827.69,29569.23,
1636,CHU-ÍND-L,2,33823.38,13529.35,67646.76,
1636,GOR-ROJ-L,1,28716.74,11486.7,28716.74,
1636,SWE-MAR-M,1,16262.67,13010.13,16262.67,11
1636,SWE-MAR-UNICO,1,32525.33,13010.13,32525.33,
1637,MUS-AZU-UNICO,1,32320.56,12928.22,32320.56,
1637,CAM-BLA-M,1,36700.58,14680.23,36700.58,
1637,JEA-NEG-UNICO,1,21871.44,8748.58,21871.44,
1638,CIN-MAR-S,1,33144.89,13257.96,33144.89,
1638,CHU-NEG-XXL,1,33823.38,13529.35,33823.38,
1639,MUS-AZU-UNICO,1,32320.56,12928.22,32320.56,
1640,REM-TUR-XXL,1,34182.8,13673.12,34182.8,
1640,CIN-TUR-UNICO,1,33144.89,13257.96,33144.89,
1640,BUZ-AZU-M,1,29569.23,11827.69,29569.23,
1640,SWE-AZU-S,1,32525.33,13010.13,32525.33,
1640,BUZ-AZU-M,1,29569.23,11827.69,29569.23,
1641,SWE-AZU-S,1,32525.33,13010.13,32525.33,
1642,CIN-TUR-UNICO,1,33144.89,13257.96,33144.89,
1643,REM-VIO-XL,1,32677.97,13071.19,32677.97,
1643,SWE-MAR-L,1,32525.33,13010.13,32525.33,
1643,REM-TUR-S,1,34182.8,13673.12,34182.8,
1643,JOG-ÍND-S,2,41361.66,16544.66,82723.32,
1644,JOG-ÍND-S,1,41361.66,16544.66,41361.66,
1644,GOR-ROJ-S,1,28716.74,11486.7,28716.74,
1644,REM-BLA-XL,1,32677.97,13071.19,32677.97,
1644,GOR-GRI-UNICO,1,28716.74,11486.7,28716.74,
1645,REM-TUR-S,1,34182.8,13673.12,34182.8,
1646,CIN-MAR-S,1,33144.89,13257.96,33144.89,
1646,CHU-ÍND-L,1,33823.38,13529.35,33823.38,
1646,CHU-ÍND-XXL,2,33823.38,13529.35,67646.76,
1646,JEA-NEG-M,1,21871.44,8748.58,21871.44,
1647,CAM-BEI-L,1,36700.58,14680.23,36700.58,
1647,CHU-NEG-S,1,33823.38,13529.35,33823.38,
1647,GOR-GRI-UNICO,1,28716.74,11486.7,28716.74,
1647,CAM-BEI-UNICO,1,36700.58,14680.23,36700.58,
1648,SWE-MAR-UNICO,2,32525.33,13010.13,65050.66,
1648,REM-VIO-M,1,32677.97,13071.19,32677.97,
1648,CIN-MAR-XL,1,33144.89,13257.96,33144.89,
1649,CAM-BLA-M,1,36700.58,14680.23,36700.58,
1649,SWE-AZU-S,1,32525.33,13010.13,32525.33,
1649,JOG-ÍND-M,1,41361.66,16544.66,41361.66,
1650,CHU-VER-S,1,33823.38,13529.35,33823.38,
1650,CHU-VER-XL,1,33823.38,13529.35,33823.38,
1650,CHU-ÍND-XL,1,33823.38,13529.35,33823.38,
1650,CHU-NEG-M,1,33823.38,13529.35,33823.38,
1650,JOG-AZU-XXL,1,41361.66,16544.66,41361.66,
1651,CIN-MAR-XL,1,33144.89,13257.96,33144.89,
1651,CAM-CEL-XL,1,36700.58,14680.23,36700.58,
1652,CAM-BEI-UNICO,1,36700.58,14680.23,36700.58,
1652,JEA-LAV-L,1,21871.44,8748.58,21871.44,
1653,REM-BLA-XL,1,32677.97,13071.19,32677.97,
1653,REM-TUR-S,1,34182.8,13673.12,34182.8,
1653,CHU-NEG-S,1,33823.38,13529.35,33823.38,
1654,REM-VIO-XL,1,32677.97,13071.19,32677.97,
1654,CHU-ÍND-L,1,33823.38,13529.35,33823.38,
1655,REM-BLA-S,1,32677.97,13071.19,32677.97,
1655,SWE-MAR-XXL,1,32525.33,13010.13,32525.33,
1655,GOR-ROJ-L,1,28716.74,11486.7,28716.74,
1655,SWE-AZU-S,1,32525.33,13010.13,32525.33,
1655,JOG-AZU-XXL,1,41361.66,16544.66,41361.66,
1656,MUS-AZU-UNICO,1,32320.56,12928.22,32320.56,
1656,GOR-GRI-XXL,1,28716.74,11486.7,28716.74,
1656,BUZ-AZU-L,1,29569.23,11827.69,29569.23,
1656,JOG-AZU-XXL,1,41361.66,16544.66,41361.66,
1657,CIN-MAR-XL,1,33144.89,13257.96,33144.89,
1657,REM-VIO-M,1,32677.97,13071.19,32677.97,
1657,SWE-MAR-L,1,32525.33,13010.13,32525.33,
1657,CAM-CEL-XL,1,36700.58,14680.23,36700.58,
1657,REM-VIO-L,1,32677.97,13071.19,32677.97,
1658,REM-VIO-M,1,32677.97,13071.19,32677.97,
1658,CIN-MAR-L,1,33144.89,13257.96,33144.89,
1658,GOR-GRI-XXL,1,28716.74,11486.7,28716.74,
1659,JOG-AZU-XXL,1,41361.66,16544.66,41361.66,
1660,REM-CEL-XXL,1,34182.8,13673.12,34182.8,
1660,CIN-TUR-XL,1,33144.89,13257.96,33144.89,
1661,MUS-CEL-S,1,32320.56,12928.22,32320.56,
1661,JEA-NEG-UNICO,1,21871.44,8748.58,21871.44,
1661,SWE-AZU-S,2,32525.33,13010.13,65050.66,
1661,CIN-TUR-XL,1,33144.89,13257.96,33144.89,
1661,MUS-AZU-M,1,32320.56,12928.22,32320.56,
1662,REM-VIO-XXL,1,32677.97,13071.19,32677.97,
1662,CHU-NEG-UNICO,1,33823.38,13529.35,33823.38,
1662,CHU-NEG-UNICO,1,33823.38,13529.35,33823.38,
1662,CHU-ÍND-L,1,33823.38,13529.35,33823.38,
1662,CIN-MAR-S,1,33144.89,13257.96,33144.89,
1663,MUS-AZU-M,1,32320.56,12928.22,32320.56,
1663,REM-BLA-XL,1,32677.97,13071.19,32677.97,
1663,REM-VIO-L,1,32677.97,13071.19,32677.97,
1663,CIN-MAR-XL,1,33144.89,13257.96,33144.89,
1663,CIN-ROS-UNICO,1,33144.89,13257.96,33144.89,
1664,MUS-AZU-UNICO,1,32320.56,12928.22,32320.56,
1664,GOR-GRI-M,1,28716.74,11486.7,28716.74,
1665,MUS-AZU-M,1,32320.56,12928.22,32320.56,
1665,CIN-MAR-M,1,33144.89,13257.96,33144.89,
1665,JEA-NEG-M,1,21871.44,8748.58,21871.44,
1665,CIN-MAR-L,1,33144.89,13257.96,33144.89,
1665,CAM-BEI-S,2,36700.58,14680.23,73401.16,
1666,CIN-ROS-XXL,1,33144.89,13257.96,33144.89,
1666,CAM-BEI-UNICO,1,36700.58,14680.23,36700.58,
1666,JEA-LAV-UNICO,1,21871.44,8748.58,21871.44,
1667,CAM-CEL-XL,1,36700.58,14680.23,36700.58,
1667,CIN-MAR-XL,1,33144.89,13257.96,33144.89,
1668,REM-CEL-XXL,2,34182.8,13673.12,68365.6,
1668,CHU-NEG-M,1,33823.38,13529.35,33823.38,
1668,SWE-AZU-S,1,32525.33,13010.13,32525.33,
1668,GOR-GRI-M,1,28716.74,11486.7,28716.74,
1669,BUZ-AZU-M,1,29569.23,11827.69,29569.23,
1669,CHU-ÍND-L,1,33823.38,13529.35,33823.38,
1669,CHU-ÍND-XXL,1,33823.38,13529.35,33823.38,
1669,GOR-GRI-M,1,28716.74,11486.7,28716.74,
1669,GOR-GRI-M,1,28716.74,11486.7,28716.74,
1670,GOR-GRI-XXL,1,28716.74,11486.7,28716.74,
1671,CIN-TUR-XL,1,33144.89,13257.96,33144.89,
1671,REM-VIO-XL,1,32677.97,13071.19,32677.97,
1671,CHU-NEG-S,1,33823.38,13529.35,33823.38,
1671,JEA-NEG-UNICO,2,21871.44,8748.58,43742.88,
1671,MUS-AZU-UNICO,1,29088.5,12928.22,29088.5,2
1672,GOR-GRI-L,1,28716.74,11486.7,28716.74,
1672,CAM-CEL-XL,1,36700.58,14680.23,36700.58,
1672,JEA-LAV-UNICO,1,21871.44,8748.58,21871.44,
1672,GOR-GRI-L,1,28716.74,11486.7,28716.74,
1673,GOR-ROJ-S,1,28716.74,11486.7,28716.74,
1673,CAM-CEL-XL,1,36700.58,14680.23,36700.58,
1673,CAM-BLA-M,1,33030.52,14680.23,33030.52,3
1673,GOR-GRI-XXL,1,28716.74,11486.7,28716.74,
1673,CAM-BLA-XL,2,33030.52,14680.23,66061.04,3
1674,MUS-CEL-M,1,32320.56,12928.22,32320.56,
1674,CAM-BLA-XL,1,23855.38,14680.23,23855.38,8
1674,BUZ-AZU-L,1,19220.0,11827.69,19220.0,8
1674,GOR-GRI-S,1,18665.88,11486.7,18665.88,8
1674,SWE-MAR-UNICO,1,32525.33,13010.13,32525.33,
1675,CAM-BEI-L,1,36700.58,14680.23,36700.58,
1675,JEA-NEG-M,1,21871.44,8748.58,21871.44,
1675,JOG-ÍND-XL,2,41361.66,16544.66,82723.32,
1675,CIN-MAR-XL,1,33144.89,13257.96,33144.89,
1675,GOR-ROJ-UNICO,1,28716.74,11486.7,28716.74,
1676,CHU-NEG-M,1,33823.38,13529.35,33823.38,
1676,GOR-GRI-S,1,28716.74,11486.7,28716.74,
1676,REM-CEL-XXL,1,34182.8,13673.12,34182.8,
1677,GOR-ROJ-UNICO,1,28716.74,11486.7,28716.74,
1677,REM-BLA-XL,1,32677.97,13071.19,32677.97,
1677,BUZ-AZU-M,1,29569.23,11827.69,29569.23,
1677,GOR-ROJ-UNICO,1,28716.74,11486.7,28716.74,
1677,JOG-ÍND-S,1,41361.66,16544.66,41361.66,
1678,SWE-AZU-S,1,32525.33,13010.13,32525.33,
1678,CIN-TUR-XL,1,33144.89,13257.96,33144.89,
1678,CAM-BEI-L,1,36700.58,14680.23,36700.58,
1679,GOR-ROJ-S,1,28716.74,11486.7,28716.74,
1679,JOG-ÍND-M,1,41361.66,16544.66,41361.66,
1679,GOR-GRI-UNICO,1,28716.74,11486.7,28716.74,
1679,SWE-AZU-S,1,32525.33,13010.13,32525.33,
1679,JOG-ÍND-S,1,41361.66,16544.66,41361.66,
1680,REM-CEL-XXL,1,34182.8,13673.12,34182.8,
1680,CIN-MAR-S,1,33144.89,13257.96,33144.89,
1680,CIN-TUR-UNICO,1,33144.89,13257.96,33144.89,
1680,CAM-BLA-M,1,36700.58,14680.23,36700.58,
1681,JEA-LAV-UNICO,1,21871.44,8748.58,21871.44,
1681,JOG-CEL-UNICO,1,41361.66,16544.66,41361.66,
1682,SWE-MAR-XXL,1,32525.33,13010.13,32525.33,
1683,CHU-VER-XL,1,33823.38,13529.35,33823.38,
1683,JOG-ÍND-XL,1,41361.66,16544.66,41361.66,
1683,CIN-MAR-L,1,33144.89,13257.96,33144.89,
1683,GOR-GRI-M,1,28716.74,11486.7,28716.74,
1684,REM-BLA-XL,1,32677.97,13071.19,32677.97,
1684,REM-VIO-L,1,32677.97,13071.19,32677.97,
1684,JEA-NEG-M,1,21871.44,8748.58,21871.44,
1685,JEA-LAV-UNICO,1,21871.44,8748.58,21871.44,
1685,REM-CEL-XXL,1,34182.8,13673.12,34182.8,
1686,CHU-VER-XL,1,33823.38,13529.35,33823.38,
1686,MUS-AZU-XXL,2,32320.56,12928.22,64641.12,
1686,BUZ-AZU-M,1,29569.23,11827.69,29569.23,
1686,JOG-ÍND-M,1,41361.66,16544.66,41361.66,
1687,GOR-GRI-UNICO,1,28716.74,11486.7,28716.74,
1687,MUS-CEL-S,2,32320.56,12928.22,64641.12,
1687,GOR-ROJ-S,1,28716.74,11486.7,28716.74,
1687,REM-VIO-L,1,32677.97,13071.19,32677.97,
1687,GOR-ROJ-S,1,28716.74,11486.7,28716.74,
1688,REM-TUR-S,1,34182.8,13673.12,34182.8,
1688,CIN-TUR-XL,1,33144.89,13257.96,33144.89,
1688,REM-VIO-L,1,32677.97,13071.19,32677.97,
1689,GOR-GRI-M,2,28716.74,11486.7,57433.48,
1689,MUS-AZU-UNICO,1,32320.56,12928.22,32320.56,
1689,CHU-NEG-M,1,33823.38,13529.35,33823.38,
1689,CIN-ROS-XXL,1,33144.89,13257.96,33144.89,
1690,CIN-MAR-S,1,33144.89,13257.96,33144.89,
1690,REM-TUR-S,1,34182.8,13673.12,34182.8,
1690,BUZ-AZU-L,1,29569.23,11827.69,29569.23,
1690,REM-TUR-S,1,34182.8,13673.12,34182.8,
1691,GOR-GRI-M,1,28716.74,11486.7,28716.74,
1691,GOR-GRI-S,1,28716.74,11486.7,28716.74,
1692,CHU-VER-XL,1,33823.38,13529.35,33823.38,
1692,JEA-LAV-L,1,21871.44,8748.58,21871.44,
1692,REM-VIO-XL,1,32677.97,13071.19,32677.97,
1692,BUZ-AZU-UNICO,1,29569.23,11827.69,29569.23,
1693,GOR-GRI-M,1,28716.74,11486.7,28716.74,
1693,BUZ-AZU-UNICO,2,29569.23,11827.69,59138.46,
1694,MUS-AZU-XXL,1,32320.56,12928.22,32320.56,
1695,CHU-VER-S,1,21985.2,13529.35,21985.2,8
1695,JOG-AZU-XL,1,41361.66,16544.66,41361.66,
1696,REM-TUR-XXL,1,34182.8,13673.12,34182.8,
1696,JOG-AZU-UNICO,1,41361.66,16544.66,41361.66,
1696,CHU-VER-XL,2,33823.38,13529.35,67646.76,
1696,CIN-MAR-L,1,33144.89,13257.96,33144.89,
1697,GOR-GRI-UNICO,1,28716.74,11486.7,28716.74,
1698,SWE-MAR-L,1,32525.33,13010.13,32525.33,
1698,CHU-ÍND-L,1,33823.38,13529.35,33823.38,
1698,JEA-LAV-UNICO,2,21871.44,8748.58,43742.88,
1698,REM-CEL-XXL,1,34182.8,13673.12,34182.8,
1698,REM-VIO-M,1,32677.97,13071.19,32677.97,
1699,CHU-NEG-M,1,33823.38,13529.35,33823.38,
1700,SWE-MAR-UNICO,1,32525.33,13010.13,32525.33,
1700,SWE-AZU-S,1,32525.33,13010.13,32525.33,
1700,REM-VIO-L,1,32677.97,13071.19,32677.97,
1700,CIN-MAR-L,1,27178.81,13257.96,27178.81,10
1700,CHU-VER-XL,1,27735.17,13529.35,27735.17,10
1701,GOR-GRI-S,1,28716.74,11486.7,28716.74,
1701,CIN-MAR-L,1,33144.89,13257.96,33144.89,
1702,GOR-GRI-S,2,28716.74,11486.7,57433.48,
1702,CIN-TUR-UNICO,1,33144.89,13257.96,33144.89,
1702,CAM-BEI-UNICO,1,36700.58,14680.23,36700.58,
1703,CAM-BEI-UNICO,1,36700.58,14680.23,36700.58,
1704,REM-BLA-S,1,32677.97,13071.19,32677.97,
1704,BUZ-AZU-M,2,29569.23,11827.69,59138.46,
1704,CIN-TUR-XL,1,33144.89,13257.96,33144.89,
1704,CIN-MAR-M,1,33144.89,13257.96,33144.89,
1705,BUZ-AZU-M,1,29569.23,11827.69,29569.23,
1706,MUS-AZU-XXL,1,32320.56,12928.22,32320.56,
1706,JEA-NEG-M,1,21871.44,8748.58,21871.44,
1707,REM-VIO-L,1,32677.97,13071.19,32677.97,
1707,CIN-MAR-XL,1,33144.89,13257.96,33144.89,
1707,JEA-LAV-L,1,21871.44,8748.58,21871.44,
1707,MUS-AZU-M,1,32320.56,12928.22,32320.56,
1707,JOG-ÍND-M,1,41361.66,16544.66,41361.66,
1708,CIN-MAR-L,1,27178.81,13257.96,27178.81,10
1708,CHU-ÍND-XXL,1,33823.38,13529.35,33823.38,
1708,JOG-ÍND-M,1,41361.66,16544.66,41361.66,
1708,REM-VIO-L,1,32677.97,13071.19,32677.97,
1708,SWE-MAR-M,1,32525.33,13010.13,32525.33,
1709,GOR-GRI-XXL,1,28716.74,11486.7,28716.74,
1709,CHU-NEG-M,1,33823.38,13529.35,33823.38,
1709,CAM-BLA-M,1,36700.58,14680.23,36700.58,
1709,SWE-MAR-L,1,32525.33,13010.13,32525.33,
1709,CAM-BLA-M,1,36700.58,14680.23,36700.58,
1710,CHU-NEG-S,1,33823.38,13529.35,33823.38,
1711,JEA-LAV-L,1,21871.44,8748.58,21871.44,
1712,CAM-BLA-M,2,36700.58,14680.23,73401.16,
1713,JOG-AZU-UNICO,1,41361.66,16544.66,41361.66,
1714,CHU-NEG-M,1,33823.38,13529.35,33823.38,
1715,JEA-NEG-UNICO,1,21871.44,8748.58,21871.44,
1716,GOR-GRI-L,1,28716.74,11486.7,28716.74,
1716,GOR-GRI-S,1,28716.74,11486.7,28716.74,
1716,CIN-MAR-XL,1,33144.89,13257.96,33144.89,
1717,JEA-LAV-UNICO,1,21871.44,8748.58,21871.44,
1718,BUZ-AZU-UNICO,1,24246.77,11827.69,24246.77,10
1718,CHU-ÍND-XL,1,33823.38,13529.35,33823.38,
1718,CHU-ÍND-XL,1,33823.38,13529.35,33823.38,
1719,GOR-GRI-M,1,28716.74,11486.7,28716.74,
1719,CIN-TUR-UNICO,1,33144.89,13257.96,33144.89,
1719,CHU-ÍND-XXL,1,33823.38,13529.35,33823.38,
1719,JOG-CEL-UNICO,1,41361.66,16544.66,41361.66,
1719,CAM-BEI-UNICO,2,36700.58,14680.23,73401.16,
1720,REM-BLA-XL,1,32677.97,13071.19,32677.97,
1720,SWE-MAR-UNICO,1,32525.33,13010.13,32525.33,
1720,JOG-CEL-UNICO,2,41361.66,16544.66,82723.32,
1720,SWE-MAR-UNICO,1,32525.33,13010.13,32525.33,
1721,JOG-ÍND-M,1,24817.0,16544.66,24817.0,7
1721,JOG-AZU-UNICO,1,24817.0,16544.66,24817.0,7
1721,CHU-NEG-S,1,20294.03,13529.35,20294.03,7
1722,SWE-MAR-L,1,32525.33,13010.13,32525.33,
1722,JOG-ÍND-M,1,41361.66,16544.66,41361.66,
1722,JOG-ÍND-XL,1,41361.66,16544.66,41361.66,
1722,GOR-GRI-XXL,1,28716.74,11486.7,28716.74,
1723,GOR-GRI-XXL,1,27916.74,11486.7,27916.74,12
1723,JOG-ÍND-M,1,41361.66,16544.66,41361.66,
1723,MUS-AZU-XXL,1,32320.56,12928.22,32320.56,
1724,CIN-MAR-XL,1,33144.89,13257.96,33144.89,
1724,CIN-MAR-XL,1,33144.89,13257.96,33144.89,
1724,CHU-NEG-S,1,33823.38,13529.35,33823.38,
1724,CHU-ÍND-L,1,33823.38,13529.35,33823.38,
1724,JEA-LAV-L,1,21871.44,8748.58,21871.44,
1725,CIN-MAR-M,1,33144.89,13257.96,33144.89,
1725,REM-TUR-XXL,1,34182.8,13673.12,34182.8,
1725,CHU-VER-XL,2,33823.38,13529.35,67646.76,
1726,CAM-BEI-L,1,36700.58,14680.23,36700.58,
1727,CIN-TUR-UNICO,1,33144.89,13257.96,33144.89,
1727,CIN-TUR-UNICO,1,33144.89,13257.96,33144.89,
1728,CHU-NEG-XL,1,33823.38,13529.35,33823.38,
1728,JEA-LAV-UNICO,1,21871.44,8748.58,21871.44,
1728,CAM-BLA-XL,2,36700.58,14680.23,73401.16,
1729,JOG-AZU-XL,1,41361.66,16544.66,41361.66,
1729,CIN-MAR-XL,1,33144.89,13257.96,33144.89,
1730,MUS-CEL-S,1,32320.56,12928.22,32320.56,
1731,JEA-NEG-M,1,21871.44,8748.58,21871.44,
1731,BUZ-AZU-M,1,29569.23,11827.69,29569.23,
1731,MUS-AZU-XXL,1,32320.56,12928.22,32320.56,
1732,CAM-BLA-M,1,36700.58,14680.23,36700.58,
1732,CAM-BLA-S,1,36700.58,14680.23,36700.58,
1732,CAM-BLA-XL,1,36700.58,14680.23,36700.58,
1733,BUZ-AZU-UNICO,2,29569.23,11827.69,59138.46,
1733,REM-BLA-XL,1,32677.97,13071.19,32677.97,
1734,GOR-ROJ-S,1,28716.74,11486.7,28716.74,
1734,MUS-AZU-UNICO,2,32320.56,12928.22,64641.12,
1734,CAM-BEI-UNICO,1,36700.58,14680.23,36700.58,
1734,JOG-ÍND-XL,1,41361.66,16544.66,41361.66,
1735,GOR-GRI-M,2,28716.74,11486.7,57433.48,
1735,CIN-MAR-L,1,33144.89,13257.96,33144.89,
1735,CIN-TUR-XL,1,33144.89,13257.96,33144.89,
1735,GOR-GRI-S,1,28716.74,11486.7,28716.74,
1736,GOR-GRI-UNICO,1,28716.74,11486.7,28716.74,
1736,CIN-TUR-UNICO,1,33144.89,13257.96,33144.89,
1737,JOG-CEL-UNICO,1,41361.66,16544.66,41361.66,
1737,SWE-AZU-XXL,1,32525.33,13010.13,32525.33,
1737,GOR-ROJ-L,1,28716.74,11486.7,28716.74,
1737,JEA-LAV-UNICO,1,21871.44,8748.58,21871.44,
1738,SWE-MAR-L,2,32525.33,13010.13,65050.66,
1738,CIN-ROS-XXL,1,33144.89,13257.96,33144.89,
1738,CIN-ROS-XXL,1,33144.89,13257.96,33144.89,
1738,REM-VIO-M,1,32677.97,13071.19,32677.97,
1738,CHU-VER-XL,1,33823.38,13529.35,33823.38,
1739,GOR-GRI-UNICO,1,28716.74,11486.7,28716.74,
1739,GOR-GRI-M,1,28716.74,11486.7,28716.74,
1739,CHU-NEG-M,1,33823.38,13529.35,33823.38,
1739,CIN-MAR-XL,1,33144.89,13257.96,33144.89,
1739,REM-VIO-M,1,32677.97,13071.19,32677.97,
1740,JEA-NEG-UNICO,1,21871.44,8748.58,21871.44,
1740,SWE-MAR-XXL,1,21141.46,13010.13,21141.46,8
1741,CAM-BEI-UNICO,1,36700.58,14680.23,36700.58,
1742,GOR-ROJ-L,1,28716.74,11486.7,28716.74,
1742,CHU-ÍND-XXL,1,33823.38,13529.35,33823.38,
1743,CAM-BLA-M,1,36700.58,14680.23,36700.58,
1743,GOR-GRI-UNICO,1,28716.74,11486.7,28716.74,
1743,MUS-AZU-M,1,32320.56,12928.22,32320.56,
1744,CAM-BLA-XL,1,36700.58,14680.23,36700.58,
1745,CIN-MAR-S,1,33144.89,13257.96,33144.89,
1745,GOR-GRI-UNICO,1,28716.74,11486.7,28716.74,
1746,CIN-ROS-UNICO,1,33144.89,13257.96,33144.89,
1747,JOG-CEL-UNICO,2,41361.66,16544.66,82723.32,
1747,GOR-GRI-L,1,28716.74,11486.7,28716.74,
1748,GOR-GRI-UNICO,1,27916.74,11486.7,27916.74,12
1749,JOG-CEL-UNICO,1,41361.66,16544.66,41361.66,
1749,SWE-AZU-S,2,32525.33,13010.13,65050.66,
1749,CHU-NEG-S,1,33823.38,13529.35,33823.38,
1750,CAM-BEI-L,1,36700.58,14680.23,36700.58,
1750,REM-TUR-S,1,34182.8,13673.12,34182.8,
1750,JOG-AZU-XXL,1,41361.66,16544.66,41361.66,
1751,JOG-CEL-UNICO,1,41361.66,16544.66,41361.66,
1752,CHU-ÍND-XL,1,33823.38,13529.35,33823.38,
1752,BUZ-AZU-M,1,29569.23,11827.69,29569.23,
1752,CAM-BEI-L,2,36700.58,14680.23,73401.16,
1753,SWE-MAR-L,1,32525.33,13010.13,32525.33,
1754,REM-CEL-XXL,1,34182.8,13673.12,34182.8,
1754,CHU-NEG-S,1,33823.38,13529.35,33823.38,
1755,REM-VIO-M,1,32677.97,13071.19,32677.97,
1755,JOG-ÍND-M,1,41361.66,16544.66,41361.66,
1756,CHU-NEG-M,1,33823.38,13529.35,33823.38,
1757,GOR-GRI-L,1,28716.74,11486.7,28716.74,
1757,CIN-MAR-XL,1,33144.89,13257.96,33144.89,
1757,JEA-LAV-UNICO,1,21871.44,8748.58,21871.44,
1757,CAM-BLA-M,2,36700.58,14680.23,73401.16,
1757,CIN-MAR-L,1,33144.89,13257.96,33144.89,
1758,REM-VIO-M,1,32677.97,13071.19,32677.97,
1758,JOG-ÍND-S,1,41361.66,16544.66,41361.66,
1758,CAM-CEL-XL,1,36700.58,14680.23,36700.58,
1759,JOG-ÍND-S,1,41361.66,16544.66,41361.66,
1759,BUZ-AZU-UNICO,1,29569.23,11827.69,29569.23,
1760,CHU-ÍND-XXL,1,33823.38,13529.35,33823.38,
1761,CIN-ROS-XXL,1,33144.89,13257.96,33144.89,
1761,CAM-BEI-L,1,36700.58,14680.23,36700.58,
1761,REM-CEL-XXL,1,34182.8,13673.12,34182.8,
1762,GOR-GRI-L,1,28716.74,11486.7,28716.74,
1762,SWE-MAR-L,1,32525.33,13010.13,32525.33,
1762,CIN-MAR-M,1,33144.89,13257.96,33144.89,
1762,MUS-CEL-S,1,32320.56,12928.22,32320.56,
1763,REM-TUR-XXL,1,34182.8,13673.12,34182.8,
1763,JEA-NEG-M,1,21871.44,8748.58,21871.44,
1764,GOR-ROJ-S,1,28716.74,11486.7,28716.74,
1765,CIN-TUR-UNICO,1,33144.89,13257.96,33144.89,
1766,SWE-MAR-L,1,32525.33,13010.13,32525.33,
1766,CIN-MAR-S,1,33144.89,13257.96,33144.89,
1766,GOR-ROJ-L,1,14358.37,11486.7,14358.37,11
1766,CHU-VER-XL,1,33823.38,13529.35,33823.38,
1767,GOR-GRI-M,1,28716.74,11486.7,28716.74,
1767,JEA-NEG-UNICO,1,21871.44,8748.58,21871.44,
1767,CAM-CEL-XL,1,36700.58,14680.23,36700.58,
1767,CIN-ROS-L,1,29830.4,13257.96,29830.4,2
1768,MUS-CEL-S,1,32320.56,12928.22,32320.56,
1768,GOR-GRI-M,2,28716.74,11486.7,57433.48,
1768,REM-CEL-XXL,2,34182.8,13673.12,68365.6,
1768,JEA-NEG-M,1,21871.44,8748.58,21871.44,
1769,JOG-CEL-UNICO,1,41361.66,16544.66,41361.66,
1769,CIN-MAR-XL,1,27178.81,13257.96,27178.81,9
1769,JOG-CEL-XXL,1,41361.66,16544.66,41361.66,
1770,CAM-BEI-UNICO,1,36700.58,14680.23,36700.58,
1770,CIN-ROS-UNICO,1,33144.89,13257.96,33144.89,
1770,CIN-TUR-XL,1,33144.89,13257.96,33144.89,
1770,REM-VIO-XXL,1,32677.97,13071.19,32677.97,
1771,GOR-GRI-M,1,28716.74,11486.7,28716.74,
1771,GOR-GRI-XXL,1,28716.74,11486.7,28716.74,
1771,SWE-MAR-L,2,32525.33,13010.13,65050.66,
1771,CIN-MAR-XL,1,33144.89,13257.96,33144.89,
1772,CHU-VER-XL,1,33823.38,13529.35,33823.38,
1772,JEA-LAV-UNICO,2,21871.44,8748.58,43742.88,
1772,CIN-MAR-XL,1,33144.89,13257.96,33144.89,
1772,MUS-AZU-UNICO,1,32320.56,12928.22,32320.56,
1773,MUS-AZU-UNICO,1,32320.56,12928.22,32320.56,
1773,CIN-ROS-XXL,1,33144.89,13257.96,33144.89,
1773,CIN-TUR-XL,1,33144.89,13257.96,33144.89,
1774,JEA-NEG-XL,1,10935.72,8748.58,10935.72,11
1774,REM-TUR-S,2,34182.8,13673.12,68365.6,
1774,REM-VIO-M,1,16338.99,13071.19,16338.99,11
1774,CHU-NEG-S,1,16911.69,13529.35,16911.69,11
1774,SWE-MAR-XXL,1,32525.33,13010.13,32525.33,
1775,CHU-VER-XL,1,33823.38,13529.35,33823.38,
1776,CIN-TUR-XL,1,33144.89,13257.96,33144.89,
1776,JEA-NEG-M,2,21871.44,8748.58,43742.88,
1776,JEA-LAV-UNICO,1,21871.44,8748.58,21871.44,
1776,GOR-GRI-XXL,1,28716.74,11486.7,28716.74,
1776,CIN-TUR-XL,1,33144.89,13257.96,33144.89,
1777,CIN-MAR-L,1,33144.89,13257.96,33144.89,
1778,GOR-GRI-L,1,28716.74,11486.7,28716.74,
1778,CIN-MAR-M,1,33144.89,13257.96,33144.89,
1778,CHU-VER-XL,1,33823.38,13529.35,33823.38,
1778,CHU-VER-XL,1,33823.38,13529.35,33823.38,
1778,CHU-NEG-S,1,33823.38,13529.35,33823.38,
1779,CAM-BEI-S,1,36700.58,14680.23,36700.58,
1780,CIN-MAR-L,1,33144.89,13257.96,33144.89,
1780,JOG-ÍND-M,1,41361.66,16544.66,41361.66,
1780,CAM-CEL-XL,1,36700.58,14680.23,36700.58,
1781,SWE-MAR-S,1,32525.33,13010.13,32525.33,
1781,SWE-MAR-UNICO,1,32525.33,13010.13,32525.33,
1781,JEA-NEG-UNICO,1,21871.44,8748.58,21871.44,
1781,JOG-CEL-L,1,41361.66,16544.66,41361.66,
1781,JOG-CEL-UNICO,1,41361.66,16544.66,41361.66,
1782,REM-CEL-XXL,1,34182.8,13673.12,34182.8,
1782,JEA-NEG-M,2,21871.44,8748.58,43742.88,
1782,GOR-GRI-XXL,1,28716.74,11486.7,28716.74,
1783,SWE-MAR-UNICO,1,32525.33,13010.13,32525.33,
1783,CIN-MAR-XL,2,33144.89,13257.96,66289.78,
1783,GOR-GRI-M,2,28716.74,11486.7,57433.48,
1783,CIN-MAR-S,1,33144.89,13257.96,33144.89,
1783,BUZ-AZU-M,1,29569.23,11827.69,29569.23,
1784,MUS-AZU-XXL,1,32320.56,12928.22,32320.56,
1784,SWE-AZU-M,2,32525.33,13010.13,65050.66,
1784,CAM-BEI-UNICO,1,36700.58,14680.23,36700.58,
1784,CHU-NEG-XL,1,33823.38,13529.35,33823.38,
1784,CAM-BEI-UNICO,1,36700.58,14680.23,36700.58,
1785,CHU-ÍND-XXL,1,33823.38,13529.35,33823.38,
1785,CIN-MAR-XL,1,33144.89,13257.96,33144.89,
1785,CAM-BEI-UNICO,2,36700.58,14680.23,73401.16,
1785,CHU-NEG-XXL,1,33823.38,13529.35,33823.38,
1785,JOG-AZU-XXL,1,41361.66,16544.66,41361.66,
1786,JOG-CEL-UNICO,1,41361.66,16544.66,41361.66,
1786,CIN-ROS-XXL,1,33144.89,13257.96,33144.89,
1786,GOR-GRI-M,1,28716.74,11486.7,28716.74,
1786,REM-BLA-XL,1,32677.97,13071.19,32677.97,
1786,JOG-ÍND-M,1,41361.66,16544.66,41361.66,
1787,CIN-ROS-XXL,1,33144.89,13257.96,33144.89,
1787,JOG-ÍND-M,1,41361.66,16544.66,41361.66,
1787,MUS-AZU-XXL,1,32320.56,12928.22,32320.56,
1787,JOG-ÍND-S,1,41361.66,16544.66,41361.66,
1787,GOR-GRI-UNICO,1,28716.74,11486.7,28716.74,
1788,REM-CEL-XXL,1,34182.8,13673.12,34182.8,
1788,JEA-NEG-M,1,21871.44,8748.58,21871.44,
1788,JEA-NEG-M,1,21871.44,8748.58,21871.44,
1789,CAM-BEI-L,2,36700.58,14680.23,73401.16,
1789,GOR-GRI-M,1,28716.74,11486.7,28716.74,
1790,CIN-MAR-XL,1,33144.89,13257.96,33144.89,
1790,JOG-ÍND-XL,1,41361.66,16544.66,41361.66,
1790,MUS-AZU-XXL,1,32320.56,12928.22,32320.56,
1790,JOG-ÍND-XL,2,41361.66,16544.66,82723.32,
1790,CAM-CEL-XL,1,36700.58,14680.23,36700.58,
1791,CHU-NEG-S,1,33823.38,13529.35,33823.38,
1791,REM-BLA-XL,1,32677.97,13071.19,32677.97,
1791,JEA-NEG-M,1,21871.44,8748.58,21871.44,
1792,GOR-GRI-L,1,28716.74,11486.7,28716.74,
1792,CAM-BEI-L,1,36700.58,14680.23,36700.58,
1792,CIN-ROS-XXL,1,33144.89,13257.96,33144.89,
1792,MUS-AZU-UNICO,1,32320.56,12928.22,32320.56,
1793,REM-BLA-XL,1,26795.94,13071.19,26795.94,10
1793,JEA-LAV-L,1,21871.44,8748.58,21871.44,
1793,REM-VIO-M,1,32677.97,13071.19,32677.97,
1793,CIN-MAR-M,1,33144.89,13257.96,33144.89,
1794,JEA-LAV-L,1,21071.44,8748.58,21071.44,12
1794,SWE-MAR-UNICO,1,32525.33,13010.13,32525.33,
1794,BUZ-AZU-M,1,28769.23,11827.69,28769.23,12
1794,CIN-ROS-XXL,1,33144.89,13257.96,33144.89,
1795,JEA-NEG-UNICO,1,21871.44,8748.58,21871.44,
1796,GOR-GRI-M,1,28716.74,11486.7,28716.74,
1796,SWE-MAR-UNICO,1,32525.33,13010.13,32525.33,
1796,MUS-AZU-XXL,1,32320.56,12928.22,32320.56,
1797,JOG-AZU-XL,2,41361.66,16544.66,82723.32,
1798,MUS-CEL-S,1,32320.56,12928.22,32320.56,
1798,CIN-MAR-S,1,33144.89,13257.96,33144.89,
1798,CIN-MAR-S,1,33144.89,13257.96,33144.89,
1799,REM-TUR-S,1,34182.8,13673.12,34182.8,
1799,CHU-NEG-M,1,33823.38,13529.35,33823.38,
1799,BUZ-AZU-UNICO,1,29569.23,11827.69,29569.23,
1800,REM-VIO-L,1,32677.97,13071.19,32677.97,
1800,CAM-BLA-M,1,36700.58,14680.23,36700.58,
1800,CHU-VER-XL,1,20294.03,13529.35,20294.03,7
1800,REM-VIO-M,1,32677.97,13071.19,32677.97,
1800,CAM-BLA-M,1,36700.58,14680.23,36700.58,
1801,CIN-TUR-UNICO,1,33144.89,13257.96,33144.89,
1801,SWE-MAR-L,1,32525.33,13010.13,32525.33,
1801,JOG-CEL-UNICO,1,41361.66,16544.66,41361.66,
1801,CIN-MAR-L,1,33144.89,13257.96,33144.89,
1801,REM-BLA-XL,1,32677.97,13071.19,32677.97,
1802,REM-BLA-S,1,32677.97,13071.19,32677.97,
1802,CHU-VER-L,1,16911.69,13529.35,16911.69,11
1803,REM-CEL-XXL,1,34182.8,13673.12,34182.8,
1803,JEA-LAV-L,1,21871.44,8748.58,21871.44,
1803,MUS-AZU-XXL,1,32320.56,12928.22,32320.56,
1804,JOG-AZU-UNICO,1,41361.66,16544.66,41361.66,
1805,CHU-VER-S,1,33823.38,13529.35,33823.38,
1805,GOR-GRI-XXL,1,28716.74,11486.7,28716.74,
1806,JEA-LAV-L,1,21071.44,8748.58,21071.44,12
1806,SWE-MAR-L,1,31725.33,13010.13,31725.33,12
1806,MUS-AZU-M,1,32320.56,12928.22,32320.56,
1806,CIN-MAR-L,1,33144.89,13257.96,33144.89,
1806,MUS-AZU-XXL,1,32320.56,12928.22,32320.56,
1807,MUS-CEL-S,1,32320.56,12928.22,32320.56,
1807,GOR-ROJ-S,1,28716.74,11486.7,28716.74,
1808,JOG-AZU-UNICO,1,41361.66,16544.66,41361.66,
1808,CIN-TUR-UNICO,1,33144.89,13257.96,33144.89,
1808,JOG-ÍND-M,1,41361.66,16544.66,41361.66,
1808,REM-TUR-S,1,34182.8,13673.12,34182.8,
1808,BUZ-AZU-UNICO,1,29569.23,11827.69,29569.23,
1809,JOG-AZU-XL,1,41361.66,16544.66,41361.66,
1809,JOG-ÍND-S,1,41361.66,16544.66,41361.66,
1810,CAM-BEI-UNICO,1,36700.58,14680.23,36700.58,
1810,MUS-AZU-M,1,32320.56,12928.22,32320.56,
1810,JEA-NEG-UNICO,2,21871.44,8748.58,43742.88,
1811,CIN-ROS-XXL,1,33144.89,13257.96,33144.89,
1811,MUS-AZU-XXL,1,32320.56,12928.22,32320.56,
1811,JEA-NEG-M,1,21871.44,8748.58,21871.44,
1811,CAM-BEI-L,1,36700.58,14680.23,36700.58,
1812,JOG-AZU-UNICO,1,41361.66,16544.66,41361.66,
1812,MUS-AZU-XXL,1,32320.56,12928.22,32320.56,
1813,GOR-GRI-UNICO,1,28716.74,11486.7,28716.74,
1813,CIN-MAR-L,1,33144.89,13257.96,33144.89,
1814,MUS-AZU-UNICO,1,32320.56,12928.22,32320.56,
1814,GOR-GRI-S,1,28716.74,11486.7,28716.74,
1815,MUS-AZU-XXL,1,32320.56,12928.22,32320.56,
1816,JOG-CEL-UNICO,1,41361.66,16544.66,41361.66,
1816,JOG-AZU-UNICO,1,41361.66,16544.66,41361.66,
1816,JOG-ÍND-XL,1,41361.66,16544.66,41361.66,
1817,MUS-AZU-M,1,32320.56,12928.22,32320.56,
1817,SWE-MAR-UNICO,1,32525.33,13010.13,32525.33,
1817,CIN-MAR-M,1,33144.89,13257.96,33144.89,
1817,REM-VIO-M,1,32677.97,13071.19,32677.97,
1817,JEA-LAV-UNICO,1,21871.44,8748.58,21871.44,
1818,REM-CEL-XXL,1,34182.8,13673.12,34182.8,
1819,REM-TUR-S,2,34182.8,13673.12,68365.6,
1819,GOR-GRI-L,1,28716.74,11486.7,28716.74,
1820,JEA-LAV-L,2,21871.44,8748.58,43742.88,
1821,JEA-LAV-UNICO,1,21871.44,8748.58,21871.44,
1821,CHU-NEG-M,1,33823.38,13529.35,33823.38,
1821,CIN-MAR-XL,1,33144.89,13257.96,33144.89,
1821,GOR-GRI-M,1,28716.74,11486.7,28716.74,
1822,MUS-AZU-M,1,32320.56,12928.22,32320.56,
1822,CIN-MAR-XL,2,33144.89,13257.96,66289.78,
1822,GOR-GRI-L,1,28716.74,11486.7,28716.74,
1822,JOG-CEL-UNICO,1,41361.66,16544.66,41361.66,
1822,CAM-CEL-XL,1,36700.58,14680.23,36700.58,
1823,CIN-MAR-M,1,33144.89,13257.96,33144.89,
1823,BUZ-AZU-UNICO,1,29569.23,11827.69,29569.23,
1823,CAM-BEI-L,1,36700.58,14680.23,36700.58,
1823,CIN-MAR-S,1,33144.89,13257.96,33144.89,
1824,MUS-CEL-S,2,26502.86,12928.22,53005.72,9
1825,JOG-AZU-XXL,1,41361.66,16544.66,41361.66,
1825,REM-VIO-M,1,32677.97,13071.19,32677.97,
1825,MUS-AZU-M,1,32320.56,12928.22,32320.56,
1825,CHU-NEG-S,1,33823.38,13529.35,33823.38,
1825,JOG-AZU-XXL,1,41361.66,16544.66,41361.66,
1826,GOR-GRI-XXL,1,28716.74,11486.7,28716.74,
1826,CIN-ROS-XXL,1,33144.89,13257.96,33144.89,
1826,MUS-AZU-UNICO,1,32320.56,12928.22,32320.56,
1827,REM-VIO-XL,1,32677.97,13071.19,32677.97,
1828,REM-VIO-XL,1,32677.97,13071.19,32677.97,
1829,MUS-CEL-XXL,1,32320.56,12928.22,32320.56,
1829,REM-VIO-M,1,26795.94,13071.19,26795.94,9
1829,CHU-NEG-M,1,27735.17,13529.35,27735.17,9
1829,CHU-NEG-XL,1,33823.38,13529.35,33823.38,
1830,CHU-NEG-S,1,33823.38,13529.35,33823.38,
1830,CAM-CEL-XL,1,36700.58,14680.23,36700.58,
1831,CIN-MAR-L,1,33144.89,13257.96,33144.89,
1831,REM-VIO-L,1,32677.97,13071.19,32677.97,
1832,CIN-TUR-UNICO,1,33144.89,13257.96,33144.89,
1832,SWE-MAR-M,1,32525.33,13010.13,32525.33,
1833,REM-TUR-S,1,34182.8,13673.12,34182.8,
1833,CIN-ROS-L,1,26515.91,13257.96,26515.91,1
1833,MUS-CEL-XXL,1,32320.56,12928.22,32320.56,
1833,CIN-MAR-XL,1,27178.81,13257.96,27178.81,9
1834,GOR-GRI-XXL,1,28716.74,11486.7,28716.74,
1834,CIN-TUR-UNICO,1,33144.89,13257.96,33144.89,
1834,MUS-AZU-XXL,1,32320.56,12928.22,32320.56,
1834,MUS-CEL-S,1,32320.56,12928.22,32320.56,
1835,CIN-TUR-UNICO,2,29830.4,13257.96,59660.8,2
1836,JOG-CEL-UNICO,1,41361.66,16544.66,41361.66,
1836,GOR-GRI-XXL,2,27916.74,11486.7,55833.48,12
1836,GOR-GRI-S,1,28716.74,11486.7,28716.74,
1837,REM-VIO-M,1,32677.97,13071.19,32677.97,
1837,GOR-GRI-UNICO,1,28716.74,11486.7,28716.74,
1837,CAM-BLA-M,1,36700.58,14680.23,36700.58,
1838,GOR-GRI-L,1,28716.74,11486.7,28716.74,
1838,CAM-BEI-L,1,36700.58,14680.23,36700.58,
1838,JOG-ÍND-M,2,41361.66,16544.66,82723.32,
1838,REM-CEL-XXL,1,34182.8,13673.12,34182.8,
1838,SWE-MAR-L,1,32525.33,13010.13,32525.33,
1839,JEA-LAV-L,1,21871.44,8748.58,21871.44,
1839,CIN-TUR-UNICO,1,33144.89,13257.96,33144.89,
1840,CAM-BLA-M,1,36700.58,14680.23,36700.58,
1840,BUZ-AZU-M,1,29569.23,11827.69,29569.23,
1840,GOR-GRI-L,1,28716.74,11486.7,28716.74,
1840,REM-VIO-M,1,32677.97,13071.19,32677.97,
1841,CHU-ÍND-L,1,33823.38,13529.35,33823.38,
1841,GOR-GRI-UNICO,1,28716.74,11486.7,28716.74,
1841,MUS-CEL-S,1,32320.56,12928.22,32320.56,
1841,REM-TUR-S,2,34182.8,13673.12,68365.6,
1842,MUS-AZU-M,1,32320.56,12928.22,32320.56,
1842,REM-TUR-S,1,34182.8,13673.12,34182.8,
1842,MUS-AZU-XXL,1,32320.56,12928.22,32320.56,
1842,GOR-GRI-S,1,28716.74,11486.7,28716.74,
1843,JEA-LAV-L,1,21871.44,8748.58,21871.44,
1843,CHU-VER-XL,1,33823.38,13529.35,33823.38,
1844,GOR-GRI-S,1,28716.74,11486.7,28716.74,
1844,REM-TUR-XXL,1,34182.8,13673.12,34182.8,
1844,REM-VIO-L,1,32677.97,13071.19,32677.97,
1844,GOR-ROJ-UNICO,1,28716.74,11486.7,28716.74,
1844,GOR-GRI-S,1,28716.74,11486.7,28716.74,
1845,JOG-AZU-XXL,1,41361.66,16544.66,41361.66,
1846,REM-BLA-XL,1,32677.97,13071.19,32677.97,
1846,CHU-NEG-M,2,33823.38,13529.35,67646.76,
1846,REM-CEL-XXL,1,34182.8,13673.12,34182.8,
1847,MUS-AZU-UNICO,1,32320.56,12928.22,32320.56,
1847,CIN-MAR-XL,2,33144.89,13257.96,66289.78,
1847,CHU-VER-XL,1,33823.38,13529.35,33823.38,
1848,JOG-AZU-L,1,41361.66,16544.66,41361.66,
1848,SWE-MAR-M,1,32525.33,13010.13,32525.33,
1848,JEA-LAV-L,1,14216.44,8748.58,14216.44,8
1849,CAM-BEI-L,1,36700.58,14680.23,36700.58,
1849,CIN-MAR-S,1,33144.89,13257.96,33144.89,
1850,JOG-CEL-UNICO,1,41361.66,16544.66,41361.66,
1850,CIN-MAR-S,1,33144.89,13257.96,33144.89,
1850,CIN-TUR-XL,1,33144.89,13257.96,33144.89,
1851,REM-TUR-S,1,34182.8,13673.12,34182.8,
1851,GOR-GRI-S,1,28716.74,11486.7,28716.74,
1852,JOG-ÍND-M,1,41361.66,16544.66,41361.66,
1853,JOG-AZU-UNICO,1,41361.66,16544.66,41361.66,
1853,REM-BLA-XL,1,32677.97,13071.19,32677.97,
1853,JOG-CEL-UNICO,1,41361.66,16544.66,41361.66,
1854,BUZ-AZU-UNICO,1,29569.23,11827.69,29569.23,
1854,REM-VIO-L,1,32677.97,13071.19,32677.97,
1854,JEA-NEG-UNICO,1,21871.44,8748.58,21871.44,
1855,SWE-MAR-UNICO,1,32525.33,13010.13,32525.33,
1855,CAM-BEI-UNICO,1,36700.58,14680.23,36700.58,
1855,CIN-TUR-XL,1,33144.89,13257.96,33144.89,
1855,CHU-VER-S,1,33823.38,13529.35,33823.38,
1855,REM-TUR-XXL,1,34182.8,13673.12,34182.8,
1856,JOG-AZU-L,1,41361.66,16544.66,41361.66,
1856,JOG-CEL-XXL,1,41361.66,16544.66,41361.66,
1857,JOG-CEL-UNICO,1,41361.66,16544.66,41361.66,
1858,BUZ-AZU-UNICO,1,29569.23,11827.69,29569.23,
1858,JOG-ÍND-S,1,41361.66,16544.66,41361.66,
1859,GOR-GRI-XXL,1,28716.74,11486.7,28716.74,
1859,CIN-TUR-XL,1,33144.89,13257.96,33144.89,
1860,JOG-AZU-XXL,1,41361.66,16544.66,41361.66,
1860,CHU-ÍND-L,1,33823.38,13529.35,33823.38,
1860,MUS-AZU-UNICO,1,32320.56,12928.22,32320.56,
1860,JOG-ÍND-M,1,41361.66,16544.66,41361.66,
1860,GOR-GRI-M,1,28716.74,11486.7,28716.74,
1861,REM-CEL-XXL,1,34182.8,13673.12,34182.8,
1861,GOR-GRI-M,1,28716.74,11486.7,28716.74,
1862,CHU-VER-XL,1,33823.38,13529.35,33823.38,
1862,REM-TUR-XXL,1,34182.8,13673.12,34182.8,
1862,JEA-LAV-L,1,21871.44,8748.58,21871.44,
1862,REM-VIO-M,2,32677.97,13071.19,65355.94,
1862,MUS-CEL-S,1,32320.56,12928.22,32320.56,
1863,JEA-NEG-XL,1,21871.44,8748.58,21871.44,
1863,MUS-AZU-XXL,1,32320.56,12928.22,32320.56,
1864,SWE-MAR-L,1,32525.33,13010.13,32525.33,
1864,SWE-MAR-L,1,32525.33,13010.13,32525.33,
1864,SWE-MAR-L,1,32525.33,13010.13,32525.33,
1865,JEA-LAV-L,1,21871.44,8748.58,21871.44,
1865,CHU-NEG-S,1,33823.38,13529.35,33823.38,
1865,GOR-GRI-XXL,1,28716.74,11486.7,28716.74,
1865,CAM-BEI-UNICO,1,36700.58,14680.23,36700.58,
1866,CIN-TUR-XL,1,33144.89,13257.96,33144.89,
1867,JEA-LAV-UNICO,1,14216.44,8748.58,14216.44,8
1867,SWE-MAR-L,1,32525.33,13010.13,32525.33,
1868,CIN-TUR-XL,1,33144.89,13257.96,33144.89,
1868,JEA-LAV-UNICO,1,21871.44,8748.58,21871.44,
1869,JOG-ÍND-XL,2,41361.66,16544.66,82723.32,
1869,CIN-ROS-XXL,1,33144.89,13257.96,33144.89,
1869,REM-VIO-L,1,32677.97,13071.19,32677.97,
1869,GOR-GRI-S,1,28716.74,11486.7,28716.74,
1870,REM-VIO-XXL,1,32677.97,13071.19,32677.97,
1870,JOG-ÍND-XL,1,41361.66,16544.66,41361.66,
1870,REM-VIO-M,1,32677.97,13071.19,32677.97,
1870,MUS-AZU-UNICO,1,19392.34,12928.22,19392.34,7
1870,JOG-AZU-UNICO,1,41361.66,16544.66,41361.66,
1871,JEA-NEG-UNICO,1,13122.86,8748.58,13122.86,7
1871,REM-BLA-XL,1,32677.97,13071.19,32677.97,
1871,REM-VIO-M,1,32677.97,13071.19,32677.97,
1872,CHU-VER-L,2,21985.2,13529.35,43970.4,8
1872,JEA-NEG-XL,1,19684.3,8748.58,19684.3,2
1872,REM-VIO-L,2,32677.97,13071.19,65355.94,
1872,CAM-CEL-XL,1,36700.58,14680.23,36700.58,
1873,JEA-NEG-M,1,21871.44,8748.58,21871.44,
1873,CIN-TUR-XL,1,33144.89,13257.96,33144.89,
1874,CIN-MAR-S,1,33144.89,13257.96,33144.89,
1874,CIN-MAR-L,1,33144.89,13257.96,33144.89,
1874,JOG-ÍND-M,1,41361.66,16544.66,41361.66,
1874,JOG-ÍND-M,1,41361.66,16544.66,41361.66,
1875,SWE-MAR-XXL,1,32525.33,13010.13,32525.33,
1876,CAM-BEI-L,1,36700.58,14680.23,36700.58,
1876,JEA-LAV-UNICO,1,21871.44,8748.58,21871.44,
1877,JOG-ÍND-S,1,41361.66,16544.66,41361.66,
1877,JOG-AZU-UNICO,2,41361.66,16544.66,82723.32,
1877,JOG-ÍND-XL,1,41361.66,16544.66,41361.66,
1877,CAM-BEI-UNICO,1,36700.58,14680.23,36700.58,
1878,CHU-ÍND-XL,1,33823.38,13529.35,33823.38,
1878,REM-TUR-XXL,1,34182.8,13673.12,34182.8,
1878,CHU-VER-XL,1,33823.38,13529.35,33823.38,
1878,REM-BLA-S,2,32677.97,13071.19,65355.94,
1878,CHU-NEG-S,1,33823.38,13529.35,33823.38,
1879,GOR-GRI-S,1,28716.74,11486.7,28716.74,
1879,CHU-NEG-M,1,33823.38,13529.35,33823.38,
1879,JOG-AZU-UNICO,1,41361.66,16544.66,41361.66,
1879,REM-CEL-XXL,1,34182.8,13673.12,34182.8,
1880,CIN-MAR-XL,1,33144.89,13257.96,33144.89,
1880,SWE-MAR-M,1,32525.33,13010.13,32525.33,
1881,SWE-MAR-M,1,32525.33,13010.13,32525.33,
1881,REM-TUR-S,1,34182.8,13673.12,34182.8,
1881,GOR-ROJ-UNICO,1,28716.74,11486.7,28716.74,
1881,JEA-LAV-UNICO,1,21871.44,8748.58,21871.44,
1882,CHU-NEG-S,1,33823.38,13529.35,33823.38,
1883,CIN-ROS-S,1,33144.89,13257.96,33144.89,
1884,GOR-GRI-M,1,28716.74,11486.7,28716.74,
1885,REM-TUR-S,1,34182.8,13673.12,34182.8,
1885,JEA-NEG-XL,1,21871.44,8748.58,21871.44,
1886,CIN-MAR-S,1,33144.89,13257.96,33144.89,
1886,CIN-MAR-L,1,33144.89,13257.96,33144.89,
1886,JEA-LAV-UNICO,2,21871.44,8748.58,43742.88,
1886,JEA-LAV-UNICO,1,21871.44,8748.58,21871.44,
1887,CAM-BLA-XL,1,36700.58,14680.23,36700.58,
1887,BUZ-AZU-UNICO,1,29569.23,11827.69,29569.23,
1887,REM-TUR-S,1,34182.8,13673.12,34182.8,
1887,JEA-NEG-M,1,21871.44,8748.58,21871.44,
1887,JOG-AZU-UNICO,1,41361.66,16544.66,41361.66,
1888,CIN-MAR-XL,1,33144.89,13257.96,33144.89,
1889,REM-VIO-XL,1,32677.97,13071.19,32677.97,
1889,REM-TUR-XXL,1,34182.8,13673.12,34182.8,
1889,JOG-ÍND-M,1,41361.66,16544.66,41361.66,
1890,MUS-AZU-M,1,32320.56,12928.22,32320.56,
1890,CIN-MAR-L,1,33144.89,13257.96,33144.89,
1890,REM-BLA-XL,1,32677.97,13071.19,32677.97,
1890,MUS-AZU-UNICO,1,32320.56,12928.22,32320.56,
1890,MUS-AZU-M,1,32320.56,12928.22,32320.56,
1891,JOG-AZU-UNICO,1,41361.66,16544.66,41361.66,
1892,SWE-MAR-UNICO,1,32525.33,13010.13,32525.33,
1892,GOR-GRI-UNICO,1,28716.74,11486.7,28716.74,
1892,REM-VIO-M,1,32677.97,13071.19,32677.97,
1893,BUZ-AZU-M,1,29569.23,11827.69,29569.23,
1893,CIN-MAR-XL,1,33144.89,13257.96,33144.89,
1893,GOR-GRI-L,1,28716.74,11486.7,28716.74,
1894,CIN-MAR-XL,1,33144.89,13257.96,33144.89,
1894,JOG-CEL-UNICO,1,41361.66,16544.66,41361.66,
1894,MUS-CEL-S,1,32320.56,12928.22,32320.56,
1894,MUS-CEL-S,1,32320.56,12928.22,32320.56,
1895,JOG-ÍND-S,1,41361.66,16544.66,41361.66,
1895,CIN-ROS-XXL,1,33144.89,13257.96,33144.89,
1895,JEA-LAV-L,1,21871.44,8748.58,21871.44,
1895,MUS-AZU-XXL,1,32320.56,12928.22,32320.56,
1896,MUS-CEL-M,1,32320.56,12928.22,32320.56,
1896,JEA-NEG-UNICO,1,21871.44,8748.58,21871.44,
1896,CAM-CEL-XL,1,36700.58,14680.23,36700.58,
1896,CHU-VER-L,1,33823.38,13529.35,33823.38,
1896,JOG-AZU-UNICO,1,41361.66,16544.66,41361.66,
1897,CIN-TUR-XL,1,16572.44,13257.96,16572.44,11
1897,JEA-NEG-XL,1,21871.44,8748.58,21871.44,
1897,GOR-GRI-M,1,14358.37,11486.7,14358.37,11
1897,CIN-MAR-XL,1,33144.89,13257.96,33144.89,
1897,GOR-ROJ-S,1,28716.74,11486.7,28716.74,
1898,JEA-LAV-UNICO,2,21871.44,8748.58,43742.88,
1898,BUZ-AZU-UNICO,1,29569.23,11827.69,29569.23,
1899,CHU-VER-L,1,33823.38,13529.35,33823.38,
1899,CHU-NEG-S,1,33823.38,13529.35,33823.38,
1899,GOR-GRI-XXL,1,28716.74,11486.7,28716.74,
1900,CHU-ÍND-XXL,1,33823.38,13529.35,33823.38,
1901,GOR-GRI-M,1,28716.74,11486.7,28716.74,
1901,REM-TUR-XXL,1,34182.8,13673.12,34182.8,
1901,CHU-NEG-S,1,33823.38,13529.35,33823.38,
1901,CHU-ÍND-L,2,33823.38,13529.35,67646.76,
1901,GOR-GRI-M,1,28716.74,11486.7,28716.74,
1902,CIN-MAR-S,2,33144.89,13257.96,66289.78,
1902,CHU-NEG-S,1,33823.38,13529.35,33823.38,
1902,MUS-AZU-M,1,32320.56,12928.22,32320.56,
1902,MUS-AZU-XXL,1,32320.56,12928.22,32320.56,
1903,CAM-BEI-UNICO,1,36700.58,14680.23,36700.58,
1903,GOR-GRI-S,2,28716.74,11486.7,57433.48,
1903,JOG-AZU-UNICO,1,41361.66,16544.66,41361.66,
1904,GOR-GRI-XXL,2,28716.74,11486.7,57433.48,
1904,SWE-MAR-UNICO,2,32525.33,13010.13,65050.66,
1904,CIN-MAR-S,1,33144.89,13257.96,33144.89,
1904,CAM-BEI-L,1,36700.58,14680.23,36700.58,
1904,JOG-AZU-XXL,1,41361.66,16544.66,41361.66,
1905,JOG-ÍND-S,1,41361.66,16544.66,41361.66,
1905,GOR-ROJ-S,1,28716.74,11486.7,28716.74,
1905,GOR-GRI-XXL,1,28716.74,11486.7,28716.74,
1905,CHU-ÍND-XXL,1,33823.38,13529.35,33823.38,
1906,JOG-CEL-UNICO,2,41361.66,16544.66,82723.32,
1906,CIN-MAR-S,1,33144.89,13257.96,33144.89,
1907,REM-VIO-XL,1,32677.97,13071.19,32677.97,
1907,CIN-MAR-S,1,33144.89,13257.96,33144.89,
1908,CHU-NEG-S,1,33823.38,13529.35,33823.38,
1908,CAM-CEL-XL,1,36700.58,14680.23,36700.58,
1908,MUS-CEL-M,1,32320.56,12928.22,32320.56,
1908,REM-VIO-M,1,21240.68,13071.19,21240.68,8
1909,CHU-NEG-M,1,33823.38,13529.35,33823.38,
1909,GOR-GRI-XXL,1,28716.74,11486.7,28716.74,
1909,CHU-ÍND-XXL,1,33823.38,13529.35,33823.38,
1909,CHU-NEG-XXL,1,33823.38,13529.35,33823.38,
1910,GOR-GRI-M,1,28716.74,11486.7,28716.74,
1910,CHU-VER-XL,1,33823.38,13529.35,33823.38,
1910,SWE-MAR-S,1,32525.33,13010.13,32525.33,
1911,CAM-BEI-UNICO,1,36700.58,14680.23,36700.58,
1911,JOG-ÍND-M,1,41361.66,16544.66,41361.66,
1911,REM-CEL-XXL,1,34182.8,13673.12,34182.8,
1911,MUS-AZU-XXL,2,32320.56,12928.22,64641.12,
1912,SWE-MAR-L,1,32525.33,13010.13,32525.33,
1912,CHU-VER-XL,2,33823.38,13529.35,67646.76,
1912,JEA-NEG-UNICO,1,15310.01,8748.58,15310.01,5
1913,JOG-AZU-L,1,41361.66,16544.66,41361.66,
1914,CIN-MAR-XL,1,33144.89,13257.96,33144.89,
1914,MUS-AZU-XXL,1,32320.56,12928.22,32320.56,
1915,JOG-ÍND-M,1,41361.66,16544.66,41361.66,
1915,CHU-VER-S,1,33823.38,13529.35,33823.38,
1916,CIN-ROS-XXL,1,33144.89,13257.96,33144.89,
1916,MUS-AZU-M,1,32320.56,12928.22,32320.56,
1916,GOR-GRI-UNICO,1,28716.74,11486.7,28716.74,
1916,REM-TUR-XXL,1,34182.8,13673.12,34182.8,
1916,JOG-AZU-XXL,1,41361.66,16544.66,41361.66,
1917,JOG-ÍND-S,1,41361.66,16544.66,41361.66,
1917,CHU-VER-S,1,33823.38,13529.35,33823.38,
1917,REM-VIO-XL,1,32677.97,13071.19,32677.97,
1918,MUS-AZU-M,1,32320.56,12928.22,32320.56,
1918,CAM-BEI-L,1,36700.58,14680.23,36700.58,
1918,GOR-GRI-UNICO,2,28716.74,11486.7,57433.48,
1918,REM-CEL-XXL,1,34182.8,13673.12,34182.8,
1919,CIN-MAR-S,1,33144.89,13257.96,33144.89,
1919,CAM-CEL-XL,1,36700.58,14680.23,36700.58,
1919,REM-TUR-XXL,1,34182.8,13673.12,34182.8,
1920,REM-TUR-XXL,1,34182.8,13673.12,34182.8,
1920,CAM-BLA-M,1,36700.58,14680.23,36700.58,
1921,GOR-GRI-M,2,28716.74,11486.7,57433.48,
1921,JOG-AZU-XXL,1,41361.66,16544.66,41361.66,
1921,BUZ-AZU-M,1,29569.23,11827.69,29569.23,
1921,SWE-MAR-UNICO,2,32525.33,13010.13,65050.66,
1921,JOG-ÍND-XL,1,41361.66,16544.66,41361.66,
1922,CIN-TUR-XL,1,33144.89,13257.96,33144.89,
1922,JEA-LAV-UNICO,1,21871.44,8748.58,21871.44,
1922,CIN-MAR-M,1,33144.89,13257.96,33144.89,
1922,JOG-CEL-UNICO,1,41361.66,16544.66,41361.66,
1922,JOG-ÍND-M,1,41361.66,16544.66,41361.66,
1923,GOR-GRI-XXL,2,28716.74,11486.7,57433.48,
1923,CHU-VER-XL,1,33823.38,13529.35,33823.38,
1924,CHU-ÍND-L,1,33823.38,13529.35,33823.38,
1924,CAM-BLA-M,1,36700.58,14680.23,36700.58,
1924,CAM-BLA-M,2,36700.58,14680.23,73401.16,
1924,JOG-ÍND-S,1,41361.66,16544.66,41361.66,
1924,GOR-GRI-XXL,2,28716.74,11486.7,57433.48,
1925,JOG-AZU-XXL,1,41361.66,16544.66,41361.66,
1925,CHU-NEG-M,1,33823.38,13529.35,33823.38,
1925,CIN-TUR-XL,1,33144.89,13257.96,33144.89,
1925,JEA-LAV-UNICO,1,21871.44,8748.58,21871.44,
1926,CAM-BLA-XL,1,36700.58,14680.23,36700.58,
1926,CHU-ÍND-UNICO,2,33823.38,13529.35,67646.76,
1926,GOR-GRI-M,1,18665.88,11486.7,18665.88,8
1926,JOG-AZU-XL,1,41361.66,16544.66,41361.66,
1927,SWE-MAR-UNICO,2,32525.33,13010.13,65050.66,
1927,CHU-NEG-M,1,33823.38,13529.35,33823.38,
1928,BUZ-AZU-UNICO,1,29569.23,11827.69,29569.23,
1928,REM-VIO-L,1,32677.97,13071.19,32677.97,
1928,JOG-AZU-UNICO,1,41361.66,16544.66,41361.66,
1929,BUZ-AZU-M,1,29569.23,11827.69,29569.23,
1929,SWE-AZU-S,1,32525.33,13010.13,32525.33,
1929,BUZ-AZU-M,2,29569.23,11827.69,59138.46,
1929,GOR-GRI-M,1,28716.74,11486.7,28716.74,
1929,REM-TUR-XXL,1,34182.8,13673.12,34182.8,
1930,REM-BLA-XL,1,32677.97,13071.19,32677.97,
1931,GOR-GRI-UNICO,1,28716.74,11486.7,28716.74,
1931,CHU-NEG-M,1,33823.38,13529.35,33823.38,
1931,MUS-CEL-S,1,32320.56,12928.22,32320.56,
1931,CIN-MAR-XL,1,33144.89,13257.96,33144.89,
1932,CHU-ÍND-XXL,1,33823.38,13529.35,33823.38,
1932,REM-TUR-XXL,1,34182.8,13673.12,34182.8,
1932,GOR-GRI-UNICO,1,28716.74,11486.7,28716.74,
1932,REM-CEL-XXL,2,34182.8,13673.12,68365.6,
1933,CHU-VER-XL,1,33823.38,13529.35,33823.38,
1933,CIN-ROS-XXL,1,33144.89,13257.96,33144.89,
1933,REM-CEL-XXL,1,34182.8,13673.12,34182.8,
1934,CIN-ROS-XXL,1,33144.89,13257.96,33144.89,
1934,BUZ-AZU-M,1,29569.23,11827.69,29569.23,
1934,CIN-MAR-S,1,33144.89,13257.96,33144.89,
1934,BUZ-AZU-M,1,29569.23,11827.69,29569.23,
1935,CHU-NEG-S,1,33823.38,13529.35,33823.38,
1935,CHU-ÍND-L,1,33823.38,13529.35,33823.38,
1935,JOG-ÍND-XL,1,41361.66,16544.66,41361.66,
1936,CIN-TUR-XL,1,33144.89,13257.96,33144.89,
1936,CHU-NEG-XL,1,33823.38,13529.35,33823.38,
1936,GOR-ROJ-UNICO,1,28716.74,11486.7,28716.74,
1937,CHU-ÍND-XL,1,33823.38,13529.35,33823.38,
1937,CIN-ROS-XXL,1,33144.89,13257.96,33144.89,
1938,GOR-GRI-L,1,28716.74,11486.7,28716.74,
1938,CIN-MAR-XL,1,33144.89,13257.96,33144.89,
1938,JOG-CEL-UNICO,1,41361.66,16544.66,41361.66,
1938,CIN-MAR-S,1,33144.89,13257.96,33144.89,
1938,GOR-GRI-XXL,1,28716.74,11486.7,28716.74,
1939,REM-BLA-XL,1,32677.97,13071.19,32677.97,
1939,CHU-VER-XL,1,33823.38,13529.35,33823.38,
1939,CHU-ÍND-L,1,16911.69,13529.35,16911.69,11
1940,BUZ-AZU-UNICO,1,29569.23,11827.69,29569.23,
1940,SWE-MAR-L,2,32525.33,13010.13,65050.66,
1940,GOR-GRI-M,1,28716.74,11486.7,28716.74,
1940,CIN-TUR-XL,1,33144.89,13257.96,33144.89,
1941,MUS-AZU-UNICO,1,32320.56,12928.22,32320.56,
1941,JOG-CEL-UNICO,1,41361.66,16544.66,41361.66,
1941,REM-CEL-XXL,1,34182.8,13673.12,34182.8,
1941,GOR-GRI-M,1,28716.74,11486.7,28716.74,
1942,JEA-NEG-M,1,21871.44,8748.58,21871.44,
1942,MUS-AZU-UNICO,1,32320.56,12928.22,32320.56,
1942,BUZ-AZU-M,1,29569.23,11827.69,29569.23,
1943,JOG-ÍND-S,1,41361.66,16544.66,41361.66,
1943,MUS-AZU-XXL,1,32320.56,12928.22,32320.56,
1943,CHU-NEG-UNICO,1,33823.38,13529.35,33823.38,
1943,CIN-ROS-XXL,1,33144.89,13257.96,33144.89,
1943,CHU-ÍND-XXL,1,33823.38,13529.35,33823.38,
1944,CIN-MAR-M,1,33144.89,13257.96,33144.89,
1944,REM-BLA-XL,1,32677.97,13071.19,32677.97,
1945,CAM-BEI-S,1,25690.41,14680.23,25690.41,5
1945,REM-VIO-XXL,1,32677.97,13071.19,32677.97,
1945,MUS-AZU-UNICO,1,32320.56,12928.22,32320.56,
1946,CIN-MAR-S,1,33144.89,13257.96,33144.89,
1946,CIN-ROS-XXL,1,33144.89,13257.96,33144.89,
1947,CAM-BEI-L,1,36700.58,14680.23,36700.58,
1947,JEA-LAV-L,1,21871.44,8748.58,21871.44,
1947,CIN-MAR-M,1,33144.89,13257.96,33144.89,
1948,MUS-AZU-XXL,1,32320.56,12928.22,32320.56,
1949,JEA-LAV-UNICO,1,21871.44,8748.58,21871.44,
1949,GOR-GRI-S,2,28716.74,11486.7,57433.48,
1949,CAM-BEI-UNICO,1,36700.58,14680.23,36700.58,
1949,MUS-AZU-UNICO,1,32320.56,12928.22,32320.56,
1950,JOG-AZU-XL,1,41361.66,16544.66,41361.66,
1951,CIN-TUR-UNICO,1,33144.89,13257.96,33144.89,
1951,CAM-CEL-XL,1,36700.58,14680.23,36700.58,
1952,GOR-ROJ-UNICO,1,28716.74,11486.7,28716.74,
1952,JOG-AZU-UNICO,1,33916.56,16544.66,33916.56,9
1952,CIN-MAR-S,1,33144.89,13257.96,33144.89,
1953,CHU-ÍND-XXL,1,33823.38,13529.35,33823.38,
1954,SWE-MAR-L,1,32525.33,13010.13,32525.33,
1955,CHU-ÍND-L,1,33823.38,13529.35,33823.38,
1955,GOR-GRI-XXL,1,28716.74,11486.7,28716.74,
1955,REM-BLA-XL,1,32677.97,13071.19,32677.97,
1956,REM-CEL-XXL,1,34182.8,13673.12,34182.8,
1956,CIN-TUR-XL,1,33144.89,13257.96,33144.89,
1956,SWE-MAR-M,1,32525.33,13010.13,32525.33,
1957,MUS-AZU-UNICO,1,32320.56,12928.22,32320.56,
1957,REM-VIO-XXL,1,32677.97,13071.19,32677.97,
1957,GOR-GRI-M,1,28716.74,11486.7,28716.74,
1957,JEA-NEG-UNICO,1,21871.44,8748.58,21871.44,
1958,CAM-CEL-XL,1,36700.58,14680.23,36700.58,
1959,CIN-ROS-S,1,33144.89,13257.96,33144.89,
1959,REM-TUR-S,1,34182.8,13673.12,34182.8,
1960,JOG-AZU-L,1,36398.26,16544.66,36398.26,6
1960,REM-TUR-S,1,34182.8,13673.12,34182.8,
1960,GOR-GRI-XXL,1,28716.74,11486.7,28716.74,
1961,CIN-MAR-M,1,33144.89,13257.96,33144.89,
1961,BUZ-AZU-L,1,29569.23,11827.69,29569.23,
1962,JOG-ÍND-XL,1,41361.66,16544.66,41361.66,
1962,CAM-CEL-XL,1,36700.58,14680.23,36700.58,
1962,CHU-NEG-S,1,33823.38,13529.35,33823.38,
1963,JOG-AZU-UNICO,1,41361.66,16544.66,41361.66,
1964,JEA-NEG-UNICO,1,21871.44,8748.58,21871.44,
1965,CHU-VER-XL,1,33823.38,13529.35,33823.38,
1965,JOG-ÍND-M,1,41361.66,16544.66,41361.66,
1965,CHU-NEG-S,1,33823.38,13529.35,33823.38,
1965,MUS-AZU-UNICO,1,32320.56,12928.22,32320.56,
1965,GOR-GRI-L,1,28716.74,11486.7,28716.74,
1966,CIN-ROS-UNICO,1,33144.89,13257.96,33144.89,
1966,GOR-ROJ-XXL,2,28716.74,11486.7,57433.48,
1966,CIN-MAR-L,1,33144.89,13257.96,33144.89,
1966,CIN-MAR-S,1,33144.89,13257.96,33144.89,
1966,SWE-AZU-S,1,29272.8,13010.13,29272.8,2
1967,CAM-BEI-L,2,36700.58,14680.23,73401.16,
1968,CIN-ROS-UNICO,1,27178.81,13257.96,27178.81,10
1968,JOG-AZU-XXL,1,41361.66,16544.66,41361.66,
1968,GOR-GRI-L,1,28716.74,11486.7,28716.74,
1968,GOR-GRI-L,1,28716.74,11486.7,28716.74,
1968,SWE-AZU-S,1,32525.33,13010.13,32525.33,
1969,JOG-AZU-XXL,1,41361.66,16544.66,41361.66,
1969,GOR-ROJ-S,1,28716.74,11486.7,28716.74,
1969,JOG-ÍND-XL,1,41361.66,16544.66,41361.66,
1970,CAM-BLA-M,1,36700.58,14680.23,36700.58,
1970,JOG-ÍND-S,1,41361.66,16544.66,41361.66,
1971,JOG-CEL-UNICO,2,41361.66,16544.66,82723.32,
1971,CIN-TUR-UNICO,1,32344.89,13257.96,32344.89,12
1971,CAM-CEL-XL,1,35900.58,14680.23,35900.58,12
1971,CHU-NEG-S,1,33823.38,13529.35,33823.38,
1971,CAM-CEL-XL,1,36700.58,14680.23,36700.58,
1972,REM-TUR-S,1,34182.8,13673.12,34182.8,
1972,CIN-TUR-UNICO,1,33144.89,13257.96,33144.89,
1973,MUS-AZU-XXL,1,32320.56,12928.22,32320.56,
1973,CAM-BLA-XL,1,36700.58,14680.23,36700.58,
1973,JOG-CEL-UNICO,1,41361.66,16544.66,41361.66,
1974,CAM-CEL-XL,1,36700.58,14680.23,36700.58,
1974,SWE-AZU-S,2,32525.33,13010.13,65050.66,
1974,CHU-ÍND-XXL,1,33823.38,13529.35,33823.38,
1974,GOR-GRI-UNICO,1,28716.74,11486.7,28716.74,
1974,CHU-ÍND-L,1,33823.38,13529.35,33823.38,
1975,CIN-MAR-M,1,33144.89,13257.96,33144.89,
1975,REM-BLA-XL,1,32677.97,13071.19,32677.97,
1975,GOR-GRI-UNICO,2,28716.74,11486.7,57433.48,
1975,CIN-MAR-XL,2,33144.89,13257.96,66289.78,
1976,CIN-MAR-XL,1,33144.89,13257.96,33144.89,
1976,REM-BLA-XL,1,32677.97,13071.19,32677.97,
1976,JOG-CEL-UNICO,1,41361.66,16544.66,41361.66,
1977,JEA-NEG-M,1,21071.44,8748.58,21071.44,12
1977,REM-CEL-XXL,1,33382.8,13673.12,33382.8,12
1977,REM-BLA-XL,1,32677.97,13071.19,32677.97,
1977,GOR-GRI-L,1,28716.74,11486.7,28716.74,
1977,CIN-TUR-UNICO,1,33144.89,13257.96,33144.89,
1978,MUS-AZU-UNICO,2,32320.56,12928.22,64641.12,
1978,REM-BLA-S,1,32677.97,13071.19,32677.97,
1978,REM-BLA-XL,1,32677.97,13071.19,32677.97,
1979,MUS-AZU-XXL,1,32320.56,12928.22,32320.56,
1979,MUS-CEL-S,2,32320.56,12928.22,64641.12,
1979,REM-TUR-XXL,1,34182.8,13673.12,34182.8,
1979,CAM-BEI-S,1,36700.58,14680.23,36700.58,
1979,SWE-MAR-M,1,16262.67,13010.13,16262.67,11
1980,JOG-ÍND-S,1,41361.66,16544.66,41361.66,
1981,CIN-TUR-XL,1,33144.89,13257.96,33144.89,
1982,MUS-CEL-M,1,32320.56,12928.22,32320.56,
1983,CHU-ÍND-XXL,1,33823.38,13529.35,33823.38,
1983,CHU-ÍND-UNICO,1,30441.04,13529.35,30441.04,2
1984,BUZ-AZU-M,1,29569.23,11827.69,29569.23,
1985,SWE-MAR-L,1,32525.33,13010.13,32525.33,
1985,SWE-MAR-L,1,32525.33,13010.13,32525.33,
1985,JOG-ÍND-XL,1,41361.66,16544.66,41361.66,
1986,JEA-NEG-XL,1,21871.44,8748.58,21871.44,
1986,CAM-BEI-UNICO,1,36700.58,14680.23,36700.58,
1987,SWE-MAR-UNICO,1,32525.33,13010.13,32525.33,
1987,REM-VIO-M,1,32677.97,13071.19,32677.97,
1987,CHU-ÍND-XL,1,33823.38,13529.35,33823.38,
1988,REM-BLA-XL,1,32677.97,13071.19,32677.97,
1989,CHU-NEG-S,1,33823.38,13529.35,33823.38,
1989,SWE-AZU-S,1,32525.33,13010.13,32525.33,
1989,REM-VIO-XL,1,32677.97,13071.19,32677.97,
1990,REM-BLA-XL,1,32677.97,13071.19,32677.97,
1990,CAM-BEI-L,1,36700.58,14680.23,36700.58,
1990,JOG-CEL-UNICO,1,41361.66,16544.66,41361.66,
1990,CIN-MAR-M,1,33144.89,13257.96,33144.89,
1990,BUZ-AZU-M,1,29569.23,11827.69,29569.23,
1991,BUZ-AZU-M,1,29569.23,11827.69,29569.23,
1992,CHU-VER-XL,2,33823.38,13529.35,67646.76,
1992,SWE-MAR-L,1,32525.33,13010.13,32525.33,
1993,SWE-MAR-L,1,32525.33,13010.13,32525.33,
1993,REM-TUR-S,1,20509.68,13673.12,20509.68,7
1993,SWE-MAR-M,1,19515.2,13010.13,19515.2,7
1993,REM-VIO-XL,1,32677.97,13071.19,32677.97,
1994,JOG-AZU-UNICO,2,41361.66,16544.66,82723.32,
1994,MUS-AZU-UNICO,1,32320.56,12928.22,32320.56,
1994,MUS-AZU-UNICO,1,32320.56,12928.22,32320.56,
1995,CIN-ROS-XXL,2,33144.89,13257.96,66289.78,
1995,REM-TUR-XXL,1,34182.8,13673.12,34182.8,
1996,CAM-BEI-UNICO,1,36700.58,14680.23,36700.58,
1996,REM-BLA-XL,1,32677.97,13071.19,32677.97,
1996,CIN-MAR-XL,1,33144.89,13257.96,33144.89,
1996,CIN-TUR-UNICO,1,33144.89,13257.96,33144.89,
1997,CHU-NEG-XXL,1,33823.38,13529.35,33823.38,
1998,JOG-ÍND-M,1,41361.66,16544.66,41361.66,
1998,MUS-AZU-UNICO,1,32320.56,12928.22,32320.56,
1999,CHU-VER-XL,1,33823.38,13529.35,33823.38,
2000,CHU-VER-XL,1,33823.38,13529.35,33823.38,
2000,CIN-MAR-M,1,33144.89,13257.96,33144.89,
2001,CHU-NEG-M,1,33823.38,13529.35,33823.38,
2001,MUS-AZU-UNICO,1,32320.56,12928.22,32320.56,
2002,REM-CEL-XXL,1,34182.8,13673.12,34182.8,
2002,JOG-AZU-UNICO,1,41361.66,16544.66,41361.66,
2002,CAM-BEI-L,1,36700.58,14680.23,36700.58,
2002,JEA-NEG-M,1,21871.44,8748.58,21871.44,
2002,GOR-GRI-S,1,28716.74,11486.7,28716.74,
2003,GOR-GRI-S,1,28716.74,11486.7,28716.74,
2003,CHU-NEG-S,1,33823.38,13529.35,33823.38,
2003,SWE-MAR-L,1,32525.33,13010.13,32525.33,
2003,GOR-GRI-L,1,28716.74,11486.7,28716.74,
2003,CIN-TUR-XL,1,33144.89,13257.96,33144.89,
2004,CHU-VER-XL,1,33823.38,13529.35,33823.38,
2004,JEA-LAV-UNICO,1,21871.44,8748.58,21871.44,
2004,GOR-GRI-L,2,28716.74,11486.7,57433.48,
2005,CAM-BLA-XL,1,36700.58,14680.23,36700.58,
2006,REM-TUR-XXL,1,34182.8,13673.12,34182.8,
2006,SWE-MAR-L,1,32525.33,13010.13,32525.33,
2006,SWE-MAR-L,1,32525.33,13010.13,32525.33,
2006,CHU-NEG-XXL,1,33823.38,13529.35,33823.38,
2007,CIN-MAR-M,1,33144.89,13257.96,33144.89,
2007,REM-BLA-XL,1,32677.97,13071.19,32677.97,
2007,SWE-AZU-S,1,32525.33,13010.13,32525.33,
2007,CIN-MAR-L,2,33144.89,13257.96,66289.78,
2007,JOG-CEL-UNICO,2,41361.66,16544.66,82723.32,
2008,GOR-GRI-L,1,28716.74,11486.7,28716.74,
2008,GOR-GRI-L,1,28716.74,11486.7,28716.74,
2008,REM-CEL-XXL,1,34182.8,13673.12,34182.8,
2008,MUS-AZU-M,1,32320.56,12928.22,32320.56,
2009,SWE-MAR-XXL,2,29272.8,13010.13,58545.6,2
2009,GOR-GRI-S,1,28716.74,11486.7,28716.74,
2009,SWE-MAR-S,1,32525.33,13010.13,32525.33,
2009,CAM-BEI-S,1,36700.58,14680.23,36700.58,
2009,REM-TUR-S,1,30764.52,13673.12,30764.52,2
2010,CIN-MAR-S,1,33144.89,13257.96,33144.89,
2010,JEA-NEG-M,1,21871.44,8748.58,21871.44,
2010,JEA-NEG-M,2,21871.44,8748.58,43742.88,
2010,JOG-ÍND-XL,1,41361.66,16544.66,41361.66,
2010,GOR-GRI-M,2,28716.74,11486.7,57433.48,
2011,REM-CEL-XXL,1,34182.8,13673.12,34182.8,
2011,SWE-MAR-XXL,1,32525.33,13010.13,32525.33,
2011,CIN-MAR-XL,1,33144.89,13257.96,33144.89,
2012,GOR-GRI-L,1,28716.74,11486.7,28716.74,
2012,SWE-AZU-S,1,32525.33,13010.13,32525.33,
2013,REM-VIO-M,1,32677.97,13071.19,32677.97,
2013,JOG-CEL-UNICO,1,41361.66,16544.66,41361.66,
2013,CIN-ROS-UNICO,1,16572.44,13257.96,16572.44,11
2014,GOR-GRI-M,1,28716.74,11486.7,28716.74,
2014,CHU-ÍND-XXL,1,33823.38,13529.35,33823.38,
2014,CAM-CEL-XL,1,36700.58,14680.23,36700.58,
2014,REM-VIO-L,1,32677.97,13071.19,32677.97,
2014,JEA-LAV-UNICO,1,21871.44,8748.58,21871.44,
2015,SWE-MAR-UNICO,1,32525.33,13010.13,32525.33,
2015,GOR-ROJ-S,1,28716.74,11486.7,28716.74,
2015,CIN-MAR-XL,1,33144.89,13257.96,33144.89,
2015,JEA-NEG-UNICO,1,21871.44,8748.58,21871.44,
2016,JOG-ÍND-M,1,41361.66,16544.66,41361.66,
2016,BUZ-AZU-UNICO,1,29569.23,11827.69,29569.23,
2016,JEA-NEG-M,1,21871.44,8748.58,21871.44,
2016,CAM-BEI-UNICO,1,36700.58,14680.23,36700.58,
2017,JOG-CEL-UNICO,1,41361.66,16544.66,41361.66,
2017,CIN-TUR-UNICO,1,33144.89,13257.96,33144.89,
2017,CHU-NEG-S,1,33823.38,13529.35,33823.38,
2017,GOR-GRI-S,1,28716.74,11486.7,28716.74,
2017,JEA-LAV-UNICO,1,21871.44,8748.58,21871.44,
2018,JEA-NEG-M,1,21871.44,8748.58,21871.44,
2018,CAM-CEL-XL,1,36700.58,14680.23,36700.58,
2018,JOG-CEL-UNICO,1,41361.66,16544.66,41361.66,
2018,JOG-ÍND-XL,1,41361.66,16544.66,41361.66,
2019,CHU-VER-L,1,33823.38,13529.35,33823.38,
2019,CAM-BEI-UNICO,1,36700.58,14680.23,36700.58,
2019,CAM-BLA-XL,2,36700.58,14680.23,73401.16,
2019,SWE-AZU-S,1,32525.33,13010.13,32525.33,
2019,CAM-CEL-XL,1,36700.58,14680.23,36700.58,
2020,CIN-MAR-M,1,23201.42,13257.96,23201.42,5
2020,CHU-NEG-UNICO,1,33823.38,13529.35,33823.38,
2020,JOG-ÍND-M,1,41361.66,16544.66,41361.66,
2021,CHU-NEG-M,1,33823.38,13529.35,33823.38,
2022,JOG-ÍND-XL,1,41361.66,16544.66,41361.66,
2022,MUS-AZU-UNICO,1,32320.56,12928.22,32320.56,
2022,CIN-MAR-S,1,33144.89,13257.96,33144.89,
2022,JEA-NEG-M,1,21871.44,8748.58,21871.44,
2023,CHU-NEG-S,1,33823.38,13529.35,33823.38,
2023,CAM-BEI-L,1,36700.58,14680.23,36700.58,
2023,JOG-ÍND-S,1,41361.66,16544.66,41361.66,
2023,JEA-LAV-L,1,21871.44,8748.58,21871.44,
2023,JOG-CEL-UNICO,1,41361.66,16544.66,41361.66,
2024,CHU-ÍND-XXL,1,33823.38,13529.35,33823.38,
2024,JEA-LAV-L,2,21871.44,8748.58,43742.88,
2024,GOR-GRI-XXL,1,28716.74,11486.7,28716.74,
2025,JOG-ÍND-S,1,41361.66,16544.66,41361.66,
2025,BUZ-AZU-M,1,29569.23,11827.69,29569.23,
2025,REM-VIO-M,1,32677.97,13071.19,32677.97,
2026,MUS-AZU-M,1,32320.56,12928.22,32320.56,
2026,MUS-AZU-UNICO,1,32320.56,12928.22,32320.56,
2026,JOG-AZU-XXL,1,41361.66,16544.66,41361.66,
2027,JOG-AZU-XXL,1,33916.56,16544.66,33916.56,10
2027,CAM-CEL-XL,1,30094.48,14680.23,30094.48,10
2027,GOR-GRI-UNICO,1,28716.74,11486.7,28716.74,
2027,SWE-MAR-UNICO,1,32525.33,13010.13,32525.33,
2028,BUZ-AZU-UNICO,1,29569.23,11827.69,29569.23,
2028,BUZ-AZU-UNICO,1,29569.23,11827.69,29569.23,
2029,CHU-NEG-S,1,33823.38,13529.35,33823.38,
2030,SWE-MAR-L,1,32525.33,13010.13,32525.33,
2030,CIN-TUR-XL,1,33144.89,13257.96,33144.89,
2030,JEA-NEG-M,2,21871.44,8748.58,43742.88,
2031,REM-BLA-XL,1,32677.97,13071.19,32677.97,
2031,BUZ-AZU-M,1,29569.23,11827.69,29569.23,
2031,JOG-ÍND-XL,1,41361.66,16544.66,41361.66,
2031,MUS-CEL-S,1,32320.56,12928.22,32320.56,
2032,CHU-NEG-XXL,1,33823.38,13529.35,33823.38,
2033,SWE-MAR-L,1,32525.33,13010.13,32525.33,
2033,CHU-ÍND-L,1,33823.38,13529.35,33823.38,
2034,JEA-LAV-L,1,21871.44,8748.58,21871.44,
2034,JOG-AZU-UNICO,2,41361.66,16544.66,82723.32,
2034,MUS-AZU-XXL,1,32320.56,12928.22,32320.56,
2035,JOG-ÍND-S,1,41361.66,16544.66,41361.66,
2035,MUS-AZU-UNICO,1,32320.56,12928.22,32320.56,
2035,CIN-TUR-XL,2,33144.89,13257.96,66289.78,
2035,GOR-GRI-S,1,28716.74,11486.7,28716.74,
2036,CIN-TUR-XL,1,33144.89,13257.96,33144.89,
2036,GOR-GRI-M,1,28716.74,11486.7,28716.74,
2036,CIN-MAR-XL,1,33144.89,13257.96,33144.89,
2036,MUS-AZU-M,2,32320.56,12928.22,64641.12,
2036,GOR-GRI-XXL,2,28716.74,11486.7,57433.48,
2037,JEA-NEG-UNICO,1,21871.44,8748.58,21871.44,
2037,REM-BLA-XL,1,32677.97,13071.19,32677.97,
2038,JEA-LAV-UNICO,2,21871.44,8748.58,43742.88,
2039,CHU-NEG-M,1,33823.38,13529.35,33823.38,
2039,GOR-GRI-S,1,28716.74,11486.7,28716.74,
2039,JOG-ÍND-XL,2,41361.66,16544.66,82723.32,
2040,CAM-BEI-UNICO,2,36700.58,14680.23,73401.16,
2040,CHU-NEG-S,1,33823.38,13529.35,33823.38,
2041,SWE-MAR-L,1,32525.33,13010.13,32525.33,
2041,MUS-AZU-M,2,32320.56,12928.22,64641.12,
2041,BUZ-AZU-M,1,29569.23,11827.69,29569.23,
2042,CIN-MAR-M,1,33144.89,13257.96,33144.89,
2043,JOG-CEL-UNICO,1,41361.66,16544.66,41361.66,
2043,GOR-GRI-M,1,28716.74,11486.7,28716.74,
2043,JOG-ÍND-XL,1,41361.66,16544.66,41361.66,
2044,GOR-GRI-UNICO,1,28716.74,11486.7,28716.74,
2044,CAM-CEL-XL,2,36700.58,14680.23,73401.16,
2044,GOR-GRI-L,1,28716.74,11486.7,28716.74,
2044,MUS-AZU-XXL,1,32320.56,12928.22,32320.56,
2044,CHU-NEG-S,1,33823.38,13529.35,33823.38,
2045,MUS-AZU-UNICO,1,32320.56,12928.22,32320.56,
2045,GOR-GRI-XXL,1,18665.88,11486.7,18665.88,8
2045,JEA-LAV-UNICO,1,14216.44,8748.58,14216.44,8
2045,SWE-AZU-S,1,32525.33,13010.13,32525.33,
2046,SWE-AZU-S,1,32525.33,13010.13,32525.33,
2046,CIN-MAR-S,1,33144.89,13257.96,33144.89,
2047,MUS-AZU-UNICO,1,31520.56,12928.22,31520.56,12
2047,JEA-LAV-L,1,21871.44,8748.58,21871.44,
2047,CAM-BLA-M,1,36700.58,14680.23,36700.58,
2047,CIN-TUR-XL,1,32344.89,13257.96,32344.89,12
2047,JEA-NEG-M,1,21071.44,8748.58,21071.44,12
2048,GOR-GRI-UNICO,1,28716.74,11486.7,28716.74,
2048,MUS-AZU-XXL,1,32320.56,12928.22,32320.56,
2049,GOR-GRI-XXL,2,28716.74,11486.7,57433.48,
2049,CIN-MAR-XL,1,33144.89,13257.96,33144.89,
2049,CIN-ROS-XXL,2,33144.89,13257.96,66289.78,
2050,CIN-ROS-L,1,33144.89,13257.96,33144.89,
2050,CHU-ÍND-L,1,33823.38,13529.35,33823.38,
2050,CAM-BEI-S,1,36700.58,14680.23,36700.58,
2051,REM-CEL-XXL,1,34182.8,13673.12,34182.8,
2051,MUS-AZU-M,1,32320.56,12928.22,32320.56,
2051,CIN-MAR-XL,1,33144.89,13257.96,33144.89,
2051,JOG-ÍND-M,1,41361.66,16544.66,41361.66,
2051,CIN-MAR-L,1,33144.89,13257.96,33144.89,
2052,CIN-MAR-S,1,33144.89,13257.96,33144.89,
2052,BUZ-AZU-M,1,29569.23,11827.69,29569.23,
2052,BUZ-AZU-M,1,29569.23,11827.69,29569.23,
2052,BUZ-AZU-M,1,29569.23,11827.69,29569.23,
2053,JEA-NEG-UNICO,1,21871.44,8748.58,21871.44,
2054,REM-TUR-XXL,1,34182.8,13673.12,34182.8,
2054,MUS-AZU-XXL,1,32320.56,12928.22,32320.56,
2054,CIN-MAR-L,1,33144.89,13257.96,33144.89,
2054,JOG-ÍND-M,1,41361.66,16544.66,41361.66,
2054,CHU-VER-XL,1,33823.38,13529.35,33823.38,
2055,REM-TUR-XXL,1,34182.8,13673.12,34182.8,
2055,REM-CEL-XXL,1,34182.8,13673.12,34182.8,
2055,MUS-CEL-XXL,1,32320.56,12928.22,32320.56,
2055,CHU-NEG-XL,1,33823.38,13529.35,33823.38,
2055,GOR-GRI-XXL,1,28716.74,11486.7,28716.74,
2056,REM-VIO-M,1,32677.97,13071.19,32677.97,
2056,CIN-MAR-M,1,33144.89,13257.96,33144.89,
2056,CAM-BEI-L,1,36700.58,14680.23,36700.58,
2057,JOG-AZU-UNICO,1,41361.66,16544.66,41361.66,
2057,GOR-GRI-M,1,28716.74,11486.7,28716.74,
2057,JEA-LAV-UNICO,1,21871.44,8748.58,21871.44,
2057,CIN-MAR-S,1,33144.89,13257.96,33144.89,
2057,GOR-GRI-M,1,28716.74,11486.7,28716.74,
2058,GOR-GRI-L,1,28716.74,11486.7,28716.74,
2058,BUZ-AZU-UNICO,1,29569.23,11827.69,29569.23,
2058,JEA-NEG-XL,1,17934.58,8748.58,17934.58,9
2058,JEA-NEG-M,1,17934.58,8748.58,17934.58,9
2058,MUS-CEL-M,1,26502.86,12928.22,26502.86,9
2059,CIN-MAR-L,2,33144.89,13257.96,66289.78,
2059,CAM-BLA-M,1,36700.58,14680.23,36700.58,
2059,CAM-BEI-L,1,36700.58,14680.23,36700.58,
2060,JOG-ÍND-S,1,41361.66,16544.66,41361.66,
2060,CAM-BLA-S,1,36700.58,14680.23,36700.58,
2060,CIN-ROS-UNICO,1,33144.89,13257.96,33144.89,
2060,MUS-AZU-UNICO,1,32320.56,12928.22,32320.56,
2061,CIN-MAR-L,1,33144.89,13257.96,33144.89,
2061,GOR-ROJ-S,1,28716.74,11486.7,28716.74,
2061,JOG-CEL-L,1,41361.66,16544.66,41361.66,
2062,SWE-MAR-XXL,1,29272.8,13010.13,29272.8,2
2062,CIN-MAR-XL,1,33144.89,13257.96,33144.89,
2062,JOG-ÍND-XL,1,41361.66,16544.66,41361.66,
2062,CAM-BEI-S,1,23855.38,14680.23,23855.38,8
2063,CIN-MAR-L,1,33144.89,13257.96,33144.89,
2063,REM-TUR-XXL,2,30764.52,13673.12,61529.04,2
2063,CAM-BEI-UNICO,1,36700.58,14680.23,36700.58,
2063,REM-BLA-UNICO,1,32677.97,13071.19,32677.97,
2063,CHU-ÍND-UNICO,1,30441.04,13529.35,30441.04,2
2064,CIN-ROS-UNICO,1,33144.89,13257.96,33144.89,
2064,CIN-TUR-XL,1,33144.89,13257.96,33144.89,
2065,CIN-TUR-UNICO,1,33144.89,13257.96,33144.89,
2065,CHU-NEG-M,1,33823.38,13529.35,33823.38,
2065,CIN-MAR-M,1,33144.89,13257.96,33144.89,
2065,MUS-AZU-M,1,32320.56,12928.22,32320.56,
2065,SWE-MAR-L,2,32525.33,13010.13,65050.66,
2066,JOG-AZU-XXL,1,41361.66,16544.66,41361.66,
2067,CHU-NEG-XXL,1,33823.38,13529.35,33823.38,
2068,CAM-BEI-L,1,36700.58,14680.23,36700.58,
2068,CHU-NEG-S,2,33823.38,13529.35,67646.76,
2068,CIN-MAR-XL,2,33144.89,13257.96,66289.78,
2068,GOR-GRI-M,1,28716.74,11486.7,28716.74,
2068,SWE-AZU-S,1,32525.33,13010.13,32525.33,
2069,CIN-TUR-XL,1,33144.89,13257.96,33144.89,
2069,JEA-NEG-XL,1,21871.44,8748.58,21871.44,
2069,CAM-BEI-S,1,36700.58,14680.23,36700.58,
2069,JEA-NEG-XL,1,21871.44,8748.58,21871.44,
2069,REM-VIO-XXL,1,21240.68,13071.19,21240.68,8
2070,JOG-CEL-UNICO,1,41361.66,16544.66,41361.66,
2070,SWE-MAR-L,1,32525.33,13010.13,32525.33,
2070,MUS-CEL-S,1,32320.56,12928.22,32320.56,
2070,JOG-ÍND-XL,1,41361.66,16544.66,41361.66,
2071,BUZ-AZU-UNICO,1,29569.23,11827.69,29569.23,
2071,CIN-TUR-UNICO,1,33144.89,13257.96,33144.89,
2071,REM-CEL-XXL,1,34182.8,13673.12,34182.8,
2072,CAM-BEI-L,1,36700.58,14680.23,36700.58,
2072,REM-VIO-M,1,32677.97,13071.19,32677.97,
2072,GOR-GRI-XXL,1,28716.74,11486.7,28716.74,
2072,CHU-NEG-XXL,1,33823.38,13529.35,33823.38,
2073,GOR-GRI-S,1,28716.74,11486.7,28716.74,
2073,SWE-MAR-UNICO,1,32525.33,13010.13,32525.33,
2073,CIN-MAR-XL,1,33144.89,13257.96,33144.89,
2074,CAM-BEI-UNICO,1,36700.58,14680.23,36700.58,
2074,JOG-ÍND-M,1,41361.66,16544.66,41361.66,
2074,REM-VIO-M,1,32677.97,13071.19,32677.97,
2074,CAM-BEI-L,1,36700.58,14680.23,36700.58,
2075,SWE-MAR-XXL,1,32525.33,13010.13,32525.33,
2075,MUS-CEL-S,1,32320.56,12928.22,32320.56,
2076,REM-VIO-XL,1,32677.97,13071.19,32677.97,
2076,CHU-NEG-XL,1,33823.38,13529.35,33823.38,
2076,MUS-CEL-M,1,32320.56,12928.22,32320.56,
2076,BUZ-AZU-L,1,29569.23,11827.69,29569.23,
2076,GOR-GRI-L,1,28716.74,11486.7,28716.74,
2077,CAM-CEL-XL,1,36700.58,14680.23,36700.58,
2077,JEA-NEG-M,1,21871.44,8748.58,21871.44,
2077,SWE-MAR-L,2,32525.33,13010.13,65050.66,
2078,JEA-NEG-UNICO,1,21871.44,8748.58,21871.44,
2078,JOG-ÍND-XL,1,41361.66,16544.66,41361.66,
2079,CAM-BEI-L,1,36700.58,14680.23,36700.58,
2079,CAM-BLA-XL,1,36700.58,14680.23,36700.58,
2079,SWE-AZU-S,1,32525.33,13010.13,32525.33,
2079,CAM-BLA-M,1,36700.58,14680.23,36700.58,
2080,CIN-MAR-XL,1,33144.89,13257.96,33144.89,
2080,CIN-ROS-XXL,1,33144.89,13257.96,33144.89,
2080,REM-VIO-M,1,32677.97,13071.19,32677.97,
2080,CIN-TUR-UNICO,1,33144.89,13257.96,33144.89,
2081,SWE-MAR-XXL,1,29272.8,13010.13,29272.8,2
2081,CHU-NEG-S,1,33823.38,13529.35,33823.38,
2081,SWE-MAR-XXL,1,29272.8,13010.13,29272.8,2
2082,CAM-BEI-UNICO,1,36700.58,14680.23,36700.58,
2082,REM-VIO-XXL,1,32677.97,13071.19,32677.97,
2082,JOG-AZU-UNICO,1,41361.66,16544.66,41361.66,
2082,REM-VIO-M,1,26795.94,13071.19,26795.94,9
2082,MUS-AZU-XXL,1,32320.56,12928.22,32320.56,
2083,BUZ-AZU-M,1,29569.23,11827.69,29569.23,
2084,JOG-AZU-XXL,1,41361.66,16544.66,41361.66,
2084,MUS-AZU-UNICO,1,32320.56,12928.22,32320.56,
2084,CIN-MAR-M,1,33144.89,13257.96,33144.89,
2084,JOG-ÍND-XL,1,41361.66,16544.66,41361.66,
2084,CHU-VER-XL,1,33823.38,13529.35,33823.38,
2085,SWE-MAR-UNICO,1,32525.33,13010.13,32525.33,
2085,CHU-NEG-S,1,33823.38,13529.35,33823.38,
2086,SWE-MAR-S,1,32525.33,13010.13,32525.33,
2087,CIN-ROS-XXL,1,33144.89,13257.96,33144.89,
2087,CHU-NEG-S,1,33823.38,13529.35,33823.38,
2088,CHU-NEG-UNICO,1,33823.38,13529.35,33823.38,
2088,CHU-NEG-XXL,1,33823.38,13529.35,33823.38,
2088,CIN-TUR-XL,1,33144.89,13257.96,33144.89,
2088,REM-BLA-XL,2,32677.97,13071.19,65355.94,
2088,JOG-AZU-UNICO,1,41361.66,16544.66,41361.66,
2089,CIN-MAR-L,1,33144.89,13257.96,33144.89,
2089,GOR-GRI-XXL,1,28716.74,11486.7,28716.74,
2090,JEA-LAV-L,2,21871.44,8748.58,43742.88,
2090,GOR-GRI-S,1,28716.74,11486.7,28716.74,
2090,CIN-TUR-UNICO,1,33144.89,13257.96,33144.89,
2091,CIN-MAR-L,1,33144.89,13257.96,33144.89,
2091,JEA-LAV-L,1,21871.44,8748.58,21871.44,
2091,CHU-VER-XL,1,33823.38,13529.35,33823.38,
2091,CHU-ÍND-XXL,1,33823.38,13529.35,33823.38,
2092,MUS-CEL-S,1,32320.56,12928.22,32320.56,
2093,CAM-BEI-S,1,36700.58,14680.23,36700.58,
2093,JOG-AZU-XXL,1,41361.66,16544.66,41361.66,
2093,CHU-NEG-UNICO,1,33823.38,13529.35,33823.38,
2093,CAM-BEI-S,1,36700.58,14680.23,36700.58,
2094,JOG-CEL-UNICO,1,41361.66,16544.66,41361.66,
2095,JEA-LAV-L,1,21871.44,8748.58,21871.44,
2096,CAM-BEI-UNICO,1,36700.58,14680.23,36700.58,
2096,JOG-ÍND-S,1,41361.66,16544.66,41361.66,
2096,JOG-AZU-XXL,1,20680.83,16544.66,20680.83,11
2096,MUS-AZU-M,1,32320.56,12928.22,32320.56,
2096,CHU-NEG-XXL,1,33823.38,13529.35,33823.38,
2097,REM-TUR-XXL,1,34182.8,13673.12,34182.8,
2097,CIN-MAR-XL,1,33144.89,13257.96,33144.89,
2097,GOR-GRI-M,2,28716.74,11486.7,57433.48,
2097,CIN-MAR-S,2,33144.89,13257.96,66289.78,
2098,MUS-AZU-XXL,2,32320.56,12928.22,64641.12,
2098,JEA-NEG-M,1,21871.44,8748.58,21871.44,
2098,JOG-ÍND-M,1,41361.66,16544.66,41361.66,
2098,SWE-MAR-L,1,32525.33,13010.13,32525.33,
2099,MUS-AZU-XXL,2,32320.56,12928.22,64641.12,
2099,JOG-ÍND-M,1,41361.66,16544.66,41361.66,
2099,CHU-ÍND-XXL,1,33823.38,13529.35,33823.38,
2099,CIN-ROS-XXL,1,33144.89,13257.96,33144.89,
2100,REM-VIO-XXL,1,32677.97,13071.19,32677.97,
2100,CHU-ÍND-XXL,1,33823.38,13529.35,33823.38,
2101,MUS-AZU-M,1,32320.56,12928.22,32320.56,
2101,REM-BLA-XL,1,32677.97,13071.19,32677.97,
2101,JOG-AZU-UNICO,1,41361.66,16544.66,41361.66,
2102,REM-VIO-M,2,32677.97,13071.19,65355.94,
2102,CIN-MAR-XL,1,33144.89,13257.96,33144.89,
2102,CIN-TUR-XL,1,33144.89,13257.96,33144.89,
2102,JOG-AZU-UNICO,1,41361.66,16544.66,41361.66,
2102,CIN-MAR-S,2,33144.89,13257.96,66289.78,
2103,CIN-MAR-S,1,33144.89,13257.96,33144.89,
2103,CIN-ROS-XXL,1,33144.89,13257.96,33144.89,
2103,REM-TUR-XXL,1,30080.86,13673.12,30080.86,6
2103,CHU-NEG-S,1,33823.38,13529.35,33823.38,
2103,BUZ-AZU-UNICO,1,29569.23,11827.69,29569.23,
2104,CIN-TUR-XL,2,33144.89,13257.96,66289.78,
2104,REM-TUR-XXL,1,34182.8,13673.12,34182.8,
2104,BUZ-AZU-M,1,29569.23,11827.69,29569.23,
2104,CIN-MAR-M,1,33144.89,13257.96,33144.89,
2104,REM-TUR-S,1,34182.8,13673.12,34182.8,
2105,MUS-AZU-M,1,32320.56,12928.22,32320.56,
2105,CAM-BLA-S,1,36700.58,14680.23,36700.58,
2106,JEA-NEG-UNICO,1,21871.44,8748.58,21871.44,
2106,CIN-TUR-XL,1,33144.89,13257.96,33144.89,
2106,REM-TUR-XXL,1,34182.8,13673.12,34182.8,
2106,CIN-MAR-L,1,33144.89,13257.96,33144.89,
2106,REM-VIO-L,2,32677.97,13071.19,65355.94,
2107,CIN-MAR-M,2,33144.89,13257.96,66289.78,
2107,CIN-MAR-S,1,33144.89,13257.96,33144.89,
2107,REM-TUR-XXL,2,34182.8,13673.12,68365.6,
2108,GOR-GRI-M,1,28716.74,11486.7,28716.74,
2108,REM-CEL-XXL,1,34182.8,13673.12,34182.8,
2108,BUZ-AZU-M,1,29569.23,11827.69,29569.23,
2108,REM-VIO-L,1,32677.97,13071.19,32677.97,
2109,JOG-AZU-UNICO,1,41361.66,16544.66,41361.66,
2110,JEA-NEG-M,1,21871.44,8748.58,21871.44,
2110,BUZ-AZU-UNICO,1,29569.23,11827.69,29569.23,
2111,REM-TUR-XXL,1,34182.8,13673.12,34182.8,
2112,MUS-AZU-M,1,32320.56,12928.22,32320.56,
2112,SWE-AZU-S,1,32525.33,13010.13,32525.33,
2113,JOG-CEL-UNICO,2,41361.66,16544.66,82723.32,
2113,CAM-BEI-UNICO,1,36700.58,14680.23,36700.58,
2113,CHU-VER-XL,2,33823.38,13529.35,67646.76,
2113,JOG-CEL-UNICO,1,41361.66,16544.66,41361.66,
2114,JOG-CEL-UNICO,1,41361.66,16544.66,41361.66,
2114,BUZ-AZU-M,1,29569.23,11827.69,29569.23,
2114,JEA-NEG-M,1,21871.44,8748.58,21871.44,
2114,GOR-GRI-L,1,28716.74,11486.7,28716.74,
2114,JOG-ÍND-XL,1,41361.66,16544.66,41361.66,
2115,CIN-ROS-XXL,1,33144.89,13257.96,33144.89,
2115,CIN-MAR-XL,1,33144.89,13257.96,33144.89,
2115,MUS-AZU-M,1,32320.56,12928.22,32320.56,
2115,REM-VIO-L,1,32677.97,13071.19,32677.97,
2115,SWE-MAR-M,1,32525.33,13010.13,32525.33,
2116,JOG-AZU-UNICO,1,41361.66,16544.66,41361.66,
2116,SWE-AZU-S,1,32525.33,13010.13,32525.33,
2116,CAM-BLA-M,1,36700.58,14680.23,36700.58,
2116,JOG-ÍND-S,1,41361.66,16544.66,41361.66,
2117,GOR-GRI-XXL,1,28716.74,11486.7,28716.74,
2117,SWE-MAR-L,1,32525.33,13010.13,32525.33,
2118,CIN-TUR-UNICO,1,33144.89,13257.96,33144.89,
2118,GOR-GRI-L,1,28716.74,11486.7,28716.74,
2118,JOG-ÍND-S,1,41361.66,16544.66,41361.66,
2118,BUZ-AZU-UNICO,1,29569.23,11827.69,29569.23,
2118,JOG-ÍND-S,1,41361.66,16544.66,41361.66,
2119,CAM-BLA-S,1,36700.58,14680.23,36700.58,
2119,REM-CEL-XXL,1,34182.8,13673.12,34182.8,
2119,MUS-CEL-M,1,32320.56,12928.22,32320.56,
2119,CIN-MAR-S,1,33144.89,13257.96,33144.89,
2120,MUS-AZU-UNICO,1,32320.56,12928.22,32320.56,
2121,CIN-MAR-S,1,33144.89,13257.96,33144.89,
2121,CAM-BEI-L,1,36700.58,14680.23,36700.58,
2122,JEA-NEG-UNICO,1,21871.44,8748.58,21871.44,
2123,BUZ-AZU-M,1,29569.23,11827.69,29569.23,
2124,JOG-ÍND-M,1,41361.66,16544.66,41361.66,
2124,CAM-BEI-UNICO,1,36700.58,14680.23,36700.58,
2125,REM-BLA-XL,1,32677.97,13071.19,32677.97,
2125,JOG-AZU-UNICO,1,41361.66,16544.66,41361.66,
2125,CIN-MAR-L,1,33144.89,13257.96,33144.89,
2125,CAM-BEI-L,1,35900.58,14680.23,35900.58,12
2126,REM-TUR-XXL,1,34182.8,13673.12,34182.8,
2126,BUZ-AZU-M,1,29569.23,11827.69,29569.23,
2126,JOG-AZU-UNICO,2,41361.66,16544.66,82723.32,
2126,JOG-ÍND-XL,1,41361.66,16544.66,41361.66,
2126,REM-CEL-XXL,1,34182.8,13673.12,34182.8,
2127,JEA-NEG-UNICO,1,21871.44,8748.58,21871.44,
2128,CIN-TUR-XL,2,33144.89,13257.96,66289.78,
2129,CAM-BLA-M,1,36700.58,14680.23,36700.58,
2129,CIN-MAR-XL,1,33144.89,13257.96,33144.89,
2129,SWE-AZU-S,1,32525.33,13010.13,32525.33,
2129,CIN-TUR-UNICO,1,33144.89,13257.96,33144.89,
2129,MUS-CEL-S,1,32320.56,12928.22,32320.56,
2130,SWE-MAR-XXL,1,32525.33,13010.13,32525.33,
2130,MUS-CEL-M,1,32320.56,12928.22,32320.56,
2130,CHU-NEG-XL,1,33823.38,13529.35,33823.38,
2130,CHU-VER-XL,1,33823.38,13529.35,33823.38,
2130,CIN-ROS-XXL,1,33144.89,13257.96,33144.89,
2131,SWE-AZU-S,1,32525.33,13010.13,32525.33,
2131,CIN-TUR-UNICO,1,33144.89,13257.96,33144.89,
2131,REM-TUR-XXL,1,34182.8,13673.12,34182.8,
2131,JEA-LAV-UNICO,1,21871.44,8748.58,21871.44,
2131,GOR-GRI-M,1,28716.74,11486.7,28716.74,
2132,CAM-BEI-UNICO,1,36700.58,14680.23,36700.58,
2132,JEA-NEG-M,1,21871.44,8748.58,21871.44,
2132,MUS-AZU-XXL,1,32320.56,12928.22,32320.56,
2132,CAM-BEI-UNICO,1,36700.58,14680.23,36700.58,
2133,GOR-GRI-UNICO,1,28716.74,11486.7,28716.74,
2133,JOG-ÍND-M,1,41361.66,16544.66,41361.66,
2134,JEA-NEG-M,1,21871.44,8748.58,21871.44,
2134,GOR-GRI-S,2,28716.74,11486.7,57433.48,
2134,SWE-MAR-L,2,32525.33,13010.13,65050.66,
2134,JEA-LAV-L,2,21871.44,8748.58,43742.88,
2134,CIN-MAR-M,1,33144.89,13257.96,33144.89,
2135,JOG-ÍND-S,2,41361.66,16544.66,82723.32,
2135,MUS-AZU-UNICO,1,32320.56,12928.22,32320.56,
2135,JOG-AZU-UNICO,1,41361.66,16544.66,41361.66,
2136,MUS-AZU-UNICO,1,32320.56,12928.22,32320.56,
2137,REM-CEL-XXL,1,34182.8,13673.12,34182.8,
2137,SWE-MAR-UNICO,1,32525.33,13010.13,32525.33,
2138,JOG-AZU-UNICO,1,40561.66,16544.66,40561.66,12
2138,REM-TUR-XXL,1,34182.8,13673.12,34182.8,
2139,CIN-TUR-XL,2,33144.89,13257.96,66289.78,
2139,JOG-ÍND-M,1,41361.66,16544.66,41361.66,
2139,MUS-AZU-M,1,32320.56,12928.22,32320.56,
2139,CHU-ÍND-L,1,33823.38,13529.35,33823.38,
2139,CIN-MAR-S,1,33144.89,13257.96,33144.89,
2140,BUZ-AZU-M,1,29569.23,11827.69,29569.23,
2140,MUS-AZU-UNICO,2,32320.56,12928.22,64641.12,
2140,JOG-CEL-UNICO,2,41361.66,16544.66,82723.32,
2141,JOG-AZU-XXL,1,41361.66,16544.66,41361.66,
2141,SWE-MAR-UNICO,2,32525.33,13010.13,65050.66,
2142,CHU-VER-XL,1,33823.38,13529.35,33823.38,
2142,CIN-TUR-XL,1,33144.89,13257.96,33144.89,
2142,BUZ-AZU-UNICO,1,29569.23,11827.69,29569.23,
2142,CHU-NEG-M,1,33823.38,13529.35,33823.38,
2143,GOR-ROJ-UNICO,1,28716.74,11486.7,28716.74,
2143,CAM-BLA-S,1,23855.38,14680.23,23855.38,8
2143,JOG-AZU-XXL,1,41361.66,16544.66,41361.66,
2143,REM-VIO-XXL,1,32677.97,13071.19,32677.97,
2143,CIN-TUR-UNICO,1,33144.89,13257.96,33144.89,
2144,REM-VIO-XL,1,32677.97,13071.19,32677.97,
2144,CIN-MAR-XL,1,33144.89,13257.96,33144.89,
2144,JOG-CEL-UNICO,1,41361.66,16544.66,41361.66,
2144,REM-BLA-XL,1,32677.97,13071.19,32677.97,
2145,JOG-AZU-XXL,1,41361.66,16544.66,41361.66,
2145,GOR-GRI-M,1,28716.74,11486.7,28716.74,
2145,MUS-AZU-UNICO,1,32320.56,12928.22,32320.56,
2145,GOR-ROJ-S,1,28716.74,11486.7,28716.74,
2146,CIN-MAR-L,1,33144.89,13257.96,33144.89,
2146,REM-BLA-XL,2,32677.97,13071.19,65355.94,
2146,GOR-GRI-XXL,1,28716.74,11486.7,28716.74,
2147,CHU-NEG-S,1,27735.17,13529.35,27735.17,10
2147,CIN-TUR-XL,1,33144.89,13257.96,33144.89,
2148,JOG-AZU-UNICO,1,41361.66,16544.66,41361.66,
2148,CIN-MAR-S,1,33144.89,13257.96,33144.89,
2149,CAM-CEL-XL,1,36700.58,14680.23,36700.58,
2149,CIN-TUR-XL,1,33144.89,13257.96,33144.89,
2149,BUZ-AZU-M,1,29569.23,11827.69,29569.23,
2149,REM-VIO-XL,2,32677.97,13071.19,65355.94,
2149,CHU-ÍND-XXL,1,33823.38,13529.35,33823.38,
2150,BUZ-AZU-M,1,29569.23,11827.69,29569.23,
2150,CHU-VER-XL,1,33823.38,13529.35,33823.38,
2150,REM-TUR-XXL,1,34182.8,13673.12,34182.8,
2151,JOG-AZU-XXL,1,41361.66,16544.66,41361.66,
2151,CAM-BLA-M,1,36700.58,14680.23,36700.58,
2151,CIN-MAR-S,1,33144.89,13257.96,33144.89,
2151,JEA-LAV-UNICO,1,21871.44,8748.58,21871.44,
2152,MUS-AZU-XXL,1,32320.56,12928.22,32320.56,
2152,REM-BLA-XL,1,32677.97,13071.19,32677.97,
2152,JOG-ÍND-M,1,41361.66,16544.66,41361.66,
2153,JOG-ÍND-M,1,41361.66,16544.66,41361.66,
2153,BUZ-AZU-M,2,29569.23,11827.69,59138.46,
2153,GOR-GRI-M,1,28716.74,11486.7,28716.74,
2153,CAM-BEI-UNICO,1,36700.58,14680.23,36700.58,
2153,JOG-AZU-UNICO,1,41361.66,16544.66,41361.66,
2154,GOR-GRI-UNICO,1,28716.74,11486.7,28716.74,
2154,JOG-ÍND-XL,1,41361.66,16544.66,41361.66,
2155,CAM-BLA-XL,1,36700.58,14680.23,36700.58,
2155,CHU-NEG-UNICO,1,33823.38,13529.35,33823.38,
2155,CHU-NEG-XL,1,33823.38,13529.35,33823.38,
2156,CIN-MAR-M,1,33144.89,13257.96,33144.89,
2157,CHU-NEG-S,1,33823.38,13529.35,33823.38,
2158,CAM-BEI-L,1,36700.58,14680.23,36700.58,
2158,JOG-ÍND-XL,1,41361.66,16544.66,41361.66,
2158,JOG-ÍND-XL,1,41361.66,16544.66,41361.66,
2159,CAM-BEI-L,1,29360.46,14680.23,29360.46,1
2159,GOR-ROJ-L,1,23547.73,11486.7,23547.73,9
2159,GOR-GRI-UNICO,1,22973.39,11486.7,22973.39,1
2160,CHU-ÍND-XL,2,33823.38,13529.35,67646.76,
2160,REM-VIO-M,1,32677.97,13071.19,32677.97,
2160,CAM-BEI-L,1,36700.58,14680.23,36700.58,
2160,GOR-GRI-M,1,28716.74,11486.7,28716.74,
2160,CIN-MAR-S,1,33144.89,13257.96,33144.89,
2161,JEA-NEG-UNICO,2,21871.44,8748.58,43742.88,
2161,REM-CEL-XXL,1,34182.8,13673.12,34182.8,
2161,GOR-ROJ-UNICO,1,28716.74,11486.7,28716.74,
2161,SWE-AZU-S,1,32525.33,13010.13,32525.33,
2161,JOG-AZU-XL,1,28953.16,16544.66,28953.16,5
2162,CAM-BLA-XL,1,36700.58,14680.23,36700.58,
2162,GOR-GRI-M,1,28716.74,11486.7,28716.74,
2162,CAM-BLA-XL,1,36700.58,14680.23,36700.58,
2163,REM-CEL-XXL,1,34182.8,13673.12,34182.8,
2163,REM-VIO-XL,2,32677.97,13071.19,65355.94,
2163,CIN-MAR-XL,1,33144.89,13257.96,33144.89,
2163,CIN-MAR-L,1,33144.89,13257.96,33144.89,
2163,REM-VIO-L,1,32677.97,13071.19,32677.97,
2164,CIN-MAR-XL,1,33144.89,13257.96,33144.89,
2164,BUZ-AZU-UNICO,1,29569.23,11827.69,29569.23,
2164,CHU-NEG-S,1,29764.57,13529.35,29764.57,6
2164,CIN-ROS-L,1,29167.5,13257.96,29167.5,6
2164,SWE-AZU-XXL,2,28622.29,13010.13,57244.58,6
2165,JEA-NEG-M,1,14216.44,8748.58,14216.44,8
2165,REM-TUR-XXL,1,22218.82,13673.12,22218.82,8
2165,JEA-NEG-M,1,21871.44,8748.58,21871.44,
2165,CIN-ROS-XXL,1,33144.89,13257.96,33144.89,
2165,JOG-AZU-XL,1,41361.66,16544.66,41361.66,
2166,GOR-ROJ-UNICO,1,28716.74,11486.7,28716.74,
2166,CAM-BEI-UNICO,1,36700.58,14680.23,36700.58,
2167,CHU-NEG-XL,1,33823.38,13529.35,33823.38,
2168,BUZ-AZU-UNICO,1,29569.23,11827.69,29569.23,
2168,REM-VIO-L,2,32677.97,13071.19,65355.94,
2168,JOG-ÍND-XL,1,41361.66,16544.66,41361.66,
2168,CIN-MAR-M,1,33144.89,13257.96,33144.89,
2169,JOG-ÍND-XL,1,41361.66,16544.66,41361.66,
2170,CHU-ÍND-L,1,33823.38,13529.35,33823.38,
2170,CAM-CEL-XL,1,36700.58,14680.23,36700.58,
2171,CAM-BEI-UNICO,1,36700.58,14680.23,36700.58,
2171,CHU-VER-L,1,33823.38,13529.35,33823.38,
2171,GOR-GRI-XXL,1,28716.74,11486.7,28716.74,
2172,GOR-GRI-XXL,1,28716.74,11486.7,28716.74,
2173,CIN-MAR-L,1,33144.89,13257.96,33144.89,
2174,CAM-BEI-L,1,36700.58,14680.23,36700.58,
2174,REM-BLA-XL,1,32677.97,13071.19,32677.97,
2174,REM-BLA-XL,1,32677.97,13071.19,32677.97,
2175,CHU-NEG-M,1,33823.38,13529.35,33823.38,
2175,GOR-ROJ-L,1,28716.74,11486.7,28716.74,
2175,BUZ-AZU-L,1,29569.23,11827.69,29569.23,
2175,CHU-VER-L,1,33823.38,13529.35,33823.38,
2176,REM-CEL-XXL,1,34182.8,13673.12,34182.8,
2177,SWE-AZU-S,1,32525.33,13010.13,32525.33,
2178,CHU-NEG-M,1,33823.38,13529.35,33823.38,
2178,JOG-ÍND-XL,1,41361.66,16544.66,41361.66,
2178,GOR-GRI-XXL,1,28716.74,11486.7,28716.74,
2179,JEA-LAV-UNICO,1,21871.44,8748.58,21871.44,
2179,SWE-AZU-S,1,32525.33,13010.13,32525.33,
2180,CHU-VER-L,1,33823.38,13529.35,33823.38,
2180,CAM-BLA-M,1,36700.58,14680.23,36700.58,
2181,MUS-CEL-S,2,32320.56,12928.22,64641.12,
2181,CHU-VER-XL,1,33823.38,13529.35,33823.38,
2181,CIN-MAR-S,1,33144.89,13257.96,33144.89,
2182,JEA-NEG-M,1,21871.44,8748.58,21871.44,
2182,SWE-AZU-S,1,32525.33,13010.13,32525.33,
2183,CAM-BEI-UNICO,1,36700.58,14680.23,36700.58,
2183,MUS-AZU-XXL,1,32320.56,12928.22,32320.56,
2184,JOG-AZU-XXL,1,26885.08,16544.66,26885.08,8
2184,CIN-ROS-UNICO,1,33144.89,13257.96,33144.89,
2184,BUZ-AZU-L,1,19220.0,11827.69,19220.0,8
2185,GOR-GRI-UNICO,1,28716.74,11486.7,28716.74,
2186,MUS-CEL-S,1,32320.56,12928.22,32320.56,
2186,JOG-CEL-UNICO,1,41361.66,16544.66,41361.66,
2186,SWE-MAR-L,1,32525.33,13010.13,32525.33,
2187,JEA-LAV-UNICO,1,21871.44,8748.58,21871.44,
2187,JEA-NEG-M,1,21871.44,8748.58,21871.44,
2187,GOR-GRI-XXL,2,28716.74,11486.7,57433.48,
2187,CHU-VER-XL,1,33823.38,13529.35,33823.38,
2187,CIN-MAR-M,1,33144.89,13257.96,33144.89,
2188,MUS-AZU-M,1,32320.56,12928.22,32320.56,
2188,CHU-VER-L,1,33823.38,13529.35,33823.38,
2188,CIN-TUR-XL,1,33144.89,13257.96,33144.89,
2189,CHU-ÍND-XXL,1,33823.38,13529.35,33823.38,
2189,MUS-CEL-M,1,32320.56,12928.22,32320.56,
2190,REM-TUR-S,1,34182.8,13673.12,34182.8,
2190,JOG-AZU-XL,1,41361.66,16544.66,41361.66,
2190,BUZ-AZU-UNICO,1,29569.23,11827.69,29569.23,
2190,JOG-ÍND-M,1,41361.66,16544.66,41361.66,
2191,BUZ-AZU-UNICO,1,29569.23,11827.69,29569.23,
2191,SWE-MAR-UNICO,1,32525.33,13010.13,32525.33,
2191,CIN-ROS-UNICO,1,33144.89,13257.96,33144.89,
2192,REM-CEL-XXL,1,34182.8,13673.12,34182.8,
2192,GOR-GRI-UNICO,1,28716.74,11486.7,28716.74,
2192,CIN-MAR-XL,1,33144.89,13257.96,33144.89,
2193,CIN-MAR-XL,1,33144.89,13257.96,33144.89,
2193,JOG-AZU-L,1,41361.66,16544.66,41361.66,
2194,MUS-AZU-XXL,1,32320.56,12928.22,32320.56,
2194,CIN-TUR-XL,1,33144.89,13257.96,33144.89,
2195,CIN-MAR-L,1,33144.89,13257.96,33144.89,
2196,JEA-LAV-L,1,21871.44,8748.58,21871.44,
2196,JOG-ÍND-M,1,41361.66,16544.66,41361.66,
2196,GOR-GRI-XXL,2,28716.74,11486.7,57433.48,
2196,REM-CEL-XXL,1,34182.8,13673.12,34182.8,
2197,GOR-GRI-XXL,1,28716.74,11486.7,28716.74,
2197,CAM-BEI-UNICO,1,36700.58,14680.23,36700.58,
2197,CAM-BEI-UNICO,1,22020.35,14680.23,22020.35,7
2197,JOG-CEL-UNICO,1,24817.0,16544.66,24817.0,7
2198,CAM-BLA-M,2,36700.58,14680.23,73401.16,
2198,GOR-GRI-M,1,28716.74,11486.7,28716.74,
2198,REM-CEL-XXL,1,28029.9,13673.12,28029.9,10
2199,BUZ-AZU-UNICO,1,29569.23,11827.69,29569.23,
2199,CHU-ÍND-XXL,1,20294.03,13529.35,20294.03,7
2199,CHU-VER-L,1,33823.38,13529.35,33823.38,
2200,CIN-MAR-M,1,33144.89,13257.96,33144.89,
2200,CIN-MAR-S,2,33144.89,13257.96,66289.78,
2200,JOG-ÍND-S,2,41361.66,16544.66,82723.32,
2200,CHU-ÍND-XXL,1,33823.38,13529.35,33823.38,
2200,MUS-AZU-M,1,32320.56,12928.22,32320.56,
2201,REM-TUR-S,1,34182.8,13673.12,34182.8,
2201,JOG-AZU-XL,1,41361.66,16544.66,41361.66,
2202,MUS-CEL-M,2,32320.56,12928.22,64641.12,
2202,GOR-GRI-UNICO,1,28716.74,11486.7,28716.74,
2202,GOR-ROJ-S,1,28716.74,11486.7,28716.74,
2202,GOR-ROJ-S,1,28716.74,11486.7,28716.74,
2203,CIN-ROS-XXL,1,33144.89,13257.96,33144.89,
2203,JEA-NEG-M,2,21871.44,8748.58,43742.88,
2203,CHU-VER-L,1,33823.38,13529.35,33823.38,
2204,JEA-NEG-M,1,21871.44,8748.58,21871.44,
2204,SWE-AZU-S,1,32525.33,13010.13,32525.33,
2204,MUS-AZU-UNICO,1,32320.56,12928.22,32320.56,
2204,MUS-AZU-M,2,32320.56,12928.22,64641.12,
2204,CHU-NEG-XL,1,33823.38,13529.35,33823.38,
2205,CAM-CEL-XL,1,36700.58,14680.23,36700.58,
2206,JEA-LAV-L,1,21871.44,8748.58,21871.44,
2206,CAM-BLA-XL,1,33030.52,14680.23,33030.52,2
2206,CAM-BLA-M,1,36700.58,14680.23,36700.58,
2206,BUZ-AZU-L,1,29569.23,11827.69,29569.23,
2206,CIN-MAR-L,1,29830.4,13257.96,29830.4,2
2207,CHU-NEG-UNICO,1,27735.17,13529.35,27735.17,9
2207,GOR-GRI-M,2,28716.74,11486.7,57433.48,
2207,CIN-TUR-UNICO,2,33144.89,13257.96,66289.78,
2207,JEA-LAV-L,1,21871.44,8748.58,21871.44,
2207,REM-BLA-UNICO,1,32677.97,13071.19,32677.97,
2208,MUS-AZU-UNICO,1,32320.56,12928.22,32320.56,
2209,CAM-BLA-XL,1,36700.58,14680.23,36700.58,
2209,CIN-ROS-XXL,1,33144.89,13257.96,33144.89,
2210,BUZ-AZU-M,1,29569.23,11827.69,29569.23,
2210,GOR-GRI-XXL,1,28716.74,11486.7,28716.74,
2211,CHU-VER-XL,1,33823.38,13529.35,33823.38,
2211,REM-BLA-UNICO,1,32677.97,13071.19,32677.97,
2212,SWE-MAR-UNICO,2,32525.33,13010.13,65050.66,
2212,MUS-AZU-M,1,31520.56,12928.22,31520.56,12
2212,CIN-MAR-S,1,33144.89,13257.96,33144.89,
2212,REM-CEL-XXL,1,34182.8,13673.12,34182.8,
2213,CHU-ÍND-XXL,1,33823.38,13529.35,33823.38,
2214,CIN-ROS-XXL,1,33144.89,13257.96,33144.89,
2214,REM-BLA-XL,1,32677.97,13071.19,32677.97,
2214,BUZ-AZU-UNICO,1,29569.23,11827.69,29569.23,
2215,CIN-MAR-S,1,33144.89,13257.96,33144.89,
2215,JEA-LAV-UNICO,2,21871.44,8748.58,43742.88,
2215,JEA-LAV-L,1,21871.44,8748.58,21871.44,
2215,GOR-GRI-L,1,28716.74,11486.7,28716.74,
2215,GOR-GRI-M,1,28716.74,11486.7,28716.74,
2216,CAM-BLA-S,1,36700.58,14680.23,36700.58,
2216,CAM-BLA-M,1,36700.58,14680.23,36700.58,
2216,CIN-MAR-XL,1,27178.81,13257.96,27178.81,10
2216,GOR-GRI-L,1,28716.74,11486.7,28716.74,
2217,GOR-GRI-UNICO,1,28716.74,11486.7,28716.74,
2217,JEA-LAV-L,1,21871.44,8748.58,21871.44,
2217,CHU-NEG-S,1,33823.38,13529.35,33823.38,
2217,REM-VIO-L,1,32677.97,13071.19,32677.97,
2217,CAM-BLA-M,1,36700.58,14680.23,36700.58,
2218,CIN-ROS-XXL,1,33144.89,13257.96,33144.89,
2218,CIN-MAR-M,1,33144.89,13257.96,33144.89,
2218,CAM-BEI-L,2,36700.58,14680.23,73401.16,
2218,REM-VIO-L,1,32677.97,13071.19,32677.97,
2219,CHU-ÍND-XXL,1,33823.38,13529.35,33823.38,
2219,MUS-AZU-M,1,32320.56,12928.22,32320.56,
2219,CIN-TUR-UNICO,2,33144.89,13257.96,66289.78,
2219,JOG-ÍND-M,1,41361.66,16544.66,41361.66,
2220,CIN-ROS-XXL,1,33144.89,13257.96,33144.89,
2220,CIN-MAR-S,1,33144.89,13257.96,33144.89,
2221,BUZ-AZU-M,2,29569.23,11827.69,59138.46,
2221,CAM-BEI-S,1,36700.58,14680.23,36700.58,
2221,REM-BLA-XL,1,32677.97,13071.19,32677.97,
2221,JEA-NEG-XL,1,21871.44,8748.58,21871.44,
2221,GOR-ROJ-UNICO,1,28716.74,11486.7,28716.74,
2222,REM-TUR-XXL,1,34182.8,13673.12,34182.8,
2222,CIN-TUR-UNICO,1,33144.89,13257.96,33144.89,
2222,GOR-GRI-L,1,28716.74,11486.7,28716.74,
2222,CIN-MAR-S,1,33144.89,13257.96,33144.89,
2223,JOG-CEL-UNICO,1,41361.66,16544.66,41361.66,
2223,REM-TUR-XXL,1,34182.8,13673.12,34182.8,
2224,MUS-CEL-S,1,32320.56,12928.22,32320.56,
2224,GOR-GRI-UNICO,1,28716.74,11486.7,28716.74,
2224,BUZ-AZU-M,1,29569.23,11827.69,29569.23,
2224,MUS-CEL-S,1,32320.56,12928.22,32320.56,
2224,REM-CEL-XXL,1,34182.8,13673.12,34182.8,
2225,SWE-AZU-M,2,32525.33,13010.13,65050.66,
2225,JOG-AZU-UNICO,1,33089.33,16544.66,33089.33,1
2226,CHU-ÍND-XXL,1,33823.38,13529.35,33823.38,
2226,CIN-ROS-XXL,1,33144.89,13257.96,33144.89,
2226,SWE-MAR-L,1,32525.33,13010.13,32525.33,
2226,JOG-CEL-UNICO,1,41361.66,16544.66,41361.66,
2226,CHU-NEG-M,1,27735.17,13529.35,27735.17,10
2227,BUZ-AZU-M,1,29569.23,11827.69,29569.23,
2228,JEA-LAV-L,1,21871.44,8748.58,21871.44,
2228,REM-VIO-L,1,32677.97,13071.19,32677.97,
2228,CAM-CEL-XL,1,36700.58,14680.23,36700.58,
2228,CAM-BEI-L,1,36700.58,14680.23,36700.58,
2229,CIN-MAR-XL,2,33144.89,13257.96,66289.78,
2230,SWE-MAR-UNICO,1,32525.33,13010.13,32525.33,
2230,MUS-CEL-M,2,32320.56,12928.22,64641.12,
2231,CHU-NEG-S,1,33823.38,13529.35,33823.38,
2231,GOR-GRI-UNICO,1,28716.74,11486.7,28716.74,
2231,GOR-GRI-XXL,1,28716.74,11486.7,28716.74,
2231,JOG-CEL-UNICO,1,40561.66,16544.66,40561.66,12
2232,GOR-GRI-L,1,28716.74,11486.7,28716.74,
2232,REM-CEL-XXL,1,34182.8,13673.12,34182.8,
2232,CHU-NEG-S,1,33823.38,13529.35,33823.38,
2233,JOG-ÍND-S,1,41361.66,16544.66,41361.66,
2233,GOR-ROJ-S,2,28716.74,11486.7,57433.48,
2233,CIN-ROS-XXL,1,33144.89,13257.96,33144.89,
2233,REM-TUR-S,1,34182.8,13673.12,34182.8,
2234,GOR-GRI-UNICO,2,28716.74,11486.7,57433.48,
2234,CAM-BEI-UNICO,1,36700.58,14680.23,36700.58,
2234,CIN-MAR-M,1,33144.89,13257.96,33144.89,
2234,MUS-AZU-UNICO,1,32320.56,12928.22,32320.56,
2234,JEA-LAV-L,1,21871.44,8748.58,21871.44,
2235,BUZ-AZU-M,1,29569.23,11827.69,29569.23,
2235,JEA-LAV-UNICO,2,21871.44,8748.58,43742.88,
2235,GOR-GRI-L,1,28716.74,11486.7,28716.74,
2236,JOG-ÍND-XL,1,41361.66,16544.66,41361.66,
2236,JOG-AZU-UNICO,1,41361.66,16544.66,41361.66,
2236,CIN-TUR-UNICO,1,33144.89,13257.96,33144.89,
2236,JOG-ÍND-M,1,41361.66,16544.66,41361.66,
2237,CIN-MAR-S,1,33144.89,13257.96,33144.89,
2237,CHU-NEG-M,1,33823.38,13529.35,33823.38,
2237,CIN-MAR-M,1,33144.89,13257.96,33144.89,
2238,CIN-ROS-XXL,1,33144.89,13257.96,33144.89,
2238,CHU-NEG-S,1,33823.38,13529.35,33823.38,
2238,CAM-CEL-XL,1,36700.58,14680.23,36700.58,
2238,GOR-GRI-S,1,28716.74,11486.7,28716.74,
2238,GOR-GRI-UNICO,1,28716.74,11486.7,28716.74,
2239,CHU-NEG-XXL,1,33823.38,13529.35,33823.38,
2239,CAM-BEI-UNICO,2,36700.58,14680.23,73401.16,
2240,CIN-MAR-XL,1,33144.89,13257.96,33144.89,
2240,GOR-GRI-UNICO,1,28716.74,11486.7,28716.74,
2240,JOG-AZU-UNICO,1,41361.66,16544.66,41361.66,
2241,CIN-ROS-UNICO,1,33144.89,13257.96,33144.89,
2241,CAM-BEI-UNICO,1,36700.58,14680.23,36700.58,
2241,SWE-MAR-UNICO,1,32525.33,13010.13,32525.33,
2241,MUS-CEL-S,1,32320.56,12928.22,32320.56,
2241,CIN-ROS-UNICO,1,33144.89,13257.96,33144.89,
2242,JOG-CEL-UNICO,1,41361.66,16544.66,41361.66,
2243,REM-TUR-XXL,2,34182.8,13673.12,68365.6,
2244,CIN-MAR-M,1,33144.89,13257.96,33144.89,
2244,GOR-GRI-M,1,28716.74,11486.7,28716.74,
2245,MUS-CEL-S,1,32320.56,12928.22,32320.56,
2245,CHU-NEG-S,1,33823.38,13529.35,33823.38,
2245,CIN-MAR-M,1,33144.89,13257.96,33144.89,
2245,GOR-ROJ-L,1,28716.74,11486.7,28716.74,
2246,REM-VIO-XL,2,32677.97,13071.19,65355.94,
2246,CHU-NEG-XXL,1,33823.38,13529.35,33823.38,
2246,GOR-ROJ-L,1,28716.74,11486.7,28716.74,
2246,GOR-GRI-XXL,1,28716.74,11486.7,28716.74,
2247,MUS-AZU-XXL,1,32320.56,12928.22,32320.56,
2247,JOG-CEL-UNICO,2,41361.66,16544.66,82723.32,
2247,JOG-CEL-UNICO,1,41361.66,16544.66,41361.66,
2247,CIN-MAR-S,1,32344.89,13257.96,32344.89,12
2247,GOR-GRI-XXL,1,28716.74,11486.7,28716.74,
2248,CHU-NEG-XL,1,33823.38,13529.35,33823.38,
2248,MUS-CEL-M,1,21008.36,12928.22,21008.36,8
2248,CIN-MAR-S,2,21544.18,13257.96,43088.36,8
2248,JEA-LAV-UNICO,1,21871.44,8748.58,21871.44,
2249,REM-BLA-XL,1,32677.97,13071.19,32677.97,
2249,REM-TUR-XXL,2,34182.8,13673.12,68365.6,
2249,CIN-TUR-UNICO,1,33144.89,13257.96,33144.89,
2249,CHU-NEG-S,1,33823.38,13529.35,33823.38,
2249,BUZ-AZU-M,1,29569.23,11827.69,29569.23,
2250,CIN-TUR-XL,2,33144.89,13257.96,66289.78,
2250,JOG-ÍND-S,1,41361.66,16544.66,41361.66,
2250,GOR-ROJ-L,1,28716.74,11486.7,28716.74,
2250,CIN-ROS-XXL,1,33144.89,13257.96,33144.89,
2250,JOG-ÍND-M,2,41361.66,16544.66,82723.32,
2251,CAM-BEI-L,1,36700.58,14680.23,36700.58,
2252,BUZ-AZU-M,1,29569.23,11827.69,29569.23,
2252,REM-TUR-XXL,1,34182.8,13673.12,34182.8,
2253,CAM-BLA-M,1,36700.58,14680.23,36700.58,
2253,CHU-VER-L,1,33823.38,13529.35,33823.38,
2253,CAM-BLA-XL,1,36700.58,14680.23,36700.58,
2253,REM-VIO-XXL,1,32677.97,13071.19,32677.97,
2253,JEA-NEG-XL,2,21871.44,8748.58,43742.88,
2254,CIN-MAR-S,1,33144.89,13257.96,33144.89,
2254,SWE-MAR-L,1,32525.33,13010.13,32525.33,
2254,CHU-ÍND-XXL,1,33823.38,13529.35,33823.38,
2255,CHU-VER-XL,1,33823.38,13529.35,33823.38,
2256,CAM-BEI-S,1,36700.58,14680.23,36700.58,
2256,REM-VIO-XXL,2,21240.68,13071.19,42481.36,8
2256,SWE-AZU-M,1,32525.33,13010.13,32525.33,
2257,JOG-AZU-UNICO,1,41361.66,16544.66,41361.66,
2257,CAM-BLA-M,1,36700.58,14680.23,36700.58,
2257,JEA-NEG-UNICO,1,21871.44,8748.58,21871.44,
2257,GOR-GRI-M,1,28716.74,11486.7,28716.74,
2257,CIN-MAR-M,1,33144.89,13257.96,33144.89,
2258,SWE-MAR-XXL,1,29272.8,13010.13,29272.8,2
2259,GOR-GRI-XXL,1,28716.74,11486.7,28716.74,
2259,CHU-NEG-S,1,33823.38,13529.35,33823.38,
2259,JOG-CEL-UNICO,1,41361.66,16544.66,41361.66,
2259,JOG-ÍND-S,1,41361.66,16544.66,41361.66,
2260,JOG-ÍND-XL,1,41361.66,16544.66,41361.66,
2260,CAM-BLA-M,1,36700.58,14680.23,36700.58,
2260,SWE-AZU-S,1,32525.33,13010.13,32525.33,
2261,CHU-ÍND-UNICO,1,33823.38,13529.35,33823.38,
2261,CHU-NEG-XL,1,33823.38,13529.35,33823.38,
2261,REM-VIO-L,1,32677.97,13071.19,32677.97,
2261,CHU-NEG-M,1,33823.38,13529.35,33823.38,
2262,REM-BLA-UNICO,1,32677.97,13071.19,32677.97,
2262,CAM-CEL-XL,1,36700.58,14680.23,36700.58,
2263,CIN-MAR-M,1,33144.89,13257.96,33144.89,
2264,JOG-AZU-XL,1,41361.66,16544.66,41361.66,
2264,CIN-TUR-XL,1,26515.91,13257.96,26515.91,1
2264,CAM-BLA-M,1,30094.48,14680.23,30094.48,9
2265,JEA-NEG-UNICO,1,21871.44,8748.58,21871.44,
2265,CAM-BEI-L,1,36700.58,14680.23,36700.58,
2265,CIN-TUR-XL,1,33144.89,13257.96,33144.89,
2265,REM-TUR-XXL,1,34182.8,13673.12,34182.8,
2265,CHU-NEG-M,1,33823.38,13529.35,33823.38,
2266,CIN-MAR-XL,1,33144.89,13257.96,33144.89,
2266,CIN-MAR-S,1,33144.89,13257.96,33144.89,
2267,CIN-MAR-XL,1,33144.89,13257.96,33144.89,
2267,CAM-BLA-M,1,36700.58,14680.23,36700.58,
2267,GOR-ROJ-UNICO,2,28716.74,11486.7,57433.48,
2267,REM-VIO-M,1,32677.97,13071.19,32677.97,
2268,JEA-NEG-M,1,21871.44,8748.58,21871.44,
2269,GOR-GRI-XXL,1,28716.74,11486.7,28716.74,
2269,JEA-LAV-UNICO,1,21871.44,8748.58,21871.44,
2269,JOG-AZU-XL,1,41361.66,16544.66,41361.66,
2270,JEA-LAV-L,1,21871.44,8748.58,21871.44,
2270,CHU-NEG-S,2,33823.38,13529.35,67646.76,
2270,JOG-AZU-UNICO,1,41361.66,16544.66,41361.66,
2270,BUZ-AZU-M,1,29569.23,11827.69,29569.23,
2271,GOR-ROJ-L,1,28716.74,11486.7,28716.74,
2272,MUS-AZU-UNICO,1,32320.56,12928.22,32320.56,
2272,GOR-GRI-S,1,28716.74,11486.7,28716.74,
2272,SWE-MAR-L,2,32525.33,13010.13,65050.66,
2272,JEA-NEG-XL,1,21871.44,8748.58,21871.44,
2273,JEA-LAV-UNICO,1,21871.44,8748.58,21871.44,
2273,MUS-AZU-M,1,32320.56,12928.22,32320.56,
2273,BUZ-AZU-M,1,29569.23,11827.69,29569.23,
2273,GOR-ROJ-UNICO,1,28716.74,11486.7,28716.74,
2273,CAM-BEI-UNICO,1,36700.58,14680.23,36700.58,
2274,SWE-MAR-M,1,32525.33,13010.13,32525.33,
2274,SWE-MAR-L,1,32525.33,13010.13,32525.33,
2274,REM-TUR-XXL,1,34182.8,13673.12,34182.8,
2275,MUS-AZU-XXL,1,32320.56,12928.22,32320.56,
2275,JOG-CEL-UNICO,1,41361.66,16544.66,41361.66,
2275,CHU-NEG-S,1,33823.38,13529.35,33823.38,
2276,MUS-AZU-M,1,32320.56,12928.22,32320.56,
2276,REM-CEL-XXL,1,34182.8,13673.12,34182.8,
2276,GOR-GRI-XXL,1,28716.74,11486.7,28716.74,
2277,MUS-CEL-XXL,1,32320.56,12928.22,32320.56,
2278,GOR-GRI-M,2,28716.74,11486.7,57433.48,
2279,CHU-NEG-XXL,1,33823.38,13529.35,33823.38,
2279,JOG-AZU-UNICO,1,41361.66,16544.66,41361.66,
2279,CHU-ÍND-XXL,1,33823.38,13529.35,33823.38,
2279,CHU-ÍND-L,2,27735.17,13529.35,55470.34,10
2279,REM-VIO-L,1,26795.94,13071.19,26795.94,10
2280,REM-VIO-XL,1,32677.97,13071.19,32677.97,
2280,CIN-TUR-UNICO,1,33144.89,13257.96,33144.89,
2280,JOG-AZU-UNICO,1,41361.66,16544.66,41361.66,
2281,CIN-MAR-XL,1,33144.89,13257.96,33144.89,
2281,GOR-GRI-L,1,28716.74,11486.7,28716.74,
2281,GOR-GRI-S,1,28716.74,11486.7,28716.74,
2282,CIN-MAR-L,1,33144.89,13257.96,33144.89,
2282,SWE-MAR-S,1,32525.33,13010.13,32525.33,
2282,CHU-NEG-S,1,33823.38,13529.35,33823.38,
2283,REM-BLA-XL,1,32677.97,13071.19,32677.97,
2283,CAM-BLA-M,1,36700.58,14680.23,36700.58,
2284,JEA-LAV-UNICO,1,21871.44,8748.58,21871.44,
2285,CIN-MAR-XL,1,33144.89,13257.96,33144.89,
2285,CAM-BLA-XL,1,23855.38,14680.23,23855.38,8
2285,CAM-BEI-UNICO,1,23855.38,14680.23,23855.38,8
2285,JOG-AZU-XXL,1,26885.08,16544.66,26885.08,8
2285,GOR-GRI-S,1,28716.74,11486.7,28716.74,
2286,REM-BLA-XL,1,32677.97,13071.19,32677.97,
2286,CAM-BLA-XL,1,33030.52,14680.23,33030.52,3
2286,BUZ-AZU-L,1,29569.23,11827.69,29569.23,
2286,REM-VIO-L,1,32677.97,13071.19,32677.97,
2286,GOR-GRI-UNICO,1,28716.74,11486.7,28716.74,
2287,MUS-AZU-XXL,1,32320.56,12928.22,32320.56,
2288,CAM-CEL-XL,1,36700.58,14680.23,36700.58,
2288,CIN-TUR-UNICO,1,33144.89,13257.96,33144.89,
2288,SWE-AZU-S,1,32525.33,13010.13,32525.33,
2288,CHU-NEG-M,1,33823.38,13529.35,33823.38,
2288,GOR-GRI-L,1,28716.74,11486.7,28716.74,
2289,SWE-MAR-L,1,32525.33,13010.13,32525.33,
2289,CIN-MAR-L,1,33144.89,13257.96,33144.89,
2290,GOR-GRI-XXL,2,28716.74,11486.7,57433.48,
2290,REM-TUR-XXL,1,34182.8,13673.12,34182.8,
2290,JOG-AZU-UNICO,1,41361.66,16544.66,41361.66,
2290,CIN-MAR-L,1,33144.89,13257.96,33144.89,
2291,JOG-ÍND-M,1,41361.66,16544.66,41361.66,
2292,JOG-AZU-UNICO,1,41361.66,16544.66,41361.66,
2293,REM-VIO-XXL,1,26795.94,13071.19,26795.94,10
2293,JOG-ÍND-S,1,33916.56,16544.66,33916.56,10
2294,BUZ-AZU-UNICO,1,29569.23,11827.69,29569.23,
2294,CAM-BEI-UNICO,1,36700.58,14680.23,36700.58,
2294,SWE-AZU-S,1,32525.33,13010.13,32525.33,
2294,CAM-BEI-L,1,36700.58,14680.23,36700.58,
2294,CHU-ÍND-L,1,33823.38,13529.35,33823.38,
2295,MUS-CEL-S,1,32320.56,12928.22,32320.56,
2295,GOR-GRI-S,2,28716.74,11486.7,57433.48,
2295,CHU-ÍND-XXL,1,33823.38,13529.35,33823.38,
2295,REM-TUR-XXL,1,34182.8,13673.12,34182.8,
2295,GOR-GRI-XXL,1,28716.74,11486.7,28716.74,
2296,CHU-NEG-M,1,33823.38,13529.35,33823.38,
2296,REM-TUR-XXL,1,34182.8,13673.12,34182.8,
2296,CIN-ROS-UNICO,2,33144.89,13257.96,66289.78,
2297,MUS-AZU-UNICO,2,32320.56,12928.22,64641.12,
2297,REM-VIO-XL,2,32677.97,13071.19,65355.94,
2297,CAM-BEI-UNICO,1,36700.58,14680.23,36700.58,
2297,CAM-CEL-XL,1,36700.58,14680.23,36700.58,
2298,GOR-GRI-L,1,28716.74,11486.7,28716.74,
2299,GOR-GRI-S,2,28716.74,11486.7,57433.48,
2299,CHU-VER-XL,1,33823.38,13529.35,33823.38,
2299,JEA-NEG-M,1,21871.44,8748.58,21871.44,
2299,GOR-GRI-XXL,1,28716.74,11486.7,28716.74,
2300,JOG-AZU-XL,1,41361.66,16544.66,41361.66,
2300,CAM-BEI-S,1,36700.58,14680.23,36700.58,
2300,REM-BLA-XL,1,32677.97,13071.19,32677.97,
2301,CIN-MAR-M,1,33144.89,13257.96,33144.89,
2301,CIN-MAR-XL,2,33144.89,13257.96,66289.78,
2301,CIN-MAR-M,1,33144.89,13257.96,33144.89,
2301,MUS-AZU-M,2,32320.56,12928.22,64641.12,
2302,JOG-AZU-UNICO,1,41361.66,16544.66,41361.66,
2302,CHU-VER-L,1,33823.38,13529.35,33823.38,
2302,CAM-BEI-L,2,22020.35,14680.23,44040.7,7
2302,CHU-NEG-XXL,1,33823.38,13529.35,33823.38,
2302,GOR-ROJ-S,1,28716.74,11486.7,28716.74,
2303,CAM-BLA-XL,2,36700.58,14680.23,73401.16,
2303,GOR-GRI-S,1,28716.74,11486.7,28716.74,
2303,CIN-MAR-L,1,33144.89,13257.96,33144.89,
2303,CAM-BEI-L,2,36700.58,14680.23,73401.16,
2304,CIN-MAR-L,1,33144.89,13257.96,33144.89,
2304,SWE-AZU-S,1,32525.33,13010.13,32525.33,
2305,CIN-TUR-XL,1,33144.89,13257.96,33144.89,
2305,JOG-AZU-UNICO,2,33916.56,16544.66,67833.12,10
2306,JOG-AZU-XXL,1,41361.66,16544.66,41361.66,
2306,JOG-AZU-XL,1,41361.66,16544.66,41361.66,
2307,CHU-VER-XL,1,33823.38,13529.35,33823.38,
2307,CAM-BEI-L,2,36700.58,14680.23,73401.16,
2307,CIN-TUR-XL,1,33144.89,13257.96,33144.89,
2307,JEA-LAV-UNICO,1,21871.44,8748.58,21871.44,
2307,CHU-VER-XL,1,33823.38,13529.35,33823.38,
2308,JEA-NEG-M,2,21871.44,8748.58,43742.88,
2308,MUS-CEL-S,1,32320.56,12928.22,32320.56,
2309,CAM-CEL-XL,1,36700.58,14680.23,36700.58,
2309,JEA-LAV-L,1,17934.58,8748.58,17934.58,10
2309,JEA-LAV-UNICO,1,21871.44,8748.58,21871.44,
2310,CAM-BEI-UNICO,1,36700.58,14680.23,36700.58,
2311,GOR-GRI-M,1,28716.74,11486.7,28716.74,
2311,GOR-GRI-S,1,28716.74,11486.7,28716.74,
2311,SWE-AZU-S,1,32525.33,13010.13,32525.33,
2311,CIN-MAR-M,2,33144.89,13257.96,66289.78,
2311,CAM-CEL-XL,1,36700.58,14680.23,36700.58,
2312,GOR-GRI-L,1,28716.74,11486.7,28716.74,
2312,CHU-NEG-S,1,33823.38,13529.35,33823.38,
2312,CIN-ROS-XXL,1,33144.89,13257.96,33144.89,
2313,CIN-MAR-L,1,33144.89,13257.96,33144.89,
2313,JOG-AZU-XXL,1,41361.66,16544.66,41361.66,
2313,GOR-GRI-UNICO,1,28716.74,11486.7,28716.74,
2314,JOG-CEL-UNICO,1,41361.66,16544.66,41361.66,
2314,JOG-ÍND-M,1,41361.66,16544.66,41361.66,
2315,SWE-MAR-M,1,32525.33,13010.13,32525.33,
2315,CAM-BLA-S,1,36700.58,14680.23,36700.58,
2316,GOR-GRI-S,1,28716.74,11486.7,28716.74,
2316,REM-VIO-M,1,32677.97,13071.19,32677.97,
2316,CIN-MAR-L,1,33144.89,13257.96,33144.89,
2316,CHU-ÍND-L,1,33823.38,13529.35,33823.38,
2316,REM-CEL-XXL,1,34182.8,13673.12,34182.8,
2317,GOR-GRI-UNICO,1,28716.74,11486.7,28716.74,
2317,JOG-ÍND-S,1,41361.66,16544.66,41361.66,
2318,CIN-ROS-L,1,33144.89,13257.96,33144.89,
2319,CAM-BEI-UNICO,1,36700.58,14680.23,36700.58,
2319,GOR-GRI-UNICO,1,28716.74,11486.7,28716.74,
2319,CAM-BLA-M,1,36700.58,14680.23,36700.58,
2319,CIN-MAR-L,1,33144.89,13257.96,33144.89,
2320,CIN-TUR-UNICO,2,33144.89,13257.96,66289.78,
2320,GOR-GRI-M,1,28716.74,11486.7,28716.74,
2320,JOG-AZU-UNICO,2,41361.66,16544.66,82723.32,
2320,JOG-CEL-UNICO,1,41361.66,16544.66,41361.66,
2321,BUZ-AZU-M,1,29569.23,11827.69,29569.23,
2321,MUS-AZU-M,1,32320.56,12928.22,32320.56,
2322,MUS-AZU-UNICO,1,32320.56,12928.22,32320.56,
2322,GOR-GRI-S,1,28716.74,11486.7,28716.74,
2322,MUS-AZU-XXL,1,32320.56,12928.22,32320.56,
2323,GOR-GRI-M,1,28716.74,11486.7,28716.74,
2324,CAM-BEI-UNICO,1,36700.58,14680.23,36700.58,
2324,MUS-AZU-M,1,32320.56,12928.22,32320.56,
2324,REM-BLA-XL,1,32677.97,13071.19,32677.97,
2325,CHU-VER-M,1,33823.38,13529.35,33823.38,
2325,CIN-ROS-L,1,33144.89,13257.96,33144.89,
2325,CHU-ÍND-UNICO,1,33823.38,13529.35,33823.38,
2325,CHU-NEG-UNICO,1,33823.38,13529.35,33823.38,
2326,CHU-ÍND-L,2,33823.38,13529.35,67646.76,
2326,BUZ-AZU-UNICO,1,29569.23,11827.69,29569.23,
2326,CIN-MAR-L,1,33144.89,13257.96,33144.89,
2326,REM-CEL-XXL,1,34182.8,13673.12,34182.8,
2326,MUS-AZU-UNICO,1,32320.56,12928.22,32320.56,
2327,CIN-MAR-S,1,33144.89,13257.96,33144.89,
2327,MUS-AZU-M,1,32320.56,12928.22,32320.56,
2327,CAM-BEI-UNICO,2,36700.58,14680.23,73401.16,
2328,CHU-ÍND-L,1,33823.38,13529.35,33823.38,
2328,REM-TUR-S,1,34182.8,13673.12,34182.8,
2329,JOG-CEL-UNICO,1,41361.66,16544.66,41361.66,
2329,CAM-BLA-S,1,36700.58,14680.23,36700.58,
2330,CAM-BLA-M,1,36700.58,14680.23,36700.58,
2330,SWE-MAR-L,1,32525.33,13010.13,32525.33,
2330,JEA-LAV-L,1,21871.44,8748.58,21871.44,
2330,MUS-CEL-S,1,32320.56,12928.22,32320.56,
2330,JEA-NEG-UNICO,1,21871.44,8748.58,21871.44,
2331,GOR-GRI-L,1,28716.74,11486.7,28716.74,
2331,CIN-ROS-XXL,1,33144.89,13257.96,33144.89,
2331,GOR-GRI-M,1,28716.74,11486.7,28716.74,
2332,BUZ-AZU-L,1,14784.61,11827.69,14784.61,11
2332,REM-VIO-M,1,16338.99,13071.19,16338.99,11
2332,CHU-VER-S,1,33823.38,13529.35,33823.38,
2333,SWE-MAR-UNICO,1,32525.33,13010.13,32525.33,
2333,JOG-AZU-UNICO,2,41361.66,16544.66,82723.32,
2333,CIN-MAR-XL,1,33144.89,13257.96,33144.89,
2333,REM-BLA-XL,2,32677.97,13071.19,65355.94,
2334,JEA-LAV-UNICO,1,21871.44,8748.58,21871.44,
2334,CIN-MAR-L,1,33144.89,13257.96,33144.89,
2334,SWE-AZU-S,1,32525.33,13010.13,32525.33,
2334,REM-CEL-XXL,1,34182.8,13673.12,34182.8,
2334,JOG-AZU-UNICO,1,41361.66,16544.66,41361.66,
2335,MUS-AZU-UNICO,1,32320.56,12928.22,32320.56,
2335,SWE-AZU-S,1,32525.33,13010.13,32525.33,
2335,CAM-CEL-XL,1,36700.58,14680.23,36700.58,
2335,CIN-MAR-M,1,33144.89,13257.96,33144.89,
2336,JEA-LAV-UNICO,1,21871.44,8748.58,21871.44,
2336,GOR-GRI-UNICO,1,28716.74,11486.7,28716.74,
2337,JOG-ÍND-S,1,41361.66,16544.66,41361.66,
2338,JOG-AZU-XL,1,41361.66,16544.66,41361.66,
2339,CIN-TUR-UNICO,1,33144.89,13257.96,33144.89,
2339,CIN-TUR-XL,1,33144.89,13257.96,33144.89,
2339,CIN-MAR-L,1,33144.89,13257.96,33144.89,
2339,CIN-TUR-XL,1,33144.89,13257.96,33144.89,
2340,BUZ-AZU-M,1,29569.23,11827.69,29569.23,
2340,MUS-AZU-UNICO,1,32320.56,12928.22,32320.56,
2340,REM-BLA-XL,1,32677.97,13071.19,32677.97,
2340,JEA-NEG-M,1,21871.44,8748.58,21871.44,
2340,JEA-NEG-M,1,21871.44,8748.58,21871.44,
2341,CIN-MAR-XL,1,33144.89,13257.96,33144.89,
2341,GOR-GRI-M,1,28716.74,11486.7,28716.74,
2341,JEA-NEG-M,1,21871.44,8748.58,21871.44,
2342,GOR-ROJ-UNICO,1,28716.74,11486.7,28716.74,
2342,GOR-GRI-S,1,28716.74,11486.7,28716.74,
2342,JOG-ÍND-S,2,41361.66,16544.66,82723.32,
2342,JEA-NEG-UNICO,1,21871.44,8748.58,21871.44,
2342,CIN-ROS-L,2,33144.89,13257.96,66289.78,
2343,CHU-ÍND-XXL,2,33823.38,13529.35,67646.76,
2344,CIN-TUR-UNICO,1,33144.89,13257.96,33144.89,
2344,CHU-VER-L,1,33823.38,13529.35,33823.38,
2344,REM-CEL-XXL,1,34182.8,13673.12,34182.8,
2344,SWE-MAR-L,1,32525.33,13010.13,32525.33,
2344,CAM-BEI-S,1,36700.58,14680.23,36700.58,
2345,CAM-BEI-UNICO,1,36700.58,14680.23,36700.58,
2346,CHU-VER-XL,1,33823.38,13529.35,33823.38,
2346,CIN-MAR-S,1,33144.89,13257.96,33144.89,
2346,JEA-LAV-L,1,21871.44,8748.58,21871.44,
2347,MUS-AZU-UNICO,1,32320.56,12928.22,32320.56,
2347,CHU-VER-XL,1,33823.38,13529.35,33823.38,
2347,CAM-BEI-S,1,36700.58,14680.23,36700.58,
2348,JOG-AZU-XXL,2,41361.66,16544.66,82723.32,
2348,JEA-LAV-UNICO,1,21871.44,8748.58,21871.44,
2348,REM-VIO-M,1,32677.97,13071.19,32677.97,
2349,JOG-AZU-UNICO,1,41361.66,16544.66,41361.66,
2349,CAM-BEI-L,2,36700.58,14680.23,73401.16,
2349,CHU-ÍND-XL,1,33823.38,13529.35,33823.38,
2350,GOR-GRI-XXL,1,28716.74,11486.7,28716.74,
2350,JOG-ÍND-S,1,41361.66,16544.66,41361.66,
2350,CHU-NEG-UNICO,1,33823.38,13529.35,33823.38,
2350,JOG-ÍND-S,1,41361.66,16544.66,41361.66,
2351,REM-TUR-S,1,34182.8,13673.12,34182.8,
2352,SWE-AZU-S,1,32525.33,13010.13,32525.33,
2352,CHU-VER-XL,2,33823.38,13529.35,67646.76,
2353,CIN-TUR-XL,1,33144.89,13257.96,33144.89,
2353,JEA-NEG-UNICO,1,21871.44,8748.58,21871.44,
2353,BUZ-AZU-UNICO,1,29569.23,11827.69,29569.23,
2353,JOG-AZU-UNICO,1,41361.66,16544.66,41361.66,
2354,REM-CEL-XXL,1,34182.8,13673.12,34182.8,
2354,MUS-CEL-S,1,32320.56,12928.22,32320.56,
2354,GOR-GRI-S,1,28716.74,11486.7,28716.74,
2355,JOG-ÍND-M,1,41361.66,16544.66,41361.66,
2356,REM-VIO-M,1,32677.97,13071.19,32677.97,
2356,GOR-ROJ-S,1,28716.74,11486.7,28716.74,
2356,CIN-TUR-UNICO,2,33144.89,13257.96,66289.78,
2356,CAM-BLA-S,1,36700.58,14680.23,36700.58,
2357,JOG-ÍND-M,1,41361.66,16544.66,41361.66,
2357,SWE-AZU-M,1,32525.33,13010.13,32525.33,
2357,CAM-BEI-L,1,36700.58,14680.23,36700.58,
2358,SWE-MAR-L,1,32525.33,13010.13,32525.33,
2358,REM-TUR-XXL,2,34182.8,13673.12,68365.6,
2358,JEA-LAV-UNICO,1,21871.44,8748.58,21871.44,
2358,MUS-AZU-XXL,1,32320.56,12928.22,32320.56,
2359,CAM-BLA-XL,1,36700.58,14680.23,36700.58,
2359,REM-BLA-XL,1,32677.97,13071.19,32677.97,
2359,CAM-BLA-M,1,30094.48,14680.23,30094.48,10
2360,MUS-AZU-XXL,1,32320.56,12928.22,32320.56,
2361,GOR-GRI-L,2,28716.74,11486.7,57433.48,
2361,JOG-ÍND-M,1,41361.66,16544.66,41361.66,
2361,CAM-CEL-XL,1,36700.58,14680.23,36700.58,
2361,CAM-BEI-L,1,36700.58,14680.23,36700.58,
2362,SWE-MAR-L,1,32525.33,13010.13,32525.33,
2362,CHU-NEG-S,1,33823.38,13529.35,33823.38,
2362,CIN-MAR-S,1,33144.89,13257.96,33144.89,
2363,JEA-LAV-UNICO,1,10935.72,8748.58,10935.72,11
2363,GOR-ROJ-S,1,28716.74,11486.7,28716.74,
2363,GOR-GRI-S,2,28716.74,11486.7,57433.48,
2363,MUS-AZU-UNICO,1,32320.56,12928.22,32320.56,
2363,REM-BLA-S,1,32677.97,13071.19,32677.97,
2364,CIN-MAR-M,1,27178.81,13257.96,27178.81,10
2365,GOR-GRI-UNICO,1,28716.74,11486.7,28716.74,
2365,MUS-AZU-XXL,2,32320.56,12928.22,64641.12,
2365,CIN-MAR-S,1,33144.89,13257.96,33144.89,
2366,CIN-ROS-XXL,2,33144.89,13257.96,66289.78,
2366,CAM-BLA-M,2,36700.58,14680.23,73401.16,
2367,REM-TUR-XXL,1,34182.8,13673.12,34182.8,
2367,GOR-GRI-XXL,1,28716.74,11486.7,28716.74,
2367,MUS-CEL-S,1,32320.56,12928.22,32320.56,
2367,JOG-ÍND-XL,1,41361.66,16544.66,41361.66,
2368,MUS-CEL-S,1,32320.56,12928.22,32320.56,
2368,JOG-ÍND-M,1,41361.66,16544.66,41361.66,
2368,GOR-ROJ-S,1,28716.74,11486.7,28716.74,
2368,JOG-ÍND-S,1,41361.66,16544.66,41361.66,
2368,JOG-ÍND-S,1,41361.66,16544.66,41361.66,
2369,CHU-NEG-M,1,33823.38,13529.35,33823.38,
2369,BUZ-AZU-M,1,29569.23,11827.69,29569.23,
2369,SWE-MAR-UNICO,1,32525.33,13010.13,32525.33,
2369,JEA-LAV-L,2,21871.44,8748.58,43742.88,
2369,REM-TUR-XXL,1,33382.8,13673.12,33382.8,12
2370,CIN-MAR-L,1,33144.89,13257.96,33144.89,
2370,GOR-GRI-M,1,28716.74,11486.7,28716.74,
2370,CIN-MAR-S,1,33144.89,13257.96,33144.89,
2370,CIN-TUR-XL,1,33144.89,13257.96,33144.89,
2370,CAM-BEI-L,1,36700.58,14680.23,36700.58,
2371,GOR-GRI-M,1,28716.74,11486.7,28716.74,
2371,GOR-GRI-XXL,1,28716.74,11486.7,28716.74,
2371,JEA-NEG-XL,1,21871.44,8748.58,21871.44,
2371,SWE-MAR-M,1,32525.33,13010.13,32525.33,
2371,JOG-ÍND-XL,1,41361.66,16544.66,41361.66,
2372,GOR-ROJ-UNICO,1,28716.74,11486.7,28716.74,
2372,CIN-TUR-UNICO,1,33144.89,13257.96,33144.89,
2372,CHU-VER-L,1,33823.38,13529.35,33823.38,
2373,CAM-CEL-XL,1,22020.35,14680.23,22020.35,7
2373,JOG-ÍND-XL,1,41361.66,16544.66,41361.66,
2373,CIN-MAR-S,2,19886.93,13257.96,39773.86,7
2373,CHU-VER-L,1,33823.38,13529.35,33823.38,
2373,REM-VIO-L,1,32677.97,13071.19,32677.97,
2374,CHU-NEG-M,1,33823.38,13529.35,33823.38,
2374,CHU-NEG-S,2,33823.38,13529.35,67646.76,
2374,JEA-NEG-UNICO,1,21871.44,8748.58,21871.44,
2375,CHU-NEG-UNICO,1,33823.38,13529.35,33823.38,
2375,CAM-BEI-UNICO,1,23855.38,14680.23,23855.38,8
2375,BUZ-AZU-UNICO,1,29569.23,11827.69,29569.23,
2375,JEA-LAV-L,1,21871.44,8748.58,21871.44,
2376,GOR-GRI-M,1,28716.74,11486.7,28716.74,
2376,MUS-CEL-M,1,32320.56,12928.22,32320.56,
2376,CIN-MAR-L,1,33144.89,13257.96,33144.89,
2377,JEA-LAV-L,1,21871.44,8748.58,21871.44,
2377,SWE-AZU-M,1,32525.33,13010.13,32525.33,
2377,GOR-GRI-XXL,1,25270.73,11486.7,25270.73,6
2378,REM-VIO-M,1,32677.97,13071.19,32677.97,
2379,BUZ-AZU-UNICO,1,29569.23,11827.69,29569.23,
2379,REM-CEL-XXL,1,34182.8,13673.12,34182.8,
2380,CIN-ROS-XXL,1,33144.89,13257.96,33144.89,
2381,BUZ-AZU-UNICO,1,29569.23,11827.69,29569.23,
2381,REM-TUR-XXL,1,34182.8,13673.12,34182.8,
2382,GOR-GRI-S,1,28716.74,11486.7,28716.74,
2382,GOR-GRI-UNICO,1,28716.74,11486.7,28716.74,
2382,GOR-GRI-UNICO,1,28716.74,11486.7,28716.74,
2382,SWE-MAR-UNICO,1,32525.33,13010.13,32525.33,
2383,JEA-NEG-M,1,21071.44,8748.58,21071.44,12
2383,JEA-LAV-UNICO,1,21871.44,8748.58,21871.44,
2383,CIN-MAR-XL,1,33144.89,13257.96,33144.89,
2383,CHU-NEG-M,1,33823.38,13529.35,33823.38,
2384,GOR-GRI-M,2,28716.74,11486.7,57433.48,
2384,CIN-MAR-M,1,33144.89,13257.96,33144.89,
2384,CHU-NEG-M,1,33823.38,13529.35,33823.38,
2384,SWE-AZU-M,1,32525.33,13010.13,32525.33,
2384,CHU-ÍND-L,1,33823.38,13529.35,33823.38,
2385,BUZ-AZU-UNICO,1,29569.23,11827.69,29569.23,
2385,REM-VIO-L,1,32677.97,13071.19,32677.97,
2385,REM-TUR-XXL,1,34182.8,13673.12,34182.8,
2386,SWE-MAR-UNICO,1,32525.33,13010.13,32525.33,
2386,JOG-ÍND-XL,1,24817.0,16544.66,24817.0,7
2386,CIN-TUR-UNICO,1,33144.89,13257.96,33144.89,
2386,JOG-AZU-XL,1,41361.66,16544.66,41361.66,
2387,MUS-AZU-XXL,1,32320.56,12928.22,32320.56,
2387,JOG-AZU-XXL,1,41361.66,16544.66,41361.66,
2387,REM-BLA-XL,1,32677.97,13071.19,32677.97,
2388,JOG-AZU-UNICO,1,41361.66,16544.66,41361.66,
2388,JOG-ÍND-S,1,41361.66,16544.66,41361.66,
2389,BUZ-AZU-L,1,29569.23,11827.69,29569.23,
2389,BUZ-AZU-UNICO,1,29569.23,11827.69,29569.23,
2389,GOR-GRI-S,1,28716.74,11486.7,28716.74,
2389,GOR-GRI-M,1,28716.74,11486.7,28716.74,
2390,JOG-AZU-UNICO,1,41361.66,16544.66,41361.66,
2390,JEA-LAV-UNICO,1,21871.44,8748.58,21871.44,
2391,CHU-VER-XL,1,33823.38,13529.35,33823.38,
2391,GOR-GRI-UNICO,1,28716.74,11486.7,28716.74,
2392,JEA-LAV-L,1,21871.44,8748.58,21871.44,
2393,JEA-NEG-M,2,21871.44,8748.58,43742.88,
2393,CIN-MAR-S,1,33144.89,13257.96,33144.89,
2393,JOG-CEL-UNICO,1,41361.66,16544.66,41361.66,
2393,CIN-MAR-L,1,33144.89,13257.96,33144.89,
2394,BUZ-AZU-L,1,29569.23,11827.69,29569.23,
2394,JOG-ÍND-M,1,41361.66,16544.66,41361.66,
2394,GOR-ROJ-S,1,28716.74,11486.7,28716.74,
2394,REM-CEL-XXL,1,34182.8,13673.12,34182.8,
2394,CIN-ROS-XXL,1,33144.89,13257.96,33144.89,
2395,CHU-ÍND-L,1,33823.38,13529.35,33823.38,
2396,CIN-MAR-M,1,33144.89,13257.96,33144.89,
2396,JOG-AZU-XL,1,41361.66,16544.66,41361.66,
2396,REM-BLA-XL,1,32677.97,13071.19,32677.97,
2397,JOG-AZU-UNICO,2,41361.66,16544.66,82723.32,
2397,REM-VIO-XL,1,32677.97,13071.19,32677.97,
2397,CAM-BEI-UNICO,1,36700.58,14680.23,36700.58,
2397,CHU-NEG-M,1,33823.38,13529.35,33823.38,
2398,CHU-ÍND-XXL,1,33823.38,13529.35,33823.38,
2398,REM-CEL-XXL,1,34182.8,13673.12,34182.8,
2398,CHU-VER-XL,1,33823.38,13529.35,33823.38,
2398,JOG-CEL-UNICO,1,41361.66,16544.66,41361.66,
2399,SWE-MAR-UNICO,1,32525.33,13010.13,32525.33,
2399,JEA-NEG-M,1,21871.44,8748.58,21871.44,
2399,CHU-NEG-S,1,33823.38,13529.35,33823.38,
2400,JEA-NEG-UNICO,1,21871.44,8748.58,21871.44,
2401,SWE-AZU-S,1,32525.33,13010.13,32525.33,
2401,CHU-NEG-S,1,33823.38,13529.35,33823.38,
2401,JOG-ÍND-S,1,41361.66,16544.66,41361.66,
2401,JOG-AZU-XXL,1,41361.66,16544.66,41361.66,
2401,CHU-NEG-XXL,1,33823.38,13529.35,33823.38,
2402,JEA-LAV-UNICO,1,21871.44,8748.58,21871.44,
2402,MUS-CEL-S,1,32320.56,12928.22,32320.56,
2402,CHU-NEG-S,1,33823.38,13529.35,33823.38,
2402,SWE-MAR-L,1,32525.33,13010.13,32525.33,
2403,CIN-MAR-XL,2,33144.89,13257.96,66289.78,
2403,REM-BLA-XL,1,32677.97,13071.19,32677.97,
2403,CIN-TUR-UNICO,1,33144.89,13257.96,33144.89,
2403,JOG-AZU-UNICO,1,41361.66,16544.66,41361.66,
2403,GOR-ROJ-UNICO,1,28716.74,11486.7,28716.74,
2404,REM-TUR-XXL,1,34182.8,13673.12,34182.8,
2404,CHU-ÍND-L,1,33823.38,13529.35,33823.38,
2404,JOG-AZU-XXL,1,41361.66,16544.66,41361.66,
2404,REM-CEL-XXL,1,34182.8,13673.12,34182.8,
2405,CHU-VER-XL,1,33823.38,13529.35,33823.38,
2405,CAM-BEI-UNICO,1,36700.58,14680.23,36700.58,
2406,CAM-CEL-XL,1,36700.58,14680.23,36700.58,
2406,JEA-LAV-L,1,21871.44,8748.58,21871.44,
2406,SWE-AZU-M,1,32525.33,13010.13,32525.33,
2406,JEA-LAV-UNICO,1,21871.44,8748.58,21871.44,
2406,CHU-NEG-S,1,33823.38,13529.35,33823.38,
2407,CIN-ROS-UNICO,1,33144.89,13257.96,33144.89,
2408,CIN-MAR-L,1,33144.89,13257.96,33144.89,
2408,GOR-GRI-L,2,28716.74,11486.7,57433.48,
2409,SWE-MAR-L,1,32525.33,13010.13,32525.33,
2409,MUS-AZU-UNICO,1,32320.56,12928.22,32320.56,
2410,JOG-CEL-UNICO,1,41361.66,16544.66,41361.66,
2410,REM-BLA-XL,2,32677.97,13071.19,65355.94,
2410,CHU-VER-XL,1,33823.38,13529.35,33823.38,
2410,CIN-MAR-XL,1,33144.89,13257.96,33144.89,
2410,SWE-MAR-L,1,32525.33,13010.13,32525.33,
2411,REM-TUR-S,1,30764.52,13673.12,30764.52,3
2411,GOR-ROJ-S,1,28716.74,11486.7,28716.74,
2411,REM-VIO-M,1,32677.97,13071.19,32677.97,
2411,SWE-MAR-XXL,1,32525.33,13010.13,32525.33,
2411,MUS-AZU-M,1,32320.56,12928.22,32320.56,
2412,MUS-AZU-XXL,1,32320.56,12928.22,32320.56,
2412,JEA-LAV-UNICO,1,21871.44,8748.58,21871.44,
2412,JOG-AZU-UNICO,1,41361.66,16544.66,41361.66,
2412,JOG-AZU-UNICO,1,41361.66,16544.66,41361.66,
2412,CHU-NEG-M,1,33823.38,13529.35,33823.38,
2413,JEA-NEG-XL,1,21871.44,8748.58,21871.44,
2413,JOG-ÍND-M,1,41361.66,16544.66,41361.66,
2413,CAM-BLA-M,1,36700.58,14680.23,36700.58,
2413,CIN-MAR-L,1,33144.89,13257.96,33144.89,
2414,SWE-MAR-L,1,32525.33,13010.13,32525.33,
2415,CIN-TUR-UNICO,1,33144.89,13257.96,33144.89,
2415,JEA-LAV-UNICO,1,21871.44,8748.58,21871.44,
2416,CIN-MAR-L,1,33144.89,13257.96,33144.89,
2416,CHU-NEG-S,1,33823.38,13529.35,33823.38,
2416,CIN-MAR-M,1,33144.89,13257.96,33144.89,
2416,REM-BLA-XL,1,32677.97,13071.19,32677.97,
2416,CIN-TUR-XL,1,33144.89,13257.96,33144.89,
2417,SWE-AZU-XXL,1,32525.33,13010.13,32525.33,
2417,CIN-TUR-UNICO,1,21544.18,13257.96,21544.18,8
2417,REM-TUR-XXL,1,34182.8,13673.12,34182.8,
2418,CHU-NEG-S,1,33823.38,13529.35,33823.38,
2418,GOR-ROJ-UNICO,1,28716.74,11486.7,28716.74,
2418,GOR-GRI-M,1,28716.74,11486.7,28716.74,
2419,CAM-BEI-UNICO,1,36700.58,14680.23,36700.58,
2420,JEA-LAV-UNICO,1,21871.44,8748.58,21871.44,
2420,JEA-NEG-M,1,21871.44,8748.58,21871.44,
2420,GOR-GRI-M,1,28716.74,11486.7,28716.74,
2420,BUZ-AZU-M,1,29569.23,11827.69,29569.23,
2421,REM-VIO-XL,1,32677.97,13071.19,32677.97,
2422,BUZ-AZU-UNICO,2,29569.23,11827.69,59138.46,
2423,JEA-LAV-L,1,21871.44,8748.58,21871.44,
2423,CAM-BLA-XL,1,36700.58,14680.23,36700.58,
2423,CAM-BLA-XL,1,36700.58,14680.23,36700.58,
2423,BUZ-AZU-L,1,29569.23,11827.69,29569.23,
2424,GOR-GRI-XXL,2,28716.74,11486.7,57433.48,
2424,CIN-TUR-UNICO,1,33144.89,13257.96,33144.89,
2424,GOR-GRI-M,1,28716.74,11486.7,28716.74,
2424,JOG-ÍND-XL,1,41361.66,16544.66,41361.66,
2424,MUS-CEL-S,1,32320.56,12928.22,32320.56,
2425,CHU-NEG-S,1,33823.38,13529.35,33823.38,
2425,CHU-ÍND-XXL,1,33823.38,13529.35,33823.38,
2426,REM-TUR-XXL,1,34182.8,13673.12,34182.8,
2427,MUS-CEL-M,1,32320.56,12928.22,32320.56,
2427,REM-BLA-XL,1,32677.97,13071.19,32677.97,
2428,CHU-VER-XL,1,33823.38,13529.35,33823.38,
2428,CHU-VER-XL,1,33823.38,13529.35,33823.38,
2428,GOR-GRI-M,1,28716.74,11486.7,28716.74,
2429,GOR-ROJ-S,1,28716.74,11486.7,28716.74,
2429,MUS-AZU-UNICO,1,32320.56,12928.22,32320.56,
2429,GOR-GRI-L,1,28716.74,11486.7,28716.74,
2430,CIN-MAR-S,1,33144.89,13257.96,33144.89,
2430,MUS-AZU-XXL,1,32320.56,12928.22,32320.56,
2430,CHU-NEG-S,2,33823.38,13529.35,67646.76,
2431,CHU-VER-L,1,33823.38,13529.35,33823.38,
2431,CHU-VER-M,1,33823.38,13529.35,33823.38,
2431,GOR-ROJ-XXL,1,28716.74,11486.7,28716.74,
2431,JOG-AZU-XL,1,37225.49,16544.66,37225.49,2
2431,SWE-AZU-S,2,29272.8,13010.13,58545.6,2
2432,CIN-MAR-L,1,33144.89,13257.96,33144.89,
2433,GOR-ROJ-UNICO,1,28716.74,11486.7,28716.74,
2433,CAM-BEI-L,1,36700.58,14680.23,36700.58,
2433,GOR-GRI-S,1,28716.74,11486.7,28716.74,
2433,JOG-ÍND-XL,1,41361.66,16544.66,41361.66,
2433,CAM-BLA-M,1,36700.58,14680.23,36700.58,
2434,GOR-GRI-XXL,1,28716.74,11486.7,28716.74,
2434,SWE-MAR-M,1,32525.33,13010.13,32525.33,
2435,CIN-MAR-XL,1,33144.89,13257.96,33144.89,
2435,JEA-NEG-M,1,21871.44,8748.58,21871.44,
2435,JOG-ÍND-XL,1,41361.66,16544.66,41361.66,
2435,CHU-NEG-S,1,33823.38,13529.35,33823.38,
2435,CAM-BEI-UNICO,1,36700.58,14680.23,36700.58,
2436,CIN-ROS-XXL,1,33144.89,13257.96,33144.89,
2436,SWE-AZU-S,1,32525.33,13010.13,32525.33,
2436,JEA-NEG-UNICO,1,21871.44,8748.58,21871.44,
2436,CIN-TUR-XL,1,33144.89,13257.96,33144.89,
2437,MUS-AZU-M,1,32320.56,12928.22,32320.56,
2437,CHU-NEG-S,1,33823.38,13529.35,33823.38,
2438,JOG-AZU-UNICO,1,41361.66,16544.66,41361.66,
2438,GOR-GRI-UNICO,1,28716.74,11486.7,28716.74,
2439,BUZ-AZU-M,1,29569.23,11827.69,29569.23,
2440,GOR-GRI-S,1,28716.74,11486.7,28716.74,
2440,GOR-GRI-XXL,1,28716.74,11486.7,28716.74,
2441,GOR-GRI-L,1,28716.74,11486.7,28716.74,
2442,CIN-MAR-M,1,33144.89,13257.96,33144.89,
2442,CAM-BLA-XL,1,36700.58,14680.23,36700.58,
2442,CAM-BLA-XL,1,36700.58,14680.23,36700.58,
2442,REM-VIO-XXL,1,32677.97,13071.19,32677.97,
2442,REM-CEL-XXL,1,34182.8,13673.12,34182.8,
2443,GOR-GRI-M,1,28716.74,11486.7,28716.74,
2443,BUZ-AZU-UNICO,1,29569.23,11827.69,29569.23,
2443,GOR-GRI-S,1,28716.74,11486.7,28716.74,
2444,CHU-NEG-XXL,1,33823.38,13529.35,33823.38,
2445,JEA-LAV-L,1,21871.44,8748.58,21871.44,
2445,JOG-ÍND-S,1,41361.66,16544.66,41361.66,
2445,REM-VIO-M,2,32677.97,13071.19,65355.94,
2445,CHU-NEG-M,1,33823.38,13529.35,33823.38,
2445,JEA-NEG-M,1,21871.44,8748.58,21871.44,
2446,BUZ-AZU-M,1,29569.23,11827.69,29569.23,
2446,MUS-AZU-XXL,2,32320.56,12928.22,64641.12,
2446,GOR-ROJ-UNICO,1,28716.74,11486.7,28716.74,
2447,REM-TUR-S,1,34182.8,13673.12,34182.8,
2447,JEA-NEG-UNICO,1,21871.44,8748.58,21871.44,
2447,JOG-AZU-XXL,1,41361.66,16544.66,41361.66,
2448,CIN-ROS-XXL,1,33144.89,13257.96,33144.89,
2448,SWE-MAR-UNICO,1,32525.33,13010.13,32525.33,
2448,MUS-AZU-M,1,32320.56,12928.22,32320.56,
2448,JEA-LAV-L,1,21871.44,8748.58,21871.44,
2449,CHU-ÍND-XXL,1,33823.38,13529.35,33823.38,
2449,CHU-NEG-XL,1,33823.38,13529.35,33823.38,
2449,JEA-LAV-UNICO,1,21871.44,8748.58,21871.44,
2449,CHU-VER-S,1,33823.38,13529.35,33823.38,
2449,CHU-VER-M,1,33823.38,13529.35,33823.38,
2450,JOG-ÍND-XL,1,41361.66,16544.66,41361.66,
2450,JOG-ÍND-XL,1,41361.66,16544.66,41361.66,
2450,CHU-VER-XL,1,33823.38,13529.35,33823.38,
2450,JEA-NEG-M,1,21871.44,8748.58,21871.44,
2451,GOR-GRI-S,1,28716.74,11486.7,28716.74,
2451,GOR-GRI-UNICO,1,28716.74,11486.7,28716.74,
2451,BUZ-AZU-M,1,29569.23,11827.69,29569.23,
2451,JEA-LAV-UNICO,2,21871.44,8748.58,43742.88,
2451,JEA-NEG-M,1,21871.44,8748.58,21871.44,
2452,CHU-VER-XL,1,33823.38,13529.35,33823.38,
2453,GOR-GRI-XXL,1,28716.74,11486.7,28716.74,
2453,JOG-ÍND-XL,1,41361.66,16544.66,41361.66,
2453,GOR-GRI-L,1,28716.74,11486.7,28716.74,
2454,CIN-MAR-S,1,33144.89,13257.96,33144.89,
2454,REM-BLA-XL,1,32677.97,13071.19,32677.97,
2454,JOG-ÍND-S,1,41361.66,16544.66,41361.66,
2454,GOR-GRI-M,1,28716.74,11486.7,28716.74,
2454,SWE-MAR-M,1,32525.33,13010.13,32525.33,
2455,CAM-BEI-S,1,36700.58,14680.23,36700.58,
2455,GOR-GRI-UNICO,1,28716.74,11486.7,28716.74,
2455,REM-VIO-M,1,32677.97,13071.19,32677.97,
2456,JOG-AZU-XXL,1,41361.66,16544.66,41361.66,
2456,GOR-ROJ-S,1,28716.74,11486.7,28716.74,
2456,GOR-ROJ-S,1,28716.74,11486.7,28716.74,
2456,CHU-NEG-S,1,33823.38,13529.35,33823.38,
2456,BUZ-AZU-UNICO,1,29569.23,11827.69,29569.23,
2457,REM-CEL-XXL,1,34182.8,13673.12,34182.8,
2457,MUS-AZU-M,1,32320.56,12928.22,32320.56,
2457,CIN-TUR-XL,1,33144.89,13257.96,33144.89,
2458,CHU-ÍND-L,1,33823.38,13529.35,33823.38,
2458,MUS-CEL-S,1,32320.56,12928.22,32320.56,
2458,CHU-ÍND-L,2,33823.38,13529.35,67646.76,
2458,GOR-GRI-L,1,28716.74,11486.7,28716.74,
2459,CIN-MAR-XL,1,33144.89,13257.96,33144.89,
2459,GOR-GRI-XXL,1,28716.74,11486.7,28716.74,
2459,CIN-MAR-XL,1,33144.89,13257.96,33144.89,
2460,REM-VIO-L,1,32677.97,13071.19,32677.97,
2460,CIN-ROS-UNICO,1,33144.89,13257.96,33144.89,
2460,CAM-BLA-XL,1,36700.58,14680.23,36700.58,
2460,CIN-TUR-UNICO,1,27178.81,13257.96,27178.81,9
2460,CHU-ÍND-UNICO,1,33823.38,13529.35,33823.38,
2461,BUZ-AZU-M,2,29569.23,11827.69,59138.46,
2461,CHU-NEG-S,2,33823.38,13529.35,67646.76,
2461,CIN-ROS-XXL,2,33144.89,13257.96,66289.78,
2461,MUS-AZU-UNICO,1,32320.56,12928.22,32320.56,
2461,CIN-TUR-XL,1,33144.89,13257.96,33144.89,
2462,MUS-CEL-XXL,1,32320.56,12928.22,32320.56,
2463,BUZ-AZU-L,1,29569.23,11827.69,29569.23,
2463,SWE-AZU-M,1,32525.33,13010.13,32525.33,
2464,CAM-BLA-S,1,36700.58,14680.23,36700.58,
2464,GOR-GRI-S,1,28716.74,11486.7,28716.74,
2464,CAM-BLA-XL,1,36700.58,14680.23,36700.58,
2464,GOR-GRI-XXL,1,28716.74,11486.7,28716.74,
2464,JOG-ÍND-XL,1,41361.66,16544.66,41361.66,
2465,CAM-BEI-L,1,36700.58,14680.23,36700.58,
2465,GOR-ROJ-UNICO,1,28716.74,11486.7,28716.74,
2466,GOR-GRI-XXL,1,28716.74,11486.7,28716.74,
2466,SWE-MAR-M,1,32525.33,13010.13,32525.33,
2466,JOG-ÍND-S,1,41361.66,16544.66,41361.66,
2467,SWE-MAR-XXL,2,32525.33,13010.13,65050.66,
2467,REM-VIO-M,1,29410.17,13071.19,29410.17,2
2467,CAM-BEI-L,1,36700.58,14680.23,36700.58,
2468,CHU-NEG-UNICO,1,33823.38,13529.35,33823.38,
2468,REM-VIO-L,1,32677.97,13071.19,32677.97,
2468,CAM-BEI-L,1,36700.58,14680.23,36700.58,
2469,CIN-TUR-UNICO,1,33144.89,13257.96,33144.89,
2469,JOG-ÍND-XL,1,41361.66,16544.66,41361.66,
2470,REM-VIO-M,1,32677.97,13071.19,32677.97,
2470,JOG-AZU-UNICO,1,41361.66,16544.66,41361.66,
2470,REM-CEL-XXL,1,34182.8,13673.12,34182.8,
2470,SWE-MAR-UNICO,1,32525.33,13010.13,32525.33,
2470,JOG-AZU-UNICO,1,41361.66,16544.66,41361.66,
2471,JOG-AZU-UNICO,1,41361.66,16544.66,41361.66,
2472,GOR-GRI-UNICO,1,28716.74,11486.7,28716.74,
2472,SWE-MAR-L,1,32525.33,13010.13,32525.33,
2472,JOG-ÍND-M,1,41361.66,16544.66,41361.66,
2472,SWE-MAR-L,1,32525.33,13010.13,32525.33,
2472,JOG-CEL-UNICO,1,41361.66,16544.66,41361.66,
2473,BUZ-AZU-M,1,29569.23,11827.69,29569.23,
2474,GOR-GRI-L,1,28716.74,11486.7,28716.74,
2474,GOR-GRI-UNICO,1,28716.74,11486.7,28716.74,
2475,CIN-ROS-XXL,1,33144.89,13257.96,33144.89,
2475,CIN-TUR-UNICO,1,33144.89,13257.96,33144.89,
2475,CHU-NEG-S,2,33823.38,13529.35,67646.76,
2476,CHU-NEG-S,1,33823.38,13529.35,33823.38,
2476,BUZ-AZU-M,1,29569.23,11827.69,29569.23,
2476,JEA-NEG-M,1,21871.44,8748.58,21871.44,
2477,CIN-TUR-XL,1,33144.89,13257.96,33144.89,
2478,MUS-AZU-UNICO,1,32320.56,12928.22,32320.56,
2478,JEA-LAV-UNICO,2,21871.44,8748.58,43742.88,
2478,CHU-VER-S,1,33823.38,13529.35,33823.38,
2478,SWE-MAR-M,2,32525.33,13010.13,65050.66,
2479,GOR-GRI-M,1,28716.74,11486.7,28716.74,
2479,GOR-ROJ-UNICO,2,28716.74,11486.7,57433.48,
2479,CIN-MAR-L,1,33144.89,13257.96,33144.89,
2480,JOG-ÍND-M,2,41361.66,16544.66,82723.32,
2481,JEA-LAV-UNICO,1,21871.44,8748.58,21871.44,
2481,GOR-GRI-UNICO,1,28716.74,11486.7,28716.74,
2481,CIN-MAR-S,1,33144.89,13257.96,33144.89,
2482,CAM-CEL-XL,1,36700.58,14680.23,36700.58,
2482,MUS-CEL-S,1,32320.56,12928.22,32320.56,
2482,CAM-CEL-XL,1,36700.58,14680.23,36700.58,
2482,JEA-LAV-L,1,21871.44,8748.58,21871.44,
2483,JEA-LAV-L,1,21871.44,8748.58,21871.44,
2483,CIN-MAR-M,1,27178.81,13257.96,27178.81,9
2483,CIN-ROS-L,1,33144.89,13257.96,33144.89,
2483,CAM-BLA-XL,1,36700.58,14680.23,36700.58,
2483,MUS-AZU-M,1,32320.56,12928.22,32320.56,
2484,SWE-MAR-L,1,32525.33,13010.13,32525.33,
2485,GOR-GRI-UNICO,1,28716.74,11486.7,28716.74,
2486,CIN-TUR-XL,1,33144.89,13257.96,33144.89,
2487,JEA-NEG-M,1,21871.44,8748.58,21871.44,
2487,GOR-GRI-M,1,28716.74,11486.7,28716.74,
2487,JEA-LAV-UNICO,2,21871.44,8748.58,43742.88,
2487,JOG-ÍND-S,1,41361.66,16544.66,41361.66,
2488,SWE-MAR-M,1,32525.33,13010.13,32525.33,
2488,REM-BLA-XL,1,32677.97,13071.19,32677.97,
2488,CHU-ÍND-XL,1,33823.38,13529.35,33823.38,
2488,CIN-MAR-M,1,33144.89,13257.96,33144.89,
2489,JEA-LAV-UNICO,1,21871.44,8748.58,21871.44,
2490,JOG-AZU-XL,1,26885.08,16544.66,26885.08,8
2491,CIN-MAR-M,1,33144.89,13257.96,33144.89,
2491,GOR-GRI-M,1,28716.74,11486.7,28716.74,
2491,CHU-VER-XL,2,33823.38,13529.35,67646.76,
2491,REM-BLA-XL,2,32677.97,13071.19,65355.94,
2491,JOG-ÍND-M,1,41361.66,16544.66,41361.66,
2492,JEA-NEG-M,1,21871.44,8748.58,21871.44,
2492,SWE-MAR-L,2,32525.33,13010.13,65050.66,
2492,MUS-CEL-S,1,32320.56,12928.22,32320.56,
2492,CIN-MAR-L,1,33144.89,13257.96,33144.89,
2493,GOR-GRI-S,1,23547.73,11486.7,23547.73,9
2494,CAM-CEL-XL,1,36700.58,14680.23,36700.58,
2494,MUS-AZU-XXL,1,32320.56,12928.22,32320.56,
2494,JEA-NEG-M,1,21871.44,8748.58,21871.44,
2494,CAM-BEI-UNICO,1,36700.58,14680.23,36700.58,
2494,CIN-MAR-XL,1,33144.89,13257.96,33144.89,
2495,JOG-AZU-UNICO,1,41361.66,16544.66,41361.66,
2496,JOG-AZU-XXL,1,41361.66,16544.66,41361.66,
2496,GOR-GRI-XXL,1,28716.74,11486.7,28716.74,
2496,CAM-BLA-XL,1,36700.58,14680.23,36700.58,
2497,SWE-MAR-UNICO,1,32525.33,13010.13,32525.33,
2498,JOG-ÍND-XL,1,41361.66,16544.66,41361.66,
2498,BUZ-AZU-UNICO,1,29569.23,11827.69,29569.23,
2499,BUZ-AZU-M,1,29569.23,11827.69,29569.23,
2500,GOR-GRI-XXL,1,28716.74,11486.7,28716.74,
2500,JOG-ÍND-XL,1,41361.66,16544.66,41361.66,
2500,SWE-MAR-UNICO,1,32525.33,13010.13,32525.33,
2500,JEA-LAV-L,1,21871.44,8748.58,21871.44,
2501,SWE-AZU-S,1,32525.33,13010.13,32525.33,
2502,CIN-MAR-S,1,33144.89,13257.96,33144.89,
2502,BUZ-AZU-M,1,29569.23,11827.69,29569.23,
2502,CIN-MAR-M,1,33144.89,13257.96,33144.89,
2502,MUS-AZU-M,1,32320.56,12928.22,32320.56,
2502,MUS-AZU-XXL,1,32320.56,12928.22,32320.56,
2503,JEA-NEG-M,1,21871.44,8748.58,21871.44,
2504,SWE-MAR-L,1,32525.33,13010.13,32525.33,
2504,REM-CEL-XXL,1,34182.8,13673.12,34182.8,
2504,MUS-CEL-XXL,1,32320.56,12928.22,32320.56,
2504,JEA-NEG-XL,1,21871.44,8748.58,21871.44,
2505,MUS-CEL-M,1,32320.56,12928.22,32320.56,
2505,MUS-CEL-S,1,32320.56,12928.22,32320.56,
2505,REM-VIO-XL,1,32677.97,13071.19,32677.97,
2506,GOR-ROJ-UNICO,2,28716.74,11486.7,57433.48,
2506,JOG-AZU-UNICO,2,41361.66,16544.66,82723.32,
2506,CIN-MAR-XL,1,33144.89,13257.96,33144.89,
2507,GOR-GRI-L,1,28716.74,11486.7,28716.74,
2507,SWE-AZU-S,1,32525.33,13010.13,32525.33,
2507,MUS-AZU-UNICO,1,32320.56,12928.22,32320.56,
2507,REM-BLA-XL,1,31877.97,13071.19,31877.97,12
2508,CAM-BEI-UNICO,1,36700.58,14680.23,36700.58,
2508,JEA-NEG-M,1,21871.44,8748.58,21871.44,
2508,JOG-AZU-XXL,1,41361.66,16544.66,41361.66,
2508,CIN-MAR-L,2,33144.89,13257.96,66289.78,
2508,GOR-GRI-XXL,2,28716.74,11486.7,57433.48,
2509,MUS-CEL-S,1,32320.56,12928.22,32320.56,
2510,JEA-LAV-L,1,21871.44,8748.58,21871.44,
2510,JOG-ÍND-M,1,41361.66,16544.66,41361.66,
2511,SWE-MAR-L,1,32525.33,13010.13,32525.33,
2511,CAM-BEI-L,1,36700.58,14680.23,36700.58,
2512,CIN-MAR-L,2,33144.89,13257.96,66289.78,
2512,MUS-AZU-M,1,32320.56,12928.22,32320.56,
2513,SWE-AZU-M,1,32525.33,13010.13,32525.33,
2514,JEA-NEG-UNICO,1,21871.44,8748.58,21871.44,
2515,CHU-ÍND-XL,1,33823.38,13529.35,33823.38,
2515,CHU-ÍND-XXL,1,33823.38,13529.35,33823.38,
2515,BUZ-AZU-M,1,29569.23,11827.69,29569.23,
2516,SWE-AZU-XXL,1,32525.33,13010.13,32525.33,
2516,JOG-ÍND-M,1,41361.66,16544.66,41361.66,
2517,CIN-ROS-S,1,33144.89,13257.96,33144.89,
2517,SWE-MAR-XXL,1,32525.33,13010.13,32525.33,
2517,CHU-NEG-S,1,33823.38,13529.35,33823.38,
2517,CIN-ROS-S,1,33144.89,13257.96,33144.89,
2517,MUS-AZU-UNICO,1,32320.56,12928.22,32320.56,
2518,SWE-AZU-S,1,32525.33,13010.13,32525.33,
2518,GOR-GRI-S,1,28716.74,11486.7,28716.74,
2519,REM-BLA-XL,2,32677.97,13071.19,65355.94,
2519,JEA-LAV-L,1,21871.44,8748.58,21871.44,
2519,CIN-MAR-S,1,33144.89,13257.96,33144.89,
2519,JEA-NEG-UNICO,1,21871.44,8748.58,21871.44,
2519,JEA-NEG-XL,1,21871.44,8748.58,21871.44,
2520,CHU-ÍND-L,2,33823.38,13529.35,67646.76,
2520,CHU-VER-L,1,33823.38,13529.35,33823.38,
2521,SWE-MAR-L,1,32525.33,13010.13,32525.33,
2521,JOG-AZU-UNICO,1,41361.66,16544.66,41361.66,
2522,SWE-MAR-XXL,1,32525.33,13010.13,32525.33,
2522,CAM-BLA-M,1,36700.58,14680.23,36700.58,
2522,SWE-MAR-M,1,32525.33,13010.13,32525.33,
2523,CHU-NEG-S,1,33823.38,13529.35,33823.38,
2523,CIN-TUR-XL,1,33144.89,13257.96,33144.89,
2523,JOG-ÍND-M,1,41361.66,16544.66,41361.66,
2524,CHU-NEG-S,2,33823.38,13529.35,67646.76,
2524,MUS-AZU-UNICO,1,32320.56,12928.22,32320.56,
2525,CHU-ÍND-XL,1,33823.38,13529.35,33823.38,
2525,JEA-LAV-L,1,21871.44,8748.58,21871.44,
2526,JOG-ÍND-S,1,41361.66,16544.66,41361.66,
2527,JOG-ÍND-M,1,41361.66,16544.66,41361.66,
2528,CIN-ROS-L,1,33144.89,13257.96,33144.89,
2529,CHU-VER-XL,1,33823.38,13529.35,33823.38,
2529,GOR-ROJ-UNICO,1,28716.74,11486.7,28716.74,
2529,REM-BLA-XL,1,32677.97,13071.19,32677.97,
2529,JEA-LAV-L,1,21871.44,8748.58,21871.44,
2530,REM-VIO-XXL,1,16338.99,13071.19,16338.99,11
2530,CIN-MAR-L,1,33144.89,13257.96,33144.89,
2530,JOG-ÍND-XL,1,41361.66,16544.66,41361.66,
2530,BUZ-AZU-L,1,14784.61,11827.69,14784.61,11
2531,REM-BLA-XL,1,32677.97,13071.19,32677.97,
2532,CIN-TUR-UNICO,1,33144.89,13257.96,33144.89,
2532,SWE-AZU-M,1,32525.33,13010.13,32525.33,
2532,REM-VIO-XXL,1,32677.97,13071.19,32677.97,
2532,REM-TUR-XXL,1,34182.8,13673.12,34182.8,
2533,CHU-VER-XL,1,33823.38,13529.35,33823.38,
2533,MUS-CEL-S,1,32320.56,12928.22,32320.56,
2533,GOR-GRI-UNICO,1,28716.74,11486.7,28716.74,
2534,JOG-CEL-UNICO,1,41361.66,16544.66,41361.66,
2534,CHU-ÍND-L,1,33823.38,13529.35,33823.38,
2534,SWE-MAR-UNICO,1,32525.33,13010.13,32525.33,
2535,CAM-BEI-L,1,36700.58,14680.23,36700.58,
2535,CIN-TUR-UNICO,1,33144.89,13257.96,33144.89,
2535,CAM-CEL-XL,1,36700.58,14680.23,36700.58,
2536,JOG-ÍND-M,1,41361.66,16544.66,41361.66,
2536,CAM-BEI-L,1,36700.58,14680.23,36700.58,
2537,CIN-MAR-S,1,33144.89,13257.96,33144.89,
2537,REM-TUR-XXL,1,34182.8,13673.12,34182.8,
2537,MUS-AZU-M,2,31520.56,12928.22,63041.12,12
2537,SWE-MAR-UNICO,1,32525.33,13010.13,32525.33,
2538,CHU-VER-XL,1,33823.38,13529.35,33823.38,
2538,CHU-VER-XL,1,33823.38,13529.35,33823.38,
2538,CAM-CEL-XL,1,36700.58,14680.23,36700.58,
2538,JOG-AZU-UNICO,1,41361.66,16544.66,41361.66,
2538,CIN-MAR-XL,1,33144.89,13257.96,33144.89,
2539,CAM-BEI-L,1,36700.58,14680.23,36700.58,
2539,JEA-LAV-L,1,21871.44,8748.58,21871.44,
2539,JOG-ÍND-M,1,41361.66,16544.66,41361.66,
2539,CAM-BEI-UNICO,1,36700.58,14680.23,36700.58,
2539,CAM-CEL-XL,1,36700.58,14680.23,36700.58,
2540,REM-VIO-M,1,32677.97,13071.19,32677.97,
2540,REM-BLA-S,1,32677.97,13071.19,32677.97,
2541,GOR-GRI-L,1,28716.74,11486.7,28716.74,
2542,REM-TUR-XXL,1,34182.8,13673.12,34182.8,
2542,CIN-MAR-L,1,33144.89,13257.96,33144.89,
2543,JOG-ÍND-XL,1,41361.66,16544.66,41361.66,
2544,BUZ-AZU-UNICO,1,29569.23,11827.69,29569.23,
2545,JEA-LAV-UNICO,1,21871.44,8748.58,21871.44,
2545,CIN-MAR-S,1,33144.89,13257.96,33144.89,
2545,CHU-ÍND-L,1,33823.38,13529.35,33823.38,
2545,CIN-ROS-XXL,1,33144.89,13257.96,33144.89,
2545,SWE-AZU-S,1,32525.33,13010.13,32525.33,
2546,SWE-MAR-XXL,1,32525.33,13010.13,32525.33,
2546,MUS-AZU-XXL,1,32320.56,12928.22,32320.56,
2546,CIN-ROS-UNICO,1,33144.89,13257.96,33144.89,
2546,REM-BLA-XL,2,32677.97,13071.19,65355.94,
2546,CAM-BEI-L,1,36700.58,14680.23,36700.58,
2547,SWE-MAR-L,1,32525.33,13010.13,32525.33,
2547,JOG-AZU-XXL,1,41361.66,16544.66,41361.66,
2547,CAM-BLA-M,1,36700.58,14680.23,36700.58,
2547,GOR-ROJ-S,1,28716.74,11486.7,28716.74,
2548,JEA-LAV-L,2,21871.44,8748.58,43742.88,
2548,JOG-ÍND-M,1,41361.66,16544.66,41361.66,
2548,JOG-ÍND-XL,1,41361.66,16544.66,41361.66,
2549,CHU-NEG-XL,1,33823.38,13529.35,33823.38,
2549,SWE-MAR-L,1,32525.33,13010.13,32525.33,
2549,SWE-AZU-S,1,32525.33,13010.13,32525.33,
2549,CHU-ÍND-L,1,33823.38,13529.35,33823.38,
2549,JEA-NEG-M,1,21871.44,8748.58,21871.44,
2550,MUS-CEL-XXL,1,32320.56,12928.22,32320.56,
2551,REM-TUR-XXL,1,34182.8,13673.12,34182.8,
2551,REM-BLA-XL,1,32677.97,13071.19,32677.97,
2551,REM-VIO-XL,1,32677.97,13071.19,32677.97,
2551,JEA-NEG-M,2,21871.44,8748.58,43742.88,
2551,SWE-MAR-UNICO,1,32525.33,13010.13,32525.33,
2552,GOR-ROJ-S,1,28716.74,11486.7,28716.74,
2552,MUS-AZU-M,1,32320.56,12928.22,32320.56,
2552,JEA-LAV-UNICO,1,21871.44,8748.58,21871.44,
2552,MUS-AZU-XXL,1,32320.56,12928.22,32320.56,
2553,REM-VIO-L,2,32677.97,13071.19,65355.94,
2553,SWE-MAR-S,1,32525.33,13010.13,32525.33,
2553,JOG-ÍND-M,2,41361.66,16544.66,82723.32,
2553,CAM-BEI-L,1,36700.58,14680.23,36700.58,
2554,BUZ-AZU-M,1,29569.23,11827.69,29569.23,
2555,CIN-MAR-S,1,33144.89,13257.96,33144.89,
2555,SWE-AZU-S,1,32525.33,13010.13,32525.33,
2555,MUS-AZU-XXL,1,32320.56,12928.22,32320.56,
2556,JEA-NEG-UNICO,1,21871.44,8748.58,21871.44,
2556,CIN-TUR-UNICO,1,33144.89,13257.96,33144.89,
2556,JOG-AZU-XXL,1,41361.66,16544.66,41361.66,
2556,JOG-ÍND-XL,1,41361.66,16544.66,41361.66,
2556,JOG-CEL-UNICO,1,41361.66,16544.66,41361.66,
2557,GOR-GRI-M,1,28716.74,11486.7,28716.74,
2557,CIN-MAR-S,1,33144.89,13257.96,33144.89,
2558,CAM-BEI-L,1,36700.58,14680.23,36700.58,
2559,REM-VIO-XXL,1,32677.97,13071.19,32677.97,
2559,CAM-BLA-XL,1,36700.58,14680.23,36700.58,
2559,GOR-ROJ-S,1,28716.74,11486.7,28716.74,
2559,JEA-NEG-UNICO,1,21871.44,8748.58,21871.44,
2559,JEA-LAV-L,1,21871.44,8748.58,21871.44,
2560,CHU-VER-XL,1,33823.38,13529.35,33823.38,
2560,CHU-ÍND-L,1,33823.38,13529.35,33823.38,
2560,JOG-ÍND-S,1,41361.66,16544.66,41361.66,
2561,CHU-NEG-M,1,33823.38,13529.35,33823.38,
2561,SWE-MAR-UNICO,1,32525.33,13010.13,32525.33,
2561,JOG-AZU-XL,1,41361.66,16544.66,41361.66,
2561,CHU-VER-XL,1,33823.38,13529.35,33823.38,
2562,BUZ-AZU-M,2,28769.23,11827.69,57538.46,12
2562,CIN-MAR-XL,1,33144.89,13257.96,33144.89,
2562,GOR-GRI-XXL,1,28716.74,11486.7,28716.74,
2562,REM-BLA-XL,1,32677.97,13071.19,32677.97,
2563,JOG-AZU-XL,1,41361.66,16544.66,41361.66,
2563,JOG-AZU-XL,1,41361.66,16544.66,41361.66,
2563,CHU-VER-XL,1,33823.38,13529.35,33823.38,
2563,REM-BLA-S,1,32677.97,13071.19,32677.97,
2564,REM-VIO-L,1,32677.97,13071.19,32677.97,
2564,BUZ-AZU-M,1,29569.23,11827.69,29569.23,
2565,CIN-TUR-XL,1,33144.89,13257.96,33144.89,
2565,CHU-ÍND-L,1,33823.38,13529.35,33823.38,
2566,REM-TUR-XXL,1,34182.8,13673.12,34182.8,
2566,CIN-ROS-XXL,1,33144.89,13257.96,33144.89,
2566,CIN-ROS-UNICO,2,33144.89,13257.96,66289.78,
2567,JOG-AZU-XL,1,41361.66,16544.66,41361.66,
2568,MUS-CEL-M,2,32320.56,12928.22,64641.12,
2568,REM-TUR-S,1,34182.8,13673.12,34182.8,
2569,JEA-LAV-L,1,21871.44,8748.58,21871.44,
2569,CHU-ÍND-XXL,1,33823.38,13529.35,33823.38,
2569,JOG-AZU-UNICO,1,41361.66,16544.66,41361.66,
2569,CAM-BLA-M,1,36700.58,14680.23,36700.58,
2569,CAM-BEI-S,1,36700.58,14680.23,36700.58,
2570,JOG-AZU-XL,1,41361.66,16544.66,41361.66,
2570,MUS-AZU-UNICO,1,32320.56,12928.22,32320.56,
2571,CAM-BEI-UNICO,2,36700.58,14680.23,73401.16,
2571,REM-TUR-XXL,2,34182.8,13673.12,68365.6,
2571,MUS-AZU-UNICO,1,32320.56,12928.22,32320.56,
2572,GOR-GRI-S,1,28716.74,11486.7,28716.74,
2572,CHU-VER-XL,1,33823.38,13529.35,33823.38,
2573,SWE-MAR-L,1,32525.33,13010.13,32525.33,
2574,BUZ-AZU-M,1,29569.23,11827.69,29569.23,
2575,CIN-TUR-XL,1,33144.89,13257.96,33144.89,
2576,GOR-GRI-UNICO,1,28716.74,11486.7,28716.74,
2576,CIN-TUR-UNICO,1,33144.89,13257.96,33144.89,
2576,JOG-CEL-UNICO,1,41361.66,16544.66,41361.66,
2576,MUS-AZU-UNICO,1,32320.56,12928.22,32320.56,
2577,JOG-AZU-UNICO,1,41361.66,16544.66,41361.66,
2577,REM-TUR-S,1,34182.8,13673.12,34182.8,
2577,CHU-NEG-S,2,33823.38,13529.35,67646.76,
2577,GOR-ROJ-S,1,28716.74,11486.7,28716.74,
2578,JEA-LAV-L,1,21871.44,8748.58,21871.44,
2578,CIN-MAR-L,1,33144.89,13257.96,33144.89,
2578,MUS-AZU-UNICO,1,32320.56,12928.22,32320.56,
2578,CHU-NEG-S,1,33823.38,13529.35,33823.38,
2578,BUZ-AZU-M,1,29569.23,11827.69,29569.23,
2579,CIN-ROS-XXL,2,33144.89,13257.96,66289.78,
2579,JOG-AZU-UNICO,1,41361.66,16544.66,41361.66,
2579,JOG-AZU-XXL,1,41361.66,16544.66,41361.66,
2579,REM-TUR-XXL,1,34182.8,13673.12,34182.8,
2579,CHU-VER-XL,1,33823.38,13529.35,33823.38,
2580,MUS-CEL-S,1,32320.56,12928.22,32320.56,
2580,MUS-AZU-XXL,1,32320.56,12928.22,32320.56,
2580,MUS-AZU-M,1,32320.56,12928.22,32320.56,
2581,GOR-GRI-L,2,28716.74,11486.7,57433.48,
2582,CAM-BEI-L,1,36700.58,14680.23,36700.58,
2582,GOR-GRI-M,1,28716.74,11486.7,28716.74,
2582,GOR-GRI-M,1,28716.74,11486.7,28716.74,
2582,CHU-ÍND-L,2,33823.38,13529.35,67646.76,
2583,MUS-CEL-S,2,32320.56,12928.22,64641.12,
2583,JOG-AZU-UNICO,1,41361.66,16544.66,41361.66,
2583,JOG-ÍND-XL,1,36398.26,16544.66,36398.26,6
2583,CIN-TUR-UNICO,1,33144.89,13257.96,33144.89,
2583,MUS-AZU-XXL,1,32320.56,12928.22,32320.56,
2584,CAM-CEL-XL,1,36700.58,14680.23,36700.58,
2584,REM-TUR-XXL,1,33382.8,13673.12,33382.8,12
2585,REM-TUR-S,2,34182.8,13673.12,68365.6,
2585,CHU-VER-L,1,33823.38,13529.35,33823.38,
2586,CAM-CEL-XL,1,36700.58,14680.23,36700.58,
2586,MUS-CEL-S,1,32320.56,12928.22,32320.56,
2586,CIN-MAR-XL,1,33144.89,13257.96,33144.89,
2586,CIN-ROS-XXL,2,33144.89,13257.96,66289.78,
2587,SWE-MAR-L,1,32525.33,13010.13,32525.33,
2587,GOR-ROJ-UNICO,1,23547.73,11486.7,23547.73,9
2587,SWE-MAR-S,1,26670.77,13010.13,26670.77,9
2587,REM-VIO-XL,1,32677.97,13071.19,32677.97,
2588,JOG-CEL-UNICO,1,41361.66,16544.66,41361.66,
2588,CIN-MAR-S,2,33144.89,13257.96,66289.78,
2589,SWE-MAR-L,1,32525.33,13010.13,32525.33,
2589,SWE-MAR-L,1,32525.33,13010.13,32525.33,
2589,JOG-ÍND-XL,1,41361.66,16544.66,41361.66,
2589,CIN-MAR-S,1,33144.89,13257.96,33144.89,
2589,JEA-NEG-M,1,21871.44,8748.58,21871.44,
2590,GOR-ROJ-S,1,28716.74,11486.7,28716.74,
2590,JOG-ÍND-M,1,41361.66,16544.66,41361.66,
2590,GOR-GRI-M,1,28716.74,11486.7,28716.74,
2590,CIN-MAR-XL,1,33144.89,13257.96,33144.89,
2590,SWE-MAR-L,1,32525.33,13010.13,32525.33,
2591,GOR-GRI-XXL,1,28716.74,11486.7,28716.74,
2591,CIN-MAR-M,1,33144.89,13257.96,33144.89,
2591,JOG-CEL-UNICO,1,37225.49,16544.66,37225.49,3
2592,CHU-NEG-M,1,33823.38,13529.35,33823.38,
2592,REM-BLA-UNICO,1,32677.97,13071.19,32677.97,
2592,REM-TUR-S,1,34182.8,13673.12,34182.8,
2593,CAM-BLA-XL,1,36700.58,14680.23,36700.58,
2593,CIN-ROS-UNICO,1,33144.89,13257.96,33144.89,
2594,CHU-NEG-M,1,33823.38,13529.35,33823.38,
2594,CIN-ROS-XXL,1,33144.89,13257.96,33144.89,
2594,CAM-BLA-XL,1,36700.58,14680.23,36700.58,
2594,CHU-NEG-M,1,33823.38,13529.35,33823.38,
2594,MUS-AZU-XXL,1,32320.56,12928.22,32320.56,
2595,GOR-ROJ-UNICO,1,28716.74,11486.7,28716.74,
2595,CHU-VER-XL,1,33823.38,13529.35,33823.38,
2595,JOG-ÍND-S,1,41361.66,16544.66,41361.66,
2596,REM-BLA-XL,1,32677.97,13071.19,32677.97,
2596,CIN-MAR-XL,2,33144.89,13257.96,66289.78,
2596,JEA-NEG-M,1,21871.44,8748.58,21871.44,
2597,CAM-BLA-M,1,36700.58,14680.23,36700.58,
2598,GOR-GRI-S,1,28716.74,11486.7,28716.74,
2598,CHU-VER-XL,1,33823.38,13529.35,33823.38,
2598,CHU-ÍND-L,1,33823.38,13529.35,33823.38,
2598,MUS-CEL-S,1,31520.56,12928.22,31520.56,12
2598,CIN-TUR-UNICO,1,33144.89,13257.96,33144.89,
2599,JEA-LAV-L,1,21871.44,8748.58,21871.44,
2599,CHU-ÍND-XXL,1,33823.38,13529.35,33823.38,
2600,REM-VIO-M,1,32677.97,13071.19,32677.97,
2600,GOR-GRI-L,1,28716.74,11486.7,28716.74,
2601,CHU-VER-XL,1,33823.38,13529.35,33823.38,
2601,CAM-BLA-M,1,36700.58,14680.23,36700.58,
2602,REM-TUR-XXL,1,34182.8,13673.12,34182.8,
2602,JOG-ÍND-S,1,41361.66,16544.66,41361.66,
2602,JOG-AZU-UNICO,1,41361.66,16544.66,41361.66,
2602,GOR-GRI-M,1,28716.74,11486.7,28716.74,
2602,REM-CEL-XXL,1,34182.8,13673.12,34182.8,
2603,MUS-AZU-XXL,1,32320.56,12928.22,32320.56,
2603,JEA-NEG-M,1,21871.44,8748.58,21871.44,
2603,GOR-GRI-UNICO,1,28716.74,11486.7,28716.74,
2603,CIN-ROS-UNICO,1,33144.89,13257.96,33144.89,
2603,CHU-NEG-XXL,1,33823.38,13529.35,33823.38,
2604,REM-CEL-XXL,1,34182.8,13673.12,34182.8,
2604,BUZ-AZU-M,1,29569.23,11827.69,29569.23,
2605,JOG-ÍND-XL,1,41361.66,16544.66,41361.66,
2605,REM-VIO-M,1,32677.97,13071.19,32677.97,
2605,JOG-CEL-UNICO,1,41361.66,16544.66,41361.66,
2605,REM-TUR-XXL,1,34182.8,13673.12,34182.8,
2606,SWE-MAR-M,1,21141.46,13010.13,21141.46,8
2606,JEA-NEG-UNICO,1,14216.44,8748.58,14216.44,8
2606,CIN-MAR-M,2,33144.89,13257.96,66289.78,
2607,CIN-MAR-L,1,33144.89,13257.96,33144.89,
2607,JOG-AZU-UNICO,1,41361.66,16544.66,41361.66,
2607,CHU-NEG-UNICO,1,33823.38,13529.35,33823.38,
2607,JOG-ÍND-M,1,33916.56,16544.66,33916.56,10
2607,CAM-BLA-XL,1,36700.58,14680.23,36700.58,
2608,JOG-AZU-XXL,1,41361.66,16544.66,41361.66,
2609,SWE-MAR-L,1,32525.33,13010.13,32525.33,
2609,SWE-MAR-L,1,32525.33,13010.13,32525.33,
2609,MUS-AZU-M,1,32320.56,12928.22,32320.56,
2610,CAM-BLA-S,1,36700.58,14680.23,36700.58,
2610,GOR-ROJ-UNICO,1,28716.74,11486.7,28716.74,
2610,BUZ-AZU-UNICO,1,29569.23,11827.69,29569.23,
2610,JOG-ÍND-S,1,41361.66,16544.66,41361.66,
2611,BUZ-AZU-L,1,19220.0,11827.69,19220.0,8
2611,JOG-ÍND-M,1,41361.66,16544.66,41361.66,
2612,REM-VIO-L,2,32677.97,13071.19,65355.94,
2612,CHU-NEG-M,1,33823.38,13529.35,33823.38,
2612,SWE-MAR-S,1,32525.33,13010.13,32525.33,
2613,JEA-NEG-M,1,21871.44,8748.58,21871.44,
2613,CIN-TUR-UNICO,1,33144.89,13257.96,33144.89,
2613,REM-BLA-XL,1,32677.97,13071.19,32677.97,
2614,CHU-VER-XL,2,33823.38,13529.35,67646.76,
2614,REM-CEL-XXL,1,34182.8,13673.12,34182.8,
2614,BUZ-AZU-UNICO,1,29569.23,11827.69,29569.23,
2615,MUS-CEL-S,1,25856.45,12928.22,25856.45,1
2615,SWE-MAR-S,1,32525.33,13010.13,32525.33,
2616,JOG-CEL-UNICO,1,41361.66,16544.66,41361.66,
2616,CIN-TUR-XL,1,33144.89,13257.96,33144.89,
2617,REM-CEL-XXL,2,34182.8,13673.12,68365.6,
2618,JEA-NEG-M,2,21871.44,8748.58,43742.88,
2618,JEA-LAV-UNICO,1,21871.44,8748.58,21871.44,
2618,CAM-CEL-XL,1,36700.58,14680.23,36700.58,
2619,JEA-LAV-L,1,21871.44,8748.58,21871.44,
2620,REM-VIO-XL,1,32677.97,13071.19,32677.97,
2620,CAM-BEI-UNICO,1,36700.58,14680.23,36700.58,
2620,REM-VIO-L,1,32677.97,13071.19,32677.97,
2620,JEA-NEG-M,1,21871.44,8748.58,21871.44,
2621,GOR-ROJ-S,1,28716.74,11486.7,28716.74,
2621,GOR-GRI-XXL,1,28716.74,11486.7,28716.74,
2621,JEA-NEG-UNICO,1,21871.44,8748.58,21871.44,
2622,CIN-MAR-XL,2,33144.89,13257.96,66289.78,
2622,CHU-VER-XL,1,33823.38,13529.35,33823.38,
2622,CHU-NEG-M,1,33823.38,13529.35,33823.38,
2622,REM-CEL-XXL,1,34182.8,13673.12,34182.8,
2623,JOG-AZU-UNICO,1,41361.66,16544.66,41361.66,
2623,MUS-AZU-UNICO,1,32320.56,12928.22,32320.56,
2623,BUZ-AZU-L,1,29569.23,11827.69,29569.23,
2624,CAM-BEI-L,1,36700.58,14680.23,36700.58,
2625,CAM-CEL-XL,1,36700.58,14680.23,36700.58,
2625,SWE-AZU-S,1,32525.33,13010.13,32525.33,
2625,CIN-MAR-L,1,33144.89,13257.96,33144.89,
2626,MUS-AZU-M,1,32320.56,12928.22,32320.56,
2626,CHU-NEG-S,1,33823.38,13529.35,33823.38,
2627,REM-VIO-L,1,32677.97,13071.19,32677.97,
2627,CHU-NEG-M,1,33823.38,13529.35,33823.38,
2628,CIN-MAR-L,1,33144.89,13257.96,33144.89,
2629,CHU-ÍND-L,1,33823.38,13529.35,33823.38,
2629,JEA-LAV-L,1,21871.44,8748.58,21871.44,
2629,SWE-MAR-UNICO,1,32525.33,13010.13,32525.33,
2630,GOR-GRI-XXL,1,28716.74,11486.7,28716.74,
2630,CIN-ROS-UNICO,1,33144.89,13257.96,33144.89,
2630,CAM-BLA-M,1,36700.58,14680.23,36700.58,
2631,MUS-AZU-XXL,1,32320.56,12928.22,32320.56,
2631,MUS-AZU-UNICO,1,32320.56,12928.22,32320.56,
2631,GOR-GRI-L,1,28716.74,11486.7,28716.74,
2631,SWE-MAR-UNICO,1,32525.33,13010.13,32525.33,
2631,GOR-GRI-L,1,28716.74,11486.7,28716.74,
2632,CAM-BEI-UNICO,1,36700.58,14680.23,36700.58,
2632,CAM-BEI-UNICO,1,36700.58,14680.23,36700.58,
2633,GOR-ROJ-UNICO,1,28716.74,11486.7,28716.74,
2634,CAM-BEI-L,1,36700.58,14680.23,36700.58,
2634,JOG-AZU-L,2,41361.66,16544.66,82723.32,
2635,GOR-GRI-UNICO,1,28716.74,11486.7,28716.74,
2635,GOR-GRI-L,1,28716.74,11486.7,28716.74,
2635,JOG-CEL-UNICO,1,41361.66,16544.66,41361.66,
2636,CHU-VER-XL,1,33823.38,13529.35,33823.38,
2636,MUS-AZU-XXL,2,32320.56,12928.22,64641.12,
2636,GOR-GRI-L,1,28716.74,11486.7,28716.74,
2636,CIN-TUR-UNICO,1,33144.89,13257.96,33144.89,
2637,CIN-TUR-XL,1,33144.89,13257.96,33144.89,
2637,REM-CEL-XXL,1,34182.8,13673.12,34182.8,
2637,MUS-CEL-S,1,32320.56,12928.22,32320.56,
2638,CIN-MAR-XL,1,33144.89,13257.96,33144.89,
2638,CAM-BLA-M,1,36700.58,14680.23,36700.58,
2638,CAM-BLA-M,1,36700.58,14680.23,36700.58,
2639,BUZ-AZU-L,2,29569.23,11827.69,59138.46,
2639,MUS-CEL-S,1,32320.56,12928.22,32320.56,
2640,CAM-BEI-UNICO,1,36700.58,14680.23,36700.58,
2640,CIN-TUR-XL,2,33144.89,13257.96,66289.78,
2641,MUS-AZU-M,1,32320.56,12928.22,32320.56,
2641,SWE-MAR-UNICO,1,32525.33,13010.13,32525.33,
2641,CHU-NEG-M,1,33823.38,13529.35,33823.38,
2641,CIN-MAR-XL,1,33144.89,13257.96,33144.89,
2642,MUS-AZU-M,1,32320.56,12928.22,32320.56,
2642,CIN-MAR-L,1,33144.89,13257.96,33144.89,
2642,REM-BLA-XL,1,32677.97,13071.19,32677.97,
2642,CHU-NEG-M,1,33823.38,13529.35,33823.38,
2642,CIN-ROS-XXL,1,33144.89,13257.96,33144.89,
2643,MUS-AZU-UNICO,1,32320.56,12928.22,32320.56,
2644,GOR-GRI-XXL,1,28716.74,11486.7,28716.74,
2644,GOR-GRI-UNICO,1,28716.74,11486.7,28716.74,
2644,REM-CEL-XXL,1,34182.8,13673.12,34182.8,
2645,CAM-BEI-L,1,36700.58,14680.23,36700.58,
2645,REM-BLA-XL,2,32677.97,13071.19,65355.94,
2646,CAM-BEI-L,1,36700.58,14680.23,36700.58,
2647,CAM-BEI-UNICO,1,36700.58,14680.23,36700.58,
2647,CHU-NEG-M,1,33823.38,13529.35,33823.38,
2647,GOR-GRI-XXL,1,28716.74,11486.7,28716.74,
2647,CIN-MAR-S,1,33144.89,13257.96,33144.89,
2648,GOR-ROJ-UNICO,2,28716.74,11486.7,57433.48,
2648,GOR-GRI-M,1,28716.74,11486.7,28716.74,
2648,GOR-GRI-XXL,1,28716.74,11486.7,28716.74,
2648,JOG-ÍND-S,1,41361.66,16544.66,41361.66,
2649,JEA-NEG-M,1,21871.44,8748.58,21871.44,
2649,GOR-GRI-M,1,28716.74,11486.7,28716.74,
2649,CIN-TUR-XL,1,33144.89,13257.96,33144.89,
2650,GOR-GRI-M,1,28716.74,11486.7,28716.74,
2650,BUZ-AZU-M,1,29569.23,11827.69,29569.23,
2651,CIN-MAR-XL,1,33144.89,13257.96,33144.89,
2652,CAM-BEI-UNICO,1,36700.58,14680.23,36700.58,
2652,CIN-MAR-L,2,33144.89,13257.96,66289.78,
2653,CAM-BEI-L,1,36700.58,14680.23,36700.58,
2654,GOR-GRI-L,1,28716.74,11486.7,28716.74,
2654,GOR-GRI-XXL,1,28716.74,11486.7,28716.74,
2654,MUS-CEL-S,1,32320.56,12928.22,32320.56,
2654,GOR-GRI-XXL,1,28716.74,11486.7,28716.74,
2654,SWE-MAR-L,1,32525.33,13010.13,32525.33,
2655,JEA-NEG-M,2,21871.44,8748.58,43742.88,
2656,GOR-GRI-L,1,27916.74,11486.7,27916.74,12
2656,MUS-AZU-M,1,32320.56,12928.22,32320.56,
2656,CIN-MAR-S,1,33144.89,13257.96,33144.89,
2656,MUS-CEL-S,1,32320.56,12928.22,32320.56,
2656,REM-CEL-XXL,1,33382.8,13673.12,33382.8,12
2657,REM-TUR-S,1,34182.8,13673.12,34182.8,
2657,CHU-ÍND-XXL,1,33823.38,13529.35,33823.38,
2657,REM-TUR-XXL,1,34182.8,13673.12,34182.8,
2658,CIN-MAR-XL,1,33144.89,13257.96,33144.89,
2658,CAM-BLA-S,1,18350.29,14680.23,18350.29,11
2658,REM-VIO-XXL,1,32677.97,13071.19,32677.97,
2659,REM-BLA-S,1,32677.97,13071.19,32677.97,
2659,CHU-VER-L,1,33823.38,13529.35,33823.38,
2659,CHU-ÍND-XL,1,20294.03,13529.35,20294.03,7
2659,GOR-GRI-M,2,28716.74,11486.7,57433.48,
2660,JEA-NEG-XL,1,21871.44,8748.58,21871.44,
2660,SWE-AZU-S,1,32525.33,13010.13,32525.33,
2660,CHU-VER-S,2,33823.38,13529.35,67646.76,
2660,CHU-VER-L,1,33823.38,13529.35,33823.38,
2661,CIN-TUR-XL,1,33144.89,13257.96,33144.89,
2661,CIN-MAR-S,1,33144.89,13257.96,33144.89,
2661,SWE-MAR-UNICO,1,32525.33,13010.13,32525.33,
2661,CIN-MAR-S,1,33144.89,13257.96,33144.89,
2661,JOG-ÍND-S,1,41361.66,16544.66,41361.66,
2662,JOG-CEL-UNICO,1,41361.66,16544.66,41361.66,
2663,JEA-NEG-UNICO,1,21871.44,8748.58,21871.44,
2663,BUZ-AZU-M,1,29569.23,11827.69,29569.23,
2663,JOG-ÍND-M,1,41361.66,16544.66,41361.66,
2663,CHU-ÍND-XXL,1,33823.38,13529.35,33823.38,
2663,REM-BLA-XL,1,32677.97,13071.19,32677.97,
2664,SWE-AZU-XXL,1,32525.33,13010.13,32525.33,
2664,REM-TUR-S,1,34182.8,13673.12,34182.8,
2665,BUZ-AZU-UNICO,1,29569.23,11827.69,29569.23,
2665,CHU-ÍND-XL,2,33823.38,13529.35,67646.76,
2665,CIN-MAR-M,1,33144.89,13257.96,33144.89,
2666,MUS-AZU-XXL,1,32320.56,12928.22,32320.56,
2666,JOG-ÍND-M,1,41361.66,16544.66,41361.66,
2666,JEA-LAV-L,2,21871.44,8748.58,43742.88,
2666,MUS-CEL-S,1,32320.56,12928.22,32320.56,
2667,MUS-AZU-XXL,1,32320.56,12928.22,32320.56,
2667,JEA-LAV-L,1,21871.44,8748.58,21871.44,
2667,JEA-LAV-UNICO,1,21871.44,8748.58,21871.44,
2667,CAM-BEI-UNICO,1,36700.58,14680.23,36700.58,
2667,REM-TUR-XXL,1,34182.8,13673.12,34182.8,
2668,REM-TUR-XXL,1,34182.8,13673.12,34182.8,
2668,CHU-NEG-S,1,33823.38,13529.35,33823.38,
2669,SWE-MAR-L,1,32525.33,13010.13,32525.33,
2669,CIN-MAR-XL,2,33144.89,13257.96,66289.78,
2669,CHU-NEG-S,1,33823.38,13529.35,33823.38,
2669,CIN-MAR-S,1,33144.89,13257.96,33144.89,
2669,BUZ-AZU-M,1,29569.23,11827.69,29569.23,
2670,CHU-NEG-S,1,33823.38,13529.35,33823.38,
2670,JEA-NEG-UNICO,1,21871.44,8748.58,21871.44,
2670,REM-VIO-L,1,32677.97,13071.19,32677.97,
2671,GOR-GRI-XXL,1,28716.74,11486.7,28716.74,
2671,MUS-CEL-S,1,32320.56,12928.22,32320.56,
2672,CHU-ÍND-L,1,33823.38,13529.35,33823.38,
2672,GOR-ROJ-XXL,1,28716.74,11486.7,28716.74,
2672,REM-TUR-S,1,34182.8,13673.12,34182.8,
2672,CAM-BLA-M,1,36700.58,14680.23,36700.58,
2673,MUS-AZU-M,1,32320.56,12928.22,32320.56,
2673,SWE-MAR-UNICO,1,32525.33,13010.13,32525.33,
2673,JOG-ÍND-M,1,41361.66,16544.66,41361.66,
2674,CHU-VER-S,1,33823.38,13529.35,33823.38,
2674,CHU-ÍND-L,1,33823.38,13529.35,33823.38,
2674,CHU-NEG-XL,1,33823.38,13529.35,33823.38,
2674,CHU-ÍND-L,1,33823.38,13529.35,33823.38,
2674,REM-VIO-L,1,32677.97,13071.19,32677.97,
2675,JOG-ÍND-XL,2,41361.66,16544.66,82723.32,
2675,SWE-AZU-S,1,32525.33,13010.13,32525.33,
2675,CIN-ROS-XXL,1,33144.89,13257.96,33144.89,
2676,REM-TUR-S,1,34182.8,13673.12,34182.8,
2676,CIN-TUR-XL,1,33144.89,13257.96,33144.89,
2676,MUS-AZU-XXL,1,32320.56,12928.22,32320.56,
2676,JOG-AZU-XXL,1,41361.66,16544.66,41361.66,
2677,SWE-MAR-L,1,32525.33,13010.13,32525.33,
2677,JOG-ÍND-S,1,41361.66,16544.66,41361.66,
2677,GOR-ROJ-S,1,28716.74,11486.7,28716.74,
2677,SWE-AZU-S,1,32525.33,13010.13,32525.33,
2678,GOR-GRI-L,1,28716.74,11486.7,28716.74,
2678,CAM-BLA-S,2,36700.58,14680.23,73401.16,
2678,MUS-AZU-M,1,32320.56,12928.22,32320.56,
2678,REM-BLA-XL,1,32677.97,13071.19,32677.97,
2678,CIN-MAR-XL,1,33144.89,13257.96,33144.89,
2679,CAM-BEI-UNICO,1,35900.58,14680.23,35900.58,12
2679,GOR-GRI-S,1,28716.74,11486.7,28716.74,
2679,SWE-MAR-UNICO,1,32525.33,13010.13,32525.33,
2680,SWE-MAR-S,1,32525.33,13010.13,32525.33,
2680,JOG-AZU-L,1,41361.66,16544.66,41361.66,
2680,BUZ-AZU-M,1,29569.23,11827.69,29569.23,
2680,JEA-LAV-UNICO,1,21871.44,8748.58,21871.44,
2680,SWE-MAR-S,1,32525.33,13010.13,32525.33,
2681,SWE-AZU-S,1,32525.33,13010.13,32525.33,
2682,CIN-ROS-UNICO,1,33144.89,13257.96,33144.89,
2683,SWE-AZU-S,1,32525.33,13010.13,32525.33,
2683,JEA-LAV-L,1,21871.44,8748.58,21871.44,
2683,JOG-ÍND-XL,1,41361.66,16544.66,41361.66,
2683,CAM-BEI-UNICO,1,36700.58,14680.23,36700.58,
2683,MUS-AZU-UNICO,1,32320.56,12928.22,32320.56,
2684,REM-VIO-M,2,32677.97,13071.19,65355.94,
2684,BUZ-AZU-M,1,29569.23,11827.69,29569.23,
2684,JEA-LAV-L,1,21871.44,8748.58,21871.44,
2685,JOG-AZU-UNICO,2,41361.66,16544.66,82723.32,
2685,JEA-LAV-L,1,21871.44,8748.58,21871.44,
2685,GOR-GRI-M,1,28716.74,11486.7,28716.74,
2685,GOR-GRI-UNICO,1,28716.74,11486.7,28716.74,
2685,REM-VIO-M,1,32677.97,13071.19,32677.97,
2686,CIN-MAR-M,2,33144.89,13257.96,66289.78,
2686,GOR-GRI-UNICO,1,28716.74,11486.7,28716.74,
2686,CIN-MAR-XL,1,33144.89,13257.96,33144.89,
2686,JEA-NEG-M,1,21871.44,8748.58,21871.44,
2686,CIN-TUR-XL,1,33144.89,13257.96,33144.89,
2687,CIN-TUR-UNICO,1,33144.89,13257.96,33144.89,
2687,REM-VIO-L,1,32677.97,13071.19,32677.97,
2687,REM-TUR-S,1,34182.8,13673.12,34182.8,
2687,CAM-BLA-M,1,36700.58,14680.23,36700.58,
2687,GOR-ROJ-S,1,28716.74,11486.7,28716.74,
2688,SWE-MAR-S,1,32525.33,13010.13,32525.33,
2688,MUS-CEL-XXL,1,32320.56,12928.22,32320.56,
2688,REM-BLA-S,1,32677.97,13071.19,32677.97,
2688,CAM-BEI-UNICO,1,36700.58,14680.23,36700.58,
2688,JOG-AZU-XL,1,41361.66,16544.66,41361.66,
2689,JOG-AZU-XL,1,41361.66,16544.66,41361.66,
2689,SWE-AZU-S,1,32525.33,13010.13,32525.33,
2689,REM-CEL-XXL,1,34182.8,13673.12,34182.8,
2689,GOR-GRI-S,1,17230.04,11486.7,17230.04,7
2690,JOG-AZU-XXL,2,41361.66,16544.66,82723.32,
2690,GOR-GRI-L,1,23547.73,11486.7,23547.73,9
2690,JEA-NEG-M,1,21871.44,8748.58,21871.44,
2691,CHU-NEG-M,1,33823.38,13529.35,33823.38,
2692,MUS-CEL-S,1,32320.56,12928.22,32320.56,
2693,SWE-AZU-S,1,32525.33,13010.13,32525.33,
2693,GOR-GRI-L,1,28716.74,11486.7,28716.74,
2693,CIN-TUR-UNICO,1,33144.89,13257.96,33144.89,
2693,CIN-TUR-XL,1,33144.89,13257.96,33144.89,
2694,GOR-GRI-XXL,1,28716.74,11486.7,28716.74,
2694,GOR-GRI-XXL,1,28716.74,11486.7,28716.74,
2694,BUZ-AZU-M,1,29569.23,11827.69,29569.23,
2695,MUS-CEL-S,1,32320.56,12928.22,32320.56,
2695,JOG-ÍND-M,1,41361.66,16544.66,41361.66,
2695,JEA-LAV-UNICO,1,21871.44,8748.58,21871.44,
2695,CHU-NEG-M,1,33823.38,13529.35,33823.38,
2696,CIN-MAR-M,1,33144.89,13257.96,33144.89,
2696,CIN-MAR-L,1,33144.89,13257.96,33144.89,
2697,JEA-NEG-UNICO,1,21871.44,8748.58,21871.44,
2697,BUZ-AZU-M,1,29569.23,11827.69,29569.23,
2697,CHU-ÍND-XXL,1,33823.38,13529.35,33823.38,
2697,GOR-GRI-L,1,28716.74,11486.7,28716.74,
2697,MUS-CEL-S,1,32320.56,12928.22,32320.56,
2698,SWE-MAR-UNICO,1,32525.33,13010.13,32525.33,
2698,CHU-NEG-S,1,33823.38,13529.35,33823.38,
2699,CIN-MAR-M,1,33144.89,13257.96,33144.89,
2700,SWE-AZU-S,1,19515.2,13010.13,19515.2,7
2700,CIN-MAR-S,1,33144.89,13257.96,33144.89,
2700,CIN-MAR-XL,1,33144.89,13257.96,33144.89,
2701,MUS-AZU-M,1,32320.56,12928.22,32320.56,
2701,JEA-LAV-UNICO,1,21871.44,8748.58,21871.44,
2701,CIN-MAR-M,1,33144.89,13257.96,33144.89,
2701,REM-VIO-XL,1,32677.97,13071.19,32677.97,
2701,JEA-LAV-L,1,21871.44,8748.58,21871.44,
2702,CIN-TUR-XL,1,33144.89,13257.96,33144.89,
2703,CAM-BEI-L,1,36700.58,14680.23,36700.58,
2703,REM-TUR-S,1,28029.9,13673.12,28029.9,10
2704,SWE-MAR-S,1,32525.33,13010.13,32525.33,
2704,CAM-BLA-M,1,30094.48,14680.23,30094.48,9
2704,CIN-ROS-L,1,33144.89,13257.96,33144.89,
2704,REM-VIO-L,1,32677.97,13071.19,32677.97,
2705,SWE-MAR-L,1,32525.33,13010.13,32525.33,
2705,JOG-AZU-XL,1,41361.66,16544.66,41361.66,
2705,CIN-TUR-XL,1,33144.89,13257.96,33144.89,
2706,GOR-GRI-M,1,28716.74,11486.7,28716.74,
2706,CAM-BEI-UNICO,1,36700.58,14680.23,36700.58,
2706,CIN-ROS-UNICO,1,33144.89,13257.96,33144.89,
2707,GOR-ROJ-S,1,28716.74,11486.7,28716.74,
2707,GOR-ROJ-S,1,28716.74,11486.7,28716.74,
2707,JOG-CEL-UNICO,1,41361.66,16544.66,41361.66,
2707,GOR-GRI-XXL,1,28716.74,11486.7,28716.74,
2707,CHU-ÍND-XL,1,33823.38,13529.35,33823.38,
2708,SWE-AZU-S,1,32525.33,13010.13,32525.33,
2709,CHU-NEG-M,1,33023.38,13529.35,33023.38,12
2709,GOR-GRI-UNICO,1,28716.74,11486.7,28716.74,
2709,CAM-CEL-XL,1,36700.58,14680.23,36700.58,
2710,REM-BLA-XL,1,32677.97,13071.19,32677.97,
2710,SWE-MAR-UNICO,1,32525.33,13010.13,32525.33,
2710,GOR-GRI-XXL,1,28716.74,11486.7,28716.74,
2710,MUS-AZU-XXL,1,32320.56,12928.22,32320.56,
2710,JEA-NEG-M,1,21871.44,8748.58,21871.44,
2711,BUZ-AZU-M,1,29569.23,11827.69,29569.23,
2711,CAM-CEL-XL,1,36700.58,14680.23,36700.58,
2711,JEA-LAV-L,1,21871.44,8748.58,21871.44,
2711,REM-CEL-XXL,1,34182.8,13673.12,34182.8,
2711,GOR-ROJ-UNICO,1,28716.74,11486.7,28716.74,
2712,CHU-VER-S,1,33823.38,13529.35,33823.38,
2712,GOR-ROJ-UNICO,1,28716.74,11486.7,28716.74,
2712,REM-VIO-L,1,32677.97,13071.19,32677.97,
2712,GOR-ROJ-L,1,28716.74,11486.7,28716.74,
2712,SWE-AZU-XXL,2,32525.33,13010.13,65050.66,
2713,GOR-GRI-XXL,1,28716.74,11486.7,28716.74,
2713,SWE-MAR-UNICO,1,32525.33,13010.13,32525.33,
2713,MUS-CEL-S,1,32320.56,12928.22,32320.56,
2713,CIN-MAR-M,1,33144.89,13257.96,33144.89,
2713,CIN-MAR-L,1,33144.89,13257.96,33144.89,
2714,GOR-ROJ-S,1,28716.74,11486.7,28716.74,
2714,JEA-LAV-L,1,21871.44,8748.58,21871.44,
2715,JOG-CEL-UNICO,1,41361.66,16544.66,41361.66,
2715,CAM-CEL-XL,1,36700.58,14680.23,36700.58,
2715,SWE-MAR-UNICO,2,32525.33,13010.13,65050.66,
2715,CHU-ÍND-XL,1,33823.38,13529.35,33823.38,
2716,CAM-CEL-XL,1,36700.58,14680.23,36700.58,
2716,CIN-TUR-UNICO,1,33144.89,13257.96,33144.89,
2716,JEA-LAV-L,1,21871.44,8748.58,21871.44,
2717,GOR-GRI-S,1,28716.74,11486.7,28716.74,
2717,GOR-GRI-L,1,28716.74,11486.7,28716.74,
2717,CIN-MAR-M,1,33144.89,13257.96,33144.89,
2717,CIN-TUR-XL,2,33144.89,13257.96,66289.78,
2717,CHU-VER-XL,1,33823.38,13529.35,33823.38,
2718,GOR-ROJ-S,2,28716.74,11486.7,57433.48,
2719,CIN-ROS-UNICO,2,33144.89,13257.96,66289.78,
2720,BUZ-AZU-M,1,24246.77,11827.69,24246.77,9
2721,CAM-CEL-XL,1,36700.58,14680.23,36700.58,
2721,SWE-MAR-M,2,32525.33,13010.13,65050.66,
2721,REM-TUR-S,1,34182.8,13673.12,34182.8,
2721,MUS-AZU-XXL,1,32320.56,12928.22,32320.56,
2722,REM-TUR-XXL,1,34182.8,13673.12,34182.8,
2723,CAM-BEI-UNICO,1,36700.58,14680.23,36700.58,
2723,CIN-MAR-L,1,33144.89,13257.96,33144.89,
2724,CIN-MAR-M,1,33144.89,13257.96,33144.89,
2724,JOG-ÍND-XL,1,41361.66,16544.66,41361.66,
2725,CAM-BEI-L,1,36700.58,14680.23,36700.58,
2725,CHU-NEG-S,1,33823.38,13529.35,33823.38,
2725,GOR-ROJ-L,1,28716.74,11486.7,28716.74,
2725,CIN-MAR-S,1,29167.5,13257.96,29167.5,6
2725,MUS-CEL-S,1,32320.56,12928.22,32320.56,
2726,CAM-BEI-L,1,36700.58,14680.23,36700.58,
2726,JOG-ÍND-XL,1,41361.66,16544.66,41361.66,
2727,SWE-MAR-UNICO,1,32525.33,13010.13,32525.33,
2727,CIN-ROS-XXL,1,33144.89,13257.96,33144.89,
2727,BUZ-AZU-UNICO,2,29569.23,11827.69,59138.46,
2728,CHU-NEG-S,2,33823.38,13529.35,67646.76,
2728,CAM-CEL-XL,1,36700.58,14680.23,36700.58,
2728,JOG-ÍND-XL,1,41361.66,16544.66,41361.66,
2728,REM-TUR-XXL,1,34182.8,13673.12,34182.8,
2728,JOG-CEL-UNICO,1,41361.66,16544.66,41361.66,
2729,SWE-AZU-M,1,32525.33,13010.13,32525.33,
2730,CHU-NEG-S,1,33823.38,13529.35,33823.38,
2730,GOR-GRI-L,1,28716.74,11486.7,28716.74,
2731,JEA-NEG-M,1,17934.58,8748.58,17934.58,9
2732,CIN-MAR-S,1,33144.89,13257.96,33144.89,
2732,REM-VIO-XL,1,26795.94,13071.19,26795.94,10
2733,GOR-ROJ-S,1,28716.74,11486.7,28716.74,
2733,REM-TUR-S,1,34182.8,13673.12,34182.8,
2733,MUS-CEL-S,1,32320.56,12928.22,32320.56,
2733,CIN-MAR-L,1,33144.89,13257.96,33144.89,
2733,JOG-AZU-XXL,1,41361.66,16544.66,41361.66,
2734,JOG-ÍND-S,1,41361.66,16544.66,41361.66,
2735,CIN-MAR-M,1,33144.89,13257.96,33144.89,
2735,GOR-ROJ-S,1,28716.74,11486.7,28716.74,
2735,CIN-MAR-L,1,33144.89,13257.96,33144.89,
2736,CHU-NEG-XL,1,27735.17,13529.35,27735.17,9
2736,BUZ-AZU-UNICO,2,29569.23,11827.69,59138.46,
2736,CHU-NEG-XXL,1,33823.38,13529.35,33823.38,
2736,SWE-AZU-XXL,1,32525.33,13010.13,32525.33,
2736,REM-TUR-S,1,34182.8,13673.12,34182.8,
2737,SWE-AZU-S,1,32525.33,13010.13,32525.33,
2737,JOG-AZU-UNICO,1,41361.66,16544.66,41361.66,
2737,REM-TUR-XXL,1,34182.8,13673.12,34182.8,
2738,JEA-LAV-L,1,21871.44,8748.58,21871.44,
2738,CIN-TUR-UNICO,1,33144.89,13257.96,33144.89,
2739,CHU-VER-S,1,33823.38,13529.35,33823.38,
2740,REM-CEL-XXL,1,34182.8,13673.12,34182.8,
2740,REM-VIO-M,1,32677.97,13071.19,32677.97,
2740,MUS-AZU-M,1,32320.56,12928.22,32320.56,
2741,GOR-ROJ-S,1,23547.73,11486.7,23547.73,10
2742,CIN-ROS-XXL,1,33144.89,13257.96,33144.89,
2742,JEA-LAV-UNICO,1,21871.44,8748.58,21871.44,
2743,CIN-MAR-S,1,33144.89,13257.96,33144.89,
2743,CHU-VER-XL,1,33823.38,13529.35,33823.38,
2743,CIN-TUR-XL,1,33144.89,13257.96,33144.89,
2743,GOR-GRI-L,1,28716.74,11486.7,28716.74,
2743,MUS-AZU-XXL,1,32320.56,12928.22,32320.56,
2744,BUZ-AZU-M,1,29569.23,11827.69,29569.23,
2744,REM-BLA-XL,1,32677.97,13071.19,32677.97,
2744,JOG-ÍND-M,1,41361.66,16544.66,41361.66,
2744,GOR-GRI-L,1,28716.74,11486.7,28716.74,
2745,JOG-CEL-UNICO,1,41361.66,16544.66,41361.66,
2745,BUZ-AZU-M,1,29569.23,11827.69,29569.23,
2745,CAM-BEI-L,1,36700.58,14680.23,36700.58,
2745,REM-BLA-XL,1,32677.97,13071.19,32677.97,
2746,CAM-CEL-XL,1,36700.58,14680.23,36700.58,
2746,JEA-NEG-M,1,21871.44,8748.58,21871.44,
2747,CAM-BEI-S,1,36700.58,14680.23,36700.58,
2747,CHU-ÍND-L,1,33823.38,13529.35,33823.38,
2747,CIN-ROS-S,1,33144.89,13257.96,33144.89,
2747,GOR-ROJ-L,1,28716.74,11486.7,28716.74,
2747,CHU-ÍND-XXL,1,33823.38,13529.35,33823.38,
2748,JOG-CEL-UNICO,1,41361.66,16544.66,41361.66,
2748,CIN-TUR-XL,1,33144.89,13257.96,33144.89,
2749,CAM-CEL-XL,1,36700.58,14680.23,36700.58,
2749,JOG-ÍND-S,1,41361.66,16544.66,41361.66,
2749,GOR-GRI-M,1,28716.74,11486.7,28716.74,
2749,JOG-CEL-UNICO,1,41361.66,16544.66,41361.66,
2750,GOR-GRI-M,1,28716.74,11486.7,28716.74,
2750,GOR-GRI-UNICO,1,28716.74,11486.7,28716.74,
2750,MUS-AZU-XXL,1,32320.56,12928.22,32320.56,
2750,MUS-AZU-UNICO,1,32320.56,12928.22,32320.56,
2750,CHU-NEG-XXL,2,33823.38,13529.35,67646.76,
2751,MUS-AZU-UNICO,1,32320.56,12928.22,32320.56,
2752,CAM-BEI-UNICO,1,36700.58,14680.23,36700.58,
2753,CAM-BLA-M,1,36700.58,14680.23,36700.58,
2753,GOR-GRI-L,1,28716.74,11486.7,28716.74,
2754,CAM-BEI-UNICO,1,36700.58,14680.23,36700.58,
2754,MUS-CEL-S,1,32320.56,12928.22,32320.56,
2754,CIN-MAR-L,2,33144.89,13257.96,66289.78,
2755,CHU-NEG-M,1,33823.38,13529.35,33823.38,
2755,CHU-NEG-M,1,33823.38,13529.35,33823.38,
2755,GOR-GRI-S,1,28716.74,11486.7,28716.74,
2756,JOG-AZU-XL,1,41361.66,16544.66,41361.66,
2756,CAM-BEI-L,1,36700.58,14680.23,36700.58,
2757,SWE-MAR-L,1,32525.33,13010.13,32525.33,
2757,CIN-TUR-XL,2,32344.89,13257.96,64689.78,12
2757,CHU-NEG-S,1,33823.38,13529.35,33823.38,
2758,CHU-NEG-M,1,21985.2,13529.35,21985.2,8
2758,MUS-CEL-XXL,1,32320.56,12928.22,32320.56,
2758,REM-BLA-S,1,32677.97,13071.19,32677.97,
2759,JOG-AZU-XXL,2,41361.66,16544.66,82723.32,
2760,CIN-ROS-UNICO,1,33144.89,13257.96,33144.89,
2761,JOG-AZU-UNICO,1,41361.66,16544.66,41361.66,
2761,REM-VIO-XL,2,32677.97,13071.19,65355.94,
2762,CAM-BLA-XL,1,23855.38,14680.23,23855.38,8
2762,CHU-NEG-M,1,33823.38,13529.35,33823.38,
2762,CIN-MAR-M,1,33144.89,13257.96,33144.89,
2762,REM-BLA-XL,1,32677.97,13071.19,32677.97,
2762,REM-VIO-M,1,29410.17,13071.19,29410.17,2
2763,JOG-AZU-XXL,1,41361.66,16544.66,41361.66,
2763,CIN-MAR-XL,2,33144.89,13257.96,66289.78,
2764,CIN-MAR-L,1,33144.89,13257.96,33144.89,
2764,CIN-ROS-XXL,1,33144.89,13257.96,33144.89,
2765,SWE-MAR-UNICO,1,32525.33,13010.13,32525.33,
2765,JOG-AZU-XXL,1,41361.66,16544.66,41361.66,
2765,CAM-CEL-XL,1,36700.58,14680.23,36700.58,
2765,REM-VIO-M,1,32677.97,13071.19,32677.97,
2765,SWE-MAR-UNICO,1,32525.33,13010.13,32525.33,
2766,REM-BLA-UNICO,1,32677.97,13071.19,32677.97,
2767,SWE-AZU-S,1,32525.33,13010.13,32525.33,
2767,CIN-MAR-L,1,33144.89,13257.96,33144.89,
2768,GOR-GRI-L,1,28716.74,11486.7,28716.74,
2768,CHU-VER-L,1,33823.38,13529.35,33823.38,
2768,JEA-LAV-UNICO,1,21871.44,8748.58,21871.44,
2768,GOR-GRI-UNICO,1,28716.74,11486.7,28716.74,
2768,BUZ-AZU-UNICO,1,29569.23,11827.69,29569.23,
2769,GOR-GRI-S,1,28716.74,11486.7,28716.74,
2769,CIN-ROS-UNICO,1,33144.89,13257.96,33144.89,
2769,MUS-CEL-S,1,32320.56,12928.22,32320.56,
2769,CHU-NEG-S,1,33823.38,13529.35,33823.38,
2770,REM-BLA-UNICO,2,32677.97,13071.19,65355.94,
2770,SWE-AZU-XXL,1,32525.33,13010.13,32525.33,
2770,GOR-GRI-S,1,28716.74,11486.7,28716.74,
2770,BUZ-AZU-UNICO,1,29569.23,11827.69,29569.23,
2770,SWE-AZU-S,1,32525.33,13010.13,32525.33,
2771,CAM-CEL-XL,1,22020.35,14680.23,22020.35,7
2772,GOR-GRI-S,1,28716.74,11486.7,28716.74,
2772,CAM-BEI-UNICO,2,36700.58,14680.23,73401.16,
2773,CAM-CEL-XL,1,36700.58,14680.23,36700.58,
2773,BUZ-AZU-M,2,29569.23,11827.69,59138.46,
2773,CHU-NEG-XL,1,33823.38,13529.35,33823.38,
2773,SWE-AZU-M,1,32525.33,13010.13,32525.33,
2773,CHU-ÍND-XL,1,33823.38,13529.35,33823.38,
2774,SWE-MAR-S,1,32525.33,13010.13,32525.33,
2775,CIN-ROS-L,1,33144.89,13257.96,33144.89,
2775,CAM-BEI-UNICO,1,36700.58,14680.23,36700.58,
2775,JOG-ÍND-S,1,33916.56,16544.66,33916.56,9
2776,GOR-GRI-M,1,28716.74,11486.7,28716.74,
2777,JOG-AZU-UNICO,1,41361.66,16544.66,41361.66,
2777,BUZ-AZU-UNICO,1,29569.23,11827.69,29569.23,
2777,JEA-NEG-UNICO,1,21871.44,8748.58,21871.44,
2777,CIN-TUR-XL,1,33144.89,13257.96,33144.89,
2777,JOG-CEL-UNICO,1,41361.66,16544.66,41361.66,
2778,REM-VIO-M,1,32677.97,13071.19,32677.97,
2778,REM-BLA-UNICO,1,32677.97,13071.19,32677.97,
2778,MUS-AZU-UNICO,1,32320.56,12928.22,32320.56,
2779,SWE-AZU-S,1,32525.33,13010.13,32525.33,
2779,SWE-MAR-L,1,32525.33,13010.13,32525.33,
2779,JOG-CEL-UNICO,1,41361.66,16544.66,41361.66,
2779,CIN-MAR-L,1,33144.89,13257.96,33144.89,
2780,CIN-MAR-XL,1,33144.89,13257.96,33144.89,
2780,JEA-LAV-UNICO,1,21871.44,8748.58,21871.44,
2781,CIN-ROS-XXL,1,33144.89,13257.96,33144.89,
2781,CIN-MAR-M,1,33144.89,13257.96,33144.89,
2781,JOG-CEL-UNICO,1,41361.66,16544.66,41361.66,
2782,CIN-MAR-S,1,29830.4,13257.96,29830.4,3
2782,CIN-ROS-UNICO,1,33144.89,13257.96,33144.89,
2783,CAM-BEI-L,1,36700.58,14680.23,36700.58,
2784,CIN-ROS-XXL,1,33144.89,13257.96,33144.89,
2784,CAM-BEI-L,1,36700.58,14680.23,36700.58,
2784,JEA-LAV-UNICO,1,21871.44,8748.58,21871.44,
2784,GOR-GRI-M,1,28716.74,11486.7,28716.74,
2785,CIN-MAR-M,2,33144.89,13257.96,66289.78,
2785,REM-VIO-M,1,32677.97,13071.19,32677.97,
2786,JEA-NEG-M,1,21871.44,8748.58,21871.44,
2786,JOG-ÍND-S,1,41361.66,16544.66,41361.66,
2786,CHU-VER-XL,1,33823.38,13529.35,33823.38,
2786,JEA-LAV-UNICO,1,21871.44,8748.58,21871.44,
2787,MUS-AZU-M,1,32320.56,12928.22,32320.56,
2788,JEA-LAV-UNICO,1,21871.44,8748.58,21871.44,
2788,MUS-AZU-M,1,32320.56,12928.22,32320.56,
2788,REM-BLA-XL,1,32677.97,13071.19,32677.97,
2788,JOG-ÍND-S,1,41361.66,16544.66,41361.66,
2788,SWE-MAR-L,1,32525.33,13010.13,32525.33,
2789,JOG-AZU-UNICO,1,41361.66,16544.66,41361.66,
2790,CAM-CEL-XL,1,36700.58,14680.23,36700.58,
2790,JOG-ÍND-M,1,41361.66,16544.66,41361.66,
2790,GOR-GRI-M,1,27916.74,11486.7,27916.74,12
2790,REM-BLA-XL,1,32677.97,13071.19,32677.97,
2791,GOR-ROJ-UNICO,1,28716.74,11486.7,28716.74,
2791,CHU-NEG-XXL,1,33823.38,13529.35,33823.38,
2792,CHU-NEG-M,1,33823.38,13529.35,33823.38,
2792,GOR-GRI-L,1,28716.74,11486.7,28716.74,
2792,MUS-AZU-M,1,32320.56,12928.22,32320.56,
2792,CIN-MAR-XL,1,33144.89,13257.96,33144.89,
2792,JOG-AZU-UNICO,1,41361.66,16544.66,41361.66,
2793,CHU-ÍND-L,1,33823.38,13529.35,33823.38,
2793,JOG-ÍND-M,1,41361.66,16544.66,41361.66,
2793,CHU-VER-XL,2,33823.38,13529.35,67646.76,
2793,JOG-ÍND-XL,1,41361.66,16544.66,41361.66,
2793,CHU-NEG-M,1,33823.38,13529.35,33823.38,
2794,JEA-NEG-XL,2,21871.44,8748.58,43742.88,
2794,CIN-ROS-UNICO,1,33144.89,13257.96,33144.89,
2794,CIN-TUR-UNICO,1,33144.89,13257.96,33144.89,
2795,CIN-MAR-S,1,33144.89,13257.96,33144.89,
2795,REM-VIO-M,1,32677.97,13071.19,32677.97,
2795,CIN-MAR-S,1,33144.89,13257.96,33144.89,
2795,BUZ-AZU-M,2,29569.23,11827.69,59138.46,
2795,GOR-GRI-M,1,28716.74,11486.7,28716.74,
2796,MUS-CEL-S,2,32320.56,12928.22,64641.12,
2797,CIN-TUR-UNICO,1,33144.89,13257.96,33144.89,
2797,GOR-GRI-XXL,1,28716.74,11486.7,28716.74,
2797,CHU-NEG-S,1,33823.38,13529.35,33823.38,
2797,CAM-BEI-UNICO,1,36700.58,14680.23,36700.58,
2798,GOR-GRI-S,1,28716.74,11486.7,28716.74,
2798,CIN-MAR-S,1,33144.89,13257.96,33144.89,
2798,CAM-CEL-XL,1,36700.58,14680.23,36700.58,
2798,JOG-ÍND-S,1,41361.66,16544.66,41361.66,
2799,GOR-GRI-XXL,1,28716.74,11486.7,28716.74,
2799,GOR-ROJ-UNICO,1,28716.74,11486.7,28716.74,
2800,CIN-MAR-XL,2,33144.89,13257.96,66289.78,
2800,REM-BLA-S,1,32677.97,13071.19,32677.97,
2800,CIN-ROS-XXL,1,33144.89,13257.96,33144.89,
2800,CAM-BLA-S,1,36700.58,14680.23,36700.58,
2801,BUZ-AZU-UNICO,1,29569.23,11827.69,29569.23,
2801,BUZ-AZU-M,1,29569.23,11827.69,29569.23,
2801,JEA-NEG-M,1,21871.44,8748.58,21871.44,
2801,REM-TUR-S,1,34182.8,13673.12,34182.8,
2801,CHU-VER-L,1,33823.38,13529.35,33823.38,
2802,CAM-CEL-XL,2,36700.58,14680.23,73401.16,
2802,MUS-AZU-XXL,1,32320.56,12928.22,32320.56,
2803,GOR-GRI-L,1,28716.74,11486.7,28716.74,
2803,SWE-MAR-M,1,32525.33,13010.13,32525.33,
2804,GOR-ROJ-UNICO,1,28716.74,11486.7,28716.74,
2804,SWE-AZU-S,1,32525.33,13010.13,32525.33,
2804,CAM-CEL-XL,1,36700.58,14680.23,36700.58,
2804,REM-VIO-XL,1,32677.97,13071.19,32677.97,
2805,CAM-CEL-XL,1,36700.58,14680.23,36700.58,
2805,JEA-NEG-UNICO,1,21871.44,8748.58,21871.44,
2806,MUS-AZU-UNICO,1,32320.56,12928.22,32320.56,
2807,REM-VIO-XXL,1,32677.97,13071.19,32677.97,
2807,CAM-BEI-L,1,36700.58,14680.23,36700.58,
2807,JEA-NEG-M,1,21871.44,8748.58,21871.44,
2807,GOR-GRI-UNICO,1,28716.74,11486.7,28716.74,
2807,CIN-MAR-L,1,33144.89,13257.96,33144.89,
2808,REM-TUR-XXL,1,34182.8,13673.12,34182.8,
2808,SWE-MAR-L,1,32525.33,13010.13,32525.33,
2809,CAM-BLA-S,1,36700.58,14680.23,36700.58,
2809,REM-TUR-S,1,34182.8,13673.12,34182.8,
2810,JOG-CEL-UNICO,1,41361.66,16544.66,41361.66,
2810,JEA-LAV-UNICO,1,21871.44,8748.58,21871.44,
2811,CIN-TUR-UNICO,1,33144.89,13257.96,33144.89,
2811,JOG-AZU-UNICO,1,41361.66,16544.66,41361.66,
2812,JOG-ÍND-XL,1,41361.66,16544.66,41361.66,
2813,SWE-MAR-L,2,32525.33,13010.13,65050.66,
2813,CAM-BLA-S,1,36700.58,14680.23,36700.58,
2813,REM-BLA-S,1,16338.99,13071.19,16338.99,11
2813,CIN-TUR-XL,1,33144.89,13257.96,33144.89,
2813,REM-VIO-L,1,32677.97,13071.19,32677.97,
2814,MUS-CEL-S,1,32320.56,12928.22,32320.56,
2814,GOR-ROJ-UNICO,1,28716.74,11486.7,28716.74,
2814,JOG-AZU-XXL,2,41361.66,16544.66,82723.32,
2814,CHU-VER-L,1,33823.38,13529.35,33823.38,
2815,REM-VIO-M,1,32677.97,13071.19,32677.97,
2815,CIN-TUR-UNICO,1,33144.89,13257.96,33144.89,
2815,CHU-NEG-M,2,33823.38,13529.35,67646.76,
2815,REM-CEL-XXL,1,34182.8,13673.12,34182.8,
2815,SWE-AZU-S,1,32525.33,13010.13,32525.33,
2816,CIN-TUR-XL,1,33144.89,13257.96,33144.89,
2816,GOR-GRI-M,1,28716.74,11486.7,28716.74,
2816,GOR-GRI-M,1,28716.74,11486.7,28716.74,
2817,CHU-NEG-UNICO,1,33823.38,13529.35,33823.38,
2818,CHU-VER-XL,1,33823.38,13529.35,33823.38,
2818,CAM-BEI-L,1,36700.58,14680.23,36700.58,
2818,MUS-AZU-XXL,1,32320.56,12928.22,32320.56,
2819,MUS-AZU-M,1,32320.56,12928.22,32320.56,
2820,CHU-ÍND-L,1,33823.38,13529.35,33823.38,
2821,CHU-NEG-M,2,33823.38,13529.35,67646.76,
2821,GOR-GRI-XXL,1,28716.74,11486.7,28716.74,
2821,SWE-AZU-S,1,32525.33,13010.13,32525.33,
2821,REM-CEL-XXL,1,34182.8,13673.12,34182.8,
2821,JEA-NEG-M,1,21871.44,8748.58,21871.44,
2822,GOR-GRI-UNICO,1,28716.74,11486.7,28716.74,
2822,SWE-MAR-UNICO,1,32525.33,13010.13,32525.33,
2822,REM-BLA-S,1,32677.97,13071.19,32677.97,
2823,CIN-MAR-XL,1,33144.89,13257.96,33144.89,
2824,CIN-MAR-M,1,33144.89,13257.96,33144.89,
2824,JOG-CEL-UNICO,1,41361.66,16544.66,41361.66,
2824,GOR-GRI-L,2,28716.74,11486.7,57433.48,
2824,CHU-NEG-S,1,33823.38,13529.35,33823.38,
2825,CAM-BEI-L,1,36700.58,14680.23,36700.58,
2826,REM-VIO-XXL,2,32677.97,13071.19,65355.94,
2826,GOR-ROJ-UNICO,1,28716.74,11486.7,28716.74,
2826,JEA-NEG-UNICO,1,21871.44,8748.58,21871.44,
2826,CHU-NEG-M,2,33823.38,13529.35,67646.76,
2826,CHU-NEG-UNICO,1,33823.38,13529.35,33823.38,
2827,GOR-GRI-M,1,28716.74,11486.7,28716.74,
2827,CHU-NEG-M,1,33823.38,13529.35,33823.38,
2827,REM-CEL-XXL,1,34182.8,13673.12,34182.8,
2827,GOR-ROJ-L,1,28716.74,11486.7,28716.74,
2828,CIN-ROS-XXL,1,33144.89,13257.96,33144.89,
2828,CIN-ROS-XXL,1,33144.89,13257.96,33144.89,
2828,JOG-ÍND-S,1,41361.66,16544.66,41361.66,
2828,JOG-AZU-XXL,1,41361.66,16544.66,41361.66,
2829,CAM-CEL-XL,1,36700.58,14680.23,36700.58,
2829,JEA-NEG-UNICO,1,21871.44,8748.58,21871.44,
2829,REM-VIO-XL,1,32677.97,13071.19,32677.97,
2830,GOR-GRI-UNICO,1,28716.74,11486.7,28716.74,
2830,REM-VIO-XL,1,32677.97,13071.19,32677.97,
2830,GOR-GRI-L,1,25270.73,11486.7,25270.73,6
2830,CAM-BEI-UNICO,1,32296.51,14680.23,32296.51,6
2830,SWE-MAR-XXL,1,32525.33,13010.13,32525.33,
2831,JOG-CEL-UNICO,1,41361.66,16544.66,41361.66,
2831,CHU-NEG-S,1,33823.38,13529.35,33823.38,
2831,REM-VIO-XL,1,32677.97,13071.19,32677.97,
2831,JOG-ÍND-S,1,41361.66,16544.66,41361.66,
2831,JOG-CEL-UNICO,1,41361.66,16544.66,41361.66,
2832,JOG-AZU-XL,1,41361.66,16544.66,41361.66,
2833,CIN-MAR-S,1,33144.89,13257.96,33144.89,
2833,CHU-ÍND-XXL,1,33823.38,13529.35,33823.38,
2833,CIN-MAR-M,1,33144.89,13257.96,33144.89,
2834,MUS-CEL-S,1,32320.56,12928.22,32320.56,
2834,CAM-BEI-UNICO,2,36700.58,14680.23,73401.16,
2835,JOG-CEL-UNICO,1,41361.66,16544.66,41361.66,
2836,REM-BLA-XL,1,32677.97,13071.19,32677.97,
2836,CIN-TUR-UNICO,1,27178.81,13257.96,27178.81,9
2836,CIN-MAR-S,1,33144.89,13257.96,33144.89,
2837,GOR-ROJ-XXL,1,28716.74,11486.7,28716.74,
2837,REM-VIO-M,1,32677.97,13071.19,32677.97,
2837,CHU-NEG-M,1,33823.38,13529.35,33823.38,
2837,JEA-LAV-UNICO,1,21871.44,8748.58,21871.44,
2837,CIN-TUR-XL,1,33144.89,13257.96,33144.89,
2838,CHU-ÍND-XXL,1,33823.38,13529.35,33823.38,
2838,JOG-AZU-XXL,1,41361.66,16544.66,41361.66,
2838,CHU-VER-M,1,33823.38,13529.35,33823.38,
2838,REM-CEL-XXL,1,34182.8,13673.12,34182.8,
2839,REM-TUR-XXL,1,34182.8,13673.12,34182.8,
2839,CHU-NEG-S,1,33823.38,13529.35,33823.38,
2840,CHU-VER-XL,1,33823.38,13529.35,33823.38,
2841,JOG-CEL-UNICO,2,41361.66,16544.66,82723.32,
2842,GOR-GRI-S,1,28716.74,11486.7,28716.74,
2843,JEA-NEG-M,2,21871.44,8748.58,43742.88,
2844,JEA-NEG-XL,1,21871.44,8748.58,21871.44,
2845,SWE-MAR-L,1,32525.33,13010.13,32525.33,
2845,REM-TUR-S,1,34182.8,13673.12,34182.8,
2846,CHU-NEG-UNICO,1,33823.38,13529.35,33823.38,
2846,GOR-ROJ-UNICO,1,28716.74,11486.7,28716.74,
2847,GOR-GRI-S,1,28716.74,11486.7,28716.74,
2847,BUZ-AZU-M,1,29569.23,11827.69,29569.23,
2847,CIN-TUR-XL,1,33144.89,13257.96,33144.89,
2848,GOR-GRI-S,1,28716.74,11486.7,28716.74,
2848,JOG-ÍND-S,1,41361.66,16544.66,41361.66,
2848,BUZ-AZU-M,1,29569.23,11827.69,29569.23,
2848,CIN-TUR-UNICO,1,33144.89,13257.96,33144.89,
2848,REM-BLA-XL,1,32677.97,13071.19,32677.97,
2849,CIN-ROS-XXL,1,33144.89,13257.96,33144.89,
2849,BUZ-AZU-M,1,29569.23,11827.69,29569.23,
2849,JOG-ÍND-XL,1,41361.66,16544.66,41361.66,
2849,REM-VIO-M,1,29410.17,13071.19,29410.17,3
2850,CHU-NEG-S,1,33823.38,13529.35,33823.38,
2851,CAM-CEL-XL,1,36700.58,14680.23,36700.58,
2851,GOR-GRI-S,1,28716.74,11486.7,28716.74,
2851,CIN-MAR-L,1,33144.89,13257.96,33144.89,
2851,JOG-ÍND-M,1,41361.66,16544.66,41361.66,
2851,CHU-ÍND-XXL,1,33823.38,13529.35,33823.38,
2852,CAM-BLA-M,1,36700.58,14680.23,36700.58,
2852,CAM-BEI-L,1,36700.58,14680.23,36700.58,
2852,GOR-GRI-M,1,28716.74,11486.7,28716.74,
2853,JOG-CEL-UNICO,2,41361.66,16544.66,82723.32,
2853,JEA-NEG-UNICO,1,21871.44,8748.58,21871.44,
2854,SWE-MAR-M,2,32525.33,13010.13,65050.66,
2854,SWE-AZU-M,1,26670.77,13010.13,26670.77,9
2854,SWE-MAR-L,1,32525.33,13010.13,32525.33,
2854,CAM-BEI-UNICO,1,36700.58,14680.23,36700.58,
2854,CIN-ROS-S,1,33144.89,13257.96,33144.89,
2855,CIN-TUR-XL,1,33144.89,13257.96,33144.89,
2856,CIN-ROS-UNICO,1,33144.89,13257.96,33144.89,
2856,REM-TUR-S,1,34182.8,13673.12,34182.8,
2857,CAM-BEI-L,1,36700.58,14680.23,36700.58,
2858,SWE-AZU-S,1,32525.33,13010.13,32525.33,
2858,CHU-ÍND-XXL,1,33823.38,13529.35,33823.38,
2858,CIN-MAR-L,1,33144.89,13257.96,33144.89,
2859,SWE-AZU-S,1,32525.33,13010.13,32525.33,
2859,CIN-MAR-S,1,33144.89,13257.96,33144.89,
2859,CIN-ROS-XXL,1,33144.89,13257.96,33144.89,
2859,BUZ-AZU-M,1,29569.23,11827.69,29569.23,
2860,MUS-AZU-UNICO,1,32320.56,12928.22,32320.56,
2860,BUZ-AZU-L,1,29569.23,11827.69,29569.23,
2861,GOR-GRI-UNICO,1,28716.74,11486.7,28716.74,
2861,CIN-MAR-M,1,33144.89,13257.96,33144.89,
2861,CHU-VER-XL,1,33823.38,13529.35,33823.38,
2862,CAM-BEI-UNICO,2,36700.58,14680.23,73401.16,
2862,GOR-GRI-S,1,28716.74,11486.7,28716.74,
2862,JEA-NEG-UNICO,1,21871.44,8748.58,21871.44,
2862,JEA-LAV-UNICO,1,21871.44,8748.58,21871.44,
2863,CIN-TUR-UNICO,1,33144.89,13257.96,33144.89,
2863,CHU-NEG-XL,2,33823.38,13529.35,67646.76,
2864,CHU-ÍND-L,1,33823.38,13529.35,33823.38,
2864,SWE-MAR-L,1,32525.33,13010.13,32525.33,
2864,CIN-TUR-XL,2,33144.89,13257.96,66289.78,
2864,CHU-ÍND-XXL,1,33823.38,13529.35,33823.38,
2865,CAM-CEL-XL,1,36700.58,14680.23,36700.58,
2866,REM-VIO-M,1,32677.97,13071.19,32677.97,
2866,REM-TUR-S,1,34182.8,13673.12,34182.8,
2866,CHU-NEG-S,1,33823.38,13529.35,33823.38,
2867,CHU-NEG-XXL,1,33823.38,13529.35,33823.38,
2867,REM-VIO-XL,1,32677.97,13071.19,32677.97,
2867,CIN-TUR-UNICO,2,33144.89,13257.96,66289.78,
2867,JOG-ÍND-S,1,41361.66,16544.66,41361.66,
2867,CIN-TUR-XL,1,33144.89,13257.96,33144.89,
2868,CIN-TUR-XL,1,33144.89,13257.96,33144.89,
2869,JEA-LAV-UNICO,2,21871.44,8748.58,43742.88,
2869,REM-VIO-L,1,32677.97,13071.19,32677.97,
2869,GOR-GRI-M,1,28716.74,11486.7,28716.74,
2869,SWE-MAR-L,1,32525.33,13010.13,32525.33,
2870,CHU-NEG-M,1,33823.38,13529.35,33823.38,
2870,CAM-BLA-M,1,36700.58,14680.23,36700.58,
2871,CIN-MAR-L,1,33144.89,13257.96,33144.89,
2871,SWE-MAR-L,1,32525.33,13010.13,32525.33,
2871,JEA-LAV-UNICO,1,21871.44,8748.58,21871.44,
2871,CIN-TUR-UNICO,1,33144.89,13257.96,33144.89,
2872,CHU-NEG-S,1,33823.38,13529.35,33823.38,
2872,JEA-NEG-M,1,21871.44,8748.58,21871.44,
2872,CIN-MAR-L,1,33144.89,13257.96,33144.89,
2872,CIN-MAR-S,1,33144.89,13257.96,33144.89,
2872,CAM-BEI-UNICO,1,36700.58,14680.23,36700.58,
2873,CIN-MAR-XL,1,33144.89,13257.96,33144.89,
2873,JEA-LAV-L,1,21871.44,8748.58,21871.44,
2873,JEA-LAV-L,1,21871.44,8748.58,21871.44,
2874,GOR-GRI-UNICO,1,28716.74,11486.7,28716.74,
2875,MUS-CEL-S,1,32320.56,12928.22,32320.56,
2876,GOR-GRI-S,1,28716.74,11486.7,28716.74,
2876,CHU-ÍND-XXL,1,33823.38,13529.35,33823.38,
2876,JEA-LAV-UNICO,1,21871.44,8748.58,21871.44,
2876,REM-VIO-L,1,32677.97,13071.19,32677.97,
2877,CHU-NEG-S,1,33823.38,13529.35,33823.38,
2877,GOR-GRI-UNICO,2,28716.74,11486.7,57433.48,
2878,JEA-NEG-M,1,21871.44,8748.58,21871.44,
2878,GOR-GRI-L,1,28716.74,11486.7,28716.74,
2878,CIN-MAR-M,1,33144.89,13257.96,33144.89,
2879,REM-BLA-XL,1,32677.97,13071.19,32677.97,
2879,JOG-ÍND-S,1,41361.66,16544.66,41361.66,
2879,MUS-AZU-UNICO,1,32320.56,12928.22,32320.56,
2880,CIN-MAR-L,1,33144.89,13257.96,33144.89,
2880,MUS-AZU-XXL,1,32320.56,12928.22,32320.56,
2880,REM-TUR-XXL,1,34182.8,13673.12,34182.8,
2880,MUS-AZU-XXL,1,32320.56,12928.22,32320.56,
2880,CIN-MAR-XL,1,33144.89,13257.96,33144.89,
2881,CHU-ÍND-XXL,1,33823.38,13529.35,33823.38,
2881,CAM-BEI-S,1,36700.58,14680.23,36700.58,
2881,CAM-BEI-S,1,36700.58,14680.23,36700.58,
2882,JOG-CEL-UNICO,1,41361.66,16544.66,41361.66,
2883,GOR-GRI-XXL,2,28716.74,11486.7,57433.48,
2883,CIN-MAR-S,1,33144.89,13257.96,33144.89,
2883,CHU-VER-XL,1,33823.38,13529.35,33823.38,
2884,CHU-NEG-XXL,1,33823.38,13529.35,33823.38,
2884,JOG-AZU-XXL,1,41361.66,16544.66,41361.66,
2885,CAM-BLA-M,1,36700.58,14680.23,36700.58,
2885,CHU-ÍND-XXL,1,33823.38,13529.35,33823.38,
2886,JOG-ÍND-XL,1,41361.66,16544.66,41361.66,
2887,SWE-AZU-S,2,32525.33,13010.13,65050.66,
2887,JOG-ÍND-XL,1,41361.66,16544.66,41361.66,
2887,CAM-BLA-M,1,36700.58,14680.23,36700.58,
2888,JEA-NEG-UNICO,1,21871.44,8748.58,21871.44,
2888,SWE-MAR-L,1,32525.33,13010.13,32525.33,
2888,JOG-AZU-UNICO,1,41361.66,16544.66,41361.66,
2888,CIN-ROS-XXL,1,33144.89,13257.96,33144.89,
2889,SWE-MAR-L,1,32525.33,13010.13,32525.33,
2889,GOR-GRI-M,1,28716.74,11486.7,28716.74,
2889,CHU-ÍND-XXL,2,33823.38,13529.35,67646.76,
2889,JOG-ÍND-S,1,41361.66,16544.66,41361.66,
2889,JOG-ÍND-XL,1,41361.66,16544.66,41361.66,
2890,SWE-MAR-M,1,32525.33,13010.13,32525.33,
2890,CIN-MAR-M,1,33144.89,13257.96,33144.89,
2891,BUZ-AZU-UNICO,2,29569.23,11827.69,59138.46,
2891,CHU-NEG-S,1,33823.38,13529.35,33823.38,
2891,JEA-NEG-M,1,21871.44,8748.58,21871.44,
2892,SWE-AZU-M,1,32525.33,13010.13,32525.33,
2892,REM-BLA-XL,1,32677.97,13071.19,32677.97,
2892,CAM-BEI-L,1,36700.58,14680.23,36700.58,
2892,CAM-BLA-XL,2,36700.58,14680.23,73401.16,
2892,CAM-CEL-XL,1,36700.58,14680.23,36700.58,
2893,REM-TUR-XXL,1,34182.8,13673.12,34182.8,
2893,CIN-MAR-L,1,33144.89,13257.96,33144.89,
2893,GOR-ROJ-UNICO,1,28716.74,11486.7,28716.74,
2894,GOR-ROJ-UNICO,1,28716.74,11486.7,28716.74,
2894,CHU-NEG-M,1,33823.38,13529.35,33823.38,
2894,CHU-ÍND-XL,1,33823.38,13529.35,33823.38,
2895,MUS-CEL-S,1,32320.56,12928.22,32320.56,
2895,CIN-MAR-L,1,33144.89,13257.96,33144.89,
2895,JOG-CEL-UNICO,1,41361.66,16544.66,41361.66,
2895,CAM-BEI-L,1,36700.58,14680.23,36700.58,
2896,GOR-GRI-S,1,28716.74,11486.7,28716.74,
2896,JEA-NEG-M,1,21871.44,8748.58,21871.44,
2896,CHU-VER-XL,1,33023.38,13529.35,33023.38,12
2896,JEA-LAV-L,1,21871.44,8748.58,21871.44,
2896,CIN-MAR-XL,1,33144.89,13257.96,33144.89,
2897,SWE-MAR-M,1,32525.33,13010.13,32525.33,
2897,CIN-MAR-XL,1,33144.89,13257.96,33144.89,
2897,BUZ-AZU-M,1,29569.23,11827.69,29569.23,
2897,CAM-BLA-S,1,36700.58,14680.23,36700.58,
2897,CHU-VER-L,1,33823.38,13529.35,33823.38,
2898,GOR-ROJ-UNICO,1,28716.74,11486.7,28716.74,
2899,JOG-AZU-UNICO,1,41361.66,16544.66,41361.66,
2899,MUS-AZU-XXL,1,32320.56,12928.22,32320.56,
2899,CAM-BEI-UNICO,1,36700.58,14680.23,36700.58,
2899,REM-BLA-UNICO,1,32677.97,13071.19,32677.97,
2899,JOG-AZU-XXL,1,41361.66,16544.66,41361.66,
2900,CHU-ÍND-L,2,20294.03,13529.35,40588.06,7
2900,MUS-AZU-UNICO,1,32320.56,12928.22,32320.56,
2900,MUS-AZU-UNICO,1,32320.56,12928.22,32320.56,
2900,SWE-MAR-M,1,32525.33,13010.13,32525.33,
2901,CIN-MAR-S,1,33144.89,13257.96,33144.89,
2901,CIN-MAR-M,1,33144.89,13257.96,33144.89,
2901,JOG-ÍND-M,1,41361.66,16544.66,41361.66,
2901,GOR-GRI-M,2,28716.74,11486.7,57433.48,
2901,BUZ-AZU-M,1,29569.23,11827.69,29569.23,
2902,CAM-BEI-UNICO,2,36700.58,14680.23,73401.16,
2902,JOG-ÍND-S,1,41361.66,16544.66,41361.66,
2902,GOR-GRI-UNICO,2,28716.74,11486.7,57433.48,
2903,CHU-ÍND-UNICO,2,33823.38,13529.35,67646.76,
2903,JEA-NEG-UNICO,1,21871.44,8748.58,21871.44,
2903,REM-BLA-UNICO,1,32677.97,13071.19,32677.97,
2904,MUS-CEL-M,1,32320.56,12928.22,32320.56,
2905,MUS-AZU-XXL,1,32320.56,12928.22,32320.56,
2905,MUS-AZU-XXL,1,32320.56,12928.22,32320.56,
2905,CAM-BEI-UNICO,1,36700.58,14680.23,36700.58,
2906,REM-BLA-XL,2,32677.97,13071.19,65355.94,
2906,CAM-BLA-M,2,36700.58,14680.23,73401.16,
2906,JOG-AZU-XXL,1,41361.66,16544.66,41361.66,
2906,GOR-GRI-UNICO,2,23547.73,11486.7,47095.46,10
2907,CHU-VER-XL,1,33823.38,13529.35,33823.38,
2907,CIN-MAR-S,1,33144.89,13257.96,33144.89,
2907,BUZ-AZU-M,1,29569.23,11827.69,29569.23,
2908,JOG-AZU-UNICO,2,41361.66,16544.66,82723.32,
2908,JOG-CEL-UNICO,1,41361.66,16544.66,41361.66,
2908,CAM-BEI-UNICO,2,36700.58,14680.23,73401.16,
2909,CIN-TUR-XL,1,33144.89,13257.96,33144.89,
2909,BUZ-AZU-UNICO,1,29569.23,11827.69,29569.23,
2909,MUS-CEL-M,1,32320.56,12928.22,32320.56,
2909,REM-TUR-XXL,1,34182.8,13673.12,34182.8,
2910,JOG-ÍND-M,1,41361.66,16544.66,41361.66,
2911,SWE-MAR-XXL,1,32525.33,13010.13,32525.33,
2912,MUS-CEL-S,1,32320.56,12928.22,32320.56,
2912,GOR-GRI-XXL,1,28716.74,11486.7,28716.74,
2912,JOG-ÍND-XL,2,41361.66,16544.66,82723.32,
2913,BUZ-AZU-M,1,29569.23,11827.69,29569.23,
2914,BUZ-AZU-M,1,29569.23,11827.69,29569.23,
2914,MUS-AZU-XXL,1,32320.56,12928.22,32320.56,
2914,CIN-MAR-L,1,33144.89,13257.96,33144.89,
2915,SWE-MAR-UNICO,1,32525.33,13010.13,32525.33,
2915,JEA-LAV-L,1,21871.44,8748.58,21871.44,
2916,JEA-LAV-UNICO,1,21871.44,8748.58,21871.44,
2916,JOG-ÍND-XL,1,41361.66,16544.66,41361.66,
2916,CAM-BEI-UNICO,1,36700.58,14680.23,36700.58,
2917,GOR-GRI-S,1,28716.74,11486.7,28716.74,
2917,CIN-MAR-L,1,33144.89,13257.96,33144.89,
2917,CAM-BLA-M,1,36700.58,14680.23,36700.58,
2917,JOG-AZU-XXL,1,41361.66,16544.66,41361.66,
2917,GOR-GRI-XXL,1,28716.74,11486.7,28716.74,
2918,CHU-NEG-XXL,1,33823.38,13529.35,33823.38,
2918,REM-VIO-M,1,32677.97,13071.19,32677.97,
2919,CIN-TUR-UNICO,1,33144.89,13257.96,33144.89,
2919,CAM-BLA-M,1,36700.58,14680.23,36700.58,
2919,REM-VIO-M,1,32677.97,13071.19,32677.97,
2919,MUS-AZU-XXL,1,32320.56,12928.22,32320.56,
2920,SWE-MAR-L,1,32525.33,13010.13,32525.33,
2920,JEA-NEG-UNICO,1,21871.44,8748.58,21871.44,
2920,JOG-CEL-UNICO,1,41361.66,16544.66,41361.66,
2920,MUS-AZU-UNICO,1,32320.56,12928.22,32320.56,
2920,CIN-MAR-M,1,33144.89,13257.96,33144.89,
2921,CIN-MAR-XL,1,33144.89,13257.96,33144.89,
2921,CIN-MAR-L,1,33144.89,13257.96,33144.89,
2921,REM-BLA-XL,2,32677.97,13071.19,65355.94,
2922,CIN-MAR-S,1,33144.89,13257.96,33144.89,
2922,GOR-GRI-XXL,1,28716.74,11486.7,28716.74,
2922,CHU-NEG-S,1,33823.38,13529.35,33823.38,
2922,CIN-MAR-XL,1,33144.89,13257.96,33144.89,
2922,CIN-TUR-UNICO,1,33144.89,13257.96,33144.89,
2923,REM-BLA-XL,1,32677.97,13071.19,32677.97,
2923,JEA-NEG-UNICO,1,17934.58,8748.58,17934.58,10
2923,CHU-VER-XL,1,33823.38,13529.35,33823.38,
2923,BUZ-AZU-M,1,29569.23,11827.69,29569.23,
2923,SWE-MAR-UNICO,2,32525.33,13010.13,65050.66,
2924,CAM-BLA-S,2,36700.58,14680.23,73401.16,
2925,CIN-MAR-L,1,33144.89,13257.96,33144.89,
2925,GOR-GRI-XXL,1,28716.74,11486.7,28716.74,
2925,REM-BLA-XL,1,32677.97,13071.19,32677.97,
2926,GOR-GRI-S,1,28716.74,11486.7,28716.74,
2926,JEA-LAV-UNICO,2,21871.44,8748.58,43742.88,
2926,MUS-AZU-UNICO,1,32320.56,12928.22,32320.56,
2927,MUS-AZU-UNICO,1,32320.56,12928.22,32320.56,
2927,CIN-TUR-XL,1,33144.89,13257.96,33144.89,
2927,JOG-ÍND-M,1,41361.66,16544.66,41361.66,
2927,JEA-NEG-UNICO,1,21871.44,8748.58,21871.44,
2927,JEA-LAV-L,1,21871.44,8748.58,21871.44,
2928,CIN-MAR-L,1,33144.89,13257.96,33144.89,
2928,GOR-GRI-XXL,1,28716.74,11486.7,28716.74,
2928,JEA-NEG-UNICO,1,21871.44,8748.58,21871.44,
2928,GOR-GRI-S,1,28716.74,11486.7,28716.74,
2928,CHU-VER-XL,1,33823.38,13529.35,33823.38,
2929,CIN-MAR-M,2,33144.89,13257.96,66289.78,
2929,MUS-AZU-XXL,1,32320.56,12928.22,32320.56,
2929,CAM-BEI-UNICO,1,36700.58,14680.23,36700.58,
2929,SWE-MAR-L,1,32525.33,13010.13,32525.33,
2930,CHU-VER-XL,2,33823.38,13529.35,67646.76,
2930,GOR-GRI-S,1,28716.74,11486.7,28716.74,
2930,CAM-BEI-UNICO,1,36700.58,14680.23,36700.58,
2931,BUZ-AZU-M,1,29569.23,11827.69,29569.23,
2931,JEA-LAV-UNICO,1,21871.44,8748.58,21871.44,
2931,JOG-AZU-UNICO,1,41361.66,16544.66,41361.66,
2931,JEA-NEG-M,2,21871.44,8748.58,43742.88,
2931,CIN-MAR-S,1,33144.89,13257.96,33144.89,
2932,CIN-MAR-L,1,33144.89,13257.96,33144.89,
2932,GOR-GRI-XXL,1,28716.74,11486.7,28716.74,
2932,REM-TUR-XXL,1,34182.8,13673.12,34182.8,
2933,JOG-ÍND-S,1,41361.66,16544.66,41361.66,
2933,JOG-ÍND-XL,1,41361.66,16544.66,41361.66,
2933,CIN-ROS-UNICO,1,33144.89,13257.96,33144.89,
2934,GOR-ROJ-UNICO,1,28716.74,11486.7,28716.74,
2934,JOG-AZU-XXL,1,41361.66,16544.66,41361.66,
2934,JEA-LAV-L,1,21871.44,8748.58,21871.44,
2934,GOR-ROJ-S,1,28716.74,11486.7,28716.74,
2935,MUS-AZU-UNICO,1,32320.56,12928.22,32320.56,
2935,CHU-NEG-S,2,33023.38,13529.35,66046.76,12
2936,REM-VIO-M,1,32677.97,13071.19,32677.97,
2936,JEA-LAV-UNICO,1,14216.44,8748.58,14216.44,8
2936,GOR-ROJ-L,1,28716.74,11486.7,28716.74,
2936,SWE-AZU-S,1,32525.33,13010.13,32525.33,
2936,REM-CEL-XXL,1,34182.8,13673.12,34182.8,
2937,JOG-ÍND-M,1,41361.66,16544.66,41361.66,
2937,JOG-ÍND-S,1,41361.66,16544.66,41361.66,
2938,SWE-MAR-XXL,1,32525.33,13010.13,32525.33,
2938,SWE-MAR-L,1,32525.33,13010.13,32525.33,
2938,SWE-AZU-XXL,1,32525.33,13010.13,32525.33,
2938,CHU-NEG-XL,1,33823.38,13529.35,33823.38,
2938,JEA-LAV-UNICO,1,21871.44,8748.58,21871.44,
2939,JOG-ÍND-XL,1,41361.66,16544.66,41361.66,
2939,CIN-TUR-UNICO,1,33144.89,13257.96,33144.89,
2939,CHU-NEG-M,1,33823.38,13529.35,33823.38,
2939,MUS-AZU-XXL,1,32320.56,12928.22,32320.56,
2939,CIN-ROS-XXL,1,33144.89,13257.96,33144.89,
2940,REM-BLA-S,1,32677.97,13071.19,32677.97,
2940,CAM-BLA-M,1,36700.58,14680.23,36700.58,
2941,CHU-ÍND-L,1,33823.38,13529.35,33823.38,
2941,SWE-MAR-UNICO,1,21141.46,13010.13,21141.46,8
2941,GOR-GRI-S,1,28716.74,11486.7,28716.74,
2941,MUS-AZU-UNICO,1,32320.56,12928.22,32320.56,
2942,CHU-NEG-XL,1,33823.38,13529.35,33823.38,
2942,SWE-MAR-UNICO,1,32525.33,13010.13,32525.33,
2942,CIN-TUR-UNICO,1,33144.89,13257.96,33144.89,
2942,CIN-MAR-S,1,33144.89,13257.96,33144.89,
2942,CHU-VER-XL,1,33823.38,13529.35,33823.38,
2943,CIN-TUR-UNICO,1,33144.89,13257.96,33144.89,
2943,GOR-GRI-XXL,1,28716.74,11486.7,28716.74,
2943,CIN-MAR-L,1,33144.89,13257.96,33144.89,
2944,GOR-GRI-UNICO,1,28716.74,11486.7,28716.74,
2944,MUS-AZU-UNICO,2,32320.56,12928.22,64641.12,
2945,CHU-NEG-M,1,33823.38,13529.35,33823.38,
2945,CAM-BEI-L,1,36700.58,14680.23,36700.58,
2945,SWE-MAR-UNICO,1,32525.33,13010.13,32525.33,
2945,REM-VIO-M,1,32677.97,13071.19,32677.97,
2945,CIN-MAR-XL,1,33144.89,13257.96,33144.89,
2946,GOR-ROJ-UNICO,1,28716.74,11486.7,28716.74,
2946,GOR-GRI-M,1,28716.74,11486.7,28716.74,
2946,REM-VIO-M,1,32677.97,13071.19,32677.97,
2946,GOR-GRI-L,1,28716.74,11486.7,28716.74,
2946,SWE-AZU-S,1,32525.33,13010.13,32525.33,
2947,JEA-LAV-UNICO,1,21871.44,8748.58,21871.44,
2947,CHU-NEG-S,1,33823.38,13529.35,33823.38,
2947,GOR-GRI-S,1,28716.74,11486.7,28716.74,
2947,SWE-MAR-L,1,32525.33,13010.13,32525.33,
2948,JEA-NEG-M,1,21871.44,8748.58,21871.44,
2948,JEA-NEG-UNICO,1,21871.44,8748.58,21871.44,
2948,CIN-MAR-XL,1,33144.89,13257.96,33144.89,
2948,JEA-LAV-L,1,21871.44,8748.58,21871.44,
2948,REM-VIO-L,1,32677.97,13071.19,32677.97,
2949,JEA-NEG-UNICO,1,21871.44,8748.58,21871.44,
2949,JOG-AZU-XXL,1,41361.66,16544.66,41361.66,
2949,GOR-GRI-S,1,28716.74,11486.7,28716.74,
2949,CHU-NEG-M,1,33823.38,13529.35,33823.38,
2950,REM-TUR-XXL,1,34182.8,13673.12,34182.8,
2950,CHU-VER-XL,1,33823.38,13529.35,33823.38,
2950,JOG-AZU-UNICO,1,41361.66,16544.66,41361.66,
2950,CAM-BEI-UNICO,2,36700.58,14680.23,73401.16,
2950,CHU-VER-XL,1,33823.38,13529.35,33823.38,
2951,CIN-MAR-M,1,33144.89,13257.96,33144.89,
2951,JOG-ÍND-M,1,41361.66,16544.66,41361.66,
2951,CHU-ÍND-L,1,33823.38,13529.35,33823.38,
2952,JEA-LAV-L,1,21871.44,8748.58,21871.44,
2953,CIN-MAR-S,1,33144.89,13257.96,33144.89,
2953,SWE-AZU-S,1,32525.33,13010.13,32525.33,
2953,CHU-ÍND-XXL,1,33823.38,13529.35,33823.38,
2954,CHU-NEG-S,1,33023.38,13529.35,33023.38,12
2955,GOR-GRI-S,1,28716.74,11486.7,28716.74,
2955,MUS-AZU-M,2,32320.56,12928.22,64641.12,
2956,GOR-GRI-UNICO,1,28716.74,11486.7,28716.74,
2956,JEA-NEG-XL,1,21871.44,8748.58,21871.44,
2956,MUS-AZU-UNICO,1,32320.56,12928.22,32320.56,
2956,CHU-ÍND-XXL,1,33823.38,13529.35,33823.38,
2957,MUS-AZU-UNICO,1,32320.56,12928.22,32320.56,
2957,JEA-LAV-L,1,21871.44,8748.58,21871.44,
2958,GOR-ROJ-UNICO,1,28716.74,11486.7,28716.74,
2958,SWE-AZU-M,1,32525.33,13010.13,32525.33,
2958,CAM-BEI-S,1,36700.58,14680.23,36700.58,
2958,GOR-GRI-L,2,28716.74,11486.7,57433.48,
2958,MUS-AZU-UNICO,1,32320.56,12928.22,32320.56,
2959,CAM-BLA-XL,1,36700.58,14680.23,36700.58,
2959,REM-BLA-S,1,32677.97,13071.19,32677.97,
2959,CHU-NEG-XL,1,33823.38,13529.35,33823.38,
2959,CIN-MAR-L,1,33144.89,13257.96,33144.89,
2960,CAM-BEI-UNICO,1,36700.58,14680.23,36700.58,
2960,CHU-NEG-M,1,33823.38,13529.35,33823.38,
2960,REM-VIO-M,1,32677.97,13071.19,32677.97,
2961,MUS-AZU-UNICO,1,32320.56,12928.22,32320.56,
2962,CIN-MAR-M,1,33144.89,13257.96,33144.89,
2962,CHU-NEG-S,1,33823.38,13529.35,33823.38,
2962,GOR-ROJ-UNICO,1,28716.74,11486.7,28716.74,
2963,CHU-VER-XL,1,33823.38,13529.35,33823.38,
2964,CAM-BEI-L,2,36700.58,14680.23,73401.16,
2964,MUS-CEL-S,1,32320.56,12928.22,32320.56,
2965,CAM-BEI-UNICO,1,36700.58,14680.23,36700.58,
2966,MUS-AZU-XXL,1,32320.56,12928.22,32320.56,
2966,CIN-MAR-S,1,33144.89,13257.96,33144.89,
2966,GOR-GRI-UNICO,1,28716.74,11486.7,28716.74,
2966,JEA-LAV-L,1,21871.44,8748.58,21871.44,
2966,CHU-NEG-XXL,1,33823.38,13529.35,33823.38,
2967,GOR-GRI-S,1,28716.74,11486.7,28716.74,
2967,MUS-AZU-UNICO,1,32320.56,12928.22,32320.56,
2967,CIN-MAR-M,1,33144.89,13257.96,33144.89,
2968,REM-VIO-XL,1,32677.97,13071.19,32677.97,
2968,JEA-LAV-UNICO,1,21871.44,8748.58,21871.44,
2968,CIN-ROS-XXL,1,33144.89,13257.96,33144.89,
2968,CIN-MAR-M,1,33144.89,13257.96,33144.89,
2968,CAM-BEI-UNICO,1,36700.58,14680.23,36700.58,
2969,JEA-LAV-L,1,21871.44,8748.58,21871.44,
2969,REM-BLA-S,1,32677.97,13071.19,32677.97,
2970,CHU-VER-L,1,33823.38,13529.35,33823.38,
2970,JOG-AZU-UNICO,1,41361.66,16544.66,41361.66,
2971,CIN-TUR-UNICO,1,33144.89,13257.96,33144.89,
2971,JOG-CEL-UNICO,1,41361.66,16544.66,41361.66,
2971,GOR-ROJ-S,1,28716.74,11486.7,28716.74,
2972,CHU-VER-XL,1,33823.38,13529.35,33823.38,
2972,CIN-TUR-UNICO,1,33144.89,13257.96,33144.89,
2972,REM-CEL-XXL,1,34182.8,13673.12,34182.8,
2972,MUS-AZU-XXL,1,32320.56,12928.22,32320.56,
2973,GOR-ROJ-S,1,28716.74,11486.7,28716.74,
2974,CAM-BLA-XL,1,36700.58,14680.23,36700.58,
2975,GOR-GRI-UNICO,1,28716.74,11486.7,28716.74,
2975,CHU-ÍND-XL,1,33823.38,13529.35,33823.38,
2975,CAM-CEL-XL,1,36700.58,14680.23,36700.58,
2975,JEA-NEG-UNICO,1,21871.44,8748.58,21871.44,
2976,CAM-BLA-M,1,36700.58,14680.23,36700.58,
2976,CAM-CEL-XL,1,36700.58,14680.23,36700.58,
2976,SWE-MAR-M,2,16262.67,13010.13,32525.34,11
2976,JEA-NEG-XL,1,21871.44,8748.58,21871.44,
2977,REM-TUR-S,1,34182.8,13673.12,34182.8,
2977,JEA-LAV-L,1,21871.44,8748.58,21871.44,
2977,JEA-NEG-UNICO,1,21871.44,8748.58,21871.44,
2978,CHU-ÍND-XL,1,33823.38,13529.35,33823.38,
2979,SWE-AZU-S,1,32525.33,13010.13,32525.33,
2979,BUZ-AZU-UNICO,1,29569.23,11827.69,29569.23,
2980,REM-BLA-XL,1,32677.97,13071.19,32677.97,
2980,REM-VIO-XXL,1,32677.97,13071.19,32677.97,
2980,CHU-VER-XL,1,33823.38,13529.35,33823.38,
2980,GOR-GRI-S,1,28716.74,11486.7,28716.74,
2980,JOG-AZU-XXL,1,41361.66,16544.66,41361.66,
2981,GOR-GRI-UNICO,1,28716.74,11486.7,28716.74,
2981,CAM-BEI-S,2,36700.58,14680.23,73401.16,
2981,SWE-MAR-UNICO,1,21141.46,13010.13,21141.46,8
2982,JOG-AZU-XXL,1,41361.66,16544.66,41361.66,
2982,SWE-AZU-S,1,32525.33,13010.13,32525.33,
2982,SWE-AZU-S,1,32525.33,13010.13,32525.33,
2982,CHU-VER-XL,1,33823.38,13529.35,33823.38,
2982,JEA-LAV-UNICO,1,21871.44,8748.58,21871.44,
2983,CIN-ROS-XXL,1,33144.89,13257.96,33144.89,
2984,CHU-NEG-M,1,16911.69,13529.35,16911.69,11
2984,REM-VIO-L,2,32677.97,13071.19,65355.94,
2984,REM-TUR-XXL,1,34182.8,13673.12,34182.8,
2984,MUS-CEL-M,1,32320.56,12928.22,32320.56,
2984,BUZ-AZU-L,1,29569.23,11827.69,29569.23,
2985,JEA-LAV-UNICO,1,21871.44,8748.58,21871.44,
2985,GOR-GRI-L,1,28716.74,11486.7,28716.74,
2985,JEA-NEG-UNICO,1,21871.44,8748.58,21871.44,
2985,CHU-NEG-S,1,33823.38,13529.35,33823.38,
2986,CIN-MAR-L,1,33144.89,13257.96,33144.89,
2986,REM-CEL-XXL,1,34182.8,13673.12,34182.8,
2986,CHU-NEG-M,1,33823.38,13529.35,33823.38,
2986,JEA-LAV-UNICO,1,21871.44,8748.58,21871.44,
2986,REM-TUR-XXL,1,34182.8,13673.12,34182.8,
2987,CHU-VER-S,1,33823.38,13529.35,33823.38,
2987,SWE-MAR-L,1,32525.33,13010.13,32525.33,
2987,GOR-GRI-S,1,28716.74,11486.7,28716.74,
2987,CIN-TUR-UNICO,1,33144.89,13257.96,33144.89,
2988,CIN-ROS-XXL,1,33144.89,13257.96,33144.89,
2988,REM-TUR-S,1,34182.8,13673.12,34182.8,
2988,SWE-MAR-L,1,32525.33,13010.13,32525.33,
2988,CHU-NEG-M,1,33823.38,13529.35,33823.38,
2988,REM-BLA-S,1,19606.78,13071.19,19606.78,7
2989,GOR-GRI-L,1,28716.74,11486.7,28716.74,
2989,CHU-NEG-M,1,33823.38,13529.35,33823.38,
2989,GOR-GRI-XXL,1,28716.74,11486.7,28716.74,
2989,SWE-MAR-L,1,32525.33,13010.13,32525.33,
2990,SWE-MAR-XXL,1,32525.33,13010.13,32525.33,
2990,SWE-MAR-XXL,1,32525.33,13010.13,32525.33,
2990,JOG-ÍND-M,1,41361.66,16544.66,41361.66,
2990,CIN-TUR-XL,1,33144.89,13257.96,33144.89,
2991,JOG-ÍND-S,1,41361.66,16544.66,41361.66,
2992,CIN-TUR-XL,1,33144.89,13257.96,33144.89,
2992,BUZ-AZU-M,1,29569.23,11827.69,29569.23,
2992,CIN-TUR-UNICO,2,33144.89,13257.96,66289.78,
2992,REM-VIO-M,1,32677.97,13071.19,32677.97,
2992,CIN-MAR-XL,2,33144.89,13257.96,66289.78,
2993,REM-VIO-M,1,32677.97,13071.19,32677.97,
2993,SWE-AZU-S,1,32525.33,13010.13,32525.33,
2994,CAM-BLA-M,2,36700.58,14680.23,73401.16,
2994,JEA-NEG-UNICO,1,21871.44,8748.58,21871.44,
2994,CIN-MAR-L,1,33144.89,13257.96,33144.89,
2994,MUS-AZU-UNICO,1,32320.56,12928.22,32320.56,
2995,REM-TUR-S,1,34182.8,13673.12,34182.8,
2995,SWE-MAR-M,1,32525.33,13010.13,32525.33,
2996,CIN-MAR-XL,1,33144.89,13257.96,33144.89,
2996,CIN-ROS-XXL,1,33144.89,13257.96,33144.89,
2996,SWE-MAR-L,1,32525.33,13010.13,32525.33,
2996,CIN-TUR-UNICO,2,33144.89,13257.96,66289.78,
2997,REM-CEL-XXL,2,34182.8,13673.12,68365.6,
2997,CHU-NEG-S,2,33823.38,13529.35,67646.76,
2997,CHU-NEG-M,1,33823.38,13529.35,33823.38,
2997,GOR-GRI-M,1,28716.74,11486.7,28716.74,
2998,REM-TUR-XXL,1,34182.8,13673.12,34182.8,
2998,JEA-LAV-UNICO,1,21871.44,8748.58,21871.44,
2998,CIN-MAR-XL,1,33144.89,13257.96,33144.89,
2999,CIN-MAR-XL,1,33144.89,13257.96,33144.89,
2999,CHU-NEG-M,1,33823.38,13529.35,33823.38,
2999,CIN-MAR-S,1,33144.89,13257.96,33144.89,
3000,MUS-AZU-M,1,32320.56,12928.22,32320.56,
3000,CHU-VER-XL,1,33823.38,13529.35,33823.38,
3000,REM-VIO-L,1,32677.97,13071.19,32677.97,
