ticket_nro,fecha_hora,dni_cliente,sucursal,canal,empleado_id,metodo_pago_id,sku_variante,cantidad,costo_unitario_historico,precio_unitario_cobrado,promocion_id,subtotal
1,2024-02-01 09:23:00,25273674,Tienda Online,Web,9,2,GOR-GRI-M,1,11486.7,28716.74,,28716.74
2,2024-11-08 09:30:00,28688292,Shopping,Presencial,7,2,GOR-GRI-L,1,11486.7,28716.74,,28716.74
2,2024-11-08 09:30:00,28688292,Shopping,Presencial,7,2,JEA-LAV-unico,1,8748.58,21871.44,,21871.44
2,2024-11-08 09:30:00,28688292,Shopping,Presencial,7,2,CIN-TUR-XL,1,13257.96,33144.89,,33144.89
2,2024-11-08 09:30:00,28688292,Shopping,Presencial,7,2,JEA-NEG-M,1,8748.58,21871.44,,21871.44
2,2024-11-08 09:30:00,28688292,Shopping,Presencial,7,2,CHU-VER-XL,1,13529.35,33823.38,,33823.38
3,2025-05-11 14:48:00,30196404,Centro,Presencial,2,2,REM-VIO-XL,1,13071.19,32677.97,,32677.97
3,2025-05-11 14:48:00,30196404,Centro,Presencial,2,2,REM-VIO-XL,1,13071.19,32677.97,,32677.97
3,2025-05-11 14:48:00,30196404,Centro,Presencial,2,2,CHU-VER-L,1,13529.35,33823.38,,33823.38
4,2025-05-26 18:18:00,33776507,Tienda Online,Web,9,4,CAM-BEI-S,1,14680.23,36700.58,,36700.58
4,2025-05-26 18:18:00,33776507,Tienda Online,Web,9,4,SWE-AZU-S,1,13010.13,32525.33,,32525.33
4,2025-05-26 18:18:00,33776507,Tienda Online,Web,9,4,REM-BLA-S,1,13071.19,32677.97,,32677.97
4,2025-05-26 18:18:00,33776507,Tienda Online,Web,9,4,JOG-AZU-unico,1,16544.66,41361.66,,41361.66
4,2025-05-26 18:18:00,33776507,Tienda Online,Web,9,4,MUS-AZU-unico,1,12928.22,32320.56,,32320.56
5,2024-10-04 15:28:00,24161661,Tienda Online,Web,10,2,CHU-ÍND-XXL,1,13529.35,33823.38,,33823.38
5,2024-10-04 15:28:00,24161661,Tienda Online,Web,10,2,CIN-MAR-L,2,13257.96,33144.89,,66289.78
5,2024-10-04 15:28:00,24161661,Tienda Online,Web,10,2,CIN-TUR-unico,1,13257.96,33144.89,,33144.89
6,2024-12-27 08:21:00,16951572,Tienda Online,Web,10,4,GOR-GRI-unico,1,11486.7,28716.74,,28716.74
6,2024-12-27 08:21:00,16951572,Tienda Online,Web,10,4,JEA-NEG-M,1,8748.58,21871.44,,21871.44
6,2024-12-27 08:21:00,16951572,Tienda Online,Web,10,4,CIN-MAR-L,1,13257.96,33144.89,,33144.89
7,2025-06-28 15:50:00,21983483,Centro,Presencial,2,1,CAM-BEI-L,1,14680.23,36700.58,,36700.58
7,2025-06-28 15:50:00,21983483,Centro,Presencial,2,1,CIN-TUR-XL,1,13257.96,33144.89,,33144.89
7,2025-06-28 15:50:00,21983483,Centro,Presencial,2,1,GOR-GRI-XXL,1,11486.7,28716.74,,28716.74
7,2025-06-28 15:50:00,21983483,Centro,Presencial,2,1,JEA-NEG-XL,1,8748.58,21871.44,,21871.44
7,2025-06-28 15:50:00,21983483,Centro,Presencial,2,1,JOG-AZU-XXL,1,16544.66,41361.66,,41361.66
8,2024-10-19 12:44:00,14616506,Shopping,Presencial,7,5,REM-VIO-M,1,13071.19,32677.97,,32677.97
9,2025-06-23 16:12:00,27929653,Centro,Presencial,1,1,GOR-GRI-M,1,11486.7,28716.74,,28716.74
9,2025-06-23 16:12:00,27929653,Centro,Presencial,1,1,REM-TUR-XXL,1,13673.12,34182.8,,34182.8
9,2025-06-23 16:12:00,27929653,Centro,Presencial,1,1,JEA-LAV-L,1,8748.58,21871.44,,21871.44
9,2025-06-23 16:12:00,27929653,Centro,Presencial,1,1,JOG-ÍND-M,1,16544.66,41361.66,,41361.66
10,2024-11-16 16:44:00,28456905,Norte,Presencial,5,3,SWE-AZU-S,2,13010.13,32525.33,,65050.66
10,2024-11-16 16:44:00,28456905,Norte,Presencial,5,3,GOR-GRI-XXL,1,11486.7,28716.74,,28716.74
11,2025-03-08 05:13:00,35433541,Tienda Online,Web,9,2,CHU-VER-L,1,13529.35,20294.03,7.0,20294.03
11,2025-03-08 05:13:00,35433541,Tienda Online,Web,9,2,CIN-MAR-XL,2,13257.96,33144.89,,66289.78
11,2025-03-08 05:13:00,35433541,Tienda Online,Web,9,2,JEA-NEG-M,1,8748.58,21871.44,,21871.44
11,2025-03-08 05:13:00,35433541,Tienda Online,Web,9,2,REM-VIO-XXL,1,13071.19,32677.97,,32677.97
11,2025-03-08 05:13:00,35433541,Tienda Online,Web,9,2,REM-VIO-M,2,13071.19,32677.97,,65355.94
12,2024-12-08 18:22:00,27715659,Shopping,Presencial,7,3,SWE-AZU-S,1,13010.13,32525.33,,32525.33
12,2024-12-08 18:22:00,27715659,Shopping,Presencial,7,3,CIN-ROS-XXL,1,13257.96,33144.89,,33144.89
13,2025-04-11 16:28:00,17779366,Shopping,Presencial,7,4,JEA-LAV-unico,1,8748.58,17934.58,10.0,17934.58
13,2025-04-11 16:28:00,17779366,Shopping,Presencial,7,4,CAM-BLA-S,1,14680.23,30094.48,10.0,30094.48
14,2025-08-09 10:12:00,29955030,Centro,Presencial,1,2,CHU-NEG-unico,1,13529.35,33823.38,,33823.38
14,2025-08-09 10:12:00,29955030,Centro,Presencial,1,2,GOR-GRI-L,1,11486.7,28716.74,,28716.74
14,2025-08-09 10:12:00,29955030,Centro,Presencial,1,2,GOR-GRI-L,1,11486.7,28716.74,,28716.74
14,2025-08-09 10:12:00,29955030,Centro,Presencial,1,2,CHU-VER-S,1,13529.35,33823.38,,33823.38
15,2024-09-14 14:01:00,27044130,Tienda Online,Web,9,1,CAM-BEI-unico,1,14680.23,36700.58,,36700.58
16,2024-04-18 06:32:00,31231220,Tienda Online,Web,10,5,GOR-GRI-XXL,1,11486.7,28716.74,,28716.74
16,2024-04-18 06:32:00,31231220,Tienda Online,Web,10,5,CIN-ROS-XXL,1,13257.96,33144.89,,33144.89
17,2024-11-23 18:47:00,33776507,Tienda Online,Web,9,1,CIN-MAR-XL,1,13257.96,33144.89,,33144.89
18,2024-12-10 15:50:00,32828789,Norte,Presencial,6,2,JOG-AZU-XXL,1,16544.66,41361.66,,41361.66
19,2024-12-02 14:26:00,24855701,Tienda Online,Web,9,4,CHU-VER-XL,1,13529.35,33823.38,,33823.38
19,2024-12-02 14:26:00,24855701,Tienda Online,Web,9,4,REM-VIO-L,1,13071.19,32677.97,,32677.97
20,2024-08-12 09:51:00,27244970,Shopping,Presencial,7,5,SWE-MAR-L,1,13010.13,32525.33,,32525.33
21,2024-03-15 13:00:00,21260138,Shopping,Presencial,7,1,REM-BLA-XL,1,13071.19,32677.97,,32677.97
21,2024-03-15 13:00:00,21260138,Shopping,Presencial,7,1,CIN-ROS-XXL,1,13257.96,33144.89,,33144.89
21,2024-03-15 13:00:00,21260138,Shopping,Presencial,7,1,SWE-AZU-S,2,13010.13,32525.33,,65050.66
21,2024-03-15 13:00:00,21260138,Shopping,Presencial,7,1,JOG-AZU-unico,1,16544.66,41361.66,,41361.66
21,2024-03-15 13:00:00,21260138,Shopping,Presencial,7,1,SWE-AZU-S,1,13010.13,32525.33,,32525.33
22,2025-04-08 16:48:00,25519695,Shopping,Presencial,7,1,BUZ-AZU-unico,2,11827.69,29569.23,,59138.46
22,2025-04-08 16:48:00,25519695,Shopping,Presencial,7,1,REM-VIO-M,1,13071.19,32677.97,,32677.97
22,2025-04-08 16:48:00,25519695,Shopping,Presencial,7,1,REM-BLA-S,2,13071.19,32677.97,,65355.94
22,2025-04-08 16:48:00,25519695,Shopping,Presencial,7,1,CIN-MAR-L,1,13257.96,33144.89,,33144.89
23,2025-05-14 19:26:00,31925749,Shopping,Presencial,7,5,CHU-ÍND-XL,2,13529.35,33823.38,,67646.76
23,2025-05-14 19:26:00,31925749,Shopping,Presencial,7,5,REM-VIO-XL,2,13071.19,32677.97,,65355.94
23,2025-05-14 19:26:00,31925749,Shopping,Presencial,7,5,REM-BLA-S,1,13071.19,32677.97,,32677.97
23,2025-05-14 19:26:00,31925749,Shopping,Presencial,7,5,CIN-ROS-unico,1,13257.96,33144.89,,33144.89
23,2025-05-14 19:26:00,31925749,Shopping,Presencial,7,5,CAM-BEI-unico,1,14680.23,36700.58,,36700.58
24,2025-05-20 12:28:00,27593354,Centro,Presencial,1,3,REM-VIO-XL,1,13071.19,32677.97,,32677.97
24,2025-05-20 12:28:00,27593354,Centro,Presencial,1,3,CAM-BEI-unico,1,14680.23,36700.58,,36700.58
24,2025-05-20 12:28:00,27593354,Centro,Presencial,1,3,JEA-NEG-unico,1,8748.58,21871.44,,21871.44
25,2025-01-04 14:35:00,34552283,Tienda Online,Web,9,1,GOR-GRI-M,2,11486.7,28716.74,,57433.48
26,2025-02-09 11:31:00,25086706,Norte,Presencial,4,2,CHU-NEG-S,1,13529.35,33823.38,,33823.38
26,2025-02-09 11:31:00,25086706,Norte,Presencial,4,2,CIN-TUR-XL,2,13257.96,33144.89,,66289.78
26,2025-02-09 11:31:00,25086706,Norte,Presencial,4,2,REM-CEL-XXL,1,13673.12,34182.8,,34182.8
27,2025-04-25 15:02:00,35314138,Centro,Presencial,2,4,CIN-TUR-XL,1,13257.96,33144.89,,33144.89
27,2025-04-25 15:02:00,35314138,Centro,Presencial,2,4,MUS-AZU-XXL,1,12928.22,26502.86,10.0,26502.86
28,2024-10-30 22:51:00,38531078,Tienda Online,Web,9,3,JOG-ÍND-XL,1,16544.66,41361.66,,41361.66
29,2024-06-14 15:42:00,21983483,Tienda Online,Web,9,3,REM-CEL-XXL,1,13673.12,34182.8,,34182.8
29,2024-06-14 15:42:00,21983483,Tienda Online,Web,9,3,SWE-AZU-S,1,13010.13,32525.33,,32525.33
30,2025-11-05 09:31:00,19888757,Tienda Online,Web,10,5,JOG-ÍND-XL,2,16544.66,33916.56,9.0,67833.12
30,2025-11-05 09:31:00,19888757,Tienda Online,Web,10,5,CHU-ÍND-XL,1,13529.35,33823.38,,33823.38
30,2025-11-05 09:31:00,19888757,Tienda Online,Web,10,5,REM-VIO-M,1,13071.19,32677.97,,32677.97
30,2025-11-05 09:31:00,19888757,Tienda Online,Web,10,5,JOG-ÍND-M,1,16544.66,41361.66,,41361.66
30,2025-11-05 09:31:00,19888757,Tienda Online,Web,10,5,MUS-CEL-M,1,12928.22,32320.56,,32320.56
31,2024-11-18 17:52:00,34546748,Shopping,Presencial,7,2,REM-VIO-M,2,13071.19,32677.97,,65355.94
31,2024-11-18 17:52:00,34546748,Shopping,Presencial,7,2,JOG-AZU-unico,1,16544.66,41361.66,,41361.66
31,2024-11-18 17:52:00,34546748,Shopping,Presencial,7,2,CIN-ROS-XXL,1,13257.96,33144.89,,33144.89
31,2024-11-18 17:52:00,34546748,Shopping,Presencial,7,2,CIN-MAR-L,2,13257.96,33144.89,,66289.78
32,2024-10-26 15:52:00,21260138,Shopping,Presencial,7,5,CAM-BEI-unico,1,14680.23,36700.58,,36700.58
32,2024-10-26 15:52:00,21260138,Shopping,Presencial,7,5,JOG-ÍND-XL,1,16544.66,41361.66,,41361.66
33,2025-03-15 10:16:00,22425195,Tienda Online,Web,9,5,CHU-ÍND-XL,1,13529.35,33823.38,,33823.38
33,2025-03-15 10:16:00,22425195,Tienda Online,Web,9,5,BUZ-AZU-unico,1,11827.69,29569.23,,29569.23
33,2025-03-15 10:16:00,22425195,Tienda Online,Web,9,5,JOG-AZU-XXL,1,16544.66,41361.66,,41361.66
34,2025-10-30 05:47:00,28349234,Tienda Online,Web,10,1,JOG-ÍND-XL,1,16544.66,41361.66,,41361.66
34,2025-10-30 05:47:00,28349234,Tienda Online,Web,10,1,CHU-NEG-unico,1,13529.35,33823.38,,33823.38
34,2025-10-30 05:47:00,28349234,Tienda Online,Web,10,1,CHU-VER-L,1,13529.35,33823.38,,33823.38
34,2025-10-30 05:47:00,28349234,Tienda Online,Web,10,1,JEA-NEG-unico,1,8748.58,21871.44,,21871.44
34,2025-10-30 05:47:00,28349234,Tienda Online,Web,10,1,CHU-NEG-M,2,13529.35,33823.38,,67646.76
35,2025-06-13 15:32:00,20267062,Tienda Online,Web,9,5,CIN-TUR-XL,1,13257.96,29830.4,3.0,29830.4
35,2025-06-13 15:32:00,20267062,Tienda Online,Web,9,5,MUS-CEL-M,1,12928.22,32320.56,,32320.56
35,2025-06-13 15:32:00,20267062,Tienda Online,Web,9,5,CIN-MAR-M,1,13257.96,33144.89,,33144.89
35,2025-06-13 15:32:00,20267062,Tienda Online,Web,9,5,JEA-LAV-unico,1,8748.58,21871.44,,21871.44
36,2025-11-21 20:19:00,44321020,Tienda Online,Web,10,4,SWE-MAR-S,1,13010.13,32525.33,,32525.33
36,2025-11-21 20:19:00,44321020,Tienda Online,Web,10,4,SWE-MAR-L,1,13010.13,32525.33,,32525.33
36,2025-11-21 20:19:00,44321020,Tienda Online,Web,10,4,JOG-CEL-L,1,16544.66,41361.66,,41361.66
36,2025-11-21 20:19:00,44321020,Tienda Online,Web,10,4,CHU-NEG-unico,1,13529.35,27735.17,9.0,27735.17
36,2025-11-21 20:19:00,44321020,Tienda Online,Web,10,4,CHU-NEG-unico,1,13529.35,33823.38,,33823.38
37,2024-05-11 15:32:00,33160875,Centro,Presencial,2,2,GOR-GRI-L,1,11486.7,28716.74,,28716.74
38,2025-07-19 15:38:00,40515566,Centro,Presencial,2,5,SWE-AZU-M,1,13010.13,32525.33,,32525.33
38,2025-07-19 15:38:00,40515566,Centro,Presencial,2,5,BUZ-AZU-M,1,11827.69,29569.23,,29569.23
38,2025-07-19 15:38:00,40515566,Centro,Presencial,2,5,SWE-AZU-S,1,13010.13,32525.33,,32525.33
38,2025-07-19 15:38:00,40515566,Centro,Presencial,2,5,SWE-MAR-L,1,13010.13,32525.33,,32525.33
38,2025-07-19 15:38:00,40515566,Centro,Presencial,2,5,CIN-MAR-XL,1,13257.96,33144.89,,33144.89
39,2024-12-13 09:18:00,32132749,Tienda Online,Web,9,4,CHU-NEG-S,1,13529.35,33823.38,,33823.38
39,2024-12-13 09:18:00,32132749,Tienda Online,Web,9,4,CIN-MAR-XL,1,13257.96,33144.89,,33144.89
39,2024-12-13 09:18:00,32132749,Tienda Online,Web,9,4,MUS-CEL-S,1,12928.22,32320.56,,32320.56
39,2024-12-13 09:18:00,32132749,Tienda Online,Web,9,4,MUS-AZU-unico,2,12928.22,32320.56,,64641.12
40,2025-02-21 09:27:00,26069372,Norte,Presencial,4,4,MUS-CEL-S,1,12928.22,32320.56,,32320.56
40,2025-02-21 09:27:00,26069372,Norte,Presencial,4,4,JOG-CEL-unico,1,16544.66,41361.66,,41361.66
40,2025-02-21 09:27:00,26069372,Norte,Presencial,4,4,JOG-ÍND-XL,1,16544.66,41361.66,,41361.66
40,2025-02-21 09:27:00,26069372,Norte,Presencial,4,4,CIN-ROS-XXL,1,13257.96,33144.89,,33144.89
41,2024-06-27 10:23:00,25636276,Norte,Presencial,5,1,REM-BLA-XL,2,13071.19,32677.97,,65355.94
41,2024-06-27 10:23:00,25636276,Norte,Presencial,5,1,CAM-CEL-XL,1,14680.23,36700.58,,36700.58
41,2024-06-27 10:23:00,25636276,Norte,Presencial,5,1,MUS-AZU-M,1,12928.22,32320.56,,32320.56
41,2024-06-27 10:23:00,25636276,Norte,Presencial,5,1,CIN-MAR-L,1,13257.96,33144.89,,33144.89
41,2024-06-27 10:23:00,25636276,Norte,Presencial,5,1,REM-CEL-XXL,2,13673.12,34182.8,,68365.6
42,2025-03-20 13:04:00,10990382,Centro,Presencial,2,4,JEA-LAV-L,1,8748.58,21871.44,,21871.44
42,2025-03-20 13:04:00,10990382,Centro,Presencial,2,4,CHU-NEG-M,1,13529.35,33823.38,,33823.38
42,2025-03-20 13:04:00,10990382,Centro,Presencial,2,4,GOR-GRI-L,1,11486.7,28716.74,,28716.74
42,2025-03-20 13:04:00,10990382,Centro,Presencial,2,4,MUS-AZU-unico,2,12928.22,19392.34,7.0,38784.68
42,2025-03-20 13:04:00,10990382,Centro,Presencial,2,4,CHU-ÍND-L,1,13529.35,33823.38,,33823.38
43,2024-06-02 19:06:00,43453305,Shopping,Presencial,7,2,CIN-MAR-M,1,13257.96,33144.89,,33144.89
43,2024-06-02 19:06:00,43453305,Shopping,Presencial,7,2,CIN-MAR-S,1,13257.96,33144.89,,33144.89
43,2024-06-02 19:06:00,43453305,Shopping,Presencial,7,2,CAM-BLA-M,1,14680.23,36700.58,,36700.58
44,2024-03-16 22:06:00,26373518,Tienda Online,Web,10,1,JEA-LAV-L,1,8748.58,21871.44,,21871.44
44,2024-03-16 22:06:00,26373518,Tienda Online,Web,10,1,GOR-GRI-S,1,11486.7,28716.74,,28716.74
44,2024-03-16 22:06:00,26373518,Tienda Online,Web,10,1,CIN-MAR-S,1,13257.96,33144.89,,33144.89
44,2024-03-16 22:06:00,26373518,Tienda Online,Web,10,1,CIN-TUR-unico,1,13257.96,33144.89,,33144.89
45,2024-07-09 18:11:00,34041232,Shopping,Presencial,7,4,JOG-AZU-unico,1,16544.66,41361.66,,41361.66
45,2024-07-09 18:11:00,34041232,Shopping,Presencial,7,4,CHU-NEG-S,1,13529.35,33823.38,,33823.38
45,2024-07-09 18:11:00,34041232,Shopping,Presencial,7,4,MUS-AZU-unico,1,12928.22,32320.56,,32320.56
45,2024-07-09 18:11:00,34041232,Shopping,Presencial,7,4,SWE-AZU-S,1,13010.13,32525.33,,32525.33
45,2024-07-09 18:11:00,34041232,Shopping,Presencial,7,4,SWE-MAR-unico,1,13010.13,32525.33,,32525.33
46,2024-08-31 16:52:00,26127866,Tienda Online,Web,10,2,JOG-ÍND-S,1,16544.66,41361.66,,41361.66
46,2024-08-31 16:52:00,26127866,Tienda Online,Web,10,2,JOG-ÍND-M,1,16544.66,41361.66,,41361.66
47,2025-01-10 17:49:00,12807087,Norte,Presencial,4,1,CAM-BLA-M,1,14680.23,36700.58,,36700.58
47,2025-01-10 17:49:00,12807087,Norte,Presencial,4,1,CHU-ÍND-XXL,1,13529.35,33823.38,,33823.38
47,2025-01-10 17:49:00,12807087,Norte,Presencial,4,1,GOR-GRI-L,1,11486.7,28716.74,,28716.74
47,2025-01-10 17:49:00,12807087,Norte,Presencial,4,1,CAM-CEL-XL,1,14680.23,36700.58,,36700.58
48,2024-10-25 13:09:00,18123867,Centro,Presencial,1,5,GOR-ROJ-unico,1,11486.7,28716.74,,28716.74
48,2024-10-25 13:09:00,18123867,Centro,Presencial,1,5,CAM-BEI-L,2,14680.23,36700.58,,73401.16
48,2024-10-25 13:09:00,18123867,Centro,Presencial,1,5,GOR-ROJ-unico,1,11486.7,28716.74,,28716.74
48,2024-10-25 13:09:00,18123867,Centro,Presencial,1,5,CIN-MAR-S,1,13257.96,33144.89,,33144.89
49,2024-04-26 12:17:00,44032415,Centro,Presencial,2,1,JOG-CEL-unico,1,16544.66,41361.66,,41361.66
49,2024-04-26 12:17:00,44032415,Centro,Presencial,2,1,CAM-CEL-XL,1,14680.23,36700.58,,36700.58
50,2024-12-24 09:39:00,41720415,Tienda Online,Web,10,2,JOG-AZU-unico,1,16544.66,41361.66,,41361.66
50,2024-12-24 09:39:00,41720415,Tienda Online,Web,10,2,REM-TUR-S,1,13673.12,34182.8,,34182.8
51,2025-11-10 18:26:00,28696734,Centro,Presencial,1,2,REM-TUR-XXL,1,13673.12,34182.8,,34182.8
52,2025-11-03 13:18:00,11730076,Centro,Presencial,2,4,BUZ-AZU-L,1,11827.69,29569.23,,29569.23
53,2024-05-12 19:12:00,28731761,Tienda Online,Web,9,1,CIN-MAR-M,1,13257.96,33144.89,,33144.89
54,2024-06-15 17:50:00,29586497,Tienda Online,Web,10,4,CIN-MAR-S,2,13257.96,33144.89,,66289.78
54,2024-06-15 17:50:00,29586497,Tienda Online,Web,10,4,JOG-ÍND-XL,1,16544.66,41361.66,,41361.66
54,2024-06-15 17:50:00,29586497,Tienda Online,Web,10,4,REM-BLA-XL,1,13071.19,32677.97,,32677.97
55,2025-10-20 07:05:00,44533969,Tienda Online,Web,10,2,JEA-NEG-M,1,8748.58,21871.44,,21871.44
56,2024-11-30 19:08:00,33160875,Norte,Presencial,4,3,CHU-VER-XL,1,13529.35,33823.38,,33823.38
56,2024-11-30 19:08:00,33160875,Norte,Presencial,4,3,CIN-TUR-unico,1,13257.96,33144.89,,33144.89
57,2025-10-01 19:40:00,28086578,Centro,Presencial,1,2,CIN-ROS-L,1,13257.96,21544.18,8.0,21544.18
58,2024-03-18 05:39:00,12090484,Tienda Online,Web,10,3,JEA-LAV-unico,1,8748.58,21871.44,,21871.44
58,2024-03-18 05:39:00,12090484,Tienda Online,Web,10,3,BUZ-AZU-M,1,11827.69,29569.23,,29569.23
58,2024-03-18 05:39:00,12090484,Tienda Online,Web,10,3,CAM-BEI-unico,1,14680.23,36700.58,,36700.58
58,2024-03-18 05:39:00,12090484,Tienda Online,Web,10,3,CIN-MAR-M,1,13257.96,33144.89,,33144.89
59,2025-05-28 19:18:00,28696734,Norte,Presencial,4,1,REM-CEL-XXL,2,13673.12,34182.8,,68365.6
59,2025-05-28 19:18:00,28696734,Norte,Presencial,4,1,JOG-ÍND-S,1,16544.66,41361.66,,41361.66
60,2024-05-23 17:42:00,17019579,Tienda Online,Web,10,4,GOR-GRI-S,1,11486.7,28716.74,,28716.74
60,2024-05-23 17:42:00,17019579,Tienda Online,Web,10,4,MUS-AZU-unico,1,12928.22,32320.56,,32320.56
61,2025-08-09 14:37:00,24627352,Centro,Presencial,1,4,CIN-MAR-M,1,13257.96,33144.89,,33144.89
61,2025-08-09 14:37:00,24627352,Centro,Presencial,1,4,MUS-AZU-unico,1,12928.22,32320.56,,32320.56
61,2025-08-09 14:37:00,24627352,Centro,Presencial,1,4,CAM-BEI-L,1,14680.23,36700.58,,36700.58
61,2025-08-09 14:37:00,24627352,Centro,Presencial,1,4,SWE-MAR-S,1,13010.13,32525.33,,32525.33
62,2024-01-03 18:31:00,37011889,Tienda Online,Web,9,4,SWE-MAR-L,1,13010.13,32525.33,,32525.33
62,2024-01-03 18:31:00,37011889,Tienda Online,Web,9,4,CIN-MAR-L,1,13257.96,33144.89,,33144.89
63,2024-06-05 18:22:00,23499019,Centro,Presencial,1,3,MUS-CEL-S,1,12928.22,32320.56,,32320.56
63,2024-06-05 18:22:00,23499019,Centro,Presencial,1,3,CIN-MAR-M,1,13257.96,33144.89,,33144.89
63,2024-06-05 18:22:00,23499019,Centro,Presencial,1,3,JEA-NEG-M,1,8748.58,21871.44,,21871.44
63,2024-06-05 18:22:00,23499019,Centro,Presencial,1,3,REM-TUR-XXL,1,13673.12,34182.8,,34182.8
64,2024-12-04 11:00:00,39406068,Centro,Presencial,1,4,CIN-TUR-XL,1,13257.96,33144.89,,33144.89
64,2024-12-04 11:00:00,39406068,Centro,Presencial,1,4,CAM-BLA-M,2,14680.23,36700.58,,73401.16
64,2024-12-04 11:00:00,39406068,Centro,Presencial,1,4,CHU-ÍND-XXL,1,13529.35,33823.38,,33823.38
64,2024-12-04 11:00:00,39406068,Centro,Presencial,1,4,MUS-AZU-XXL,1,12928.22,32320.56,,32320.56
64,2024-12-04 11:00:00,39406068,Centro,Presencial,1,4,GOR-GRI-unico,1,11486.7,28716.74,,28716.74
65,2025-08-15 09:25:00,16645229,Tienda Online,Web,10,4,JOG-AZU-XL,1,16544.66,41361.66,,41361.66
65,2025-08-15 09:25:00,16645229,Tienda Online,Web,10,4,JOG-ÍND-M,1,16544.66,41361.66,,41361.66
65,2025-08-15 09:25:00,16645229,Tienda Online,Web,10,4,GOR-GRI-L,1,11486.7,28716.74,,28716.74
65,2025-08-15 09:25:00,16645229,Tienda Online,Web,10,4,GOR-ROJ-XXL,1,11486.7,28716.74,,28716.74
65,2025-08-15 09:25:00,16645229,Tienda Online,Web,10,4,CAM-BLA-S,1,14680.23,36700.58,,36700.58
66,2024-10-03 10:59:00,22960720,Tienda Online,Web,10,2,CAM-BEI-L,1,14680.23,36700.58,,36700.58
66,2024-10-03 10:59:00,22960720,Tienda Online,Web,10,2,SWE-AZU-S,1,13010.13,32525.33,,32525.33
67,2024-10-10 22:39:00,27715659,Tienda Online,Web,9,4,SWE-MAR-L,2,13010.13,32525.33,,65050.66
67,2024-10-10 22:39:00,27715659,Tienda Online,Web,9,4,JOG-ÍND-M,1,16544.66,41361.66,,41361.66
68,2024-11-22 17:57:00,14684875,Tienda Online,Web,9,1,GOR-GRI-M,2,11486.7,28716.74,,57433.48
68,2024-11-22 17:57:00,14684875,Tienda Online,Web,9,1,REM-VIO-M,1,13071.19,32677.97,,32677.97
68,2024-11-22 17:57:00,14684875,Tienda Online,Web,9,1,CHU-ÍND-L,1,13529.35,33823.38,,33823.38
68,2024-11-22 17:57:00,14684875,Tienda Online,Web,9,1,CIN-TUR-XL,1,13257.96,33144.89,,33144.89
69,2025-08-05 18:06:00,38120042,Norte,Presencial,5,3,CIN-MAR-L,1,13257.96,33144.89,,33144.89
69,2025-08-05 18:06:00,38120042,Norte,Presencial,5,3,REM-BLA-XL,1,13071.19,32677.97,,32677.97
69,2025-08-05 18:06:00,38120042,Norte,Presencial,5,3,JOG-ÍND-S,2,16544.66,41361.66,,82723.32
69,2025-08-05 18:06:00,38120042,Norte,Presencial,5,3,MUS-AZU-unico,1,12928.22,32320.56,,32320.56
70,2025-05-14 10:42:00,23027010,Shopping,Presencial,7,2,REM-CEL-XXL,1,13673.12,34182.8,,34182.8
71,2024-09-30 11:29:00,10372106,Norte,Presencial,6,5,CIN-MAR-S,1,13257.96,33144.89,,33144.89
71,2024-09-30 11:29:00,10372106,Norte,Presencial,6,5,JEA-LAV-unico,1,8748.58,21871.44,,21871.44
71,2024-09-30 11:29:00,10372106,Norte,Presencial,6,5,GOR-GRI-M,1,11486.7,28716.74,,28716.74
71,2024-09-30 11:29:00,10372106,Norte,Presencial,6,5,GOR-GRI-M,1,11486.7,28716.74,,28716.74
71,2024-09-30 11:29:00,10372106,Norte,Presencial,6,5,SWE-MAR-unico,2,13010.13,32525.33,,65050.66
72,2025-04-02 16:50:00,44032415,Norte,Presencial,6,1,SWE-MAR-L,1,13010.13,26670.77,10.0,26670.77
72,2025-04-02 16:50:00,44032415,Norte,Presencial,6,1,CAM-BLA-XL,1,14680.23,36700.58,,36700.58
72,2025-04-02 16:50:00,44032415,Norte,Presencial,6,1,GOR-ROJ-S,1,11486.7,28716.74,,28716.74
73,2025-08-06 10:49:00,20002863,Norte,Presencial,5,4,JOG-ÍND-XL,2,16544.66,41361.66,,82723.32
73,2025-08-06 10:49:00,20002863,Norte,Presencial,5,4,JOG-ÍND-XL,1,16544.66,41361.66,,41361.66
73,2025-08-06 10:49:00,20002863,Norte,Presencial,5,4,SWE-MAR-XXL,1,13010.13,32525.33,,32525.33
74,2025-06-17 09:50:00,25674110,Shopping,Presencial,7,4,BUZ-AZU-L,1,11827.69,26612.31,3.0,26612.31
74,2025-06-17 09:50:00,25674110,Shopping,Presencial,7,4,JEA-NEG-XL,1,8748.58,21871.44,,21871.44
75,2024-08-09 15:02:00,31169695,Tienda Online,Web,10,5,MUS-AZU-M,2,12928.22,32320.56,,64641.12
75,2024-08-09 15:02:00,31169695,Tienda Online,Web,10,5,JOG-AZU-XXL,1,16544.66,41361.66,,41361.66
76,2025-06-20 15:14:00,12675011,Centro,Presencial,1,5,JOG-AZU-XL,2,16544.66,41361.66,,82723.32
76,2025-06-20 15:14:00,12675011,Centro,Presencial,1,5,CIN-ROS-unico,2,13257.96,33144.89,,66289.78
77,2025-06-28 16:59:00,32828789,Norte,Presencial,4,2,BUZ-AZU-unico,1,11827.69,29569.23,,29569.23
77,2025-06-28 16:59:00,32828789,Norte,Presencial,4,2,SWE-MAR-unico,1,13010.13,32525.33,,32525.33
77,2025-06-28 16:59:00,32828789,Norte,Presencial,4,2,JEA-LAV-unico,1,8748.58,21871.44,,21871.44
77,2025-06-28 16:59:00,32828789,Norte,Presencial,4,2,JOG-AZU-XXL,1,16544.66,41361.66,,41361.66
78,2025-10-14 03:41:00,12929120,Tienda Online,Web,10,2,CIN-ROS-XXL,1,13257.96,33144.89,,33144.89
79,2025-03-30 15:50:00,39766964,Tienda Online,Web,10,3,REM-BLA-S,1,13071.19,19606.78,7.0,19606.78
80,2025-09-02 11:18:00,24800101,Centro,Presencial,1,4,SWE-AZU-XXL,1,13010.13,32525.33,,32525.33
80,2025-09-02 11:18:00,24800101,Centro,Presencial,1,4,SWE-AZU-XXL,1,13010.13,32525.33,,32525.33
80,2025-09-02 11:18:00,24800101,Centro,Presencial,1,4,SWE-AZU-S,2,13010.13,32525.33,,65050.66
80,2025-09-02 11:18:00,24800101,Centro,Presencial,1,4,CAM-BLA-XL,1,14680.23,36700.58,,36700.58
80,2025-09-02 11:18:00,24800101,Centro,Presencial,1,4,CHU-NEG-M,1,13529.35,29764.57,6.0,29764.57
81,2024-09-18 15:47:00,40514355,Shopping,Presencial,7,2,MUS-AZU-M,1,12928.22,32320.56,,32320.56
81,2024-09-18 15:47:00,40514355,Shopping,Presencial,7,2,CIN-TUR-unico,1,13257.96,33144.89,,33144.89
81,2024-09-18 15:47:00,40514355,Shopping,Presencial,7,2,REM-CEL-XXL,1,13673.12,34182.8,,34182.8
81,2024-09-18 15:47:00,40514355,Shopping,Presencial,7,2,JOG-ÍND-M,1,16544.66,41361.66,,41361.66
82,2024-06-06 18:27:00,31231220,Shopping,Presencial,7,5,CAM-BEI-L,1,14680.23,36700.58,,36700.58
82,2024-06-06 18:27:00,31231220,Shopping,Presencial,7,5,CIN-MAR-M,1,13257.96,33144.89,,33144.89
83,2024-05-10 04:26:00,18494838,Tienda Online,Web,9,3,REM-CEL-XXL,1,13673.12,34182.8,,34182.8
84,2025-02-18 00:32:00,23663184,Tienda Online,Web,9,3,CIN-ROS-XXL,1,13257.96,33144.89,,33144.89
84,2025-02-18 00:32:00,23663184,Tienda Online,Web,9,3,REM-BLA-XL,1,13071.19,32677.97,,32677.97
85,2024-12-20 10:51:00,22588451,Norte,Presencial,4,5,REM-CEL-XXL,1,13673.12,34182.8,,34182.8
85,2024-12-20 10:51:00,22588451,Norte,Presencial,4,5,GOR-GRI-S,1,11486.7,28716.74,,28716.74
85,2024-12-20 10:51:00,22588451,Norte,Presencial,4,5,CAM-BEI-unico,1,14680.23,36700.58,,36700.58
85,2024-12-20 10:51:00,22588451,Norte,Presencial,4,5,REM-TUR-XXL,1,13673.12,34182.8,,34182.8
85,2024-12-20 10:51:00,22588451,Norte,Presencial,4,5,CAM-BEI-L,1,14680.23,36700.58,,36700.58
86,2024-12-13 16:34:00,10038379,Centro,Presencial,1,1,MUS-AZU-XXL,1,12928.22,32320.56,,32320.56
86,2024-12-13 16:34:00,10038379,Centro,Presencial,1,1,CHU-ÍND-L,1,13529.35,33823.38,,33823.38
86,2024-12-13 16:34:00,10038379,Centro,Presencial,1,1,SWE-MAR-L,1,13010.13,32525.33,,32525.33
86,2024-12-13 16:34:00,10038379,Centro,Presencial,1,1,CHU-NEG-M,1,13529.35,33823.38,,33823.38
86,2024-12-13 16:34:00,10038379,Centro,Presencial,1,1,GOR-ROJ-S,1,11486.7,28716.74,,28716.74
87,2024-11-14 10:57:00,41156466,Shopping,Presencial,7,2,JEA-NEG-M,1,8748.58,21871.44,,21871.44
87,2024-11-14 10:57:00,41156466,Shopping,Presencial,7,2,CAM-BLA-M,1,14680.23,36700.58,,36700.58
87,2024-11-14 10:57:00,41156466,Shopping,Presencial,7,2,CIN-MAR-L,1,13257.96,33144.89,,33144.89
87,2024-11-14 10:57:00,41156466,Shopping,Presencial,7,2,CAM-BEI-unico,1,14680.23,36700.58,,36700.58
88,2025-05-06 17:05:00,32828789,Centro,Presencial,2,1,JOG-CEL-unico,1,16544.66,41361.66,,41361.66
89,2025-07-04 18:59:00,38751707,Tienda Online,Web,10,5,SWE-MAR-L,1,13010.13,32525.33,,32525.33
90,2025-08-16 01:45:00,44321020,Tienda Online,Web,10,5,MUS-CEL-S,1,12928.22,32320.56,,32320.56
90,2025-08-16 01:45:00,44321020,Tienda Online,Web,10,5,CHU-NEG-XXL,1,13529.35,33823.38,,33823.38
90,2025-08-16 01:45:00,44321020,Tienda Online,Web,10,5,GOR-GRI-unico,1,11486.7,28716.74,,28716.74
91,2024-09-25 13:45:00,21387796,Shopping,Presencial,7,4,CIN-TUR-XL,1,13257.96,33144.89,,33144.89
91,2024-09-25 13:45:00,21387796,Shopping,Presencial,7,4,CHU-NEG-S,1,13529.35,33823.38,,33823.38
91,2024-09-25 13:45:00,21387796,Shopping,Presencial,7,4,CHU-NEG-S,1,13529.35,33823.38,,33823.38
91,2024-09-25 13:45:00,21387796,Shopping,Presencial,7,4,JOG-AZU-unico,2,16544.66,41361.66,,82723.32
91,2024-09-25 13:45:00,21387796,Shopping,Presencial,7,4,JOG-ÍND-S,1,16544.66,41361.66,,41361.66
92,2025-01-22 13:40:00,21989124,Tienda Online,Web,9,2,CIN-TUR-XL,1,13257.96,33144.89,,33144.89
93,2024-09-04 15:18:00,15815848,Norte,Presencial,5,3,MUS-AZU-M,1,12928.22,32320.56,,32320.56
93,2024-09-04 15:18:00,15815848,Norte,Presencial,5,3,JEA-LAV-L,1,8748.58,21871.44,,21871.44
93,2024-09-04 15:18:00,15815848,Norte,Presencial,5,3,CIN-ROS-XXL,1,13257.96,33144.89,,33144.89
93,2024-09-04 15:18:00,15815848,Norte,Presencial,5,3,MUS-AZU-M,1,12928.22,32320.56,,32320.56
93,2024-09-04 15:18:00,15815848,Norte,Presencial,5,3,CIN-MAR-S,1,13257.96,33144.89,,33144.89
94,2024-11-01 07:21:00,21787005,Tienda Online,Web,10,1,MUS-AZU-unico,1,12928.22,32320.56,,32320.56
94,2024-11-01 07:21:00,21787005,Tienda Online,Web,10,1,CIN-TUR-XL,1,13257.96,33144.89,,33144.89
94,2024-11-01 07:21:00,21787005,Tienda Online,Web,10,1,SWE-MAR-L,1,13010.13,32525.33,,32525.33
94,2024-11-01 07:21:00,21787005,Tienda Online,Web,10,1,REM-VIO-L,1,13071.19,32677.97,,32677.97
95,2024-03-05 06:58:00,31625779,Tienda Online,Web,9,2,CAM-BEI-L,1,14680.23,36700.58,,36700.58
95,2024-03-05 06:58:00,31625779,Tienda Online,Web,9,2,REM-TUR-XXL,1,13673.12,34182.8,,34182.8
95,2024-03-05 06:58:00,31625779,Tienda Online,Web,9,2,CIN-TUR-unico,1,13257.96,33144.89,,33144.89
96,2024-06-17 18:32:00,37403776,Shopping,Presencial,7,1,SWE-MAR-unico,1,13010.13,32525.33,,32525.33
97,2025-08-13 19:39:00,18123867,Tienda Online,Web,10,5,JOG-ÍND-S,1,16544.66,41361.66,,41361.66
97,2025-08-13 19:39:00,18123867,Tienda Online,Web,10,5,REM-CEL-XXL,2,13673.12,34182.8,,68365.6
97,2025-08-13 19:39:00,18123867,Tienda Online,Web,10,5,CHU-ÍND-XXL,1,13529.35,33823.38,,33823.38
97,2025-08-13 19:39:00,18123867,Tienda Online,Web,10,5,GOR-ROJ-unico,1,11486.7,28716.74,,28716.74
98,2024-03-31 03:36:00,16898363,Tienda Online,Web,10,4,MUS-CEL-S,1,12928.22,32320.56,,32320.56
98,2024-03-31 03:36:00,16898363,Tienda Online,Web,10,4,BUZ-AZU-M,1,11827.69,29569.23,,29569.23
98,2024-03-31 03:36:00,16898363,Tienda Online,Web,10,4,JOG-ÍND-M,1,16544.66,41361.66,,41361.66
98,2024-03-31 03:36:00,16898363,Tienda Online,Web,10,4,CHU-NEG-M,1,13529.35,33823.38,,33823.38
98,2024-03-31 03:36:00,16898363,Tienda Online,Web,10,4,JEA-LAV-unico,1,8748.58,21871.44,,21871.44
99,2024-09-12 20:00:00,23663184,Norte,Presencial,4,2,CHU-NEG-M,1,13529.35,33823.38,,33823.38
99,2024-09-12 20:00:00,23663184,Norte,Presencial,4,2,GOR-GRI-XXL,1,11486.7,28716.74,,28716.74
100,2024-03-22 21:26:00,22425195,Tienda Online,Web,10,4,SWE-AZU-S,1,13010.13,32525.33,,32525.33
100,2024-03-22 21:26:00,22425195,Tienda Online,Web,10,4,SWE-AZU-S,1,13010.13,32525.33,,32525.33
100,2024-03-22 21:26:00,22425195,Tienda Online,Web,10,4,MUS-AZU-XXL,1,12928.22,32320.56,,32320.56
100,2024-03-22 21:26:00,22425195,Tienda Online,Web,10,4,BUZ-AZU-M,1,11827.69,29569.23,,29569.23
100,2024-03-22 21:26:00,22425195,Tienda Online,Web,10,4,MUS-AZU-unico,1,12928.22,32320.56,,32320.56
101,2024-11-30 09:58:00,10949480,Norte,Presencial,4,3,GOR-GRI-L,1,11486.7,28716.74,,28716.74
102,2025-01-07 09:42:00,32132749,Shopping,Presencial,7,5,GOR-ROJ-S,1,11486.7,28716.74,,28716.74
102,2025-01-07 09:42:00,32132749,Shopping,Presencial,7,5,MUS-AZU-XXL,2,12928.22,32320.56,,64641.12
102,2025-01-07 09:42:00,32132749,Shopping,Presencial,7,5,CAM-CEL-XL,1,14680.23,36700.58,,36700.58
103,2024-09-06 02:52:00,18293899,Tienda Online,Web,9,2,CIN-MAR-XL,1,13257.96,33144.89,,33144.89
103,2024-09-06 02:52:00,18293899,Tienda Online,Web,9,2,BUZ-AZU-M,1,11827.69,29569.23,,29569.23
104,2024-09-21 09:39:00,28086578,Tienda Online,Web,10,4,REM-VIO-XL,1,13071.19,32677.97,,32677.97
104,2024-09-21 09:39:00,28086578,Tienda Online,Web,10,4,CIN-TUR-unico,1,13257.96,33144.89,,33144.89
104,2024-09-21 09:39:00,28086578,Tienda Online,Web,10,4,JOG-ÍND-M,1,16544.66,41361.66,,41361.66
104,2024-09-21 09:39:00,28086578,Tienda Online,Web,10,4,CIN-MAR-S,1,13257.96,33144.89,,33144.89
104,2024-09-21 09:39:00,28086578,Tienda Online,Web,10,4,CHU-NEG-M,1,13529.35,33823.38,,33823.38
105,2025-09-17 05:07:00,39672841,Tienda Online,Web,9,1,JOG-ÍND-S,2,16544.66,41361.66,,82723.32
105,2025-09-17 05:07:00,39672841,Tienda Online,Web,9,1,BUZ-AZU-unico,1,11827.69,29569.23,,29569.23
105,2025-09-17 05:07:00,39672841,Tienda Online,Web,9,1,MUS-AZU-M,1,12928.22,32320.56,,32320.56
106,2025-07-04 22:52:00,31925749,Tienda Online,Web,9,5,CIN-MAR-S,1,13257.96,33144.89,,33144.89
106,2025-07-04 22:52:00,31925749,Tienda Online,Web,9,5,CHU-VER-S,2,13529.35,33823.38,,67646.76
106,2025-07-04 22:52:00,31925749,Tienda Online,Web,9,5,CIN-ROS-unico,1,13257.96,33144.89,,33144.89
106,2025-07-04 22:52:00,31925749,Tienda Online,Web,9,5,CHU-ÍND-XXL,1,13529.35,33823.38,,33823.38
107,2025-07-22 17:59:00,16778091,Shopping,Presencial,7,3,SWE-AZU-M,1,13010.13,32525.33,,32525.33
107,2025-07-22 17:59:00,16778091,Shopping,Presencial,7,3,CHU-VER-XL,1,13529.35,33823.38,,33823.38
107,2025-07-22 17:59:00,16778091,Shopping,Presencial,7,3,CHU-ÍND-XL,1,13529.35,33823.38,,33823.38
107,2025-07-22 17:59:00,16778091,Shopping,Presencial,7,3,REM-VIO-XXL,1,13071.19,32677.97,,32677.97
107,2025-07-22 17:59:00,16778091,Shopping,Presencial,7,3,CHU-NEG-XL,2,13529.35,33823.38,,67646.76
108,2025-06-05 15:19:00,37271524,Tienda Online,Web,9,5,CIN-ROS-unico,2,13257.96,33144.89,,66289.78
108,2025-06-05 15:19:00,37271524,Tienda Online,Web,9,5,CHU-NEG-XXL,1,13529.35,33823.38,,33823.38
108,2025-06-05 15:19:00,37271524,Tienda Online,Web,9,5,GOR-GRI-S,1,11486.7,28716.74,,28716.74
109,2024-12-17 16:08:00,30090967,Norte,Presencial,5,2,CHU-ÍND-XL,1,13529.35,33823.38,,33823.38
109,2024-12-17 16:08:00,30090967,Norte,Presencial,5,2,CAM-BEI-L,1,14680.23,36700.58,,36700.58
110,2025-05-17 17:48:00,41341494,Centro,Presencial,2,3,JEA-NEG-M,1,8748.58,21871.44,,21871.44
110,2025-05-17 17:48:00,41341494,Centro,Presencial,2,3,JOG-ÍND-S,1,16544.66,41361.66,,41361.66
111,2025-07-07 14:57:00,16490526,Centro,Presencial,2,4,CIN-TUR-XL,1,13257.96,33144.89,,33144.89
111,2025-07-07 14:57:00,16490526,Centro,Presencial,2,4,MUS-AZU-unico,1,12928.22,16160.28,11.0,16160.28
111,2025-07-07 14:57:00,16490526,Centro,Presencial,2,4,CAM-BLA-S,1,14680.23,18350.29,11.0,18350.29
111,2025-07-07 14:57:00,16490526,Centro,Presencial,2,4,GOR-GRI-M,1,11486.7,14358.37,11.0,14358.37
112,2025-09-17 09:19:00,34777665,Centro,Presencial,2,2,GOR-GRI-M,1,11486.7,28716.74,,28716.74
112,2025-09-17 09:19:00,34777665,Centro,Presencial,2,2,CHU-NEG-M,1,13529.35,21985.2,8.0,21985.2
112,2025-09-17 09:19:00,34777665,Centro,Presencial,2,2,SWE-MAR-L,1,13010.13,32525.33,,32525.33
112,2025-09-17 09:19:00,34777665,Centro,Presencial,2,2,GOR-GRI-unico,1,11486.7,18665.88,8.0,18665.88
112,2025-09-17 09:19:00,34777665,Centro,Presencial,2,2,JEA-NEG-unico,1,8748.58,14216.44,8.0,14216.44
113,2024-05-29 10:27:00,22203066,Norte,Presencial,4,3,CIN-TUR-XL,1,13257.96,33144.89,,33144.89
113,2024-05-29 10:27:00,22203066,Norte,Presencial,4,3,CIN-MAR-S,1,13257.96,33144.89,,33144.89
113,2024-05-29 10:27:00,22203066,Norte,Presencial,4,3,REM-VIO-M,1,13071.19,32677.97,,32677.97
113,2024-05-29 10:27:00,22203066,Norte,Presencial,4,3,JOG-AZU-unico,1,16544.66,41361.66,,41361.66
113,2024-05-29 10:27:00,22203066,Norte,Presencial,4,3,MUS-AZU-M,1,12928.22,32320.56,,32320.56
114,2025-06-14 11:20:00,22313673,Tienda Online,Web,10,1,CAM-BLA-XL,1,14680.23,33030.52,3.0,33030.52
114,2025-06-14 11:20:00,22313673,Tienda Online,Web,10,1,CIN-ROS-unico,1,13257.96,33144.89,,33144.89
114,2025-06-14 11:20:00,22313673,Tienda Online,Web,10,1,REM-BLA-S,1,13071.19,32677.97,,32677.97
114,2025-06-14 11:20:00,22313673,Tienda Online,Web,10,1,REM-VIO-M,1,13071.19,29410.17,3.0,29410.17
114,2025-06-14 11:20:00,22313673,Tienda Online,Web,10,1,REM-VIO-XXL,1,13071.19,32677.97,,32677.97
115,2024-12-07 09:37:00,20371898,Shopping,Presencial,7,3,GOR-GRI-XXL,1,11486.7,28716.74,,28716.74
116,2024-11-19 15:49:00,26058980,Norte,Presencial,6,4,BUZ-AZU-unico,1,11827.69,29569.23,,29569.23
116,2024-11-19 15:49:00,26058980,Norte,Presencial,6,4,JOG-ÍND-M,2,16544.66,41361.66,,82723.32
117,2025-05-24 10:20:00,44670267,Centro,Presencial,2,5,CAM-BEI-S,1,14680.23,25690.41,5.0,25690.41
117,2025-05-24 10:20:00,44670267,Centro,Presencial,2,5,CAM-BLA-M,1,14680.23,36700.58,,36700.58
117,2025-05-24 10:20:00,44670267,Centro,Presencial,2,5,CHU-VER-XL,1,13529.35,33823.38,,33823.38
117,2025-05-24 10:20:00,44670267,Centro,Presencial,2,5,REM-VIO-XXL,1,13071.19,32677.97,,32677.97
117,2025-05-24 10:20:00,44670267,Centro,Presencial,2,5,GOR-GRI-S,1,11486.7,28716.74,,28716.74
118,2024-03-22 21:45:00,26594901,Tienda Online,Web,9,3,CHU-VER-XL,1,13529.35,33823.38,,33823.38
119,2024-11-21 04:18:00,30028290,Tienda Online,Web,10,2,JOG-ÍND-S,2,16544.66,41361.66,,82723.32
119,2024-11-21 04:18:00,30028290,Tienda Online,Web,10,2,REM-CEL-XXL,1,13673.12,34182.8,,34182.8
119,2024-11-21 04:18:00,30028290,Tienda Online,Web,10,2,CIN-TUR-unico,1,13257.96,33144.89,,33144.89
120,2025-06-10 18:47:00,39738000,Norte,Presencial,6,5,CAM-BEI-L,1,14680.23,36700.58,,36700.58
120,2025-06-10 18:47:00,39738000,Norte,Presencial,6,5,JEA-LAV-L,1,8748.58,19684.3,3.0,19684.3
120,2025-06-10 18:47:00,39738000,Norte,Presencial,6,5,JEA-LAV-unico,1,8748.58,21871.44,,21871.44
120,2025-06-10 18:47:00,39738000,Norte,Presencial,6,5,GOR-GRI-S,1,11486.7,28716.74,,28716.74
121,2025-11-29 06:49:00,42614267,Tienda Online,Web,9,2,CHU-ÍND-XL,1,13529.35,33823.38,,33823.38
121,2025-11-29 06:49:00,42614267,Tienda Online,Web,9,2,MUS-AZU-unico,1,12928.22,32320.56,,32320.56
121,2025-11-29 06:49:00,42614267,Tienda Online,Web,9,2,JOG-AZU-XXL,1,16544.66,41361.66,,41361.66
121,2025-11-29 06:49:00,42614267,Tienda Online,Web,9,2,GOR-GRI-M,1,11486.7,28716.74,,28716.74
122,2025-05-17 23:54:00,17157379,Tienda Online,Web,10,2,JEA-LAV-L,1,8748.58,21871.44,,21871.44
122,2025-05-17 23:54:00,17157379,Tienda Online,Web,10,2,MUS-CEL-S,1,12928.22,32320.56,,32320.56
122,2025-05-17 23:54:00,17157379,Tienda Online,Web,10,2,JEA-LAV-unico,1,8748.58,21871.44,,21871.44
122,2025-05-17 23:54:00,17157379,Tienda Online,Web,10,2,REM-TUR-XXL,1,13673.12,34182.8,,34182.8
122,2025-05-17 23:54:00,17157379,Tienda Online,Web,10,2,CAM-BEI-S,1,14680.23,36700.58,,36700.58
123,2025-01-04 20:53:00,36775919,Tienda Online,Web,10,1,CIN-ROS-XXL,1,13257.96,33144.89,,33144.89
123,2025-01-04 20:53:00,36775919,Tienda Online,Web,10,1,BUZ-AZU-unico,1,11827.69,29569.23,,29569.23
123,2025-01-04 20:53:00,36775919,Tienda Online,Web,10,1,JOG-ÍND-S,1,16544.66,41361.66,,41361.66
123,2025-01-04 20:53:00,36775919,Tienda Online,Web,10,1,REM-VIO-M,1,13071.19,32677.97,,32677.97
124,2024-11-29 17:49:00,28540070,Centro,Presencial,2,2,CAM-CEL-XL,1,14680.23,36700.58,,36700.58
124,2024-11-29 17:49:00,28540070,Centro,Presencial,2,2,REM-VIO-L,1,13071.19,32677.97,,32677.97
125,2024-05-18 14:30:00,27785377,Norte,Presencial,6,2,CAM-CEL-XL,1,14680.23,36700.58,,36700.58
125,2024-05-18 14:30:00,27785377,Norte,Presencial,6,2,CIN-MAR-M,1,13257.96,33144.89,,33144.89
125,2024-05-18 14:30:00,27785377,Norte,Presencial,6,2,CIN-MAR-L,1,13257.96,33144.89,,33144.89
125,2024-05-18 14:30:00,27785377,Norte,Presencial,6,2,JEA-LAV-unico,1,8748.58,21871.44,,21871.44
125,2024-05-18 14:30:00,27785377,Norte,Presencial,6,2,BUZ-AZU-M,1,11827.69,29569.23,,29569.23
126,2024-02-03 01:33:00,10934065,Tienda Online,Web,10,5,CIN-TUR-XL,1,13257.96,33144.89,,33144.89
126,2024-02-03 01:33:00,10934065,Tienda Online,Web,10,5,GOR-GRI-L,1,11486.7,28716.74,,28716.74
127,2024-12-30 19:57:00,41366021,Shopping,Presencial,7,4,CHU-NEG-XXL,1,13529.35,33823.38,,33823.38
127,2024-12-30 19:57:00,41366021,Shopping,Presencial,7,4,GOR-GRI-M,1,11486.7,28716.74,,28716.74
127,2024-12-30 19:57:00,41366021,Shopping,Presencial,7,4,CAM-CEL-XL,1,14680.23,36700.58,,36700.58
127,2024-12-30 19:57:00,41366021,Shopping,Presencial,7,4,CAM-BEI-unico,1,14680.23,36700.58,,36700.58
128,2024-08-11 10:53:00,14041987,Tienda Online,Web,9,4,SWE-MAR-L,1,13010.13,32525.33,,32525.33
128,2024-08-11 10:53:00,14041987,Tienda Online,Web,9,4,JOG-AZU-XXL,1,16544.66,41361.66,,41361.66
128,2024-08-11 10:53:00,14041987,Tienda Online,Web,9,4,MUS-AZU-XXL,1,12928.22,32320.56,,32320.56
129,2024-03-01 15:33:00,35909306,Centro,Presencial,2,4,SWE-AZU-S,2,13010.13,32525.33,,65050.66
129,2024-03-01 15:33:00,35909306,Centro,Presencial,2,4,SWE-AZU-S,1,13010.13,32525.33,,32525.33
130,2024-12-06 14:15:00,16744926,Shopping,Presencial,7,1,BUZ-AZU-unico,1,11827.69,29569.23,,29569.23
130,2024-12-06 14:15:00,16744926,Shopping,Presencial,7,1,CHU-ÍND-XXL,1,13529.35,33823.38,,33823.38
130,2024-12-06 14:15:00,16744926,Shopping,Presencial,7,1,JOG-AZU-unico,1,16544.66,41361.66,,41361.66
130,2024-12-06 14:15:00,16744926,Shopping,Presencial,7,1,CHU-VER-XL,1,13529.35,33823.38,,33823.38
131,2025-04-15 16:03:00,30831897,Tienda Online,Web,9,5,JOG-AZU-unico,1,16544.66,41361.66,,41361.66
132,2024-09-23 15:50:00,41410296,Norte,Presencial,5,5,JOG-ÍND-XL,1,16544.66,41361.66,,41361.66
132,2024-09-23 15:50:00,41410296,Norte,Presencial,5,5,REM-BLA-XL,1,13071.19,32677.97,,32677.97
133,2024-07-17 19:38:00,30132463,Shopping,Presencial,7,2,CAM-BEI-unico,1,14680.23,36700.58,,36700.58
133,2024-07-17 19:38:00,30132463,Shopping,Presencial,7,2,JOG-ÍND-XL,1,16544.66,41361.66,,41361.66
133,2024-07-17 19:38:00,30132463,Shopping,Presencial,7,2,CAM-BEI-unico,1,14680.23,36700.58,,36700.58
133,2024-07-17 19:38:00,30132463,Shopping,Presencial,7,2,CHU-ÍND-L,1,13529.35,33823.38,,33823.38
134,2024-02-24 11:20:00,40515566,Centro,Presencial,1,3,CAM-CEL-XL,1,14680.23,36700.58,,36700.58
134,2024-02-24 11:20:00,40515566,Centro,Presencial,1,3,CIN-MAR-M,1,13257.96,33144.89,,33144.89
134,2024-02-24 11:20:00,40515566,Centro,Presencial,1,3,JOG-CEL-unico,2,16544.66,41361.66,,82723.32
134,2024-02-24 11:20:00,40515566,Centro,Presencial,1,3,JOG-CEL-unico,1,16544.66,41361.66,,41361.66
134,2024-02-24 11:20:00,40515566,Centro,Presencial,1,3,SWE-MAR-L,1,13010.13,32525.33,,32525.33
135,2024-12-18 17:41:00,29812600,Norte,Presencial,5,4,CHU-NEG-XXL,1,13529.35,33823.38,,33823.38
135,2024-12-18 17:41:00,29812600,Norte,Presencial,5,4,REM-TUR-XXL,1,13673.12,34182.8,,34182.8
135,2024-12-18 17:41:00,29812600,Norte,Presencial,5,4,GOR-GRI-XXL,1,11486.7,28716.74,,28716.74
135,2024-12-18 17:41:00,29812600,Norte,Presencial,5,4,JOG-ÍND-S,1,16544.66,41361.66,,41361.66
135,2024-12-18 17:41:00,29812600,Norte,Presencial,5,4,CIN-MAR-M,1,13257.96,33144.89,,33144.89
136,2025-03-26 20:22:00,11735763,Tienda Online,Web,9,3,CAM-BLA-XL,1,14680.23,36700.58,,36700.58
137,2025-06-15 12:58:00,29142751,Tienda Online,Web,9,2,JEA-LAV-L,1,8748.58,21871.44,,21871.44
137,2025-06-15 12:58:00,29142751,Tienda Online,Web,9,2,GOR-ROJ-S,1,11486.7,28716.74,,28716.74
137,2025-06-15 12:58:00,29142751,Tienda Online,Web,9,2,SWE-MAR-L,1,13010.13,32525.33,,32525.33
137,2025-06-15 12:58:00,29142751,Tienda Online,Web,9,2,CIN-ROS-XXL,1,13257.96,33144.89,,33144.89
137,2025-06-15 12:58:00,29142751,Tienda Online,Web,9,2,REM-BLA-XL,1,13071.19,32677.97,,32677.97
138,2024-12-09 15:25:00,21260138,Shopping,Presencial,7,2,CHU-NEG-S,1,13529.35,33823.38,,33823.38
138,2024-12-09 15:25:00,21260138,Shopping,Presencial,7,2,GOR-GRI-M,1,11486.7,28716.74,,28716.74
138,2024-12-09 15:25:00,21260138,Shopping,Presencial,7,2,CIN-TUR-XL,1,13257.96,33144.89,,33144.89
138,2024-12-09 15:25:00,21260138,Shopping,Presencial,7,2,CIN-ROS-XXL,1,13257.96,33144.89,,33144.89
138,2024-12-09 15:25:00,21260138,Shopping,Presencial,7,2,CAM-BEI-L,1,14680.23,36700.58,,36700.58
139,2024-08-01 14:04:00,28124922,Shopping,Presencial,7,2,SWE-AZU-S,1,13010.13,32525.33,,32525.33
139,2024-08-01 14:04:00,28124922,Shopping,Presencial,7,2,CHU-NEG-S,1,13529.35,33823.38,,33823.38
139,2024-08-01 14:04:00,28124922,Shopping,Presencial,7,2,GOR-GRI-S,1,11486.7,28716.74,,28716.74
140,2025-07-09 11:29:00,44032415,Norte,Presencial,6,1,BUZ-AZU-M,2,11827.69,29569.23,,59138.46
141,2024-06-10 18:23:00,28567695,Tienda Online,Web,10,5,MUS-AZU-XXL,1,12928.22,32320.56,,32320.56
141,2024-06-10 18:23:00,28567695,Tienda Online,Web,10,5,CIN-MAR-S,1,13257.96,33144.89,,33144.89
142,2024-06-15 12:58:00,39176602,Shopping,Presencial,7,1,GOR-GRI-L,1,11486.7,28716.74,,28716.74
142,2024-06-15 12:58:00,39176602,Shopping,Presencial,7,1,JEA-LAV-L,1,8748.58,21871.44,,21871.44
142,2024-06-15 12:58:00,39176602,Shopping,Presencial,7,1,CIN-TUR-unico,2,13257.96,33144.89,,66289.78
143,2025-10-10 17:07:00,26365398,Shopping,Presencial,7,2,JOG-AZU-L,1,16544.66,41361.66,,41361.66
143,2025-10-10 17:07:00,26365398,Shopping,Presencial,7,2,MUS-AZU-unico,1,12928.22,32320.56,,32320.56
143,2025-10-10 17:07:00,26365398,Shopping,Presencial,7,2,REM-VIO-M,2,13071.19,29410.17,2.0,58820.34
144,2024-02-15 13:33:00,30390056,Tienda Online,Web,10,2,REM-TUR-XXL,1,13673.12,34182.8,,34182.8
145,2025-10-04 11:26:00,40890427,Tienda Online,Web,10,4,GOR-GRI-unico,1,11486.7,18665.88,8.0,18665.88
145,2025-10-04 11:26:00,40890427,Tienda Online,Web,10,4,CAM-CEL-XL,1,14680.23,36700.58,,36700.58
146,2024-01-19 14:45:00,41854862,Centro,Presencial,2,5,GOR-GRI-XXL,1,11486.7,28716.74,,28716.74
146,2024-01-19 14:45:00,41854862,Centro,Presencial,2,5,CAM-BEI-unico,1,14680.23,36700.58,,36700.58
147,2024-10-21 10:37:00,17254174,Centro,Presencial,1,2,CHU-ÍND-L,1,13529.35,33823.38,,33823.38
147,2024-10-21 10:37:00,17254174,Centro,Presencial,1,2,JOG-ÍND-XL,1,16544.66,41361.66,,41361.66
147,2024-10-21 10:37:00,17254174,Centro,Presencial,1,2,CHU-NEG-M,2,13529.35,33823.38,,67646.76
148,2025-01-31 13:27:00,17245195,Shopping,Presencial,7,3,GOR-GRI-unico,1,11486.7,28716.74,,28716.74
149,2025-05-06 14:18:00,38127120,Norte,Presencial,5,1,CHU-NEG-XXL,1,13529.35,33823.38,,33823.38
149,2025-05-06 14:18:00,38127120,Norte,Presencial,5,1,JEA-LAV-L,2,8748.58,21871.44,,43742.88
149,2025-05-06 14:18:00,38127120,Norte,Presencial,5,1,JOG-AZU-XXL,1,16544.66,41361.66,,41361.66
150,2025-03-07 14:11:00,16065254,Tienda Online,Web,9,4,GOR-ROJ-unico,1,11486.7,28716.74,,28716.74
150,2025-03-07 14:11:00,16065254,Tienda Online,Web,9,4,REM-VIO-XXL,1,13071.19,32677.97,,32677.97
151,2024-04-20 18:20:00,32199028,Shopping,Presencial,7,2,BUZ-AZU-M,1,11827.69,29569.23,,29569.23
151,2024-04-20 18:20:00,32199028,Shopping,Presencial,7,2,GOR-GRI-M,1,11486.7,28716.74,,28716.74
152,2024-12-13 17:42:00,22588451,Shopping,Presencial,7,1,BUZ-AZU-M,1,11827.69,29569.23,,29569.23
152,2024-12-13 17:42:00,22588451,Shopping,Presencial,7,1,SWE-MAR-M,1,13010.13,32525.33,,32525.33
153,2025-05-23 15:45:00,44185636,Norte,Presencial,5,1,MUS-AZU-M,1,12928.22,32320.56,,32320.56
153,2025-05-23 15:45:00,44185636,Norte,Presencial,5,1,REM-BLA-S,1,13071.19,22874.58,5.0,22874.58
154,2024-12-07 09:47:00,41453788,Tienda Online,Web,9,2,JOG-AZU-XXL,2,16544.66,41361.66,,82723.32
154,2024-12-07 09:47:00,41453788,Tienda Online,Web,9,2,JOG-ÍND-M,1,16544.66,41361.66,,41361.66
154,2024-12-07 09:47:00,41453788,Tienda Online,Web,9,2,JOG-ÍND-M,1,16544.66,41361.66,,41361.66
154,2024-12-07 09:47:00,41453788,Tienda Online,Web,9,2,CIN-ROS-XXL,2,13257.96,33144.89,,66289.78
155,2024-05-04 11:52:00,15285296,Tienda Online,Web,10,2,JEA-LAV-unico,1,8748.58,21871.44,,21871.44
155,2024-05-04 11:52:00,15285296,Tienda Online,Web,10,2,REM-TUR-XXL,1,13673.12,34182.8,,34182.8
155,2024-05-04 11:52:00,15285296,Tienda Online,Web,10,2,CIN-ROS-XXL,1,13257.96,33144.89,,33144.89
155,2024-05-04 11:52:00,15285296,Tienda Online,Web,10,2,CIN-MAR-M,1,13257.96,33144.89,,33144.89
155,2024-05-04 11:52:00,15285296,Tienda Online,Web,10,2,CIN-ROS-XXL,1,13257.96,33144.89,,33144.89
156,2025-05-24 03:51:00,15354748,Tienda Online,Web,9,4,CHU-NEG-S,1,13529.35,33823.38,,33823.38
156,2025-05-24 03:51:00,15354748,Tienda Online,Web,9,4,GOR-GRI-M,1,11486.7,28716.74,,28716.74
157,2024-02-23 16:29:00,12807087,Shopping,Presencial,7,5,MUS-CEL-S,1,12928.22,32320.56,,32320.56
158,2025-02-01 18:51:00,25691522,Shopping,Presencial,7,3,MUS-AZU-unico,2,12928.22,32320.56,,64641.12
158,2025-02-01 18:51:00,25691522,Shopping,Presencial,7,3,CAM-BLA-M,1,14680.23,36700.58,,36700.58
158,2025-02-01 18:51:00,25691522,Shopping,Presencial,7,3,CHU-VER-XL,1,13529.35,33823.38,,33823.38
159,2025-08-27 11:59:00,39967288,Shopping,Presencial,7,4,CAM-BLA-M,2,14680.23,36700.58,,73401.16
160,2025-06-20 10:52:00,28289000,Tienda Online,Web,10,4,CAM-BEI-unico,1,14680.23,36700.58,,36700.58
160,2025-06-20 10:52:00,28289000,Tienda Online,Web,10,4,CIN-ROS-XXL,1,13257.96,33144.89,,33144.89
161,2024-05-09 16:54:00,31169695,Shopping,Presencial,7,5,CIN-MAR-M,1,13257.96,33144.89,,33144.89
161,2024-05-09 16:54:00,31169695,Shopping,Presencial,7,5,JOG-ÍND-M,1,16544.66,41361.66,,41361.66
161,2024-05-09 16:54:00,31169695,Shopping,Presencial,7,5,GOR-GRI-XXL,1,11486.7,27916.74,12.0,27916.74
161,2024-05-09 16:54:00,31169695,Shopping,Presencial,7,5,REM-BLA-XL,1,13071.19,32677.97,,32677.97
162,2025-08-22 06:25:00,34041232,Tienda Online,Web,9,5,CHU-VER-L,1,13529.35,33823.38,,33823.38
162,2025-08-22 06:25:00,34041232,Tienda Online,Web,9,5,CAM-BEI-L,1,14680.23,36700.58,,36700.58
162,2025-08-22 06:25:00,34041232,Tienda Online,Web,9,5,REM-TUR-XXL,1,13673.12,34182.8,,34182.8
162,2025-08-22 06:25:00,34041232,Tienda Online,Web,9,5,CHU-VER-XL,2,13529.35,33823.38,,67646.76
163,2025-09-24 19:18:00,22083413,Norte,Presencial,6,2,CIN-ROS-XXL,1,13257.96,33144.89,,33144.89
163,2025-09-24 19:18:00,22083413,Norte,Presencial,6,2,SWE-MAR-L,1,13010.13,32525.33,,32525.33
164,2025-08-29 16:57:00,10038379,Shopping,Presencial,7,4,CAM-BLA-XL,1,14680.23,36700.58,,36700.58
164,2025-08-29 16:57:00,10038379,Shopping,Presencial,7,4,REM-VIO-XXL,1,13071.19,32677.97,,32677.97
165,2024-01-20 18:26:00,43334803,Centro,Presencial,1,5,JEA-LAV-L,1,8748.58,21871.44,,21871.44
165,2024-01-20 18:26:00,43334803,Centro,Presencial,1,5,CHU-VER-XL,1,13529.35,33823.38,,33823.38
165,2024-01-20 18:26:00,43334803,Centro,Presencial,1,5,CIN-MAR-XL,1,13257.96,33144.89,,33144.89
166,2024-08-31 17:20:00,28289000,Shopping,Presencial,7,4,JEA-LAV-unico,1,8748.58,21871.44,,21871.44
166,2024-08-31 17:20:00,28289000,Shopping,Presencial,7,4,GOR-GRI-unico,1,11486.7,28716.74,,28716.74
166,2024-08-31 17:20:00,28289000,Shopping,Presencial,7,4,GOR-GRI-unico,2,11486.7,28716.74,,57433.48
167,2024-12-24 02:32:00,16100827,Tienda Online,Web,10,1,GOR-GRI-unico,1,11486.7,28716.74,,28716.74
167,2024-12-24 02:32:00,16100827,Tienda Online,Web,10,1,CIN-ROS-XXL,1,13257.96,33144.89,,33144.89
168,2024-09-28 19:32:00,25442983,Norte,Presencial,4,4,GOR-ROJ-unico,1,11486.7,28716.74,,28716.74
169,2025-05-23 18:08:00,10027242,Shopping,Presencial,7,1,MUS-CEL-M,2,12928.22,32320.56,,64641.12
169,2025-05-23 18:08:00,10027242,Shopping,Presencial,7,1,JOG-AZU-XL,1,16544.66,41361.66,,41361.66
170,2024-07-06 13:32:00,13950951,Tienda Online,Web,10,3,GOR-GRI-M,1,11486.7,28716.74,,28716.74
170,2024-07-06 13:32:00,13950951,Tienda Online,Web,10,3,CHU-NEG-M,1,13529.35,33823.38,,33823.38
170,2024-07-06 13:32:00,13950951,Tienda Online,Web,10,3,MUS-AZU-unico,1,12928.22,32320.56,,32320.56
170,2024-07-06 13:32:00,13950951,Tienda Online,Web,10,3,CIN-MAR-L,1,13257.96,33144.89,,33144.89
171,2024-10-03 17:07:00,10770478,Norte,Presencial,5,1,MUS-AZU-M,1,12928.22,32320.56,,32320.56
171,2024-10-03 17:07:00,10770478,Norte,Presencial,5,1,CAM-BLA-M,1,14680.23,36700.58,,36700.58
172,2025-09-07 09:43:00,23663184,Centro,Presencial,1,2,REM-VIO-XXL,2,13071.19,32677.97,,65355.94
172,2025-09-07 09:43:00,23663184,Centro,Presencial,1,2,JOG-AZU-L,1,16544.66,41361.66,,41361.66
172,2025-09-07 09:43:00,23663184,Centro,Presencial,1,2,REM-VIO-M,1,13071.19,32677.97,,32677.97
173,2025-02-15 15:47:00,10038379,Centro,Presencial,2,3,JEA-NEG-M,1,8748.58,21871.44,,21871.44
173,2025-02-15 15:47:00,10038379,Centro,Presencial,2,3,CIN-MAR-XL,1,13257.96,33144.89,,33144.89
173,2025-02-15 15:47:00,10038379,Centro,Presencial,2,3,BUZ-AZU-M,1,11827.69,29569.23,,29569.23
173,2025-02-15 15:47:00,10038379,Centro,Presencial,2,3,CIN-ROS-unico,1,13257.96,33144.89,,33144.89
173,2025-02-15 15:47:00,10038379,Centro,Presencial,2,3,CIN-TUR-XL,2,13257.96,33144.89,,66289.78
174,2024-12-16 11:48:00,35821297,Tienda Online,Web,10,1,REM-VIO-M,1,13071.19,32677.97,,32677.97
174,2024-12-16 11:48:00,35821297,Tienda Online,Web,10,1,CIN-MAR-L,1,13257.96,33144.89,,33144.89
175,2024-02-06 13:39:00,10949480,Norte,Presencial,4,4,SWE-AZU-S,2,13010.13,32525.33,,65050.66
175,2024-02-06 13:39:00,10949480,Norte,Presencial,4,4,CAM-CEL-XL,1,14680.23,36700.58,,36700.58
175,2024-02-06 13:39:00,10949480,Norte,Presencial,4,4,SWE-MAR-L,1,13010.13,32525.33,,32525.33
176,2024-07-29 13:12:00,38396306,Shopping,Presencial,7,1,CAM-BEI-unico,1,14680.23,36700.58,,36700.58
176,2024-07-29 13:12:00,38396306,Shopping,Presencial,7,1,CIN-TUR-XL,1,13257.96,33144.89,,33144.89
177,2024-04-15 09:05:00,32159349,Norte,Presencial,6,4,MUS-CEL-S,1,12928.22,32320.56,,32320.56
177,2024-04-15 09:05:00,32159349,Norte,Presencial,6,4,CHU-NEG-M,1,13529.35,33823.38,,33823.38
177,2024-04-15 09:05:00,32159349,Norte,Presencial,6,4,CIN-MAR-L,1,13257.96,33144.89,,33144.89
178,2025-01-07 19:11:00,34898161,Norte,Presencial,6,3,CHU-VER-XL,1,13529.35,33823.38,,33823.38
179,2025-05-23 19:05:00,17254174,Tienda Online,Web,9,5,CHU-VER-XL,1,13529.35,33823.38,,33823.38
179,2025-05-23 19:05:00,17254174,Tienda Online,Web,9,5,CIN-MAR-L,1,13257.96,23201.42,5.0,23201.42
179,2025-05-23 19:05:00,17254174,Tienda Online,Web,9,5,GOR-GRI-unico,1,11486.7,28716.74,,28716.74
179,2025-05-23 19:05:00,17254174,Tienda Online,Web,9,5,SWE-AZU-S,1,13010.13,32525.33,,32525.33
180,2025-02-22 06:40:00,28086578,Tienda Online,Web,9,1,REM-TUR-S,2,13673.12,34182.8,,68365.6
180,2025-02-22 06:40:00,28086578,Tienda Online,Web,9,1,CHU-NEG-XXL,1,13529.35,33823.38,,33823.38
180,2025-02-22 06:40:00,28086578,Tienda Online,Web,9,1,JOG-CEL-unico,1,16544.66,41361.66,,41361.66
181,2024-11-15 19:08:00,23707602,Norte,Presencial,6,3,CIN-TUR-XL,1,13257.96,33144.89,,33144.89
181,2024-11-15 19:08:00,23707602,Norte,Presencial,6,3,JOG-CEL-unico,1,16544.66,41361.66,,41361.66
181,2024-11-15 19:08:00,23707602,Norte,Presencial,6,3,JOG-ÍND-XL,2,16544.66,41361.66,,82723.32
181,2024-11-15 19:08:00,23707602,Norte,Presencial,6,3,CHU-NEG-M,1,13529.35,33823.38,,33823.38
181,2024-11-15 19:08:00,23707602,Norte,Presencial,6,3,GOR-GRI-XXL,1,11486.7,28716.74,,28716.74
182,2024-08-23 13:47:00,43250363,Centro,Presencial,2,3,JEA-NEG-M,1,8748.58,21871.44,,21871.44
182,2024-08-23 13:47:00,43250363,Centro,Presencial,2,3,GOR-GRI-unico,1,11486.7,28716.74,,28716.74
182,2024-08-23 13:47:00,43250363,Centro,Presencial,2,3,GOR-GRI-L,1,11486.7,28716.74,,28716.74
182,2024-08-23 13:47:00,43250363,Centro,Presencial,2,3,BUZ-AZU-unico,2,11827.69,29569.23,,59138.46
182,2024-08-23 13:47:00,43250363,Centro,Presencial,2,3,CHU-ÍND-XXL,1,13529.35,33823.38,,33823.38
183,2024-03-16 15:58:00,43334803,Shopping,Presencial,7,4,JOG-ÍND-XL,1,16544.66,41361.66,,41361.66
183,2024-03-16 15:58:00,43334803,Shopping,Presencial,7,4,CHU-VER-XL,1,13529.35,33823.38,,33823.38
183,2024-03-16 15:58:00,43334803,Shopping,Presencial,7,4,GOR-GRI-XXL,1,11486.7,28716.74,,28716.74
184,2024-12-09 13:40:00,26819279,Tienda Online,Web,10,5,REM-CEL-XXL,1,13673.12,34182.8,,34182.8
184,2024-12-09 13:40:00,26819279,Tienda Online,Web,10,5,JOG-AZU-unico,1,16544.66,41361.66,,41361.66
184,2024-12-09 13:40:00,26819279,Tienda Online,Web,10,5,SWE-AZU-S,1,13010.13,32525.33,,32525.33
184,2024-12-09 13:40:00,26819279,Tienda Online,Web,10,5,REM-VIO-XL,1,13071.19,32677.97,,32677.97
184,2024-12-09 13:40:00,26819279,Tienda Online,Web,10,5,CHU-ÍND-XXL,1,13529.35,33823.38,,33823.38
185,2025-03-13 18:36:00,24580721,Shopping,Presencial,7,4,REM-VIO-XL,1,13071.19,32677.97,,32677.97
185,2025-03-13 18:36:00,24580721,Shopping,Presencial,7,4,CAM-BEI-unico,1,14680.23,36700.58,,36700.58
185,2025-03-13 18:36:00,24580721,Shopping,Presencial,7,4,GOR-GRI-unico,1,11486.7,28716.74,,28716.74
185,2025-03-13 18:36:00,24580721,Shopping,Presencial,7,4,JOG-AZU-unico,1,16544.66,41361.66,,41361.66
186,2024-05-11 00:50:00,28124922,Tienda Online,Web,10,1,MUS-AZU-unico,1,12928.22,32320.56,,32320.56
186,2024-05-11 00:50:00,28124922,Tienda Online,Web,10,1,JEA-LAV-unico,1,8748.58,21871.44,,21871.44
186,2024-05-11 00:50:00,28124922,Tienda Online,Web,10,1,CHU-NEG-S,1,13529.35,33823.38,,33823.38
186,2024-05-11 00:50:00,28124922,Tienda Online,Web,10,1,MUS-AZU-XXL,1,12928.22,32320.56,,32320.56
187,2024-02-24 10:57:00,20714555,Norte,Presencial,5,3,GOR-GRI-S,1,11486.7,28716.74,,28716.74
188,2025-05-31 17:36:00,14868286,Tienda Online,Web,9,5,GOR-GRI-unico,2,11486.7,28716.74,,57433.48
188,2025-05-31 17:36:00,14868286,Tienda Online,Web,9,5,JOG-CEL-unico,1,16544.66,41361.66,,41361.66
188,2025-05-31 17:36:00,14868286,Tienda Online,Web,9,5,CHU-VER-L,1,13529.35,33823.38,,33823.38
189,2024-10-18 20:57:00,21983483,Tienda Online,Web,10,4,REM-TUR-XXL,1,13673.12,34182.8,,34182.8
189,2024-10-18 20:57:00,21983483,Tienda Online,Web,10,4,JEA-NEG-M,1,8748.58,21871.44,,21871.44
189,2024-10-18 20:57:00,21983483,Tienda Online,Web,10,4,CIN-MAR-L,1,13257.96,33144.89,,33144.89
189,2024-10-18 20:57:00,21983483,Tienda Online,Web,10,4,REM-VIO-XL,1,13071.19,32677.97,,32677.97
190,2024-12-28 12:29:00,30873468,Tienda Online,Web,10,2,CHU-ÍND-XL,1,13529.35,33823.38,,33823.38
191,2024-08-12 15:37:00,22588451,Shopping,Presencial,7,5,JOG-ÍND-S,1,16544.66,41361.66,,41361.66
191,2024-08-12 15:37:00,22588451,Shopping,Presencial,7,5,CIN-ROS-XXL,1,13257.96,33144.89,,33144.89
191,2024-08-12 15:37:00,22588451,Shopping,Presencial,7,5,CIN-MAR-L,1,13257.96,33144.89,,33144.89
192,2025-02-20 11:17:00,24800101,Shopping,Presencial,7,1,REM-BLA-XL,1,13071.19,32677.97,,32677.97
192,2025-02-20 11:17:00,24800101,Shopping,Presencial,7,1,GOR-GRI-L,1,11486.7,28716.74,,28716.74
192,2025-02-20 11:17:00,24800101,Shopping,Presencial,7,1,JOG-CEL-unico,1,16544.66,41361.66,,41361.66
193,2024-11-08 17:18:00,34929174,Norte,Presencial,5,2,BUZ-AZU-unico,1,11827.69,29569.23,,29569.23
193,2024-11-08 17:18:00,34929174,Norte,Presencial,5,2,JEA-LAV-L,1,8748.58,21871.44,,21871.44
194,2025-08-15 09:09:00,42494017,Centro,Presencial,2,2,CIN-MAR-L,1,13257.96,33144.89,,33144.89
194,2025-08-15 09:09:00,42494017,Centro,Presencial,2,2,GOR-GRI-S,1,11486.7,28716.74,,28716.74
194,2025-08-15 09:09:00,42494017,Centro,Presencial,2,2,GOR-GRI-L,1,11486.7,28716.74,,28716.74
194,2025-08-15 09:09:00,42494017,Centro,Presencial,2,2,SWE-MAR-L,1,13010.13,32525.33,,32525.33
195,2025-06-25 12:45:00,35444008,Centro,Presencial,1,1,JOG-ÍND-XL,1,16544.66,41361.66,,41361.66
195,2025-06-25 12:45:00,35444008,Centro,Presencial,1,1,GOR-GRI-XXL,1,11486.7,28716.74,,28716.74
196,2024-12-14 17:26:00,22313673,Tienda Online,Web,9,5,CIN-MAR-L,1,13257.96,33144.89,,33144.89
196,2024-12-14 17:26:00,22313673,Tienda Online,Web,9,5,JOG-AZU-unico,1,16544.66,41361.66,,41361.66
196,2024-12-14 17:26:00,22313673,Tienda Online,Web,9,5,CIN-MAR-S,1,13257.96,33144.89,,33144.89
197,2024-12-31 14:30:00,33776507,Tienda Online,Web,10,2,CAM-CEL-XL,1,14680.23,36700.58,,36700.58
198,2024-03-30 04:00:00,10190290,Tienda Online,Web,9,2,GOR-GRI-L,1,11486.7,28716.74,,28716.74
198,2024-03-30 04:00:00,10190290,Tienda Online,Web,9,2,CIN-TUR-unico,1,13257.96,33144.89,,33144.89
198,2024-03-30 04:00:00,10190290,Tienda Online,Web,9,2,JEA-NEG-M,1,8748.58,21871.44,,21871.44
198,2024-03-30 04:00:00,10190290,Tienda Online,Web,9,2,JOG-AZU-unico,1,16544.66,41361.66,,41361.66
198,2024-03-30 04:00:00,10190290,Tienda Online,Web,9,2,GOR-GRI-L,1,11486.7,28716.74,,28716.74
199,2024-08-21 13:59:00,11723249,Centro,Presencial,1,5,CIN-MAR-L,1,13257.96,33144.89,,33144.89
199,2024-08-21 13:59:00,11723249,Centro,Presencial,1,5,MUS-CEL-S,2,12928.22,32320.56,,64641.12
199,2024-08-21 13:59:00,11723249,Centro,Presencial,1,5,CAM-BEI-L,2,14680.23,36700.58,,73401.16
199,2024-08-21 13:59:00,11723249,Centro,Presencial,1,5,CHU-NEG-S,1,13529.35,33823.38,,33823.38
199,2024-08-21 13:59:00,11723249,Centro,Presencial,1,5,MUS-CEL-S,1,12928.22,32320.56,,32320.56
200,2025-05-17 13:13:00,25333944,Centro,Presencial,1,4,CAM-BEI-S,1,14680.23,36700.58,,36700.58
200,2025-05-17 13:13:00,25333944,Centro,Presencial,1,4,CAM-BLA-XL,1,14680.23,36700.58,,36700.58
201,2025-06-24 10:35:00,30873468,Shopping,Presencial,7,5,GOR-GRI-XXL,2,11486.7,28716.74,,57433.48
201,2025-06-24 10:35:00,30873468,Shopping,Presencial,7,5,CAM-BLA-M,1,14680.23,36700.58,,36700.58
201,2025-06-24 10:35:00,30873468,Shopping,Presencial,7,5,MUS-AZU-XXL,1,12928.22,32320.56,,32320.56
202,2025-05-10 10:04:00,22588451,Shopping,Presencial,7,4,GOR-GRI-XXL,1,11486.7,28716.74,,28716.74
202,2025-05-10 10:04:00,22588451,Shopping,Presencial,7,4,JEA-NEG-M,1,8748.58,21871.44,,21871.44
202,2025-05-10 10:04:00,22588451,Shopping,Presencial,7,4,CHU-ÍND-XXL,1,13529.35,33823.38,,33823.38
202,2025-05-10 10:04:00,22588451,Shopping,Presencial,7,4,CAM-BEI-L,1,14680.23,36700.58,,36700.58
203,2025-06-21 23:17:00,10190290,Tienda Online,Web,9,1,GOR-GRI-XXL,1,11486.7,28716.74,,28716.74
204,2024-05-16 15:34:00,17471301,Tienda Online,Web,9,4,CAM-BEI-unico,1,14680.23,36700.58,,36700.58
204,2024-05-16 15:34:00,17471301,Tienda Online,Web,9,4,JOG-ÍND-XL,1,16544.66,41361.66,,41361.66
205,2025-09-15 11:49:00,13753932,Shopping,Presencial,7,4,SWE-MAR-XXL,1,13010.13,32525.33,,32525.33
205,2025-09-15 11:49:00,13753932,Shopping,Presencial,7,4,REM-TUR-S,1,13673.12,22218.82,8.0,22218.82
206,2024-01-12 14:51:00,41341494,Norte,Presencial,5,4,SWE-AZU-S,1,13010.13,32525.33,,32525.33
206,2024-01-12 14:51:00,41341494,Norte,Presencial,5,4,CAM-BEI-unico,1,14680.23,36700.58,,36700.58
207,2024-04-12 12:32:00,23222803,Tienda Online,Web,10,2,JEA-NEG-M,1,8748.58,21871.44,,21871.44
207,2024-04-12 12:32:00,23222803,Tienda Online,Web,10,2,REM-TUR-XXL,1,13673.12,34182.8,,34182.8
208,2025-05-23 19:43:00,24867952,Norte,Presencial,6,2,GOR-GRI-XXL,1,11486.7,20101.72,5.0,20101.72
208,2025-05-23 19:43:00,24867952,Norte,Presencial,6,2,JEA-NEG-M,1,8748.58,21871.44,,21871.44
208,2025-05-23 19:43:00,24867952,Norte,Presencial,6,2,SWE-MAR-M,1,13010.13,32525.33,,32525.33
208,2025-05-23 19:43:00,24867952,Norte,Presencial,6,2,JEA-NEG-M,1,8748.58,21871.44,,21871.44
208,2025-05-23 19:43:00,24867952,Norte,Presencial,6,2,JOG-AZU-XXL,1,16544.66,41361.66,,41361.66
209,2025-06-17 23:34:00,29674861,Tienda Online,Web,9,3,CIN-MAR-L,1,13257.96,33144.89,,33144.89
209,2025-06-17 23:34:00,29674861,Tienda Online,Web,9,3,REM-VIO-XL,1,13071.19,32677.97,,32677.97
209,2025-06-17 23:34:00,29674861,Tienda Online,Web,9,3,JOG-CEL-unico,1,16544.66,37225.49,3.0,37225.49
209,2025-06-17 23:34:00,29674861,Tienda Online,Web,9,3,MUS-AZU-M,1,12928.22,32320.56,,32320.56
209,2025-06-17 23:34:00,29674861,Tienda Online,Web,9,3,BUZ-AZU-unico,2,11827.69,26612.31,3.0,53224.62
210,2024-05-22 17:02:00,26819279,Shopping,Presencial,7,1,MUS-AZU-M,1,12928.22,32320.56,,32320.56
210,2024-05-22 17:02:00,26819279,Shopping,Presencial,7,1,REM-BLA-XL,2,13071.19,32677.97,,65355.94
210,2024-05-22 17:02:00,26819279,Shopping,Presencial,7,1,CAM-CEL-XL,1,14680.23,36700.58,,36700.58
210,2024-05-22 17:02:00,26819279,Shopping,Presencial,7,1,GOR-GRI-L,1,11486.7,28716.74,,28716.74
210,2024-05-22 17:02:00,26819279,Shopping,Presencial,7,1,CIN-MAR-L,1,13257.96,32344.89,12.0,32344.89
211,2025-09-27 11:39:00,25145607,Shopping,Presencial,7,3,REM-BLA-XL,1,13071.19,32677.97,,32677.97
211,2025-09-27 11:39:00,25145607,Shopping,Presencial,7,3,CHU-NEG-M,1,13529.35,21985.2,8.0,21985.2
211,2025-09-27 11:39:00,25145607,Shopping,Presencial,7,3,MUS-CEL-M,1,12928.22,32320.56,,32320.56
211,2025-09-27 11:39:00,25145607,Shopping,Presencial,7,3,JOG-ÍND-M,1,16544.66,41361.66,,41361.66
211,2025-09-27 11:39:00,25145607,Shopping,Presencial,7,3,CHU-ÍND-XL,1,13529.35,33823.38,,33823.38
212,2024-05-18 11:50:00,26127866,Tienda Online,Web,10,5,SWE-MAR-unico,1,13010.13,32525.33,,32525.33
212,2024-05-18 11:50:00,26127866,Tienda Online,Web,10,5,JOG-ÍND-XL,1,16544.66,40561.66,12.0,40561.66
213,2024-07-11 10:05:00,30873468,Norte,Presencial,5,5,GOR-ROJ-unico,1,11486.7,28716.74,,28716.74
214,2025-08-09 11:50:00,14310325,Norte,Presencial,6,2,MUS-CEL-M,1,12928.22,32320.56,,32320.56
215,2025-08-09 09:12:00,24097997,Centro,Presencial,1,1,SWE-AZU-S,2,13010.13,32525.33,,65050.66
215,2025-08-09 09:12:00,24097997,Centro,Presencial,1,1,CHU-ÍND-L,2,13529.35,33823.38,,67646.76
215,2025-08-09 09:12:00,24097997,Centro,Presencial,1,1,REM-VIO-M,1,13071.19,32677.97,,32677.97
216,2025-05-31 14:18:00,19938405,Tienda Online,Web,9,3,CAM-BLA-M,1,14680.23,36700.58,,36700.58
216,2025-05-31 14:18:00,19938405,Tienda Online,Web,9,3,MUS-AZU-M,1,12928.22,32320.56,,32320.56
216,2025-05-31 14:18:00,19938405,Tienda Online,Web,9,3,JEA-LAV-unico,1,8748.58,21871.44,,21871.44
216,2025-05-31 14:18:00,19938405,Tienda Online,Web,9,3,REM-VIO-XL,1,13071.19,32677.97,,32677.97
217,2025-11-15 13:41:00,19283286,Tienda Online,Web,10,4,JOG-ÍND-S,1,16544.66,41361.66,,41361.66
217,2025-11-15 13:41:00,19283286,Tienda Online,Web,10,4,CAM-BLA-M,1,14680.23,36700.58,,36700.58
217,2025-11-15 13:41:00,19283286,Tienda Online,Web,10,4,JOG-AZU-XL,1,16544.66,41361.66,,41361.66
218,2025-11-29 12:20:00,32049663,Norte,Presencial,4,5,REM-TUR-S,2,13673.12,28029.9,9.0,56059.8
218,2025-11-29 12:20:00,32049663,Norte,Presencial,4,5,REM-TUR-XXL,2,13673.12,28029.9,9.0,56059.8
219,2025-05-24 03:32:00,16194045,Tienda Online,Web,9,5,CIN-MAR-S,2,13257.96,33144.89,,66289.78
219,2025-05-24 03:32:00,16194045,Tienda Online,Web,9,5,CHU-ÍND-XXL,1,13529.35,23676.37,5.0,23676.37
219,2025-05-24 03:32:00,16194045,Tienda Online,Web,9,5,GOR-ROJ-unico,1,11486.7,28716.74,,28716.74
219,2025-05-24 03:32:00,16194045,Tienda Online,Web,9,5,MUS-AZU-unico,1,12928.22,32320.56,,32320.56
220,2024-10-17 20:12:00,14265307,Tienda Online,Web,10,1,CHU-ÍND-L,1,13529.35,33823.38,,33823.38
220,2024-10-17 20:12:00,14265307,Tienda Online,Web,10,1,JOG-AZU-unico,2,16544.66,41361.66,,82723.32
221,2024-08-23 16:43:00,35442729,Shopping,Presencial,7,2,MUS-CEL-S,1,12928.22,32320.56,,32320.56
221,2024-08-23 16:43:00,35442729,Shopping,Presencial,7,2,GOR-GRI-XXL,1,11486.7,28716.74,,28716.74
222,2024-12-05 15:56:00,36200760,Norte,Presencial,6,5,CAM-BEI-unico,1,14680.23,36700.58,,36700.58
222,2024-12-05 15:56:00,36200760,Norte,Presencial,6,5,CHU-ÍND-XL,1,13529.35,33823.38,,33823.38
223,2024-08-05 19:17:00,40793026,Shopping,Presencial,7,2,MUS-AZU-M,1,12928.22,32320.56,,32320.56
223,2024-08-05 19:17:00,40793026,Shopping,Presencial,7,2,JOG-ÍND-S,1,16544.66,41361.66,,41361.66
224,2024-07-01 11:58:00,31169695,Norte,Presencial,6,4,GOR-GRI-XXL,1,11486.7,28716.74,,28716.74
224,2024-07-01 11:58:00,31169695,Norte,Presencial,6,4,SWE-MAR-unico,1,13010.13,32525.33,,32525.33
224,2024-07-01 11:58:00,31169695,Norte,Presencial,6,4,JEA-LAV-L,1,8748.58,21871.44,,21871.44
224,2024-07-01 11:58:00,31169695,Norte,Presencial,6,4,REM-BLA-XL,1,13071.19,32677.97,,32677.97
224,2024-07-01 11:58:00,31169695,Norte,Presencial,6,4,CHU-NEG-M,1,13529.35,33823.38,,33823.38
225,2024-09-28 21:30:00,11411585,Tienda Online,Web,10,5,REM-CEL-XXL,2,13673.12,34182.8,,68365.6
226,2024-11-23 11:11:00,14755156,Shopping,Presencial,7,3,CAM-BLA-M,1,14680.23,36700.58,,36700.58
227,2024-11-16 13:28:00,27044130,Tienda Online,Web,10,1,JEA-LAV-L,1,8748.58,21871.44,,21871.44
227,2024-11-16 13:28:00,27044130,Tienda Online,Web,10,1,JEA-LAV-L,1,8748.58,21871.44,,21871.44
227,2024-11-16 13:28:00,27044130,Tienda Online,Web,10,1,CAM-BEI-L,1,14680.23,36700.58,,36700.58
227,2024-11-16 13:28:00,27044130,Tienda Online,Web,10,1,REM-CEL-XXL,1,13673.12,34182.8,,34182.8
228,2025-04-10 17:01:00,37138900,Tienda Online,Web,10,5,REM-VIO-XXL,1,13071.19,26795.94,10.0,26795.94
229,2025-06-26 08:30:00,36674654,Tienda Online,Web,9,5,BUZ-AZU-L,1,11827.69,29569.23,,29569.23
229,2025-06-26 08:30:00,36674654,Tienda Online,Web,9,5,CIN-TUR-unico,1,13257.96,33144.89,,33144.89
229,2025-06-26 08:30:00,36674654,Tienda Online,Web,9,5,CIN-MAR-S,1,13257.96,33144.89,,33144.89
229,2025-06-26 08:30:00,36674654,Tienda Online,Web,9,5,JOG-ÍND-M,1,16544.66,41361.66,,41361.66
230,2024-02-05 13:47:00,16100827,Centro,Presencial,1,4,CHU-VER-XL,2,13529.35,33823.38,,67646.76
230,2024-02-05 13:47:00,16100827,Centro,Presencial,1,4,MUS-AZU-XXL,1,12928.22,32320.56,,32320.56
230,2024-02-05 13:47:00,16100827,Centro,Presencial,1,4,CHU-VER-XL,1,13529.35,33823.38,,33823.38
230,2024-02-05 13:47:00,16100827,Centro,Presencial,1,4,CIN-MAR-L,1,13257.96,33144.89,,33144.89
230,2024-02-05 13:47:00,16100827,Centro,Presencial,1,4,CIN-TUR-unico,1,13257.96,33144.89,,33144.89
231,2024-06-12 13:15:00,23222803,Tienda Online,Web,9,2,CIN-MAR-S,1,13257.96,33144.89,,33144.89
231,2024-06-12 13:15:00,23222803,Tienda Online,Web,9,2,CAM-BEI-L,2,14680.23,36700.58,,73401.16
232,2024-09-13 18:41:00,17678198,Shopping,Presencial,7,2,GOR-ROJ-unico,1,11486.7,28716.74,,28716.74
232,2024-09-13 18:41:00,17678198,Shopping,Presencial,7,2,SWE-MAR-unico,1,13010.13,32525.33,,32525.33
232,2024-09-13 18:41:00,17678198,Shopping,Presencial,7,2,REM-VIO-XL,1,13071.19,32677.97,,32677.97
232,2024-09-13 18:41:00,17678198,Shopping,Presencial,7,2,CHU-ÍND-L,1,13529.35,33823.38,,33823.38
233,2025-09-26 12:26:00,24580721,Norte,Presencial,6,2,JOG-ÍND-XL,1,16544.66,26885.08,8.0,26885.08
233,2025-09-26 12:26:00,24580721,Norte,Presencial,6,2,MUS-CEL-M,1,12928.22,32320.56,,32320.56
234,2024-09-28 22:36:00,37403776,Tienda Online,Web,9,5,JOG-AZU-unico,1,16544.66,41361.66,,41361.66
234,2024-09-28 22:36:00,37403776,Tienda Online,Web,9,5,JEA-LAV-unico,1,8748.58,21871.44,,21871.44
234,2024-09-28 22:36:00,37403776,Tienda Online,Web,9,5,CAM-BLA-M,1,14680.23,36700.58,,36700.58
235,2025-04-11 05:56:00,12090484,Tienda Online,Web,10,5,SWE-MAR-unico,1,13010.13,26670.77,10.0,26670.77
235,2025-04-11 05:56:00,12090484,Tienda Online,Web,10,5,GOR-ROJ-unico,1,11486.7,23547.73,10.0,23547.73
236,2025-10-21 13:21:00,34041232,Tienda Online,Web,9,5,CIN-MAR-M,1,13257.96,33144.89,,33144.89
236,2025-10-21 13:21:00,34041232,Tienda Online,Web,9,5,CIN-MAR-XL,1,13257.96,33144.89,,33144.89
237,2024-05-08 10:19:00,16194045,Norte,Presencial,6,3,MUS-AZU-unico,1,12928.22,32320.56,,32320.56
237,2024-05-08 10:19:00,16194045,Norte,Presencial,6,3,BUZ-AZU-M,1,11827.69,29569.23,,29569.23
238,2024-09-11 10:50:00,17471301,Centro,Presencial,1,1,CIN-MAR-XL,1,13257.96,33144.89,,33144.89
238,2024-09-11 10:50:00,17471301,Centro,Presencial,1,1,JEA-LAV-unico,1,8748.58,21871.44,,21871.44
238,2024-09-11 10:50:00,17471301,Centro,Presencial,1,1,SWE-MAR-unico,1,13010.13,32525.33,,32525.33
238,2024-09-11 10:50:00,17471301,Centro,Presencial,1,1,JOG-ÍND-S,1,16544.66,41361.66,,41361.66
239,2025-06-21 18:51:00,37652324,Norte,Presencial,4,2,MUS-AZU-M,1,12928.22,32320.56,,32320.56
239,2025-06-21 18:51:00,37652324,Norte,Presencial,4,2,REM-VIO-M,1,13071.19,32677.97,,32677.97
239,2025-06-21 18:51:00,37652324,Norte,Presencial,4,2,CAM-BEI-L,1,14680.23,36700.58,,36700.58
239,2025-06-21 18:51:00,37652324,Norte,Presencial,4,2,MUS-CEL-M,1,12928.22,32320.56,,32320.56
240,2024-05-17 10:16:00,10949480,Norte,Presencial,6,1,CIN-ROS-XXL,1,13257.96,33144.89,,33144.89
240,2024-05-17 10:16:00,10949480,Norte,Presencial,6,1,JEA-NEG-M,1,8748.58,21871.44,,21871.44
240,2024-05-17 10:16:00,10949480,Norte,Presencial,6,1,REM-BLA-XL,1,13071.19,32677.97,,32677.97
240,2024-05-17 10:16:00,10949480,Norte,Presencial,6,1,CHU-NEG-M,1,13529.35,33823.38,,33823.38
240,2024-05-17 10:16:00,10949480,Norte,Presencial,6,1,CIN-MAR-L,1,13257.96,33144.89,,33144.89
241,2024-10-15 18:22:00,24697145,Centro,Presencial,2,2,REM-TUR-XXL,1,13673.12,34182.8,,34182.8
241,2024-10-15 18:22:00,24697145,Centro,Presencial,2,2,CHU-NEG-S,1,13529.35,33823.38,,33823.38
241,2024-10-15 18:22:00,24697145,Centro,Presencial,2,2,GOR-GRI-M,1,11486.7,28716.74,,28716.74
242,2024-06-07 19:53:00,20371898,Centro,Presencial,1,1,CAM-CEL-XL,1,14680.23,36700.58,,36700.58
243,2024-07-05 19:57:00,19706758,Shopping,Presencial,7,2,CAM-BEI-unico,1,14680.23,36700.58,,36700.58
243,2024-07-05 19:57:00,19706758,Shopping,Presencial,7,2,REM-VIO-M,1,13071.19,32677.97,,32677.97
243,2024-07-05 19:57:00,19706758,Shopping,Presencial,7,2,SWE-MAR-unico,1,13010.13,32525.33,,32525.33
243,2024-07-05 19:57:00,19706758,Shopping,Presencial,7,2,JOG-AZU-unico,1,16544.66,41361.66,,41361.66
244,2025-04-25 10:27:00,34898161,Shopping,Presencial,7,3,JEA-LAV-unico,1,8748.58,21871.44,,21871.44
244,2025-04-25 10:27:00,34898161,Shopping,Presencial,7,3,CIN-ROS-XXL,1,13257.96,33144.89,,33144.89
244,2025-04-25 10:27:00,34898161,Shopping,Presencial,7,3,SWE-MAR-M,1,13010.13,32525.33,,32525.33
244,2025-04-25 10:27:00,34898161,Shopping,Presencial,7,3,CIN-MAR-S,1,13257.96,33144.89,,33144.89
244,2025-04-25 10:27:00,34898161,Shopping,Presencial,7,3,CHU-NEG-S,2,13529.35,33823.38,,67646.76
245,2025-06-27 19:35:00,36200760,Shopping,Presencial,7,1,CHU-ÍND-L,2,13529.35,33823.38,,67646.76
245,2025-06-27 19:35:00,36200760,Shopping,Presencial,7,1,CHU-VER-L,1,13529.35,33823.38,,33823.38
246,2024-11-18 19:42:00,39406068,Shopping,Presencial,7,5,CIN-MAR-L,2,13257.96,33144.89,,66289.78
246,2024-11-18 19:42:00,39406068,Shopping,Presencial,7,5,REM-VIO-M,1,13071.19,32677.97,,32677.97
246,2024-11-18 19:42:00,39406068,Shopping,Presencial,7,5,GOR-ROJ-S,1,11486.7,28716.74,,28716.74
247,2024-12-22 09:12:00,24867952,Norte,Presencial,5,5,MUS-AZU-M,1,12928.22,32320.56,,32320.56
247,2024-12-22 09:12:00,24867952,Norte,Presencial,5,5,MUS-AZU-XXL,1,12928.22,32320.56,,32320.56
247,2024-12-22 09:12:00,24867952,Norte,Presencial,5,5,SWE-MAR-L,1,13010.13,32525.33,,32525.33
247,2024-12-22 09:12:00,24867952,Norte,Presencial,5,5,REM-BLA-XL,2,13071.19,32677.97,,65355.94
248,2025-06-20 18:08:00,15407475,Centro,Presencial,1,4,CIN-TUR-unico,1,13257.96,33144.89,,33144.89
248,2025-06-20 18:08:00,15407475,Centro,Presencial,1,4,CIN-ROS-XXL,1,13257.96,33144.89,,33144.89
248,2025-06-20 18:08:00,15407475,Centro,Presencial,1,4,JOG-ÍND-S,1,16544.66,41361.66,,41361.66
248,2025-06-20 18:08:00,15407475,Centro,Presencial,1,4,SWE-MAR-M,1,13010.13,32525.33,,32525.33
249,2024-08-27 08:06:00,35821297,Tienda Online,Web,10,4,REM-CEL-XXL,1,13673.12,34182.8,,34182.8
249,2024-08-27 08:06:00,35821297,Tienda Online,Web,10,4,JOG-AZU-unico,1,16544.66,41361.66,,41361.66
249,2024-08-27 08:06:00,35821297,Tienda Online,Web,10,4,SWE-MAR-unico,1,13010.13,32525.33,,32525.33
250,2025-11-08 07:46:00,13950951,Tienda Online,Web,10,3,JOG-CEL-unico,1,16544.66,41361.66,,41361.66
250,2025-11-08 07:46:00,13950951,Tienda Online,Web,10,3,MUS-AZU-unico,1,12928.22,32320.56,,32320.56
250,2025-11-08 07:46:00,13950951,Tienda Online,Web,10,3,BUZ-AZU-unico,1,11827.69,29569.23,,29569.23
251,2025-07-11 17:35:00,24867952,Tienda Online,Web,9,2,CIN-TUR-XL,1,13257.96,33144.89,,33144.89
251,2025-07-11 17:35:00,24867952,Tienda Online,Web,9,2,CIN-MAR-M,1,13257.96,16572.44,11.0,16572.44
251,2025-07-11 17:35:00,24867952,Tienda Online,Web,9,2,CHU-NEG-XXL,1,13529.35,33823.38,,33823.38
252,2025-05-15 13:40:00,13495405,Norte,Presencial,5,4,CAM-BLA-XL,2,14680.23,36700.58,,73401.16
252,2025-05-15 13:40:00,13495405,Norte,Presencial,5,4,SWE-AZU-M,1,13010.13,32525.33,,32525.33
252,2025-05-15 13:40:00,13495405,Norte,Presencial,5,4,CHU-NEG-XXL,1,13529.35,33823.38,,33823.38
252,2025-05-15 13:40:00,13495405,Norte,Presencial,5,4,JOG-AZU-unico,1,16544.66,41361.66,,41361.66
253,2025-02-15 11:56:00,23309686,Tienda Online,Web,10,2,CHU-ÍND-L,1,13529.35,33823.38,,33823.38
254,2025-06-18 12:39:00,20002863,Shopping,Presencial,7,2,SWE-MAR-L,1,13010.13,32525.33,,32525.33
254,2025-06-18 12:39:00,20002863,Shopping,Presencial,7,2,REM-TUR-XXL,1,13673.12,30764.52,3.0,30764.52
254,2025-06-18 12:39:00,20002863,Shopping,Presencial,7,2,REM-TUR-XXL,1,13673.12,34182.8,,34182.8
255,2025-05-17 21:56:00,37406784,Tienda Online,Web,10,4,JOG-AZU-XL,1,16544.66,41361.66,,41361.66
255,2025-05-17 21:56:00,37406784,Tienda Online,Web,10,4,JOG-AZU-XL,1,16544.66,41361.66,,41361.66
255,2025-05-17 21:56:00,37406784,Tienda Online,Web,10,4,JOG-ÍND-XL,1,16544.66,41361.66,,41361.66
256,2024-01-11 15:23:00,38902901,Centro,Presencial,1,5,CIN-TUR-unico,1,13257.96,33144.89,,33144.89
256,2024-01-11 15:23:00,38902901,Centro,Presencial,1,5,MUS-AZU-unico,1,12928.22,32320.56,,32320.56
256,2024-01-11 15:23:00,38902901,Centro,Presencial,1,5,CHU-NEG-S,1,13529.35,33823.38,,33823.38
257,2024-07-02 22:14:00,32199028,Tienda Online,Web,9,2,CHU-NEG-S,1,13529.35,33823.38,,33823.38
257,2024-07-02 22:14:00,32199028,Tienda Online,Web,9,2,CIN-TUR-unico,1,13257.96,33144.89,,33144.89
257,2024-07-02 22:14:00,32199028,Tienda Online,Web,9,2,JOG-ÍND-S,1,16544.66,41361.66,,41361.66
257,2024-07-02 22:14:00,32199028,Tienda Online,Web,9,2,REM-CEL-XXL,1,13673.12,34182.8,,34182.8
257,2024-07-02 22:14:00,32199028,Tienda Online,Web,9,2,JOG-AZU-XXL,1,16544.66,41361.66,,41361.66
258,2025-05-29 18:57:00,12497263,Norte,Presencial,4,5,CHU-NEG-XL,1,13529.35,33823.38,,33823.38
258,2025-05-29 18:57:00,12497263,Norte,Presencial,4,5,CIN-ROS-unico,2,13257.96,33144.89,,66289.78
258,2025-05-29 18:57:00,12497263,Norte,Presencial,4,5,BUZ-AZU-unico,1,11827.69,29569.23,,29569.23
259,2025-07-26 19:03:00,38133707,Tienda Online,Web,9,3,JEA-LAV-unico,1,8748.58,21871.44,,21871.44
259,2025-07-26 19:03:00,38133707,Tienda Online,Web,9,3,CHU-VER-XL,2,13529.35,33823.38,,67646.76
259,2025-07-26 19:03:00,38133707,Tienda Online,Web,9,3,CAM-BLA-M,1,14680.23,36700.58,,36700.58
259,2025-07-26 19:03:00,38133707,Tienda Online,Web,9,3,CHU-NEG-M,1,13529.35,33823.38,,33823.38
260,2024-08-08 11:18:00,28086578,Tienda Online,Web,10,3,MUS-AZU-XXL,1,12928.22,32320.56,,32320.56
260,2024-08-08 11:18:00,28086578,Tienda Online,Web,10,3,CIN-TUR-unico,1,13257.96,33144.89,,33144.89
260,2024-08-08 11:18:00,28086578,Tienda Online,Web,10,3,CIN-ROS-XXL,1,13257.96,33144.89,,33144.89
260,2024-08-08 11:18:00,28086578,Tienda Online,Web,10,3,JEA-NEG-M,1,8748.58,21871.44,,21871.44
261,2024-10-05 10:11:00,43453305,Tienda Online,Web,9,1,JEA-NEG-M,1,8748.58,21871.44,,21871.44
261,2024-10-05 10:11:00,43453305,Tienda Online,Web,9,1,GOR-GRI-L,1,11486.7,28716.74,,28716.74
262,2024-05-09 06:09:00,34546748,Tienda Online,Web,10,1,CHU-VER-XL,1,13529.35,33023.38,12.0,33023.38
262,2024-05-09 06:09:00,34546748,Tienda Online,Web,10,1,JOG-ÍND-XL,1,16544.66,41361.66,,41361.66
262,2024-05-09 06:09:00,34546748,Tienda Online,Web,10,1,CIN-MAR-XL,1,13257.96,33144.89,,33144.89
263,2024-03-30 20:58:00,34306027,Tienda Online,Web,10,4,CIN-MAR-L,1,13257.96,33144.89,,33144.89
263,2024-03-30 20:58:00,34306027,Tienda Online,Web,10,4,REM-BLA-XL,1,13071.19,32677.97,,32677.97
263,2024-03-30 20:58:00,34306027,Tienda Online,Web,10,4,GOR-GRI-S,2,11486.7,28716.74,,57433.48
263,2024-03-30 20:58:00,34306027,Tienda Online,Web,10,4,SWE-AZU-S,1,13010.13,32525.33,,32525.33
264,2025-05-02 19:41:00,31616558,Centro,Presencial,2,2,CHU-ÍND-XL,1,13529.35,33823.38,,33823.38
264,2025-05-02 19:41:00,31616558,Centro,Presencial,2,2,CHU-NEG-unico,1,13529.35,33823.38,,33823.38
264,2025-05-02 19:41:00,31616558,Centro,Presencial,2,2,CHU-ÍND-XL,1,13529.35,33823.38,,33823.38
265,2024-08-01 09:55:00,26819279,Tienda Online,Web,10,5,CIN-MAR-L,2,13257.96,33144.89,,66289.78
265,2024-08-01 09:55:00,26819279,Tienda Online,Web,10,5,JOG-ÍND-M,2,16544.66,41361.66,,82723.32
265,2024-08-01 09:55:00,26819279,Tienda Online,Web,10,5,SWE-MAR-unico,1,13010.13,32525.33,,32525.33
265,2024-08-01 09:55:00,26819279,Tienda Online,Web,10,5,JEA-NEG-M,1,8748.58,21871.44,,21871.44
266,2025-07-04 00:39:00,17507729,Tienda Online,Web,9,2,REM-CEL-XXL,1,13673.12,17091.4,11.0,17091.4
266,2025-07-04 00:39:00,17507729,Tienda Online,Web,9,2,REM-VIO-M,1,13071.19,32677.97,,32677.97
267,2025-03-21 20:16:00,40793026,Tienda Online,Web,9,1,GOR-ROJ-S,1,11486.7,28716.74,,28716.74
268,2024-12-07 11:36:00,28731761,Norte,Presencial,6,1,GOR-GRI-M,1,11486.7,28716.74,,28716.74
268,2024-12-07 11:36:00,28731761,Norte,Presencial,6,1,SWE-AZU-S,1,13010.13,32525.33,,32525.33
268,2024-12-07 11:36:00,28731761,Norte,Presencial,6,1,GOR-GRI-unico,1,11486.7,28716.74,,28716.74
268,2024-12-07 11:36:00,28731761,Norte,Presencial,6,1,JOG-ÍND-XL,1,16544.66,41361.66,,41361.66
269,2025-03-15 13:49:00,41341494,Shopping,Presencial,7,1,BUZ-AZU-unico,1,11827.69,29569.23,,29569.23
269,2025-03-15 13:49:00,41341494,Shopping,Presencial,7,1,CAM-BEI-unico,2,14680.23,36700.58,,73401.16
270,2024-02-17 17:28:00,23663184,Centro,Presencial,1,4,REM-TUR-XXL,1,13673.12,34182.8,,34182.8
270,2024-02-17 17:28:00,23663184,Centro,Presencial,1,4,MUS-AZU-unico,2,12928.22,32320.56,,64641.12
271,2025-04-26 05:05:00,41895660,Tienda Online,Web,9,5,CIN-MAR-L,1,13257.96,33144.89,,33144.89
272,2024-07-29 15:50:00,10770478,Tienda Online,Web,9,1,JOG-AZU-unico,1,16544.66,41361.66,,41361.66
273,2024-11-09 03:57:00,24377188,Tienda Online,Web,9,1,CIN-ROS-XXL,1,13257.96,33144.89,,33144.89
273,2024-11-09 03:57:00,24377188,Tienda Online,Web,9,1,JOG-AZU-unico,1,16544.66,41361.66,,41361.66
274,2024-07-06 10:35:00,13463607,Shopping,Presencial,7,3,CAM-BLA-M,1,14680.23,36700.58,,36700.58
275,2025-05-08 17:09:00,26127866,Norte,Presencial,4,2,SWE-MAR-M,1,13010.13,32525.33,,32525.33
275,2025-05-08 17:09:00,26127866,Norte,Presencial,4,2,CIN-MAR-XL,1,13257.96,33144.89,,33144.89
276,2024-12-11 18:42:00,36873895,Shopping,Presencial,7,2,GOR-GRI-unico,1,11486.7,28716.74,,28716.74
276,2024-12-11 18:42:00,36873895,Shopping,Presencial,7,2,GOR-GRI-M,1,11486.7,28716.74,,28716.74
276,2024-12-11 18:42:00,36873895,Shopping,Presencial,7,2,CIN-TUR-XL,2,13257.96,33144.89,,66289.78
277,2024-04-20 16:01:00,30873468,Norte,Presencial,4,1,BUZ-AZU-M,1,11827.69,29569.23,,29569.23
277,2024-04-20 16:01:00,30873468,Norte,Presencial,4,1,CIN-MAR-L,1,13257.96,33144.89,,33144.89
277,2024-04-20 16:01:00,30873468,Norte,Presencial,4,1,JOG-AZU-unico,2,16544.66,41361.66,,82723.32
278,2024-08-31 17:51:00,41341494,Tienda Online,Web,9,4,JOG-ÍND-S,1,16544.66,41361.66,,41361.66
278,2024-08-31 17:51:00,41341494,Tienda Online,Web,9,4,CIN-TUR-XL,1,13257.96,33144.89,,33144.89
278,2024-08-31 17:51:00,41341494,Tienda Online,Web,9,4,GOR-GRI-L,1,11486.7,28716.74,,28716.74
278,2024-08-31 17:51:00,41341494,Tienda Online,Web,9,4,CIN-ROS-XXL,1,13257.96,33144.89,,33144.89
279,2024-05-15 16:01:00,27808512,Tienda Online,Web,9,4,CIN-TUR-unico,1,13257.96,33144.89,,33144.89
280,2024-06-14 19:58:00,44032415,Shopping,Presencial,7,4,GOR-GRI-unico,1,11486.7,28716.74,,28716.74
281,2025-08-08 16:37:00,39672841,Centro,Presencial,1,1,MUS-CEL-S,1,12928.22,32320.56,,32320.56
282,2024-01-01 10:33:00,30279639,Shopping,Presencial,7,5,GOR-GRI-L,1,11486.7,28716.74,,28716.74
282,2024-01-01 10:33:00,30279639,Shopping,Presencial,7,5,CIN-TUR-unico,1,13257.96,33144.89,,33144.89
282,2024-01-01 10:33:00,30279639,Shopping,Presencial,7,5,JOG-AZU-unico,1,16544.66,41361.66,,41361.66
282,2024-01-01 10:33:00,30279639,Shopping,Presencial,7,5,REM-BLA-XL,1,13071.19,32677.97,,32677.97
282,2024-01-01 10:33:00,30279639,Shopping,Presencial,7,5,BUZ-AZU-M,1,11827.69,29569.23,,29569.23
283,2025-03-01 22:25:00,42446968,Tienda Online,Web,9,4,GOR-GRI-M,1,11486.7,17230.04,7.0,17230.04
284,2025-11-01 09:57:00,36891021,Tienda Online,Web,10,5,REM-VIO-XXL,1,13071.19,32677.97,,32677.97
285,2025-05-31 13:58:00,40298722,Tienda Online,Web,9,3,JEA-LAV-unico,2,8748.58,21871.44,,43742.88
285,2025-05-31 13:58:00,40298722,Tienda Online,Web,9,3,SWE-MAR-M,1,13010.13,32525.33,,32525.33
286,2024-05-30 11:32:00,20256869,Tienda Online,Web,9,4,MUS-CEL-S,1,12928.22,32320.56,,32320.56
286,2024-05-30 11:32:00,20256869,Tienda Online,Web,9,4,CIN-MAR-M,2,13257.96,32344.89,12.0,64689.78
286,2024-05-30 11:32:00,20256869,Tienda Online,Web,9,4,REM-TUR-XXL,1,13673.12,33382.8,12.0,33382.8
286,2024-05-30 11:32:00,20256869,Tienda Online,Web,9,4,CIN-MAR-M,1,13257.96,33144.89,,33144.89
286,2024-05-30 11:32:00,20256869,Tienda Online,Web,9,4,CHU-ÍND-L,1,13529.35,33023.38,12.0,33023.38
287,2025-03-03 14:29:00,29586497,Shopping,Presencial,7,4,GOR-GRI-unico,1,11486.7,28716.74,,28716.74
287,2025-03-03 14:29:00,29586497,Shopping,Presencial,7,4,CHU-NEG-XXL,2,13529.35,33823.38,,67646.76
287,2025-03-03 14:29:00,29586497,Shopping,Presencial,7,4,MUS-AZU-M,1,12928.22,32320.56,,32320.56
287,2025-03-03 14:29:00,29586497,Shopping,Presencial,7,4,CIN-MAR-XL,1,13257.96,33144.89,,33144.89
287,2025-03-03 14:29:00,29586497,Shopping,Presencial,7,4,GOR-GRI-unico,1,11486.7,28716.74,,28716.74
288,2025-01-06 07:25:00,37668609,Tienda Online,Web,10,2,GOR-GRI-XXL,1,11486.7,28716.74,,28716.74
288,2025-01-06 07:25:00,37668609,Tienda Online,Web,10,2,CIN-ROS-XXL,1,13257.96,33144.89,,33144.89
288,2025-01-06 07:25:00,37668609,Tienda Online,Web,10,2,JEA-LAV-L,1,8748.58,21871.44,,21871.44
289,2024-08-19 03:56:00,41535292,Tienda Online,Web,10,5,GOR-GRI-S,2,11486.7,28716.74,,57433.48
289,2024-08-19 03:56:00,41535292,Tienda Online,Web,10,5,CIN-MAR-XL,1,13257.96,33144.89,,33144.89
289,2024-08-19 03:56:00,41535292,Tienda Online,Web,10,5,GOR-GRI-unico,1,11486.7,28716.74,,28716.74
289,2024-08-19 03:56:00,41535292,Tienda Online,Web,10,5,CAM-BLA-M,1,14680.23,36700.58,,36700.58
289,2024-08-19 03:56:00,41535292,Tienda Online,Web,10,5,GOR-ROJ-unico,1,11486.7,28716.74,,28716.74
290,2025-04-26 12:24:00,37406784,Centro,Presencial,1,2,MUS-AZU-M,1,12928.22,32320.56,,32320.56
290,2025-04-26 12:24:00,37406784,Centro,Presencial,1,2,CHU-ÍND-XL,1,13529.35,33823.38,,33823.38
290,2025-04-26 12:24:00,37406784,Centro,Presencial,1,2,CHU-NEG-XXL,1,13529.35,27735.17,10.0,27735.17
291,2025-01-17 08:06:00,39548449,Tienda Online,Web,9,3,JOG-AZU-XXL,1,16544.66,41361.66,,41361.66
291,2025-01-17 08:06:00,39548449,Tienda Online,Web,9,3,CIN-MAR-M,2,13257.96,33144.89,,66289.78
291,2025-01-17 08:06:00,39548449,Tienda Online,Web,9,3,CHU-NEG-M,2,13529.35,33823.38,,67646.76
291,2025-01-17 08:06:00,39548449,Tienda Online,Web,9,3,REM-VIO-L,1,13071.19,32677.97,,32677.97
292,2025-08-18 16:33:00,31616558,Shopping,Presencial,7,2,CIN-TUR-XL,1,13257.96,33144.89,,33144.89
292,2025-08-18 16:33:00,31616558,Shopping,Presencial,7,2,CHU-VER-S,1,13529.35,33823.38,,33823.38
292,2025-08-18 16:33:00,31616558,Shopping,Presencial,7,2,CHU-VER-XL,1,13529.35,33823.38,,33823.38
292,2025-08-18 16:33:00,31616558,Shopping,Presencial,7,2,CHU-ÍND-XL,2,13529.35,33823.38,,67646.76
292,2025-08-18 16:33:00,31616558,Shopping,Presencial,7,2,REM-BLA-S,1,13071.19,32677.97,,32677.97
293,2024-04-26 09:41:00,20226206,Shopping,Presencial,7,3,CHU-VER-XL,1,13529.35,33823.38,,33823.38
293,2024-04-26 09:41:00,20226206,Shopping,Presencial,7,3,JOG-ÍND-XL,1,16544.66,41361.66,,41361.66
294,2024-02-17 14:30:00,19706758,Centro,Presencial,1,1,CIN-TUR-XL,1,13257.96,33144.89,,33144.89
294,2024-02-17 14:30:00,19706758,Centro,Presencial,1,1,JOG-AZU-unico,1,16544.66,41361.66,,41361.66
294,2024-02-17 14:30:00,19706758,Centro,Presencial,1,1,GOR-GRI-XXL,1,11486.7,28716.74,,28716.74
294,2024-02-17 14:30:00,19706758,Centro,Presencial,1,1,JEA-NEG-M,2,8748.58,21871.44,,43742.88
295,2024-05-16 18:16:00,22425195,Shopping,Presencial,7,4,JOG-CEL-unico,1,16544.66,41361.66,,41361.66
295,2024-05-16 18:16:00,22425195,Shopping,Presencial,7,4,BUZ-AZU-M,1,11827.69,29569.23,,29569.23
295,2024-05-16 18:16:00,22425195,Shopping,Presencial,7,4,CIN-MAR-S,1,13257.96,33144.89,,33144.89
296,2025-04-11 03:54:00,20369856,Tienda Online,Web,10,3,CIN-MAR-L,1,13257.96,33144.89,,33144.89
296,2025-04-11 03:54:00,20369856,Tienda Online,Web,10,3,JEA-NEG-unico,2,8748.58,21871.44,,43742.88
297,2024-10-10 18:13:00,35442729,Centro,Presencial,1,1,SWE-MAR-L,1,13010.13,32525.33,,32525.33
297,2024-10-10 18:13:00,35442729,Centro,Presencial,1,1,REM-VIO-M,1,13071.19,32677.97,,32677.97
297,2024-10-10 18:13:00,35442729,Centro,Presencial,1,1,CIN-TUR-unico,1,13257.96,33144.89,,33144.89
297,2024-10-10 18:13:00,35442729,Centro,Presencial,1,1,SWE-MAR-L,1,13010.13,32525.33,,32525.33
297,2024-10-10 18:13:00,35442729,Centro,Presencial,1,1,MUS-AZU-unico,1,12928.22,32320.56,,32320.56
298,2024-12-28 00:15:00,17318490,Tienda Online,Web,9,1,GOR-GRI-XXL,1,11486.7,28716.74,,28716.74
298,2024-12-28 00:15:00,17318490,Tienda Online,Web,9,1,REM-BLA-XL,1,13071.19,32677.97,,32677.97
299,2025-08-26 14:51:00,19674106,Tienda Online,Web,9,1,GOR-ROJ-XXL,1,11486.7,28716.74,,28716.74
300,2024-03-05 13:17:00,16123174,Centro,Presencial,2,1,CIN-ROS-XXL,1,13257.96,33144.89,,33144.89
300,2024-03-05 13:17:00,16123174,Centro,Presencial,2,1,GOR-GRI-M,1,11486.7,28716.74,,28716.74
300,2024-03-05 13:17:00,16123174,Centro,Presencial,2,1,REM-CEL-XXL,1,13673.12,34182.8,,34182.8
301,2025-04-04 19:33:00,10770478,Centro,Presencial,2,5,CHU-NEG-XXL,2,13529.35,27735.17,10.0,55470.34
302,2024-07-19 14:56:00,13463607,Tienda Online,Web,9,4,JEA-NEG-unico,1,8748.58,21871.44,,21871.44
302,2024-07-19 14:56:00,13463607,Tienda Online,Web,9,4,JEA-LAV-L,1,8748.58,21871.44,,21871.44
302,2024-07-19 14:56:00,13463607,Tienda Online,Web,9,4,GOR-GRI-S,1,11486.7,28716.74,,28716.74
302,2024-07-19 14:56:00,13463607,Tienda Online,Web,9,4,CIN-MAR-S,1,13257.96,33144.89,,33144.89
303,2025-09-23 22:06:00,28610049,Tienda Online,Web,9,1,REM-VIO-XXL,1,13071.19,32677.97,,32677.97
304,2024-08-05 14:52:00,30196404,Centro,Presencial,2,4,JEA-NEG-unico,1,8748.58,21871.44,,21871.44
304,2024-08-05 14:52:00,30196404,Centro,Presencial,2,4,CHU-NEG-M,1,13529.35,33823.38,,33823.38
305,2025-08-05 18:22:00,37274929,Shopping,Presencial,7,5,REM-BLA-XL,1,13071.19,32677.97,,32677.97
305,2025-08-05 18:22:00,37274929,Shopping,Presencial,7,5,CHU-VER-L,1,13529.35,33823.38,,33823.38
305,2025-08-05 18:22:00,37274929,Shopping,Presencial,7,5,GOR-GRI-XXL,2,11486.7,28716.74,,57433.48
306,2025-04-16 10:42:00,32494103,Shopping,Presencial,7,5,CHU-VER-XL,1,13529.35,33823.38,,33823.38
306,2025-04-16 10:42:00,32494103,Shopping,Presencial,7,5,SWE-MAR-unico,1,13010.13,32525.33,,32525.33
307,2025-06-30 16:18:00,14598388,Norte,Presencial,6,1,CHU-NEG-S,1,13529.35,33823.38,,33823.38
307,2025-06-30 16:18:00,14598388,Norte,Presencial,6,1,GOR-GRI-unico,1,11486.7,28716.74,,28716.74
308,2025-05-27 17:11:00,18494838,Shopping,Presencial,7,4,CIN-MAR-S,1,13257.96,33144.89,,33144.89
308,2025-05-27 17:11:00,18494838,Shopping,Presencial,7,4,CHU-VER-L,1,13529.35,33823.38,,33823.38
308,2025-05-27 17:11:00,18494838,Shopping,Presencial,7,4,MUS-AZU-unico,1,12928.22,32320.56,,32320.56
309,2024-05-07 18:23:00,31231220,Tienda Online,Web,9,3,REM-CEL-XXL,1,13673.12,34182.8,,34182.8
310,2025-02-07 20:08:00,40890427,Tienda Online,Web,10,1,BUZ-AZU-M,1,11827.69,29569.23,,29569.23
310,2025-02-07 20:08:00,40890427,Tienda Online,Web,10,1,CIN-TUR-unico,1,13257.96,33144.89,,33144.89
310,2025-02-07 20:08:00,40890427,Tienda Online,Web,10,1,JOG-AZU-unico,1,16544.66,41361.66,,41361.66
310,2025-02-07 20:08:00,40890427,Tienda Online,Web,10,1,CIN-TUR-unico,1,13257.96,33144.89,,33144.89
310,2025-02-07 20:08:00,40890427,Tienda Online,Web,10,1,CIN-MAR-XL,1,13257.96,33144.89,,33144.89
311,2024-04-03 15:12:00,22425195,Shopping,Presencial,7,1,CHU-VER-XL,1,13529.35,33823.38,,33823.38
311,2024-04-03 15:12:00,22425195,Shopping,Presencial,7,1,JEA-LAV-unico,1,8748.58,21871.44,,21871.44
311,2024-04-03 15:12:00,22425195,Shopping,Presencial,7,1,CHU-NEG-M,1,13529.35,33823.38,,33823.38
311,2024-04-03 15:12:00,22425195,Shopping,Presencial,7,1,JEA-NEG-M,1,8748.58,21871.44,,21871.44
311,2024-04-03 15:12:00,22425195,Shopping,Presencial,7,1,CIN-MAR-S,2,13257.96,33144.89,,66289.78
312,2024-06-18 13:30:00,18792148,Norte,Presencial,4,2,GOR-GRI-XXL,2,11486.7,28716.74,,57433.48
312,2024-06-18 13:30:00,18792148,Norte,Presencial,4,2,CAM-BEI-L,1,14680.23,36700.58,,36700.58
313,2025-08-29 01:21:00,19674106,Tienda Online,Web,9,3,JOG-AZU-L,1,16544.66,41361.66,,41361.66
313,2025-08-29 01:21:00,19674106,Tienda Online,Web,9,3,JOG-CEL-unico,1,16544.66,41361.66,,41361.66
313,2025-08-29 01:21:00,19674106,Tienda Online,Web,9,3,CIN-TUR-XL,1,13257.96,33144.89,,33144.89
313,2025-08-29 01:21:00,19674106,Tienda Online,Web,9,3,BUZ-AZU-M,1,11827.69,29569.23,,29569.23
313,2025-08-29 01:21:00,19674106,Tienda Online,Web,9,3,REM-BLA-S,1,13071.19,32677.97,,32677.97
314,2024-12-21 15:01:00,15815848,Centro,Presencial,1,4,REM-TUR-S,1,13673.12,34182.8,,34182.8
314,2024-12-21 15:01:00,15815848,Centro,Presencial,1,4,MUS-AZU-unico,1,12928.22,32320.56,,32320.56
314,2024-12-21 15:01:00,15815848,Centro,Presencial,1,4,JEA-NEG-M,1,8748.58,21871.44,,21871.44
314,2024-12-21 15:01:00,15815848,Centro,Presencial,1,4,GOR-GRI-L,1,11486.7,28716.74,,28716.74
314,2024-12-21 15:01:00,15815848,Centro,Presencial,1,4,MUS-AZU-XXL,1,12928.22,32320.56,,32320.56
315,2025-07-07 12:55:00,26297346,Shopping,Presencial,7,3,CIN-ROS-XXL,1,13257.96,33144.89,,33144.89
315,2025-07-07 12:55:00,26297346,Shopping,Presencial,7,3,SWE-MAR-L,1,13010.13,16262.67,11.0,16262.67
315,2025-07-07 12:55:00,26297346,Shopping,Presencial,7,3,JEA-NEG-XL,1,8748.58,10935.72,11.0,10935.72
315,2025-07-07 12:55:00,26297346,Shopping,Presencial,7,3,REM-BLA-XL,1,13071.19,32677.97,,32677.97
316,2025-03-01 18:37:00,24580721,Norte,Presencial,5,1,REM-VIO-XXL,1,13071.19,32677.97,,32677.97
316,2025-03-01 18:37:00,24580721,Norte,Presencial,5,1,JOG-ÍND-XL,1,16544.66,24817.0,7.0,24817.0
316,2025-03-01 18:37:00,24580721,Norte,Presencial,5,1,SWE-AZU-S,1,13010.13,32525.33,,32525.33
317,2025-03-21 17:26:00,44304306,Tienda Online,Web,10,2,BUZ-AZU-M,1,11827.69,29569.23,,29569.23
317,2025-03-21 17:26:00,44304306,Tienda Online,Web,10,2,CHU-NEG-S,1,13529.35,20294.03,7.0,20294.03
317,2025-03-21 17:26:00,44304306,Tienda Online,Web,10,2,CIN-ROS-unico,1,13257.96,19886.93,7.0,19886.93
317,2025-03-21 17:26:00,44304306,Tienda Online,Web,10,2,CIN-MAR-M,1,13257.96,19886.93,7.0,19886.93
318,2024-05-03 19:17:00,18474473,Shopping,Presencial,7,1,GOR-GRI-S,1,11486.7,27916.74,12.0,27916.74
318,2024-05-03 19:17:00,18474473,Shopping,Presencial,7,1,JOG-AZU-unico,2,16544.66,41361.66,,82723.32
318,2024-05-03 19:17:00,18474473,Shopping,Presencial,7,1,GOR-GRI-unico,1,11486.7,28716.74,,28716.74
318,2024-05-03 19:17:00,18474473,Shopping,Presencial,7,1,MUS-CEL-S,1,12928.22,32320.56,,32320.56
318,2024-05-03 19:17:00,18474473,Shopping,Presencial,7,1,JOG-AZU-unico,2,16544.66,40561.66,12.0,81123.32
319,2025-05-16 09:07:00,33160875,Centro,Presencial,2,5,REM-TUR-S,1,13673.12,34182.8,,34182.8
319,2025-05-16 09:07:00,33160875,Centro,Presencial,2,5,MUS-CEL-M,1,12928.22,32320.56,,32320.56
319,2025-05-16 09:07:00,33160875,Centro,Presencial,2,5,CHU-ÍND-L,1,13529.35,33823.38,,33823.38
319,2025-05-16 09:07:00,33160875,Centro,Presencial,2,5,REM-VIO-XL,1,13071.19,32677.97,,32677.97
319,2025-05-16 09:07:00,33160875,Centro,Presencial,2,5,BUZ-AZU-M,1,11827.69,29569.23,,29569.23
320,2024-11-08 15:14:00,33606133,Shopping,Presencial,7,4,GOR-ROJ-S,1,11486.7,28716.74,,28716.74
320,2024-11-08 15:14:00,33606133,Shopping,Presencial,7,4,BUZ-AZU-M,1,11827.69,29569.23,,29569.23
320,2024-11-08 15:14:00,33606133,Shopping,Presencial,7,4,GOR-ROJ-S,1,11486.7,28716.74,,28716.74
320,2024-11-08 15:14:00,33606133,Shopping,Presencial,7,4,CHU-ÍND-L,2,13529.35,33823.38,,67646.76
321,2024-10-19 11:21:00,41996735,Shopping,Presencial,7,2,MUS-AZU-M,1,12928.22,32320.56,,32320.56
321,2024-10-19 11:21:00,41996735,Shopping,Presencial,7,2,CAM-CEL-XL,1,14680.23,36700.58,,36700.58
322,2025-03-14 23:21:00,19283286,Tienda Online,Web,10,2,CIN-TUR-unico,1,13257.96,19886.93,7.0,19886.93
323,2024-06-14 10:21:00,18494838,Norte,Presencial,5,1,SWE-AZU-S,1,13010.13,32525.33,,32525.33
323,2024-06-14 10:21:00,18494838,Norte,Presencial,5,1,GOR-GRI-M,1,11486.7,28716.74,,28716.74
323,2024-06-14 10:21:00,18494838,Norte,Presencial,5,1,CIN-MAR-L,1,13257.96,33144.89,,33144.89
323,2024-06-14 10:21:00,18494838,Norte,Presencial,5,1,CHU-ÍND-L,1,13529.35,33823.38,,33823.38
324,2025-08-02 17:50:00,22755970,Centro,Presencial,2,2,CIN-TUR-unico,1,13257.96,33144.89,,33144.89
324,2025-08-02 17:50:00,22755970,Centro,Presencial,2,2,CHU-NEG-S,1,13529.35,33823.38,,33823.38
324,2025-08-02 17:50:00,22755970,Centro,Presencial,2,2,REM-VIO-M,1,13071.19,32677.97,,32677.97
324,2025-08-02 17:50:00,22755970,Centro,Presencial,2,2,REM-TUR-S,2,13673.12,34182.8,,68365.6
324,2025-08-02 17:50:00,22755970,Centro,Presencial,2,2,MUS-AZU-unico,2,12928.22,32320.56,,64641.12
325,2024-09-13 13:29:00,12462702,Tienda Online,Web,9,5,REM-TUR-XXL,1,13673.12,34182.8,,34182.8
325,2024-09-13 13:29:00,12462702,Tienda Online,Web,9,5,REM-BLA-XL,2,13071.19,32677.97,,65355.94
325,2024-09-13 13:29:00,12462702,Tienda Online,Web,9,5,GOR-GRI-unico,1,11486.7,28716.74,,28716.74
325,2024-09-13 13:29:00,12462702,Tienda Online,Web,9,5,GOR-GRI-unico,2,11486.7,28716.74,,57433.48
325,2024-09-13 13:29:00,12462702,Tienda Online,Web,9,5,JOG-ÍND-S,1,16544.66,41361.66,,41361.66
326,2024-06-15 06:38:00,34898161,Tienda Online,Web,9,4,CHU-ÍND-L,1,13529.35,33823.38,,33823.38
326,2024-06-15 06:38:00,34898161,Tienda Online,Web,9,4,MUS-AZU-XXL,1,12928.22,32320.56,,32320.56
326,2024-06-15 06:38:00,34898161,Tienda Online,Web,9,4,GOR-GRI-XXL,1,11486.7,28716.74,,28716.74
327,2025-06-28 08:47:00,31630635,Tienda Online,Web,10,5,SWE-AZU-S,1,13010.13,32525.33,,32525.33
327,2025-06-28 08:47:00,31630635,Tienda Online,Web,10,5,JOG-AZU-unico,1,16544.66,41361.66,,41361.66
327,2025-06-28 08:47:00,31630635,Tienda Online,Web,10,5,GOR-GRI-XXL,1,11486.7,28716.74,,28716.74
327,2025-06-28 08:47:00,31630635,Tienda Online,Web,10,5,REM-VIO-L,1,13071.19,32677.97,,32677.97
328,2025-03-29 12:45:00,34041232,Norte,Presencial,6,2,CHU-NEG-XXL,1,13529.35,20294.03,7.0,20294.03
328,2025-03-29 12:45:00,34041232,Norte,Presencial,6,2,JEA-NEG-unico,1,8748.58,21871.44,,21871.44
328,2025-03-29 12:45:00,34041232,Norte,Presencial,6,2,GOR-GRI-L,1,11486.7,17230.04,7.0,17230.04
328,2025-03-29 12:45:00,34041232,Norte,Presencial,6,2,JOG-ÍND-S,1,16544.66,41361.66,,41361.66
329,2025-10-18 12:14:00,16244704,Centro,Presencial,2,2,CHU-NEG-XL,1,13529.35,33823.38,,33823.38
329,2025-10-18 12:14:00,16244704,Centro,Presencial,2,2,CHU-NEG-M,1,13529.35,33823.38,,33823.38
330,2024-04-26 02:40:00,35909306,Tienda Online,Web,9,4,REM-BLA-XL,1,13071.19,32677.97,,32677.97
330,2024-04-26 02:40:00,35909306,Tienda Online,Web,9,4,SWE-MAR-L,1,13010.13,32525.33,,32525.33
330,2024-04-26 02:40:00,35909306,Tienda Online,Web,9,4,CIN-TUR-XL,1,13257.96,33144.89,,33144.89
330,2024-04-26 02:40:00,35909306,Tienda Online,Web,9,4,CAM-CEL-XL,1,14680.23,36700.58,,36700.58
330,2024-04-26 02:40:00,35909306,Tienda Online,Web,9,4,CIN-MAR-S,1,13257.96,33144.89,,33144.89
331,2024-05-02 17:58:00,38127120,Shopping,Presencial,7,4,REM-BLA-XL,1,13071.19,32677.97,,32677.97
331,2024-05-02 17:58:00,38127120,Shopping,Presencial,7,4,CHU-NEG-M,1,13529.35,33023.38,12.0,33023.38
331,2024-05-02 17:58:00,38127120,Shopping,Presencial,7,4,BUZ-AZU-M,1,11827.69,28769.23,12.0,28769.23
331,2024-05-02 17:58:00,38127120,Shopping,Presencial,7,4,GOR-GRI-unico,1,11486.7,28716.74,,28716.74
331,2024-05-02 17:58:00,38127120,Shopping,Presencial,7,4,JOG-ÍND-XL,1,16544.66,41361.66,,41361.66
332,2024-09-06 12:08:00,36669833,Shopping,Presencial,7,4,CIN-MAR-M,1,13257.96,33144.89,,33144.89
332,2024-09-06 12:08:00,36669833,Shopping,Presencial,7,4,JOG-ÍND-XL,1,16544.66,41361.66,,41361.66
332,2024-09-06 12:08:00,36669833,Shopping,Presencial,7,4,CHU-NEG-S,1,13529.35,33823.38,,33823.38
332,2024-09-06 12:08:00,36669833,Shopping,Presencial,7,4,GOR-GRI-S,1,11486.7,28716.74,,28716.74
333,2025-07-05 13:36:00,31616558,Centro,Presencial,1,2,CHU-NEG-XXL,1,13529.35,33823.38,,33823.38
333,2025-07-05 13:36:00,31616558,Centro,Presencial,1,2,CHU-ÍND-XXL,1,13529.35,16911.69,11.0,16911.69
333,2025-07-05 13:36:00,31616558,Centro,Presencial,1,2,CIN-TUR-unico,1,13257.96,33144.89,,33144.89
333,2025-07-05 13:36:00,31616558,Centro,Presencial,1,2,CIN-MAR-L,1,13257.96,33144.89,,33144.89
334,2025-01-17 18:41:00,16100827,Norte,Presencial,4,4,REM-VIO-L,1,13071.19,32677.97,,32677.97
334,2025-01-17 18:41:00,16100827,Norte,Presencial,4,4,CHU-ÍND-XL,1,13529.35,33823.38,,33823.38
335,2024-11-29 11:25:00,40632634,Tienda Online,Web,10,3,SWE-MAR-L,2,13010.13,32525.33,,65050.66
335,2024-11-29 11:25:00,40632634,Tienda Online,Web,10,3,CHU-ÍND-XL,1,13529.35,33823.38,,33823.38
335,2024-11-29 11:25:00,40632634,Tienda Online,Web,10,3,JOG-ÍND-XL,1,16544.66,41361.66,,41361.66
335,2024-11-29 11:25:00,40632634,Tienda Online,Web,10,3,CIN-ROS-XXL,2,13257.96,33144.89,,66289.78
335,2024-11-29 11:25:00,40632634,Tienda Online,Web,10,3,JEA-LAV-unico,1,8748.58,21871.44,,21871.44
336,2024-12-28 09:42:00,33811900,Tienda Online,Web,10,3,REM-VIO-XL,1,13071.19,32677.97,,32677.97
336,2024-12-28 09:42:00,33811900,Tienda Online,Web,10,3,CHU-VER-XL,1,13529.35,33823.38,,33823.38
336,2024-12-28 09:42:00,33811900,Tienda Online,Web,10,3,MUS-AZU-XXL,1,12928.22,32320.56,,32320.56
336,2024-12-28 09:42:00,33811900,Tienda Online,Web,10,3,GOR-GRI-unico,1,11486.7,28716.74,,28716.74
337,2025-03-13 15:54:00,27675739,Shopping,Presencial,7,1,JEA-NEG-unico,1,8748.58,21871.44,,21871.44
337,2025-03-13 15:54:00,27675739,Shopping,Presencial,7,1,GOR-GRI-L,1,11486.7,28716.74,,28716.74
337,2025-03-13 15:54:00,27675739,Shopping,Presencial,7,1,CHU-ÍND-XL,1,13529.35,33823.38,,33823.38
338,2025-06-03 17:46:00,26871415,Tienda Online,Web,9,4,REM-CEL-XXL,1,13673.12,34182.8,,34182.8
338,2025-06-03 17:46:00,26871415,Tienda Online,Web,9,4,JOG-AZU-unico,1,16544.66,41361.66,,41361.66
339,2025-05-13 02:43:00,39651079,Tienda Online,Web,10,2,REM-VIO-XL,1,13071.19,32677.97,,32677.97
340,2024-12-31 00:53:00,25145607,Tienda Online,Web,9,5,CHU-ÍND-XL,1,13529.35,33823.38,,33823.38
341,2024-08-09 13:13:00,11723249,Norte,Presencial,5,4,MUS-CEL-S,1,12928.22,32320.56,,32320.56
341,2024-08-09 13:13:00,11723249,Norte,Presencial,5,4,JEA-LAV-unico,1,8748.58,21871.44,,21871.44
342,2025-08-11 11:06:00,32199028,Tienda Online,Web,10,4,GOR-ROJ-S,1,11486.7,28716.74,,28716.74
342,2025-08-11 11:06:00,32199028,Tienda Online,Web,10,4,CIN-MAR-L,1,13257.96,33144.89,,33144.89
342,2025-08-11 11:06:00,32199028,Tienda Online,Web,10,4,GOR-ROJ-L,1,11486.7,28716.74,,28716.74
342,2025-08-11 11:06:00,32199028,Tienda Online,Web,10,4,GOR-ROJ-XXL,1,11486.7,28716.74,,28716.74
342,2025-08-11 11:06:00,32199028,Tienda Online,Web,10,4,CIN-MAR-S,1,13257.96,33144.89,,33144.89
343,2024-06-15 10:31:00,10934065,Shopping,Presencial,7,3,JOG-AZU-unico,1,16544.66,41361.66,,41361.66
343,2024-06-15 10:31:00,10934065,Shopping,Presencial,7,3,REM-TUR-XXL,1,13673.12,34182.8,,34182.8
343,2024-06-15 10:31:00,10934065,Shopping,Presencial,7,3,JEA-LAV-L,1,8748.58,21871.44,,21871.44
343,2024-06-15 10:31:00,10934065,Shopping,Presencial,7,3,GOR-GRI-L,1,11486.7,28716.74,,28716.74
344,2024-12-13 16:17:00,40514355,Tienda Online,Web,10,1,GOR-ROJ-S,1,11486.7,28716.74,,28716.74
344,2024-12-13 16:17:00,40514355,Tienda Online,Web,10,1,REM-TUR-S,1,13673.12,34182.8,,34182.8
344,2024-12-13 16:17:00,40514355,Tienda Online,Web,10,1,JEA-LAV-unico,1,8748.58,21871.44,,21871.44
345,2024-06-26 15:39:00,30854088,Norte,Presencial,6,2,BUZ-AZU-unico,1,11827.69,29569.23,,29569.23
346,2025-06-30 13:38:00,14695862,Shopping,Presencial,7,5,CHU-VER-L,1,13529.35,33823.38,,33823.38
346,2025-06-30 13:38:00,14695862,Shopping,Presencial,7,5,CHU-VER-S,1,13529.35,33823.38,,33823.38
346,2025-06-30 13:38:00,14695862,Shopping,Presencial,7,5,JEA-LAV-L,1,8748.58,21871.44,,21871.44
346,2025-06-30 13:38:00,14695862,Shopping,Presencial,7,5,GOR-GRI-S,1,11486.7,28716.74,,28716.74
347,2024-05-29 00:39:00,24377188,Tienda Online,Web,9,1,MUS-AZU-XXL,1,12928.22,31520.56,12.0,31520.56
347,2024-05-29 00:39:00,24377188,Tienda Online,Web,9,1,REM-TUR-XXL,1,13673.12,33382.8,12.0,33382.8
348,2024-08-10 17:30:00,28086578,Norte,Presencial,5,4,JOG-ÍND-M,1,16544.66,41361.66,,41361.66
349,2024-05-10 09:05:00,17728908,Tienda Online,Web,9,4,CIN-ROS-XXL,1,13257.96,33144.89,,33144.89
349,2024-05-10 09:05:00,17728908,Tienda Online,Web,9,4,JOG-ÍND-M,1,16544.66,41361.66,,41361.66
349,2024-05-10 09:05:00,17728908,Tienda Online,Web,9,4,MUS-CEL-S,2,12928.22,32320.56,,64641.12
349,2024-05-10 09:05:00,17728908,Tienda Online,Web,9,4,SWE-MAR-L,1,13010.13,32525.33,,32525.33
349,2024-05-10 09:05:00,17728908,Tienda Online,Web,9,4,REM-VIO-M,1,13071.19,32677.97,,32677.97
350,2025-11-15 17:04:00,28427922,Shopping,Presencial,7,3,REM-VIO-XXL,1,13071.19,32677.97,,32677.97
350,2025-11-15 17:04:00,28427922,Shopping,Presencial,7,3,MUS-CEL-XXL,1,12928.22,32320.56,,32320.56
351,2025-08-14 12:43:00,38396306,Centro,Presencial,1,2,REM-TUR-XXL,1,13673.12,34182.8,,34182.8
351,2025-08-14 12:43:00,38396306,Centro,Presencial,1,2,JOG-AZU-XXL,1,16544.66,41361.66,,41361.66
351,2025-08-14 12:43:00,38396306,Centro,Presencial,1,2,SWE-AZU-S,1,13010.13,32525.33,,32525.33
352,2025-02-08 17:06:00,34546748,Centro,Presencial,1,2,JEA-NEG-M,1,8748.58,21871.44,,21871.44
353,2024-08-31 19:40:00,39176602,Shopping,Presencial,7,1,CIN-MAR-M,1,13257.96,33144.89,,33144.89
353,2024-08-31 19:40:00,39176602,Shopping,Presencial,7,1,MUS-AZU-unico,1,12928.22,32320.56,,32320.56
354,2025-06-21 14:55:00,16381102,Shopping,Presencial,7,4,SWE-AZU-S,1,13010.13,32525.33,,32525.33
355,2024-12-12 16:28:00,34546748,Centro,Presencial,1,3,SWE-MAR-M,1,13010.13,32525.33,,32525.33
355,2024-12-12 16:28:00,34546748,Centro,Presencial,1,3,JOG-CEL-unico,1,16544.66,41361.66,,41361.66
356,2025-09-24 18:27:00,39738000,Shopping,Presencial,7,1,JOG-AZU-XL,1,16544.66,41361.66,,41361.66
356,2025-09-24 18:27:00,39738000,Shopping,Presencial,7,1,SWE-MAR-M,1,13010.13,32525.33,,32525.33
356,2025-09-24 18:27:00,39738000,Shopping,Presencial,7,1,CAM-BLA-XL,1,14680.23,36700.58,,36700.58
356,2025-09-24 18:27:00,39738000,Shopping,Presencial,7,1,CAM-BLA-M,1,14680.23,36700.58,,36700.58
357,2025-04-18 18:23:00,20267062,Tienda Online,Web,10,2,MUS-AZU-M,1,12928.22,32320.56,,32320.56
357,2025-04-18 18:23:00,20267062,Tienda Online,Web,10,2,SWE-AZU-S,1,13010.13,26670.77,10.0,26670.77
357,2025-04-18 18:23:00,20267062,Tienda Online,Web,10,2,REM-CEL-XXL,1,13673.12,28029.9,10.0,28029.9
357,2025-04-18 18:23:00,20267062,Tienda Online,Web,10,2,MUS-CEL-S,1,12928.22,26502.86,10.0,26502.86
357,2025-04-18 18:23:00,20267062,Tienda Online,Web,10,2,CAM-BLA-M,1,14680.23,36700.58,,36700.58
358,2025-05-13 13:22:00,40793026,Shopping,Presencial,7,3,SWE-MAR-unico,1,13010.13,32525.33,,32525.33
358,2025-05-13 13:22:00,40793026,Shopping,Presencial,7,3,CIN-MAR-S,2,13257.96,33144.89,,66289.78
358,2025-05-13 13:22:00,40793026,Shopping,Presencial,7,3,BUZ-AZU-M,1,11827.69,29569.23,,29569.23
358,2025-05-13 13:22:00,40793026,Shopping,Presencial,7,3,CIN-ROS-unico,1,13257.96,33144.89,,33144.89
358,2025-05-13 13:22:00,40793026,Shopping,Presencial,7,3,JOG-AZU-XL,1,16544.66,41361.66,,41361.66
359,2025-05-31 16:05:00,40514355,Shopping,Presencial,7,1,REM-VIO-XXL,1,13071.19,32677.97,,32677.97
359,2025-05-31 16:05:00,40514355,Shopping,Presencial,7,1,CAM-BEI-S,1,14680.23,36700.58,,36700.58
359,2025-05-31 16:05:00,40514355,Shopping,Presencial,7,1,CHU-NEG-S,2,13529.35,33823.38,,67646.76
359,2025-05-31 16:05:00,40514355,Shopping,Presencial,7,1,MUS-CEL-S,1,12928.22,32320.56,,32320.56
359,2025-05-31 16:05:00,40514355,Shopping,Presencial,7,1,JOG-CEL-unico,1,16544.66,41361.66,,41361.66
360,2025-04-18 18:43:00,19179099,Shopping,Presencial,7,2,GOR-GRI-S,1,11486.7,28716.74,,28716.74
361,2024-11-11 10:46:00,39651079,Shopping,Presencial,7,2,JOG-AZU-unico,1,16544.66,41361.66,,41361.66
361,2024-11-11 10:46:00,39651079,Shopping,Presencial,7,2,SWE-MAR-L,2,13010.13,32525.33,,65050.66
361,2024-11-11 10:46:00,39651079,Shopping,Presencial,7,2,CAM-BEI-L,2,14680.23,36700.58,,73401.16
361,2024-11-11 10:46:00,39651079,Shopping,Presencial,7,2,JOG-CEL-unico,1,16544.66,41361.66,,41361.66
361,2024-11-11 10:46:00,39651079,Shopping,Presencial,7,2,JOG-CEL-unico,1,16544.66,41361.66,,41361.66
362,2024-11-15 14:31:00,25333944,Shopping,Presencial,7,2,GOR-ROJ-S,2,11486.7,28716.74,,57433.48
362,2024-11-15 14:31:00,25333944,Shopping,Presencial,7,2,CHU-ÍND-L,1,13529.35,33823.38,,33823.38
362,2024-11-15 14:31:00,25333944,Shopping,Presencial,7,2,CAM-BEI-L,1,14680.23,36700.58,,36700.58
362,2024-11-15 14:31:00,25333944,Shopping,Presencial,7,2,JOG-ÍND-XL,1,16544.66,41361.66,,41361.66
363,2025-02-27 17:50:00,29911725,Norte,Presencial,4,3,JEA-NEG-unico,1,8748.58,21871.44,,21871.44
363,2025-02-27 17:50:00,29911725,Norte,Presencial,4,3,CHU-VER-L,1,13529.35,33823.38,,33823.38
363,2025-02-27 17:50:00,29911725,Norte,Presencial,4,3,CIN-TUR-XL,2,13257.96,33144.89,,66289.78
364,2025-09-27 17:27:00,25534107,Tienda Online,Web,9,5,REM-VIO-M,1,13071.19,21240.68,8.0,21240.68
365,2024-06-26 13:22:00,26871415,Shopping,Presencial,7,1,CHU-VER-XL,1,13529.35,33823.38,,33823.38
365,2024-06-26 13:22:00,26871415,Shopping,Presencial,7,1,JOG-ÍND-S,1,16544.66,41361.66,,41361.66
365,2024-06-26 13:22:00,26871415,Shopping,Presencial,7,1,JEA-NEG-M,1,8748.58,21871.44,,21871.44
365,2024-06-26 13:22:00,26871415,Shopping,Presencial,7,1,GOR-GRI-M,1,11486.7,28716.74,,28716.74
365,2024-06-26 13:22:00,26871415,Shopping,Presencial,7,1,MUS-AZU-XXL,1,12928.22,32320.56,,32320.56
366,2025-06-30 15:30:00,39176602,Shopping,Presencial,7,1,GOR-GRI-unico,1,11486.7,28716.74,,28716.74
366,2025-06-30 15:30:00,39176602,Shopping,Presencial,7,1,JEA-LAV-unico,1,8748.58,21871.44,,21871.44
366,2025-06-30 15:30:00,39176602,Shopping,Presencial,7,1,CHU-NEG-XL,1,13529.35,33823.38,,33823.38
367,2025-10-04 21:38:00,18293899,Tienda Online,Web,9,4,GOR-GRI-XXL,1,11486.7,28716.74,,28716.74
367,2025-10-04 21:38:00,18293899,Tienda Online,Web,9,4,JEA-NEG-XL,1,8748.58,21871.44,,21871.44
367,2025-10-04 21:38:00,18293899,Tienda Online,Web,9,4,JEA-NEG-XL,1,8748.58,21871.44,,21871.44
368,2025-06-06 18:49:00,27753960,Norte,Presencial,4,1,CAM-BEI-unico,1,14680.23,36700.58,,36700.58
368,2025-06-06 18:49:00,27753960,Norte,Presencial,4,1,CHU-ÍND-XXL,1,13529.35,33823.38,,33823.38
368,2025-06-06 18:49:00,27753960,Norte,Presencial,4,1,MUS-AZU-unico,1,12928.22,32320.56,,32320.56
368,2025-06-06 18:49:00,27753960,Norte,Presencial,4,1,REM-VIO-XL,1,13071.19,32677.97,,32677.97
369,2024-12-17 11:13:00,20565131,Norte,Presencial,5,4,CAM-BLA-M,1,14680.23,36700.58,,36700.58
369,2024-12-17 11:13:00,20565131,Norte,Presencial,5,4,SWE-MAR-M,1,13010.13,32525.33,,32525.33
370,2025-05-29 08:24:00,17254174,Tienda Online,Web,10,1,CAM-BLA-S,1,14680.23,36700.58,,36700.58
370,2025-05-29 08:24:00,17254174,Tienda Online,Web,10,1,MUS-AZU-XXL,1,12928.22,32320.56,,32320.56
370,2025-05-29 08:24:00,17254174,Tienda Online,Web,10,1,GOR-ROJ-S,1,11486.7,28716.74,,28716.74
370,2025-05-29 08:24:00,17254174,Tienda Online,Web,10,1,BUZ-AZU-L,1,11827.69,29569.23,,29569.23
371,2024-01-31 14:12:00,31231220,Shopping,Presencial,7,3,JEA-LAV-L,1,8748.58,21871.44,,21871.44
371,2024-01-31 14:12:00,31231220,Shopping,Presencial,7,3,CIN-MAR-M,1,13257.96,33144.89,,33144.89
371,2024-01-31 14:12:00,31231220,Shopping,Presencial,7,3,GOR-GRI-M,1,11486.7,28716.74,,28716.74
371,2024-01-31 14:12:00,31231220,Shopping,Presencial,7,3,CIN-MAR-S,1,13257.96,33144.89,,33144.89
371,2024-01-31 14:12:00,31231220,Shopping,Presencial,7,3,MUS-AZU-unico,1,12928.22,32320.56,,32320.56
372,2025-10-03 13:54:00,38153498,Shopping,Presencial,7,3,SWE-MAR-unico,1,13010.13,32525.33,,32525.33
372,2025-10-03 13:54:00,38153498,Shopping,Presencial,7,3,GOR-GRI-M,1,11486.7,28716.74,,28716.74
372,2025-10-03 13:54:00,38153498,Shopping,Presencial,7,3,JOG-CEL-unico,1,16544.66,41361.66,,41361.66
373,2025-05-10 22:48:00,32833825,Tienda Online,Web,9,4,MUS-AZU-unico,1,12928.22,32320.56,,32320.56
373,2025-05-10 22:48:00,32833825,Tienda Online,Web,9,4,MUS-CEL-S,1,12928.22,32320.56,,32320.56
373,2025-05-10 22:48:00,32833825,Tienda Online,Web,9,4,CAM-BLA-XL,1,14680.23,36700.58,,36700.58
374,2024-03-15 13:37:00,27044130,Centro,Presencial,2,3,CAM-BEI-L,1,14680.23,36700.58,,36700.58
375,2024-06-17 12:59:00,36200760,Tienda Online,Web,10,3,GOR-GRI-M,1,11486.7,28716.74,,28716.74
375,2024-06-17 12:59:00,36200760,Tienda Online,Web,10,3,CHU-ÍND-L,1,13529.35,33823.38,,33823.38
375,2024-06-17 12:59:00,36200760,Tienda Online,Web,10,3,GOR-ROJ-unico,1,11486.7,28716.74,,28716.74
375,2024-06-17 12:59:00,36200760,Tienda Online,Web,10,3,REM-CEL-XXL,1,13673.12,34182.8,,34182.8
375,2024-06-17 12:59:00,36200760,Tienda Online,Web,10,3,GOR-GRI-XXL,1,11486.7,28716.74,,28716.74
376,2024-05-15 14:55:00,19706758,Shopping,Presencial,7,3,JOG-AZU-unico,2,16544.66,41361.66,,82723.32
376,2024-05-15 14:55:00,19706758,Shopping,Presencial,7,3,JOG-ÍND-XL,1,16544.66,41361.66,,41361.66
376,2024-05-15 14:55:00,19706758,Shopping,Presencial,7,3,SWE-MAR-L,1,13010.13,32525.33,,32525.33
377,2025-10-21 12:50:00,16604711,Shopping,Presencial,7,3,MUS-AZU-unico,1,12928.22,32320.56,,32320.56
377,2025-10-21 12:50:00,16604711,Shopping,Presencial,7,3,GOR-GRI-L,2,11486.7,28716.74,,57433.48
378,2025-03-22 07:45:00,10949480,Tienda Online,Web,9,2,CHU-ÍND-L,2,13529.35,33823.38,,67646.76
378,2025-03-22 07:45:00,10949480,Tienda Online,Web,9,2,CAM-BEI-L,1,14680.23,36700.58,,36700.58
378,2025-03-22 07:45:00,10949480,Tienda Online,Web,9,2,CAM-BLA-XL,1,14680.23,36700.58,,36700.58
378,2025-03-22 07:45:00,10949480,Tienda Online,Web,9,2,CIN-MAR-S,1,13257.96,33144.89,,33144.89
379,2025-09-19 14:40:00,34929174,Tienda Online,Web,9,2,REM-BLA-XL,1,13071.19,32677.97,,32677.97
379,2025-09-19 14:40:00,34929174,Tienda Online,Web,9,2,MUS-CEL-XXL,1,12928.22,32320.56,,32320.56
379,2025-09-19 14:40:00,34929174,Tienda Online,Web,9,2,JEA-NEG-unico,1,8748.58,21871.44,,21871.44
380,2024-11-01 14:02:00,23309686,Tienda Online,Web,10,4,JEA-NEG-unico,1,8748.58,21871.44,,21871.44
380,2024-11-01 14:02:00,23309686,Tienda Online,Web,10,4,JEA-LAV-unico,1,8748.58,21871.44,,21871.44
381,2025-03-15 20:40:00,26161813,Tienda Online,Web,9,5,JEA-LAV-unico,1,8748.58,13122.86,7.0,13122.86
381,2025-03-15 20:40:00,26161813,Tienda Online,Web,9,5,GOR-ROJ-unico,1,11486.7,17230.04,7.0,17230.04
381,2025-03-15 20:40:00,26161813,Tienda Online,Web,9,5,GOR-GRI-unico,1,11486.7,17230.04,7.0,17230.04
381,2025-03-15 20:40:00,26161813,Tienda Online,Web,9,5,JOG-ÍND-XL,1,16544.66,24817.0,7.0,24817.0
381,2025-03-15 20:40:00,26161813,Tienda Online,Web,9,5,REM-CEL-XXL,1,13673.12,34182.8,,34182.8
382,2025-10-22 07:35:00,17157379,Tienda Online,Web,9,2,CHU-ÍND-XL,2,13529.35,33823.38,,67646.76
383,2025-08-16 16:43:00,29302634,Tienda Online,Web,10,3,SWE-MAR-unico,1,13010.13,32525.33,,32525.33
383,2025-08-16 16:43:00,29302634,Tienda Online,Web,10,3,REM-VIO-XXL,1,13071.19,32677.97,,32677.97
384,2025-05-22 13:27:00,12409147,Tienda Online,Web,9,5,MUS-CEL-M,1,12928.22,32320.56,,32320.56
384,2025-05-22 13:27:00,12409147,Tienda Online,Web,9,5,REM-VIO-XXL,1,13071.19,32677.97,,32677.97
384,2025-05-22 13:27:00,12409147,Tienda Online,Web,9,5,SWE-MAR-L,2,13010.13,22767.73,5.0,45535.46
384,2025-05-22 13:27:00,12409147,Tienda Online,Web,9,5,REM-VIO-XL,1,13071.19,32677.97,,32677.97
384,2025-05-22 13:27:00,12409147,Tienda Online,Web,9,5,CAM-BEI-L,1,14680.23,36700.58,,36700.58
385,2025-03-14 09:55:00,38870188,Norte,Presencial,4,5,CIN-MAR-S,1,13257.96,19886.93,7.0,19886.93
385,2025-03-14 09:55:00,38870188,Norte,Presencial,4,5,MUS-CEL-S,1,12928.22,32320.56,,32320.56
385,2025-03-14 09:55:00,38870188,Norte,Presencial,4,5,GOR-GRI-unico,1,11486.7,28716.74,,28716.74
385,2025-03-14 09:55:00,38870188,Norte,Presencial,4,5,CHU-VER-L,1,13529.35,20294.03,7.0,20294.03
386,2024-04-02 11:03:00,43334803,Tienda Online,Web,9,2,JEA-LAV-L,1,8748.58,21871.44,,21871.44
387,2024-03-29 13:06:00,10934065,Tienda Online,Web,9,5,GOR-GRI-XXL,1,11486.7,28716.74,,28716.74
387,2024-03-29 13:06:00,10934065,Tienda Online,Web,9,5,CHU-NEG-M,2,13529.35,33823.38,,67646.76
387,2024-03-29 13:06:00,10934065,Tienda Online,Web,9,5,CHU-VER-XL,1,13529.35,33823.38,,33823.38
387,2024-03-29 13:06:00,10934065,Tienda Online,Web,9,5,CHU-VER-XL,1,13529.35,33823.38,,33823.38
388,2024-11-05 10:33:00,19706758,Tienda Online,Web,9,3,MUS-AZU-unico,2,12928.22,32320.56,,64641.12
389,2024-01-16 17:29:00,17019579,Norte,Presencial,4,5,SWE-AZU-S,1,13010.13,32525.33,,32525.33
389,2024-01-16 17:29:00,17019579,Norte,Presencial,4,5,GOR-GRI-S,1,11486.7,28716.74,,28716.74
389,2024-01-16 17:29:00,17019579,Norte,Presencial,4,5,BUZ-AZU-M,1,11827.69,29569.23,,29569.23
389,2024-01-16 17:29:00,17019579,Norte,Presencial,4,5,MUS-AZU-unico,1,12928.22,32320.56,,32320.56
389,2024-01-16 17:29:00,17019579,Norte,Presencial,4,5,REM-TUR-XXL,1,13673.12,34182.8,,34182.8
390,2025-03-25 12:32:00,38751707,Shopping,Presencial,7,2,SWE-MAR-unico,1,13010.13,19515.2,7.0,19515.2
391,2025-07-25 10:11:00,23048327,Tienda Online,Web,9,1,SWE-MAR-M,2,13010.13,32525.33,,65050.66
392,2025-03-11 19:09:00,30075901,Norte,Presencial,4,5,GOR-GRI-XXL,1,11486.7,28716.74,,28716.74
392,2025-03-11 19:09:00,30075901,Norte,Presencial,4,5,REM-VIO-XXL,1,13071.19,32677.97,,32677.97
392,2025-03-11 19:09:00,30075901,Norte,Presencial,4,5,JOG-CEL-unico,1,16544.66,41361.66,,41361.66
392,2025-03-11 19:09:00,30075901,Norte,Presencial,4,5,CIN-MAR-S,1,13257.96,33144.89,,33144.89
393,2025-08-09 14:37:00,20504726,Shopping,Presencial,7,4,REM-BLA-unico,1,13071.19,32677.97,,32677.97
393,2025-08-09 14:37:00,20504726,Shopping,Presencial,7,4,CIN-TUR-XL,2,13257.96,33144.89,,66289.78
394,2025-03-07 13:54:00,25145607,Shopping,Presencial,7,5,CAM-BEI-L,1,14680.23,36700.58,,36700.58
394,2025-03-07 13:54:00,25145607,Shopping,Presencial,7,5,MUS-AZU-M,1,12928.22,32320.56,,32320.56
394,2025-03-07 13:54:00,25145607,Shopping,Presencial,7,5,GOR-GRI-S,1,11486.7,28716.74,,28716.74
395,2024-06-18 13:57:00,22874170,Shopping,Presencial,7,1,GOR-ROJ-unico,1,11486.7,28716.74,,28716.74
396,2025-06-27 16:04:00,12756102,Centro,Presencial,1,1,CHU-NEG-M,1,13529.35,33823.38,,33823.38
396,2025-06-27 16:04:00,12756102,Centro,Presencial,1,1,CHU-NEG-XXL,1,13529.35,33823.38,,33823.38
396,2025-06-27 16:04:00,12756102,Centro,Presencial,1,1,JOG-AZU-XL,1,16544.66,41361.66,,41361.66
397,2025-01-03 09:06:00,26764226,Shopping,Presencial,7,3,CIN-TUR-unico,1,13257.96,33144.89,,33144.89
397,2025-01-03 09:06:00,26764226,Shopping,Presencial,7,3,REM-TUR-XXL,1,13673.12,34182.8,,34182.8
397,2025-01-03 09:06:00,26764226,Shopping,Presencial,7,3,JEA-LAV-unico,1,8748.58,21871.44,,21871.44
397,2025-01-03 09:06:00,26764226,Shopping,Presencial,7,3,CHU-NEG-S,2,13529.35,33823.38,,67646.76
398,2025-06-26 11:19:00,16884540,Norte,Presencial,5,2,CAM-BLA-S,1,14680.23,36700.58,,36700.58
398,2025-06-26 11:19:00,16884540,Norte,Presencial,5,2,SWE-MAR-L,2,13010.13,32525.33,,65050.66
398,2025-06-26 11:19:00,16884540,Norte,Presencial,5,2,REM-BLA-XL,1,13071.19,32677.97,,32677.97
398,2025-06-26 11:19:00,16884540,Norte,Presencial,5,2,CAM-BEI-unico,1,14680.23,36700.58,,36700.58
399,2025-01-09 00:38:00,25273674,Tienda Online,Web,10,5,REM-VIO-M,2,13071.19,32677.97,,65355.94
399,2025-01-09 00:38:00,25273674,Tienda Online,Web,10,5,CHU-ÍND-L,1,13529.35,33823.38,,33823.38
399,2025-01-09 00:38:00,25273674,Tienda Online,Web,10,5,CHU-NEG-S,2,13529.35,33823.38,,67646.76
400,2025-07-27 19:29:00,44107468,Tienda Online,Web,9,4,MUS-CEL-M,1,12928.22,32320.56,,32320.56
400,2025-07-27 19:29:00,44107468,Tienda Online,Web,9,4,CAM-BEI-unico,1,14680.23,36700.58,,36700.58
400,2025-07-27 19:29:00,44107468,Tienda Online,Web,9,4,CAM-BEI-S,1,14680.23,36700.58,,36700.58
400,2025-07-27 19:29:00,44107468,Tienda Online,Web,9,4,JOG-AZU-XXL,1,16544.66,41361.66,,41361.66
400,2025-07-27 19:29:00,44107468,Tienda Online,Web,9,4,CIN-ROS-XXL,1,13257.96,33144.89,,33144.89
401,2024-06-11 14:09:00,26764226,Norte,Presencial,6,1,CHU-VER-XL,2,13529.35,33823.38,,67646.76
402,2025-06-27 17:32:00,29911725,Centro,Presencial,1,2,CIN-MAR-XL,1,13257.96,33144.89,,33144.89
402,2025-06-27 17:32:00,29911725,Centro,Presencial,1,2,CAM-BLA-M,1,14680.23,36700.58,,36700.58
402,2025-06-27 17:32:00,29911725,Centro,Presencial,1,2,MUS-CEL-S,1,12928.22,32320.56,,32320.56
402,2025-06-27 17:32:00,29911725,Centro,Presencial,1,2,CIN-MAR-M,1,13257.96,33144.89,,33144.89
403,2024-02-15 15:36:00,23771113,Shopping,Presencial,7,5,CHU-NEG-S,2,13529.35,33823.38,,67646.76
404,2025-02-24 02:58:00,12701677,Tienda Online,Web,9,4,CAM-BLA-M,1,14680.23,36700.58,,36700.58
405,2024-01-27 10:39:00,30279639,Tienda Online,Web,10,2,JEA-NEG-M,1,8748.58,21871.44,,21871.44
405,2024-01-27 10:39:00,30279639,Tienda Online,Web,10,2,SWE-MAR-L,1,13010.13,32525.33,,32525.33
406,2024-07-11 11:41:00,28124922,Centro,Presencial,2,1,GOR-GRI-XXL,1,11486.7,28716.74,,28716.74
406,2024-07-11 11:41:00,28124922,Centro,Presencial,2,1,CHU-VER-XL,1,13529.35,33823.38,,33823.38
406,2024-07-11 11:41:00,28124922,Centro,Presencial,2,1,GOR-GRI-XXL,1,11486.7,28716.74,,28716.74
406,2024-07-11 11:41:00,28124922,Centro,Presencial,2,1,JEA-LAV-unico,2,8748.58,21871.44,,43742.88
406,2024-07-11 11:41:00,28124922,Centro,Presencial,2,1,JOG-AZU-XXL,1,16544.66,41361.66,,41361.66
407,2025-03-14 14:46:00,32279787,Norte,Presencial,4,4,REM-TUR-XXL,1,13673.12,34182.8,,34182.8
407,2025-03-14 14:46:00,32279787,Norte,Presencial,4,4,REM-VIO-XL,1,13071.19,19606.78,7.0,19606.78
408,2025-09-05 19:44:00,39766964,Shopping,Presencial,7,4,CAM-BEI-unico,1,14680.23,36700.58,,36700.58
408,2025-09-05 19:44:00,39766964,Shopping,Presencial,7,4,CIN-ROS-L,1,13257.96,33144.89,,33144.89
408,2025-09-05 19:44:00,39766964,Shopping,Presencial,7,4,GOR-ROJ-XXL,1,11486.7,25270.73,6.0,25270.73
409,2025-05-05 16:56:00,14041987,Norte,Presencial,4,2,CIN-TUR-unico,1,13257.96,33144.89,,33144.89
409,2025-05-05 16:56:00,14041987,Norte,Presencial,4,2,JEA-NEG-unico,2,8748.58,21871.44,,43742.88
410,2025-09-26 14:38:00,12497263,Shopping,Presencial,7,3,REM-VIO-L,1,13071.19,21240.68,8.0,21240.68
410,2025-09-26 14:38:00,12497263,Shopping,Presencial,7,3,SWE-MAR-L,1,13010.13,32525.33,,32525.33
410,2025-09-26 14:38:00,12497263,Shopping,Presencial,7,3,CAM-BEI-S,1,14680.23,23855.38,8.0,23855.38
410,2025-09-26 14:38:00,12497263,Shopping,Presencial,7,3,BUZ-AZU-unico,1,11827.69,29569.23,,29569.23
411,2024-03-18 14:09:00,14041987,Shopping,Presencial,7,4,CIN-ROS-XXL,1,13257.96,33144.89,,33144.89
411,2024-03-18 14:09:00,14041987,Shopping,Presencial,7,4,JOG-ÍND-XL,1,16544.66,41361.66,,41361.66
411,2024-03-18 14:09:00,14041987,Shopping,Presencial,7,4,CIN-MAR-L,1,13257.96,33144.89,,33144.89
411,2024-03-18 14:09:00,14041987,Shopping,Presencial,7,4,SWE-MAR-L,1,13010.13,32525.33,,32525.33
411,2024-03-18 14:09:00,14041987,Shopping,Presencial,7,4,CIN-TUR-unico,1,13257.96,33144.89,,33144.89
412,2024-12-30 13:01:00,16194045,Norte,Presencial,5,1,CAM-BLA-M,1,14680.23,36700.58,,36700.58
412,2024-12-30 13:01:00,16194045,Norte,Presencial,5,1,GOR-ROJ-S,1,11486.7,28716.74,,28716.74
412,2024-12-30 13:01:00,16194045,Norte,Presencial,5,1,SWE-MAR-unico,1,13010.13,32525.33,,32525.33
412,2024-12-30 13:01:00,16194045,Norte,Presencial,5,1,CAM-CEL-XL,1,14680.23,36700.58,,36700.58
412,2024-12-30 13:01:00,16194045,Norte,Presencial,5,1,JOG-ÍND-M,1,16544.66,41361.66,,41361.66
413,2025-06-14 15:28:00,43875089,Shopping,Presencial,7,4,CHU-NEG-M,1,13529.35,33823.38,,33823.38
414,2025-03-31 00:00:00,41996735,Tienda Online,Web,10,2,CHU-ÍND-XL,1,13529.35,33823.38,,33823.38
414,2025-03-31 00:00:00,41996735,Tienda Online,Web,10,2,MUS-CEL-S,1,12928.22,32320.56,,32320.56
414,2025-03-31 00:00:00,41996735,Tienda Online,Web,10,2,CHU-ÍND-L,1,13529.35,33823.38,,33823.38
414,2025-03-31 00:00:00,41996735,Tienda Online,Web,10,2,CHU-ÍND-L,2,13529.35,33823.38,,67646.76
414,2025-03-31 00:00:00,41996735,Tienda Online,Web,10,2,GOR-ROJ-unico,2,11486.7,28716.74,,57433.48
415,2025-03-12 17:42:00,26871415,Centro,Presencial,1,2,CHU-NEG-S,2,13529.35,33823.38,,67646.76
416,2025-07-11 15:07:00,35059825,Shopping,Presencial,7,3,GOR-ROJ-L,1,11486.7,28716.74,,28716.74
416,2025-07-11 15:07:00,35059825,Shopping,Presencial,7,3,CAM-BEI-L,1,14680.23,36700.58,,36700.58
417,2025-04-21 17:06:00,29142751,Centro,Presencial,1,2,CIN-ROS-unico,1,13257.96,33144.89,,33144.89
417,2025-04-21 17:06:00,29142751,Centro,Presencial,1,2,CIN-TUR-XL,1,13257.96,27178.81,10.0,27178.81
417,2025-04-21 17:06:00,29142751,Centro,Presencial,1,2,SWE-AZU-S,1,13010.13,32525.33,,32525.33
418,2025-11-11 11:19:00,17687437,Norte,Presencial,5,2,SWE-MAR-unico,1,13010.13,32525.33,,32525.33
418,2025-11-11 11:19:00,17687437,Norte,Presencial,5,2,SWE-AZU-S,1,13010.13,32525.33,,32525.33
418,2025-11-11 11:19:00,17687437,Norte,Presencial,5,2,SWE-AZU-S,1,13010.13,32525.33,,32525.33
418,2025-11-11 11:19:00,17687437,Norte,Presencial,5,2,CAM-BEI-S,1,14680.23,36700.58,,36700.58
419,2025-08-01 13:02:00,12239055,Norte,Presencial,6,5,CIN-MAR-M,1,13257.96,33144.89,,33144.89
419,2025-08-01 13:02:00,12239055,Norte,Presencial,6,5,REM-VIO-M,2,13071.19,32677.97,,65355.94
419,2025-08-01 13:02:00,12239055,Norte,Presencial,6,5,GOR-GRI-XXL,1,11486.7,28716.74,,28716.74
419,2025-08-01 13:02:00,12239055,Norte,Presencial,6,5,MUS-CEL-M,1,12928.22,32320.56,,32320.56
420,2024-03-25 17:58:00,20369856,Tienda Online,Web,10,3,MUS-CEL-S,1,12928.22,32320.56,,32320.56
420,2024-03-25 17:58:00,20369856,Tienda Online,Web,10,3,MUS-CEL-S,1,12928.22,32320.56,,32320.56
420,2024-03-25 17:58:00,20369856,Tienda Online,Web,10,3,MUS-AZU-XXL,1,12928.22,32320.56,,32320.56
420,2024-03-25 17:58:00,20369856,Tienda Online,Web,10,3,BUZ-AZU-M,1,11827.69,29569.23,,29569.23
420,2024-03-25 17:58:00,20369856,Tienda Online,Web,10,3,SWE-MAR-L,1,13010.13,32525.33,,32525.33
421,2024-12-20 17:00:00,25691522,Norte,Presencial,6,3,CIN-MAR-XL,1,13257.96,33144.89,,33144.89
421,2024-12-20 17:00:00,25691522,Norte,Presencial,6,3,MUS-CEL-S,1,12928.22,32320.56,,32320.56
421,2024-12-20 17:00:00,25691522,Norte,Presencial,6,3,GOR-ROJ-S,1,11486.7,28716.74,,28716.74
422,2025-01-18 02:05:00,34041232,Tienda Online,Web,9,4,REM-VIO-L,1,13071.19,32677.97,,32677.97
422,2025-01-18 02:05:00,34041232,Tienda Online,Web,9,4,CHU-VER-XL,1,13529.35,33823.38,,33823.38
422,2025-01-18 02:05:00,34041232,Tienda Online,Web,9,4,GOR-ROJ-unico,1,11486.7,28716.74,,28716.74
422,2025-01-18 02:05:00,34041232,Tienda Online,Web,9,4,CAM-BLA-M,1,14680.23,36700.58,,36700.58
422,2025-01-18 02:05:00,34041232,Tienda Online,Web,9,4,BUZ-AZU-M,1,11827.69,29569.23,,29569.23
423,2024-06-27 21:01:00,35433541,Tienda Online,Web,10,3,MUS-CEL-S,1,12928.22,32320.56,,32320.56
424,2025-05-30 22:29:00,32199028,Tienda Online,Web,9,3,JOG-AZU-unico,1,16544.66,41361.66,,41361.66
424,2025-05-30 22:29:00,32199028,Tienda Online,Web,9,3,REM-VIO-M,1,13071.19,32677.97,,32677.97
424,2025-05-30 22:29:00,32199028,Tienda Online,Web,9,3,MUS-AZU-unico,2,12928.22,32320.56,,64641.12
425,2025-07-25 16:02:00,28514090,Centro,Presencial,2,4,CHU-ÍND-XL,1,13529.35,33823.38,,33823.38
425,2025-07-25 16:02:00,28514090,Centro,Presencial,2,4,CAM-BLA-XL,1,14680.23,36700.58,,36700.58
425,2025-07-25 16:02:00,28514090,Centro,Presencial,2,4,JOG-AZU-XL,1,16544.66,41361.66,,41361.66
425,2025-07-25 16:02:00,28514090,Centro,Presencial,2,4,MUS-CEL-M,1,12928.22,32320.56,,32320.56
426,2024-08-03 18:05:00,40632634,Norte,Presencial,5,4,SWE-AZU-S,1,13010.13,32525.33,,32525.33
426,2024-08-03 18:05:00,40632634,Norte,Presencial,5,4,GOR-ROJ-unico,1,11486.7,28716.74,,28716.74
426,2024-08-03 18:05:00,40632634,Norte,Presencial,5,4,REM-TUR-XXL,1,13673.12,34182.8,,34182.8
426,2024-08-03 18:05:00,40632634,Norte,Presencial,5,4,BUZ-AZU-M,1,11827.69,29569.23,,29569.23
427,2025-05-04 09:42:00,36775919,Shopping,Presencial,7,5,CAM-BLA-XL,2,14680.23,36700.58,,73401.16
427,2025-05-04 09:42:00,36775919,Shopping,Presencial,7,5,CIN-ROS-unico,1,13257.96,33144.89,,33144.89
427,2025-05-04 09:42:00,36775919,Shopping,Presencial,7,5,JEA-NEG-M,1,8748.58,21871.44,,21871.44
427,2025-05-04 09:42:00,36775919,Shopping,Presencial,7,5,REM-VIO-XL,1,13071.19,32677.97,,32677.97
428,2025-06-14 13:07:00,37388193,Norte,Presencial,4,5,CAM-BLA-XL,1,14680.23,36700.58,,36700.58
428,2025-06-14 13:07:00,37388193,Norte,Presencial,4,5,CAM-BEI-L,1,14680.23,36700.58,,36700.58
428,2025-06-14 13:07:00,37388193,Norte,Presencial,4,5,REM-BLA-S,1,13071.19,29410.17,3.0,29410.17
428,2025-06-14 13:07:00,37388193,Norte,Presencial,4,5,GOR-GRI-S,1,11486.7,28716.74,,28716.74
428,2025-06-14 13:07:00,37388193,Norte,Presencial,4,5,JOG-AZU-XL,1,16544.66,37225.49,3.0,37225.49
429,2025-04-17 12:42:00,27044130,Shopping,Presencial,7,1,CIN-TUR-unico,1,13257.96,33144.89,,33144.89
430,2025-04-10 06:18:00,14755156,Tienda Online,Web,10,2,JOG-AZU-XXL,1,16544.66,33916.56,10.0,33916.56
430,2025-04-10 06:18:00,14755156,Tienda Online,Web,10,2,CIN-MAR-XL,2,13257.96,33144.89,,66289.78
430,2025-04-10 06:18:00,14755156,Tienda Online,Web,10,2,SWE-MAR-L,2,13010.13,32525.33,,65050.66
431,2025-06-18 13:43:00,12910178,Centro,Presencial,1,1,CAM-BLA-S,2,14680.23,36700.58,,73401.16
431,2025-06-18 13:43:00,12910178,Centro,Presencial,1,1,JOG-AZU-XXL,1,16544.66,37225.49,3.0,37225.49
431,2025-06-18 13:43:00,12910178,Centro,Presencial,1,1,SWE-MAR-unico,1,13010.13,32525.33,,32525.33
431,2025-06-18 13:43:00,12910178,Centro,Presencial,1,1,JEA-NEG-M,1,8748.58,21871.44,,21871.44
432,2024-04-15 15:04:00,25442983,Tienda Online,Web,9,3,MUS-AZU-unico,1,12928.22,32320.56,,32320.56
433,2025-06-16 00:38:00,38778283,Tienda Online,Web,9,2,SWE-MAR-XXL,1,13010.13,32525.33,,32525.33
434,2025-01-31 17:35:00,41690133,Tienda Online,Web,10,4,CIN-MAR-XL,1,13257.96,33144.89,,33144.89
434,2025-01-31 17:35:00,41690133,Tienda Online,Web,10,4,CIN-MAR-S,1,13257.96,33144.89,,33144.89
434,2025-01-31 17:35:00,41690133,Tienda Online,Web,10,4,BUZ-AZU-M,1,11827.69,29569.23,,29569.23
434,2025-01-31 17:35:00,41690133,Tienda Online,Web,10,4,JOG-CEL-unico,2,16544.66,41361.66,,82723.32
435,2024-12-10 19:21:00,12645604,Tienda Online,Web,10,3,JOG-ÍND-M,1,16544.66,41361.66,,41361.66
435,2024-12-10 19:21:00,12645604,Tienda Online,Web,10,3,GOR-GRI-S,1,11486.7,28716.74,,28716.74
435,2024-12-10 19:21:00,12645604,Tienda Online,Web,10,3,SWE-AZU-S,1,13010.13,32525.33,,32525.33
436,2025-06-09 13:56:00,27044130,Norte,Presencial,4,2,REM-VIO-XXL,2,13071.19,32677.97,,65355.94
436,2025-06-09 13:56:00,27044130,Norte,Presencial,4,2,CHU-VER-L,1,13529.35,33823.38,,33823.38
436,2025-06-09 13:56:00,27044130,Norte,Presencial,4,2,SWE-MAR-XXL,1,13010.13,32525.33,,32525.33
436,2025-06-09 13:56:00,27044130,Norte,Presencial,4,2,BUZ-AZU-L,1,11827.69,29569.23,,29569.23
436,2025-06-09 13:56:00,27044130,Norte,Presencial,4,2,GOR-GRI-L,1,11486.7,28716.74,,28716.74
437,2024-02-02 19:07:00,40890427,Centro,Presencial,1,4,CIN-MAR-L,1,13257.96,33144.89,,33144.89
438,2025-11-02 16:40:00,28669062,Shopping,Presencial,7,1,CAM-CEL-XL,1,14680.23,30094.48,9.0,30094.48
439,2025-04-25 16:49:00,34651431,Shopping,Presencial,7,5,JEA-LAV-unico,2,8748.58,17934.58,10.0,35869.16
439,2025-04-25 16:49:00,34651431,Shopping,Presencial,7,5,JOG-ÍND-S,1,16544.66,41361.66,,41361.66
439,2025-04-25 16:49:00,34651431,Shopping,Presencial,7,5,CIN-MAR-M,1,13257.96,33144.89,,33144.89
439,2025-04-25 16:49:00,34651431,Shopping,Presencial,7,5,SWE-AZU-S,1,13010.13,26670.77,10.0,26670.77
439,2025-04-25 16:49:00,34651431,Shopping,Presencial,7,5,CIN-MAR-L,1,13257.96,33144.89,,33144.89
440,2025-07-22 10:05:00,38870188,Centro,Presencial,2,1,CHU-NEG-M,1,13529.35,33823.38,,33823.38
440,2025-07-22 10:05:00,38870188,Centro,Presencial,2,1,CHU-VER-L,1,13529.35,33823.38,,33823.38
440,2025-07-22 10:05:00,38870188,Centro,Presencial,2,1,SWE-MAR-S,1,13010.13,32525.33,,32525.33
440,2025-07-22 10:05:00,38870188,Centro,Presencial,2,1,CIN-MAR-M,1,13257.96,33144.89,,33144.89
441,2025-06-24 01:33:00,19706758,Tienda Online,Web,10,2,JEA-LAV-unico,1,8748.58,21871.44,,21871.44
442,2024-05-20 12:37:00,18494838,Tienda Online,Web,10,2,REM-VIO-M,1,13071.19,32677.97,,32677.97
442,2024-05-20 12:37:00,18494838,Tienda Online,Web,10,2,SWE-MAR-L,1,13010.13,31725.33,12.0,31725.33
443,2024-05-25 10:31:00,28981002,Centro,Presencial,1,5,CIN-ROS-XXL,1,13257.96,33144.89,,33144.89
443,2024-05-25 10:31:00,28981002,Centro,Presencial,1,5,JOG-ÍND-XL,1,16544.66,41361.66,,41361.66
443,2024-05-25 10:31:00,28981002,Centro,Presencial,1,5,CHU-VER-XL,1,13529.35,33023.38,12.0,33023.38
443,2024-05-25 10:31:00,28981002,Centro,Presencial,1,5,CIN-TUR-unico,1,13257.96,32344.89,12.0,32344.89
444,2025-01-11 12:16:00,42590824,Centro,Presencial,2,5,JOG-AZU-unico,1,16544.66,41361.66,,41361.66
444,2025-01-11 12:16:00,42590824,Centro,Presencial,2,5,SWE-AZU-S,1,13010.13,32525.33,,32525.33
444,2025-01-11 12:16:00,42590824,Centro,Presencial,2,5,CAM-BEI-unico,1,14680.23,36700.58,,36700.58
444,2025-01-11 12:16:00,42590824,Centro,Presencial,2,5,GOR-GRI-S,1,11486.7,28716.74,,28716.74
444,2025-01-11 12:16:00,42590824,Centro,Presencial,2,5,REM-VIO-L,1,13071.19,32677.97,,32677.97
445,2025-05-06 16:11:00,39377500,Tienda Online,Web,9,2,REM-VIO-L,1,13071.19,32677.97,,32677.97
446,2024-06-27 19:31:00,19104260,Norte,Presencial,4,1,GOR-GRI-S,1,11486.7,28716.74,,28716.74
447,2024-12-11 03:57:00,20256869,Tienda Online,Web,10,2,GOR-ROJ-S,1,11486.7,28716.74,,28716.74
447,2024-12-11 03:57:00,20256869,Tienda Online,Web,10,2,JEA-LAV-unico,1,8748.58,21871.44,,21871.44
447,2024-12-11 03:57:00,20256869,Tienda Online,Web,10,2,CHU-NEG-M,1,13529.35,33823.38,,33823.38
447,2024-12-11 03:57:00,20256869,Tienda Online,Web,10,2,MUS-AZU-M,1,12928.22,32320.56,,32320.56
447,2024-12-11 03:57:00,20256869,Tienda Online,Web,10,2,REM-BLA-XL,1,13071.19,32677.97,,32677.97
448,2024-10-01 12:45:00,42789774,Centro,Presencial,1,4,CAM-BLA-M,1,14680.23,36700.58,,36700.58
449,2024-12-02 13:13:00,18474473,Tienda Online,Web,10,2,GOR-GRI-S,1,11486.7,28716.74,,28716.74
449,2024-12-02 13:13:00,18474473,Tienda Online,Web,10,2,CHU-ÍND-L,1,13529.35,33823.38,,33823.38
450,2025-01-24 13:47:00,13836296,Shopping,Presencial,7,1,JOG-ÍND-S,1,16544.66,41361.66,,41361.66
450,2025-01-24 13:47:00,13836296,Shopping,Presencial,7,1,CHU-NEG-S,1,13529.35,33823.38,,33823.38
450,2025-01-24 13:47:00,13836296,Shopping,Presencial,7,1,CHU-VER-XL,1,13529.35,33823.38,,33823.38
450,2025-01-24 13:47:00,13836296,Shopping,Presencial,7,1,CIN-MAR-M,1,13257.96,33144.89,,33144.89
451,2025-09-16 19:43:00,27753960,Tienda Online,Web,9,2,GOR-GRI-XXL,1,11486.7,28716.74,,28716.74
451,2025-09-16 19:43:00,27753960,Tienda Online,Web,9,2,CIN-MAR-M,1,13257.96,33144.89,,33144.89
451,2025-09-16 19:43:00,27753960,Tienda Online,Web,9,2,REM-TUR-XXL,1,13673.12,34182.8,,34182.8
451,2025-09-16 19:43:00,27753960,Tienda Online,Web,9,2,CHU-NEG-S,1,13529.35,33823.38,,33823.38
452,2025-10-18 18:47:00,19364231,Shopping,Presencial,7,4,SWE-MAR-L,1,13010.13,32525.33,,32525.33
453,2024-12-09 10:40:00,42528458,Norte,Presencial,4,4,SWE-MAR-unico,1,13010.13,32525.33,,32525.33
454,2024-10-26 07:26:00,31084522,Tienda Online,Web,10,3,CIN-ROS-XXL,2,13257.96,33144.89,,66289.78
454,2024-10-26 07:26:00,31084522,Tienda Online,Web,10,3,REM-CEL-XXL,1,13673.12,34182.8,,34182.8
455,2024-12-03 18:44:00,11433274,Shopping,Presencial,7,1,CIN-MAR-XL,1,13257.96,33144.89,,33144.89
455,2024-12-03 18:44:00,11433274,Shopping,Presencial,7,1,CIN-TUR-XL,1,13257.96,33144.89,,33144.89
455,2024-12-03 18:44:00,11433274,Shopping,Presencial,7,1,JOG-AZU-XXL,1,16544.66,41361.66,,41361.66
455,2024-12-03 18:44:00,11433274,Shopping,Presencial,7,1,CIN-TUR-XL,1,13257.96,33144.89,,33144.89
456,2024-03-17 23:34:00,14887419,Tienda Online,Web,9,5,CIN-TUR-unico,1,13257.96,33144.89,,33144.89
456,2024-03-17 23:34:00,14887419,Tienda Online,Web,9,5,JOG-AZU-unico,1,16544.66,41361.66,,41361.66
456,2024-03-17 23:34:00,14887419,Tienda Online,Web,9,5,MUS-CEL-S,1,12928.22,32320.56,,32320.56
457,2024-12-21 15:12:00,38330675,Centro,Presencial,1,1,CAM-BEI-unico,1,14680.23,36700.58,,36700.58
457,2024-12-21 15:12:00,38330675,Centro,Presencial,1,1,JOG-AZU-unico,1,16544.66,41361.66,,41361.66
457,2024-12-21 15:12:00,38330675,Centro,Presencial,1,1,GOR-GRI-L,1,11486.7,28716.74,,28716.74
458,2025-06-14 11:21:00,42520755,Shopping,Presencial,7,2,CHU-NEG-unico,1,13529.35,33823.38,,33823.38
458,2025-06-14 11:21:00,42520755,Shopping,Presencial,7,2,CAM-BLA-M,1,14680.23,36700.58,,36700.58
458,2025-06-14 11:21:00,42520755,Shopping,Presencial,7,2,GOR-ROJ-unico,1,11486.7,25845.07,3.0,25845.07
458,2025-06-14 11:21:00,42520755,Shopping,Presencial,7,2,GOR-GRI-S,1,11486.7,28716.74,,28716.74
459,2024-12-26 18:05:00,11310767,Shopping,Presencial,7,4,JEA-LAV-unico,1,8748.58,21871.44,,21871.44
460,2024-10-12 12:03:00,26594901,Centro,Presencial,2,1,CHU-NEG-M,1,13529.35,33823.38,,33823.38
460,2024-10-12 12:03:00,26594901,Centro,Presencial,2,1,MUS-CEL-S,1,12928.22,32320.56,,32320.56
461,2024-12-22 21:24:00,16859215,Tienda Online,Web,10,3,MUS-AZU-unico,1,12928.22,32320.56,,32320.56
461,2024-12-22 21:24:00,16859215,Tienda Online,Web,10,3,JOG-ÍND-S,1,16544.66,41361.66,,41361.66
461,2024-12-22 21:24:00,16859215,Tienda Online,Web,10,3,GOR-GRI-L,1,11486.7,28716.74,,28716.74
461,2024-12-22 21:24:00,16859215,Tienda Online,Web,10,3,JEA-LAV-unico,1,8748.58,21871.44,,21871.44
461,2024-12-22 21:24:00,16859215,Tienda Online,Web,10,3,CIN-MAR-XL,1,13257.96,33144.89,,33144.89
462,2025-04-07 14:03:00,16744926,Tienda Online,Web,10,3,CAM-BLA-XL,1,14680.23,36700.58,,36700.58
462,2025-04-07 14:03:00,16744926,Tienda Online,Web,10,3,CAM-BLA-M,1,14680.23,36700.58,,36700.58
462,2025-04-07 14:03:00,16744926,Tienda Online,Web,10,3,REM-BLA-S,1,13071.19,32677.97,,32677.97
462,2025-04-07 14:03:00,16744926,Tienda Online,Web,10,3,GOR-GRI-M,1,11486.7,28716.74,,28716.74
463,2025-06-13 01:36:00,29142751,Tienda Online,Web,10,3,CHU-ÍND-L,1,13529.35,30441.04,3.0,30441.04
463,2025-06-13 01:36:00,29142751,Tienda Online,Web,10,3,CHU-VER-S,2,13529.35,33823.38,,67646.76
463,2025-06-13 01:36:00,29142751,Tienda Online,Web,10,3,CHU-ÍND-XXL,1,13529.35,30441.04,3.0,30441.04
463,2025-06-13 01:36:00,29142751,Tienda Online,Web,10,3,JEA-NEG-unico,1,8748.58,21871.44,,21871.44
464,2024-02-10 14:24:00,28316378,Shopping,Presencial,7,2,SWE-AZU-S,2,13010.13,32525.33,,65050.66
464,2024-02-10 14:24:00,28316378,Shopping,Presencial,7,2,SWE-AZU-S,1,13010.13,32525.33,,32525.33
464,2024-02-10 14:24:00,28316378,Shopping,Presencial,7,2,REM-TUR-XXL,1,13673.12,34182.8,,34182.8
464,2024-02-10 14:24:00,28316378,Shopping,Presencial,7,2,CAM-BEI-L,1,14680.23,36700.58,,36700.58
465,2025-10-04 05:19:00,19364231,Tienda Online,Web,10,5,GOR-ROJ-XXL,1,11486.7,28716.74,,28716.74
465,2025-10-04 05:19:00,19364231,Tienda Online,Web,10,5,CIN-TUR-XL,1,13257.96,33144.89,,33144.89
465,2025-10-04 05:19:00,19364231,Tienda Online,Web,10,5,SWE-MAR-S,1,13010.13,21141.46,8.0,21141.46
466,2024-05-07 18:48:00,42789774,Tienda Online,Web,9,3,JOG-CEL-unico,1,16544.66,40561.66,12.0,40561.66
466,2024-05-07 18:48:00,42789774,Tienda Online,Web,9,3,CHU-NEG-M,1,13529.35,33823.38,,33823.38
466,2024-05-07 18:48:00,42789774,Tienda Online,Web,9,3,JOG-ÍND-XL,1,16544.66,40561.66,12.0,40561.66
466,2024-05-07 18:48:00,42789774,Tienda Online,Web,9,3,MUS-AZU-unico,2,12928.22,32320.56,,64641.12
467,2025-03-07 09:57:00,14265307,Shopping,Presencial,7,3,GOR-GRI-L,1,11486.7,28716.74,,28716.74
467,2025-03-07 09:57:00,14265307,Shopping,Presencial,7,3,CHU-NEG-S,1,13529.35,33823.38,,33823.38
468,2025-08-22 10:29:00,27748007,Norte,Presencial,5,4,SWE-MAR-L,1,13010.13,32525.33,,32525.33
468,2025-08-22 10:29:00,27748007,Norte,Presencial,5,4,SWE-MAR-unico,1,13010.13,32525.33,,32525.33
468,2025-08-22 10:29:00,27748007,Norte,Presencial,5,4,SWE-MAR-S,1,13010.13,32525.33,,32525.33
468,2025-08-22 10:29:00,27748007,Norte,Presencial,5,4,MUS-AZU-unico,1,12928.22,32320.56,,32320.56
469,2025-11-21 10:07:00,41535292,Shopping,Presencial,7,4,BUZ-AZU-unico,1,11827.69,29569.23,,29569.23
470,2025-05-17 11:20:00,27715659,Norte,Presencial,6,2,CAM-BEI-unico,1,14680.23,36700.58,,36700.58
470,2025-05-17 11:20:00,27715659,Norte,Presencial,6,2,GOR-GRI-S,1,11486.7,28716.74,,28716.74
470,2025-05-17 11:20:00,27715659,Norte,Presencial,6,2,GOR-GRI-XXL,1,11486.7,28716.74,,28716.74
471,2024-12-05 09:27:00,28456905,Shopping,Presencial,7,2,GOR-GRI-S,1,11486.7,28716.74,,28716.74
471,2024-12-05 09:27:00,28456905,Shopping,Presencial,7,2,CAM-BLA-M,1,14680.23,36700.58,,36700.58
471,2024-12-05 09:27:00,28456905,Shopping,Presencial,7,2,GOR-GRI-M,1,11486.7,28716.74,,28716.74
472,2025-09-18 20:00:00,32384600,Norte,Presencial,4,1,GOR-ROJ-L,2,11486.7,18665.88,8.0,37331.76
472,2025-09-18 20:00:00,32384600,Norte,Presencial,4,1,CIN-MAR-S,1,13257.96,33144.89,,33144.89
472,2025-09-18 20:00:00,32384600,Norte,Presencial,4,1,JOG-CEL-unico,1,16544.66,41361.66,,41361.66
473,2024-04-26 17:29:00,24697145,Tienda Online,Web,9,5,CHU-VER-XL,1,13529.35,33823.38,,33823.38
473,2024-04-26 17:29:00,24697145,Tienda Online,Web,9,5,JEA-NEG-M,1,8748.58,21871.44,,21871.44
473,2024-04-26 17:29:00,24697145,Tienda Online,Web,9,5,JEA-LAV-unico,1,8748.58,21871.44,,21871.44
474,2024-11-05 15:04:00,16100827,Norte,Presencial,6,3,GOR-GRI-XXL,2,11486.7,28716.74,,57433.48
474,2024-11-05 15:04:00,16100827,Norte,Presencial,6,3,SWE-AZU-S,1,13010.13,32525.33,,32525.33
474,2024-11-05 15:04:00,16100827,Norte,Presencial,6,3,GOR-GRI-XXL,1,11486.7,28716.74,,28716.74
474,2024-11-05 15:04:00,16100827,Norte,Presencial,6,3,REM-BLA-XL,1,13071.19,32677.97,,32677.97
474,2024-11-05 15:04:00,16100827,Norte,Presencial,6,3,MUS-CEL-S,1,12928.22,32320.56,,32320.56
475,2025-07-16 23:22:00,44993998,Tienda Online,Web,10,3,MUS-AZU-XXL,1,12928.22,32320.56,,32320.56
475,2025-07-16 23:22:00,44993998,Tienda Online,Web,10,3,BUZ-AZU-M,1,11827.69,29569.23,,29569.23
475,2025-07-16 23:22:00,44993998,Tienda Online,Web,10,3,REM-TUR-XXL,1,13673.12,34182.8,,34182.8
476,2024-10-31 11:46:00,32770212,Norte,Presencial,4,2,CHU-ÍND-XXL,1,13529.35,33823.38,,33823.38
476,2024-10-31 11:46:00,32770212,Norte,Presencial,4,2,GOR-ROJ-unico,1,11486.7,28716.74,,28716.74
476,2024-10-31 11:46:00,32770212,Norte,Presencial,4,2,SWE-MAR-L,1,13010.13,32525.33,,32525.33
476,2024-10-31 11:46:00,32770212,Norte,Presencial,4,2,CIN-MAR-L,1,13257.96,33144.89,,33144.89
476,2024-10-31 11:46:00,32770212,Norte,Presencial,4,2,MUS-AZU-unico,1,12928.22,32320.56,,32320.56
477,2024-04-24 04:28:00,38153498,Tienda Online,Web,10,4,SWE-MAR-L,1,13010.13,32525.33,,32525.33
477,2024-04-24 04:28:00,38153498,Tienda Online,Web,10,4,GOR-GRI-M,1,11486.7,28716.74,,28716.74
477,2024-04-24 04:28:00,38153498,Tienda Online,Web,10,4,CIN-MAR-L,1,13257.96,33144.89,,33144.89
478,2024-08-05 11:01:00,30831897,Shopping,Presencial,7,2,JOG-AZU-unico,1,16544.66,41361.66,,41361.66
478,2024-08-05 11:01:00,30831897,Shopping,Presencial,7,2,MUS-CEL-S,2,12928.22,32320.56,,64641.12
479,2024-03-23 17:15:00,40515566,Centro,Presencial,2,4,JEA-LAV-L,1,8748.58,21871.44,,21871.44
479,2024-03-23 17:15:00,40515566,Centro,Presencial,2,4,CIN-MAR-XL,1,13257.96,33144.89,,33144.89
480,2024-02-23 14:08:00,17728908,Norte,Presencial,4,1,CIN-MAR-XL,1,13257.96,33144.89,,33144.89
481,2024-05-27 14:59:00,32833825,Centro,Presencial,2,1,CIN-MAR-M,1,13257.96,32344.89,12.0,32344.89
481,2024-05-27 14:59:00,32833825,Centro,Presencial,2,1,CIN-ROS-XXL,1,13257.96,32344.89,12.0,32344.89
481,2024-05-27 14:59:00,32833825,Centro,Presencial,2,1,CIN-TUR-unico,1,13257.96,32344.89,12.0,32344.89
482,2024-01-06 10:41:00,20371898,Shopping,Presencial,7,5,CIN-TUR-XL,1,13257.96,33144.89,,33144.89
482,2024-01-06 10:41:00,20371898,Shopping,Presencial,7,5,BUZ-AZU-M,1,11827.69,29569.23,,29569.23
482,2024-01-06 10:41:00,20371898,Shopping,Presencial,7,5,MUS-AZU-XXL,1,12928.22,32320.56,,32320.56
483,2024-11-09 17:46:00,31625779,Norte,Presencial,4,4,MUS-AZU-M,1,12928.22,32320.56,,32320.56
483,2024-11-09 17:46:00,31625779,Norte,Presencial,4,4,SWE-MAR-unico,1,13010.13,32525.33,,32525.33
483,2024-11-09 17:46:00,31625779,Norte,Presencial,4,4,CIN-MAR-XL,1,13257.96,33144.89,,33144.89
484,2024-02-18 14:35:00,36891021,Shopping,Presencial,7,1,CAM-CEL-XL,1,14680.23,36700.58,,36700.58
484,2024-02-18 14:35:00,36891021,Shopping,Presencial,7,1,CHU-NEG-S,1,13529.35,33823.38,,33823.38
484,2024-02-18 14:35:00,36891021,Shopping,Presencial,7,1,CIN-MAR-S,1,13257.96,33144.89,,33144.89
485,2025-11-19 16:18:00,29142751,Norte,Presencial,6,1,CHU-ÍND-XL,1,13529.35,33823.38,,33823.38
485,2025-11-19 16:18:00,29142751,Norte,Presencial,6,1,MUS-CEL-S,1,12928.22,32320.56,,32320.56
485,2025-11-19 16:18:00,29142751,Norte,Presencial,6,1,MUS-AZU-M,1,12928.22,32320.56,,32320.56
486,2025-11-14 05:45:00,27632290,Tienda Online,Web,9,3,CHU-VER-M,1,13529.35,33823.38,,33823.38
486,2025-11-14 05:45:00,27632290,Tienda Online,Web,9,3,MUS-CEL-XXL,1,12928.22,32320.56,,32320.56
486,2025-11-14 05:45:00,27632290,Tienda Online,Web,9,3,GOR-ROJ-unico,1,11486.7,28716.74,,28716.74
487,2025-06-07 19:59:00,23309686,Norte,Presencial,6,3,SWE-MAR-L,2,13010.13,32525.33,,65050.66
487,2025-06-07 19:59:00,23309686,Norte,Presencial,6,3,CIN-MAR-M,1,13257.96,33144.89,,33144.89
487,2025-06-07 19:59:00,23309686,Norte,Presencial,6,3,GOR-GRI-M,1,11486.7,28716.74,,28716.74
487,2025-06-07 19:59:00,23309686,Norte,Presencial,6,3,JOG-AZU-XXL,1,16544.66,41361.66,,41361.66
487,2025-06-07 19:59:00,23309686,Norte,Presencial,6,3,JOG-CEL-unico,1,16544.66,41361.66,,41361.66
488,2025-05-30 10:09:00,25534107,Centro,Presencial,2,1,CAM-BLA-S,1,14680.23,36700.58,,36700.58
488,2025-05-30 10:09:00,25534107,Centro,Presencial,2,1,MUS-CEL-S,1,12928.22,32320.56,,32320.56
488,2025-05-30 10:09:00,25534107,Centro,Presencial,2,1,CIN-MAR-XL,1,13257.96,33144.89,,33144.89
488,2025-05-30 10:09:00,25534107,Centro,Presencial,2,1,CIN-ROS-XXL,1,13257.96,33144.89,,33144.89
489,2024-12-13 08:55:00,18818897,Tienda Online,Web,9,3,JOG-ÍND-XL,1,16544.66,41361.66,,41361.66
490,2024-08-13 15:25:00,38902901,Norte,Presencial,4,4,JEA-NEG-unico,1,8748.58,21871.44,,21871.44
491,2024-08-03 05:36:00,34898161,Tienda Online,Web,9,4,CIN-MAR-XL,1,13257.96,33144.89,,33144.89
491,2024-08-03 05:36:00,34898161,Tienda Online,Web,9,4,MUS-AZU-XXL,1,12928.22,32320.56,,32320.56
491,2024-08-03 05:36:00,34898161,Tienda Online,Web,9,4,SWE-MAR-unico,1,13010.13,32525.33,,32525.33
492,2025-01-29 16:14:00,25442983,Tienda Online,Web,9,2,CHU-ÍND-XL,1,13529.35,33823.38,,33823.38
492,2025-01-29 16:14:00,25442983,Tienda Online,Web,9,2,JOG-AZU-XXL,1,16544.66,41361.66,,41361.66
492,2025-01-29 16:14:00,25442983,Tienda Online,Web,9,2,JOG-CEL-unico,1,16544.66,41361.66,,41361.66
492,2025-01-29 16:14:00,25442983,Tienda Online,Web,9,2,CHU-VER-XL,1,13529.35,33823.38,,33823.38
493,2024-05-02 15:15:00,32494103,Centro,Presencial,2,5,GOR-GRI-unico,1,11486.7,28716.74,,28716.74
493,2024-05-02 15:15:00,32494103,Centro,Presencial,2,5,SWE-MAR-unico,1,13010.13,31725.33,12.0,31725.33
493,2024-05-02 15:15:00,32494103,Centro,Presencial,2,5,JOG-ÍND-M,1,16544.66,41361.66,,41361.66
494,2024-03-14 14:12:00,38396306,Shopping,Presencial,7,3,SWE-AZU-S,1,13010.13,32525.33,,32525.33
495,2024-11-08 17:34:00,36873895,Tienda Online,Web,9,3,GOR-GRI-unico,1,11486.7,28716.74,,28716.74
495,2024-11-08 17:34:00,36873895,Tienda Online,Web,9,3,JOG-CEL-unico,1,16544.66,41361.66,,41361.66
495,2024-11-08 17:34:00,36873895,Tienda Online,Web,9,3,JOG-ÍND-S,1,16544.66,41361.66,,41361.66
495,2024-11-08 17:34:00,36873895,Tienda Online,Web,9,3,REM-BLA-XL,1,13071.19,32677.97,,32677.97
496,2024-06-06 17:28:00,34306027,Shopping,Presencial,7,3,CAM-CEL-XL,1,14680.23,36700.58,,36700.58
496,2024-06-06 17:28:00,34306027,Shopping,Presencial,7,3,GOR-ROJ-unico,1,11486.7,28716.74,,28716.74
496,2024-06-06 17:28:00,34306027,Shopping,Presencial,7,3,MUS-AZU-M,1,12928.22,32320.56,,32320.56
496,2024-06-06 17:28:00,34306027,Shopping,Presencial,7,3,CIN-TUR-unico,1,13257.96,33144.89,,33144.89
496,2024-06-06 17:28:00,34306027,Shopping,Presencial,7,3,JOG-AZU-unico,1,16544.66,41361.66,,41361.66
497,2024-10-22 07:42:00,28688292,Tienda Online,Web,9,5,JOG-AZU-XXL,1,16544.66,41361.66,,41361.66
497,2024-10-22 07:42:00,28688292,Tienda Online,Web,9,5,GOR-GRI-unico,1,11486.7,28716.74,,28716.74
497,2024-10-22 07:42:00,28688292,Tienda Online,Web,9,5,BUZ-AZU-unico,1,11827.69,29569.23,,29569.23
497,2024-10-22 07:42:00,28688292,Tienda Online,Web,9,5,JOG-ÍND-M,1,16544.66,41361.66,,41361.66
497,2024-10-22 07:42:00,28688292,Tienda Online,Web,9,5,CIN-ROS-XXL,1,13257.96,33144.89,,33144.89
498,2024-11-16 18:12:00,26297346,Norte,Presencial,6,2,CHU-ÍND-L,1,13529.35,33823.38,,33823.38
498,2024-11-16 18:12:00,26297346,Norte,Presencial,6,2,CAM-BLA-M,1,14680.23,36700.58,,36700.58
498,2024-11-16 18:12:00,26297346,Norte,Presencial,6,2,GOR-ROJ-S,1,11486.7,28716.74,,28716.74
498,2024-11-16 18:12:00,26297346,Norte,Presencial,6,2,REM-TUR-XXL,1,13673.12,34182.8,,34182.8
499,2025-02-03 12:38:00,17245195,Centro,Presencial,1,4,CIN-MAR-S,1,13257.96,33144.89,,33144.89
499,2025-02-03 12:38:00,17245195,Centro,Presencial,1,4,CIN-TUR-unico,2,13257.96,33144.89,,66289.78
499,2025-02-03 12:38:00,17245195,Centro,Presencial,1,4,SWE-AZU-S,1,13010.13,32525.33,,32525.33
499,2025-02-03 12:38:00,17245195,Centro,Presencial,1,4,REM-VIO-L,1,13071.19,32677.97,,32677.97
499,2025-02-03 12:38:00,17245195,Centro,Presencial,1,4,CHU-NEG-S,1,13529.35,33823.38,,33823.38
500,2025-05-06 14:07:00,26871415,Shopping,Presencial,7,4,BUZ-AZU-M,1,11827.69,29569.23,,29569.23
501,2025-04-08 13:22:00,11730076,Norte,Presencial,4,5,JEA-NEG-unico,1,8748.58,17934.58,10.0,17934.58
501,2025-04-08 13:22:00,11730076,Norte,Presencial,4,5,CIN-ROS-XXL,1,13257.96,33144.89,,33144.89
501,2025-04-08 13:22:00,11730076,Norte,Presencial,4,5,CAM-BLA-M,2,14680.23,36700.58,,73401.16
501,2025-04-08 13:22:00,11730076,Norte,Presencial,4,5,CIN-MAR-M,1,13257.96,27178.81,10.0,27178.81
502,2025-04-18 12:00:00,19446043,Norte,Presencial,5,1,GOR-GRI-XXL,1,11486.7,28716.74,,28716.74
502,2025-04-18 12:00:00,19446043,Norte,Presencial,5,1,REM-VIO-XXL,1,13071.19,32677.97,,32677.97
502,2025-04-18 12:00:00,19446043,Norte,Presencial,5,1,REM-VIO-M,2,13071.19,32677.97,,65355.94
502,2025-04-18 12:00:00,19446043,Norte,Presencial,5,1,CHU-NEG-unico,1,13529.35,33823.38,,33823.38
503,2025-07-28 13:01:00,36775919,Shopping,Presencial,7,5,CIN-MAR-S,1,13257.96,33144.89,,33144.89
503,2025-07-28 13:01:00,36775919,Shopping,Presencial,7,5,MUS-AZU-unico,1,12928.22,32320.56,,32320.56
503,2025-07-28 13:01:00,36775919,Shopping,Presencial,7,5,JEA-LAV-L,1,8748.58,21871.44,,21871.44
503,2025-07-28 13:01:00,36775919,Shopping,Presencial,7,5,CAM-BEI-S,1,14680.23,36700.58,,36700.58
503,2025-07-28 13:01:00,36775919,Shopping,Presencial,7,5,SWE-AZU-S,1,13010.13,32525.33,,32525.33
504,2025-10-10 07:26:00,37317331,Tienda Online,Web,9,1,JOG-AZU-unico,1,16544.66,41361.66,,41361.66
504,2025-10-10 07:26:00,37317331,Tienda Online,Web,9,1,CIN-MAR-L,1,13257.96,33144.89,,33144.89
505,2024-04-20 18:37:00,26594901,Tienda Online,Web,9,4,JEA-NEG-M,1,8748.58,21871.44,,21871.44
505,2024-04-20 18:37:00,26594901,Tienda Online,Web,9,4,SWE-MAR-L,1,13010.13,32525.33,,32525.33
505,2024-04-20 18:37:00,26594901,Tienda Online,Web,9,4,REM-CEL-XXL,1,13673.12,34182.8,,34182.8
506,2024-02-11 22:36:00,31117675,Tienda Online,Web,10,2,JOG-ÍND-XL,1,16544.66,41361.66,,41361.66
506,2024-02-11 22:36:00,31117675,Tienda Online,Web,10,2,GOR-GRI-M,1,11486.7,28716.74,,28716.74
506,2024-02-11 22:36:00,31117675,Tienda Online,Web,10,2,CIN-MAR-S,1,13257.96,33144.89,,33144.89
506,2024-02-11 22:36:00,31117675,Tienda Online,Web,10,2,SWE-AZU-S,1,13010.13,32525.33,,32525.33
506,2024-02-11 22:36:00,31117675,Tienda Online,Web,10,2,CIN-MAR-M,1,13257.96,33144.89,,33144.89
507,2025-10-04 13:21:00,12567397,Norte,Presencial,4,1,CHU-VER-S,1,13529.35,21985.2,8.0,21985.2
507,2025-10-04 13:21:00,12567397,Norte,Presencial,4,1,JOG-ÍND-S,1,16544.66,41361.66,,41361.66
507,2025-10-04 13:21:00,12567397,Norte,Presencial,4,1,SWE-AZU-M,1,13010.13,32525.33,,32525.33
508,2024-12-07 16:02:00,28124922,Norte,Presencial,4,4,CIN-TUR-unico,1,13257.96,33144.89,,33144.89
508,2024-12-07 16:02:00,28124922,Norte,Presencial,4,4,REM-VIO-M,1,13071.19,32677.97,,32677.97
509,2025-07-04 11:09:00,37274929,Tienda Online,Web,9,1,GOR-GRI-unico,1,11486.7,14358.37,11.0,14358.37
509,2025-07-04 11:09:00,37274929,Tienda Online,Web,9,1,CHU-NEG-XXL,1,13529.35,33823.38,,33823.38
510,2024-06-26 11:13:00,27044130,Centro,Presencial,1,3,JEA-LAV-L,1,8748.58,21871.44,,21871.44
510,2024-06-26 11:13:00,27044130,Centro,Presencial,1,3,CIN-MAR-XL,1,13257.96,33144.89,,33144.89
510,2024-06-26 11:13:00,27044130,Centro,Presencial,1,3,JOG-ÍND-S,1,16544.66,41361.66,,41361.66
510,2024-06-26 11:13:00,27044130,Centro,Presencial,1,3,CHU-ÍND-L,1,13529.35,33823.38,,33823.38
511,2025-08-23 18:44:00,27715659,Norte,Presencial,4,1,CHU-NEG-M,2,13529.35,33823.38,,67646.76
511,2025-08-23 18:44:00,27715659,Norte,Presencial,4,1,GOR-ROJ-unico,1,11486.7,28716.74,,28716.74
511,2025-08-23 18:44:00,27715659,Norte,Presencial,4,1,CHU-ÍND-XXL,1,13529.35,33823.38,,33823.38
511,2025-08-23 18:44:00,27715659,Norte,Presencial,4,1,SWE-MAR-unico,1,13010.13,32525.33,,32525.33
511,2025-08-23 18:44:00,27715659,Norte,Presencial,4,1,JEA-NEG-XL,1,8748.58,21871.44,,21871.44
512,2024-04-24 17:58:00,17686170,Shopping,Presencial,7,4,JOG-AZU-unico,1,16544.66,41361.66,,41361.66
513,2024-07-23 17:26:00,43453305,Norte,Presencial,6,2,CIN-ROS-XXL,1,13257.96,33144.89,,33144.89
513,2024-07-23 17:26:00,43453305,Norte,Presencial,6,2,JOG-AZU-unico,1,16544.66,41361.66,,41361.66
514,2024-10-26 11:29:00,25293994,Centro,Presencial,1,3,GOR-GRI-XXL,1,11486.7,28716.74,,28716.74
514,2024-10-26 11:29:00,25293994,Centro,Presencial,1,3,CHU-ÍND-L,1,13529.35,33823.38,,33823.38
515,2024-12-03 00:21:00,28981002,Tienda Online,Web,10,2,CIN-ROS-XXL,1,13257.96,33144.89,,33144.89
515,2024-12-03 00:21:00,28981002,Tienda Online,Web,10,2,JOG-ÍND-M,1,16544.66,41361.66,,41361.66
515,2024-12-03 00:21:00,28981002,Tienda Online,Web,10,2,CIN-MAR-L,1,13257.96,33144.89,,33144.89
515,2024-12-03 00:21:00,28981002,Tienda Online,Web,10,2,REM-VIO-M,1,13071.19,32677.97,,32677.97
516,2025-10-07 17:02:00,35768358,Norte,Presencial,5,5,REM-VIO-XXL,1,13071.19,32677.97,,32677.97
516,2025-10-07 17:02:00,35768358,Norte,Presencial,5,5,CAM-BLA-XL,1,14680.23,36700.58,,36700.58
516,2025-10-07 17:02:00,35768358,Norte,Presencial,5,5,CAM-BLA-S,1,14680.23,36700.58,,36700.58
516,2025-10-07 17:02:00,35768358,Norte,Presencial,5,5,REM-VIO-XXL,1,13071.19,32677.97,,32677.97
516,2025-10-07 17:02:00,35768358,Norte,Presencial,5,5,GOR-GRI-unico,1,11486.7,28716.74,,28716.74
517,2024-08-16 18:03:00,35501998,Centro,Presencial,1,2,JOG-AZU-XXL,1,16544.66,41361.66,,41361.66
518,2025-06-03 16:20:00,21678777,Norte,Presencial,5,3,CIN-MAR-XL,1,13257.96,33144.89,,33144.89
518,2025-06-03 16:20:00,21678777,Norte,Presencial,5,3,CHU-VER-XL,1,13529.35,33823.38,,33823.38
518,2025-06-03 16:20:00,21678777,Norte,Presencial,5,3,CIN-TUR-XL,1,13257.96,33144.89,,33144.89
519,2025-04-01 16:30:00,16100827,Shopping,Presencial,7,2,JEA-LAV-unico,1,8748.58,21871.44,,21871.44
520,2024-11-19 17:26:00,31169695,Norte,Presencial,6,4,BUZ-AZU-unico,1,11827.69,29569.23,,29569.23
520,2024-11-19 17:26:00,31169695,Norte,Presencial,6,4,MUS-AZU-M,1,12928.22,32320.56,,32320.56
520,2024-11-19 17:26:00,31169695,Norte,Presencial,6,4,MUS-AZU-XXL,1,12928.22,32320.56,,32320.56
520,2024-11-19 17:26:00,31169695,Norte,Presencial,6,4,REM-VIO-XL,1,13071.19,32677.97,,32677.97
520,2024-11-19 17:26:00,31169695,Norte,Presencial,6,4,CHU-NEG-M,1,13529.35,33823.38,,33823.38
521,2025-07-12 18:36:00,26161813,Shopping,Presencial,7,5,REM-TUR-S,1,13673.12,34182.8,,34182.8
521,2025-07-12 18:36:00,26161813,Shopping,Presencial,7,5,GOR-ROJ-S,2,11486.7,28716.74,,57433.48
521,2025-07-12 18:36:00,26161813,Shopping,Presencial,7,5,CIN-TUR-unico,1,13257.96,33144.89,,33144.89
521,2025-07-12 18:36:00,26161813,Shopping,Presencial,7,5,REM-VIO-L,1,13071.19,32677.97,,32677.97
521,2025-07-12 18:36:00,26161813,Shopping,Presencial,7,5,JEA-LAV-unico,1,8748.58,21871.44,,21871.44
522,2025-07-24 05:14:00,40831481,Tienda Online,Web,10,1,GOR-GRI-unico,1,11486.7,28716.74,,28716.74
522,2025-07-24 05:14:00,40831481,Tienda Online,Web,10,1,JOG-AZU-XXL,1,16544.66,41361.66,,41361.66
522,2025-07-24 05:14:00,40831481,Tienda Online,Web,10,1,REM-TUR-S,1,13673.12,34182.8,,34182.8
522,2025-07-24 05:14:00,40831481,Tienda Online,Web,10,1,REM-VIO-XXL,1,13071.19,32677.97,,32677.97
523,2024-08-22 19:25:00,24304543,Tienda Online,Web,9,2,JOG-AZU-XXL,1,16544.66,41361.66,,41361.66
523,2024-08-22 19:25:00,24304543,Tienda Online,Web,9,2,REM-BLA-XL,1,13071.19,32677.97,,32677.97
523,2024-08-22 19:25:00,24304543,Tienda Online,Web,9,2,GOR-GRI-M,1,11486.7,28716.74,,28716.74
524,2024-06-21 15:48:00,16604711,Centro,Presencial,2,1,CAM-BEI-L,1,14680.23,36700.58,,36700.58
524,2024-06-21 15:48:00,16604711,Centro,Presencial,2,1,JOG-AZU-XXL,1,16544.66,41361.66,,41361.66
525,2024-05-13 10:11:00,35433541,Tienda Online,Web,10,4,JEA-LAV-L,1,8748.58,21071.44,12.0,21071.44
525,2024-05-13 10:11:00,35433541,Tienda Online,Web,10,4,CIN-TUR-XL,1,13257.96,33144.89,,33144.89
525,2024-05-13 10:11:00,35433541,Tienda Online,Web,10,4,SWE-MAR-L,1,13010.13,32525.33,,32525.33
525,2024-05-13 10:11:00,35433541,Tienda Online,Web,10,4,GOR-GRI-S,1,11486.7,28716.74,,28716.74
525,2024-05-13 10:11:00,35433541,Tienda Online,Web,10,4,SWE-MAR-unico,1,13010.13,32525.33,,32525.33
526,2024-12-20 16:54:00,23222803,Centro,Presencial,1,2,GOR-GRI-unico,1,11486.7,28716.74,,28716.74
526,2024-12-20 16:54:00,23222803,Centro,Presencial,1,2,REM-VIO-XL,1,13071.19,32677.97,,32677.97
526,2024-12-20 16:54:00,23222803,Centro,Presencial,1,2,JOG-ÍND-XL,1,16544.66,41361.66,,41361.66
526,2024-12-20 16:54:00,23222803,Centro,Presencial,1,2,CIN-MAR-XL,1,13257.96,33144.89,,33144.89
526,2024-12-20 16:54:00,23222803,Centro,Presencial,1,2,MUS-AZU-XXL,2,12928.22,32320.56,,64641.12
527,2024-08-02 08:29:00,12910178,Tienda Online,Web,10,4,REM-VIO-XL,1,13071.19,32677.97,,32677.97
527,2024-08-02 08:29:00,12910178,Tienda Online,Web,10,4,REM-VIO-M,1,13071.19,32677.97,,32677.97
527,2024-08-02 08:29:00,12910178,Tienda Online,Web,10,4,SWE-MAR-L,1,13010.13,32525.33,,32525.33
527,2024-08-02 08:29:00,12910178,Tienda Online,Web,10,4,MUS-AZU-unico,1,12928.22,32320.56,,32320.56
527,2024-08-02 08:29:00,12910178,Tienda Online,Web,10,4,GOR-GRI-S,1,11486.7,28716.74,,28716.74
528,2024-03-27 17:35:00,38153498,Shopping,Presencial,7,1,CHU-NEG-S,1,13529.35,33823.38,,33823.38
528,2024-03-27 17:35:00,38153498,Shopping,Presencial,7,1,REM-BLA-XL,1,13071.19,32677.97,,32677.97
529,2024-07-31 20:02:00,24697145,Tienda Online,Web,10,4,JEA-NEG-unico,1,8748.58,21871.44,,21871.44
529,2024-07-31 20:02:00,24697145,Tienda Online,Web,10,4,MUS-AZU-M,1,12928.22,32320.56,,32320.56
529,2024-07-31 20:02:00,24697145,Tienda Online,Web,10,4,GOR-GRI-M,1,11486.7,28716.74,,28716.74
530,2024-11-16 00:36:00,19364231,Tienda Online,Web,9,4,MUS-CEL-S,1,12928.22,32320.56,,32320.56
531,2025-08-18 19:16:00,21787005,Norte,Presencial,6,4,BUZ-AZU-M,1,11827.69,29569.23,,29569.23
531,2025-08-18 19:16:00,21787005,Norte,Presencial,6,4,SWE-AZU-S,1,13010.13,32525.33,,32525.33
531,2025-08-18 19:16:00,21787005,Norte,Presencial,6,4,MUS-AZU-unico,1,12928.22,32320.56,,32320.56
531,2025-08-18 19:16:00,21787005,Norte,Presencial,6,4,REM-TUR-XXL,1,13673.12,34182.8,,34182.8
531,2025-08-18 19:16:00,21787005,Norte,Presencial,6,4,REM-CEL-XXL,1,13673.12,34182.8,,34182.8
532,2024-06-07 11:28:00,31630635,Centro,Presencial,1,2,CHU-VER-XL,1,13529.35,33823.38,,33823.38
532,2024-06-07 11:28:00,31630635,Centro,Presencial,1,2,GOR-GRI-L,1,11486.7,28716.74,,28716.74
532,2024-06-07 11:28:00,31630635,Centro,Presencial,1,2,GOR-ROJ-unico,1,11486.7,28716.74,,28716.74
532,2024-06-07 11:28:00,31630635,Centro,Presencial,1,2,JEA-NEG-M,2,8748.58,21871.44,,43742.88
532,2024-06-07 11:28:00,31630635,Centro,Presencial,1,2,GOR-GRI-unico,2,11486.7,28716.74,,57433.48
533,2025-02-14 12:26:00,20254587,Norte,Presencial,6,5,CHU-NEG-XXL,1,13529.35,33823.38,,33823.38
534,2025-05-18 14:11:00,27753960,Tienda Online,Web,10,5,JOG-ÍND-M,1,16544.66,41361.66,,41361.66
535,2025-03-12 17:19:00,17740453,Shopping,Presencial,7,1,BUZ-AZU-M,1,11827.69,17741.54,7.0,17741.54
535,2025-03-12 17:19:00,17740453,Shopping,Presencial,7,1,CIN-MAR-XL,1,13257.96,33144.89,,33144.89
535,2025-03-12 17:19:00,17740453,Shopping,Presencial,7,1,SWE-MAR-L,1,13010.13,32525.33,,32525.33
535,2025-03-12 17:19:00,17740453,Shopping,Presencial,7,1,REM-TUR-XXL,1,13673.12,34182.8,,34182.8
536,2024-06-18 12:44:00,39377500,Norte,Presencial,5,5,JEA-LAV-L,1,8748.58,21871.44,,21871.44
536,2024-06-18 12:44:00,39377500,Norte,Presencial,5,5,CAM-BLA-M,2,14680.23,36700.58,,73401.16
536,2024-06-18 12:44:00,39377500,Norte,Presencial,5,5,CIN-MAR-XL,1,13257.96,33144.89,,33144.89
536,2024-06-18 12:44:00,39377500,Norte,Presencial,5,5,GOR-GRI-unico,1,11486.7,28716.74,,28716.74
537,2025-03-20 09:38:00,39766964,Tienda Online,Web,10,1,MUS-AZU-XXL,1,12928.22,32320.56,,32320.56
537,2025-03-20 09:38:00,39766964,Tienda Online,Web,10,1,REM-VIO-XL,1,13071.19,32677.97,,32677.97
538,2024-06-07 09:48:00,38153498,Centro,Presencial,1,3,JEA-NEG-M,1,8748.58,21871.44,,21871.44
538,2024-06-07 09:48:00,38153498,Centro,Presencial,1,3,GOR-GRI-M,1,11486.7,28716.74,,28716.74
538,2024-06-07 09:48:00,38153498,Centro,Presencial,1,3,MUS-AZU-M,1,12928.22,32320.56,,32320.56
539,2024-04-26 12:49:00,44670267,Centro,Presencial,1,3,REM-BLA-XL,1,13071.19,32677.97,,32677.97
539,2024-04-26 12:49:00,44670267,Centro,Presencial,1,3,CIN-MAR-XL,1,13257.96,33144.89,,33144.89
539,2024-04-26 12:49:00,44670267,Centro,Presencial,1,3,JEA-NEG-M,1,8748.58,21871.44,,21871.44
540,2025-03-06 03:33:00,19283286,Tienda Online,Web,10,4,REM-VIO-XL,1,13071.19,32677.97,,32677.97
541,2024-04-12 19:11:00,16778091,Tienda Online,Web,9,5,JEA-LAV-L,1,8748.58,21871.44,,21871.44
541,2024-04-12 19:11:00,16778091,Tienda Online,Web,9,5,SWE-MAR-L,1,13010.13,32525.33,,32525.33
542,2025-06-09 17:30:00,24580721,Norte,Presencial,4,1,CAM-BLA-S,1,14680.23,36700.58,,36700.58
542,2025-06-09 17:30:00,24580721,Norte,Presencial,4,1,JEA-LAV-unico,1,8748.58,21871.44,,21871.44
542,2025-06-09 17:30:00,24580721,Norte,Presencial,4,1,GOR-GRI-L,2,11486.7,28716.74,,57433.48
543,2024-01-09 16:10:00,30873468,Tienda Online,Web,9,3,CHU-NEG-S,1,13529.35,33823.38,,33823.38
544,2024-09-20 22:41:00,38531078,Tienda Online,Web,10,2,MUS-CEL-S,1,12928.22,32320.56,,32320.56
544,2024-09-20 22:41:00,38531078,Tienda Online,Web,10,2,CAM-BEI-L,2,14680.23,36700.58,,73401.16
545,2025-10-24 17:37:00,34929174,Tienda Online,Web,9,3,JEA-NEG-unico,1,8748.58,21871.44,,21871.44
545,2025-10-24 17:37:00,34929174,Tienda Online,Web,9,3,GOR-GRI-L,2,11486.7,28716.74,,57433.48
545,2025-10-24 17:37:00,34929174,Tienda Online,Web,9,3,MUS-AZU-M,1,12928.22,32320.56,,32320.56
545,2025-10-24 17:37:00,34929174,Tienda Online,Web,9,3,BUZ-AZU-L,2,11827.69,29569.23,,59138.46
546,2024-10-15 09:37:00,27715659,Centro,Presencial,2,5,CHU-NEG-S,1,13529.35,33823.38,,33823.38
546,2024-10-15 09:37:00,27715659,Centro,Presencial,2,5,CIN-TUR-XL,1,13257.96,33144.89,,33144.89
546,2024-10-15 09:37:00,27715659,Centro,Presencial,2,5,JOG-CEL-unico,1,16544.66,41361.66,,41361.66
546,2024-10-15 09:37:00,27715659,Centro,Presencial,2,5,JOG-AZU-unico,2,16544.66,41361.66,,82723.32
546,2024-10-15 09:37:00,27715659,Centro,Presencial,2,5,REM-TUR-XXL,1,13673.12,34182.8,,34182.8
547,2025-03-11 05:00:00,26871415,Tienda Online,Web,9,4,SWE-MAR-unico,1,13010.13,32525.33,,32525.33
547,2025-03-11 05:00:00,26871415,Tienda Online,Web,9,4,GOR-GRI-unico,1,11486.7,28716.74,,28716.74
547,2025-03-11 05:00:00,26871415,Tienda Online,Web,9,4,SWE-MAR-L,1,13010.13,19515.2,7.0,19515.2
547,2025-03-11 05:00:00,26871415,Tienda Online,Web,9,4,REM-VIO-XXL,1,13071.19,32677.97,,32677.97
547,2025-03-11 05:00:00,26871415,Tienda Online,Web,9,4,GOR-GRI-S,1,11486.7,28716.74,,28716.74
548,2024-07-20 10:35:00,12090484,Shopping,Presencial,7,5,JOG-ÍND-XL,1,16544.66,41361.66,,41361.66
548,2024-07-20 10:35:00,12090484,Shopping,Presencial,7,5,JEA-NEG-unico,1,8748.58,21871.44,,21871.44
548,2024-07-20 10:35:00,12090484,Shopping,Presencial,7,5,GOR-GRI-S,1,11486.7,28716.74,,28716.74
548,2024-07-20 10:35:00,12090484,Shopping,Presencial,7,5,CHU-NEG-S,1,13529.35,33823.38,,33823.38
548,2024-07-20 10:35:00,12090484,Shopping,Presencial,7,5,JOG-ÍND-M,1,16544.66,41361.66,,41361.66
549,2024-04-19 02:02:00,17245195,Tienda Online,Web,10,3,SWE-MAR-unico,1,13010.13,32525.33,,32525.33
549,2024-04-19 02:02:00,17245195,Tienda Online,Web,10,3,JEA-LAV-L,1,8748.58,21871.44,,21871.44
549,2024-04-19 02:02:00,17245195,Tienda Online,Web,10,3,REM-TUR-XXL,1,13673.12,34182.8,,34182.8
549,2024-04-19 02:02:00,17245195,Tienda Online,Web,10,3,JOG-ÍND-M,1,16544.66,41361.66,,41361.66
549,2024-04-19 02:02:00,17245195,Tienda Online,Web,10,3,CIN-MAR-M,1,13257.96,33144.89,,33144.89
550,2024-07-20 18:46:00,27715659,Norte,Presencial,5,4,MUS-AZU-XXL,1,12928.22,32320.56,,32320.56
550,2024-07-20 18:46:00,27715659,Norte,Presencial,5,4,CIN-ROS-XXL,1,13257.96,33144.89,,33144.89
551,2024-12-01 05:00:00,17019579,Tienda Online,Web,9,4,REM-VIO-L,1,13071.19,32677.97,,32677.97
552,2024-11-27 15:18:00,21787005,Centro,Presencial,1,4,GOR-ROJ-unico,1,11486.7,28716.74,,28716.74
552,2024-11-27 15:18:00,21787005,Centro,Presencial,1,4,CAM-CEL-XL,2,14680.23,36700.58,,73401.16
552,2024-11-27 15:18:00,21787005,Centro,Presencial,1,4,CIN-TUR-unico,2,13257.96,33144.89,,66289.78
553,2025-07-12 11:27:00,35526737,Norte,Presencial,6,2,JEA-NEG-unico,2,8748.58,21871.44,,43742.88
553,2025-07-12 11:27:00,35526737,Norte,Presencial,6,2,CIN-MAR-M,1,13257.96,33144.89,,33144.89
553,2025-07-12 11:27:00,35526737,Norte,Presencial,6,2,GOR-GRI-M,1,11486.7,14358.37,11.0,14358.37
553,2025-07-12 11:27:00,35526737,Norte,Presencial,6,2,JEA-LAV-unico,1,8748.58,21871.44,,21871.44
554,2024-07-25 17:55:00,38701583,Shopping,Presencial,7,1,CAM-CEL-XL,1,14680.23,36700.58,,36700.58
554,2024-07-25 17:55:00,38701583,Shopping,Presencial,7,1,SWE-MAR-L,1,13010.13,32525.33,,32525.33
554,2024-07-25 17:55:00,38701583,Shopping,Presencial,7,1,JEA-LAV-unico,1,8748.58,21871.44,,21871.44
555,2025-10-11 14:12:00,40890427,Centro,Presencial,2,2,REM-TUR-S,1,13673.12,34182.8,,34182.8
555,2025-10-11 14:12:00,40890427,Centro,Presencial,2,2,REM-VIO-XXL,1,13071.19,32677.97,,32677.97
555,2025-10-11 14:12:00,40890427,Centro,Presencial,2,2,CIN-ROS-unico,1,13257.96,33144.89,,33144.89
555,2025-10-11 14:12:00,40890427,Centro,Presencial,2,2,CAM-BLA-S,1,14680.23,36700.58,,36700.58
556,2025-06-09 17:13:00,29687578,Tienda Online,Web,10,4,CHU-ÍND-XXL,1,13529.35,33823.38,,33823.38
556,2025-06-09 17:13:00,29687578,Tienda Online,Web,10,4,CAM-BLA-M,1,14680.23,36700.58,,36700.58
556,2025-06-09 17:13:00,29687578,Tienda Online,Web,10,4,SWE-MAR-L,1,13010.13,32525.33,,32525.33
556,2025-06-09 17:13:00,29687578,Tienda Online,Web,10,4,SWE-MAR-unico,1,13010.13,32525.33,,32525.33
557,2025-09-05 13:44:00,41740898,Shopping,Presencial,7,1,CIN-MAR-S,1,13257.96,33144.89,,33144.89
558,2024-04-29 18:32:00,27906335,Shopping,Presencial,7,2,CIN-MAR-L,1,13257.96,33144.89,,33144.89
558,2024-04-29 18:32:00,27906335,Shopping,Presencial,7,2,CIN-TUR-unico,1,13257.96,33144.89,,33144.89
558,2024-04-29 18:32:00,27906335,Shopping,Presencial,7,2,REM-CEL-XXL,1,13673.12,34182.8,,34182.8
558,2024-04-29 18:32:00,27906335,Shopping,Presencial,7,2,CIN-MAR-M,1,13257.96,33144.89,,33144.89
558,2024-04-29 18:32:00,27906335,Shopping,Presencial,7,2,REM-CEL-XXL,1,13673.12,34182.8,,34182.8
559,2025-07-25 18:53:00,26365398,Shopping,Presencial,7,1,REM-VIO-XXL,1,13071.19,32677.97,,32677.97
559,2025-07-25 18:53:00,26365398,Shopping,Presencial,7,1,REM-CEL-XXL,1,13673.12,34182.8,,34182.8
559,2025-07-25 18:53:00,26365398,Shopping,Presencial,7,1,CHU-VER-XL,1,13529.35,33823.38,,33823.38
559,2025-07-25 18:53:00,26365398,Shopping,Presencial,7,1,CIN-MAR-S,1,13257.96,33144.89,,33144.89
560,2025-11-14 18:14:00,10990382,Centro,Presencial,2,3,CHU-NEG-S,1,13529.35,27735.17,9.0,27735.17
560,2025-11-14 18:14:00,10990382,Centro,Presencial,2,3,CHU-ÍND-XXL,1,13529.35,33823.38,,33823.38
561,2024-03-08 15:39:00,10038379,Shopping,Presencial,7,3,SWE-AZU-S,1,13010.13,32525.33,,32525.33
561,2024-03-08 15:39:00,10038379,Shopping,Presencial,7,3,JEA-LAV-unico,1,8748.58,21871.44,,21871.44
561,2024-03-08 15:39:00,10038379,Shopping,Presencial,7,3,JOG-ÍND-XL,1,16544.66,41361.66,,41361.66
561,2024-03-08 15:39:00,10038379,Shopping,Presencial,7,3,JOG-ÍND-XL,1,16544.66,41361.66,,41361.66
562,2024-10-09 03:55:00,11310767,Tienda Online,Web,10,1,GOR-GRI-unico,1,11486.7,28716.74,,28716.74
562,2024-10-09 03:55:00,11310767,Tienda Online,Web,10,1,SWE-AZU-S,1,13010.13,32525.33,,32525.33
562,2024-10-09 03:55:00,11310767,Tienda Online,Web,10,1,CIN-ROS-XXL,1,13257.96,33144.89,,33144.89
562,2024-10-09 03:55:00,11310767,Tienda Online,Web,10,1,REM-CEL-XXL,1,13673.12,34182.8,,34182.8
563,2025-05-01 08:24:00,44107468,Tienda Online,Web,10,2,CHU-NEG-S,1,13529.35,33823.38,,33823.38
563,2025-05-01 08:24:00,44107468,Tienda Online,Web,10,2,CIN-ROS-unico,1,13257.96,33144.89,,33144.89
563,2025-05-01 08:24:00,44107468,Tienda Online,Web,10,2,MUS-CEL-M,1,12928.22,32320.56,,32320.56
563,2025-05-01 08:24:00,44107468,Tienda Online,Web,10,2,MUS-AZU-M,1,12928.22,32320.56,,32320.56
563,2025-05-01 08:24:00,44107468,Tienda Online,Web,10,2,MUS-AZU-unico,1,12928.22,32320.56,,32320.56
564,2025-10-31 18:28:00,11723249,Norte,Presencial,4,1,JOG-AZU-L,1,16544.66,41361.66,,41361.66
564,2025-10-31 18:28:00,11723249,Norte,Presencial,4,1,CHU-ÍND-XXL,1,13529.35,33823.38,,33823.38
564,2025-10-31 18:28:00,11723249,Norte,Presencial,4,1,GOR-ROJ-XXL,1,11486.7,28716.74,,28716.74
564,2025-10-31 18:28:00,11723249,Norte,Presencial,4,1,CHU-NEG-S,1,13529.35,33823.38,,33823.38
565,2025-07-28 12:37:00,43453305,Norte,Presencial,6,5,CHU-ÍND-XXL,1,13529.35,33823.38,,33823.38
566,2024-04-02 11:05:00,13950951,Norte,Presencial,6,5,JOG-CEL-unico,1,16544.66,41361.66,,41361.66
566,2024-04-02 11:05:00,13950951,Norte,Presencial,6,5,BUZ-AZU-M,1,11827.69,29569.23,,29569.23
566,2024-04-02 11:05:00,13950951,Norte,Presencial,6,5,SWE-AZU-S,1,13010.13,32525.33,,32525.33
566,2024-04-02 11:05:00,13950951,Norte,Presencial,6,5,CIN-TUR-unico,1,13257.96,33144.89,,33144.89
567,2024-08-19 07:11:00,29812600,Tienda Online,Web,10,5,CIN-MAR-M,1,13257.96,33144.89,,33144.89
568,2025-03-08 00:08:00,24672546,Tienda Online,Web,10,2,GOR-GRI-unico,1,11486.7,28716.74,,28716.74
568,2025-03-08 00:08:00,24672546,Tienda Online,Web,10,2,CAM-BLA-M,1,14680.23,36700.58,,36700.58
568,2025-03-08 00:08:00,24672546,Tienda Online,Web,10,2,SWE-MAR-L,1,13010.13,19515.2,7.0,19515.2
568,2025-03-08 00:08:00,24672546,Tienda Online,Web,10,2,GOR-ROJ-unico,1,11486.7,28716.74,,28716.74
568,2025-03-08 00:08:00,24672546,Tienda Online,Web,10,2,JOG-CEL-unico,1,16544.66,41361.66,,41361.66
569,2025-11-18 11:07:00,23309686,Shopping,Presencial,7,3,REM-TUR-XXL,1,13673.12,28029.9,9.0,28029.9
569,2025-11-18 11:07:00,23309686,Shopping,Presencial,7,3,CAM-BEI-S,1,14680.23,36700.58,,36700.58
569,2025-11-18 11:07:00,23309686,Shopping,Presencial,7,3,JOG-AZU-XL,1,16544.66,41361.66,,41361.66
569,2025-11-18 11:07:00,23309686,Shopping,Presencial,7,3,GOR-ROJ-unico,2,11486.7,23547.73,9.0,47095.46
570,2025-05-16 07:08:00,12132899,Tienda Online,Web,10,2,CIN-ROS-XXL,1,13257.96,33144.89,,33144.89
571,2025-01-04 18:39:00,24580721,Centro,Presencial,2,5,SWE-MAR-L,1,13010.13,32525.33,,32525.33
572,2025-10-09 12:53:00,25333944,Norte,Presencial,5,5,CHU-ÍND-unico,1,13529.35,21985.2,8.0,21985.2
572,2025-10-09 12:53:00,25333944,Norte,Presencial,5,5,CIN-ROS-unico,1,13257.96,21544.18,8.0,21544.18
572,2025-10-09 12:53:00,25333944,Norte,Presencial,5,5,REM-VIO-XL,1,13071.19,32677.97,,32677.97
573,2024-10-26 04:09:00,36669833,Tienda Online,Web,10,4,SWE-MAR-L,1,13010.13,32525.33,,32525.33
573,2024-10-26 04:09:00,36669833,Tienda Online,Web,10,4,CIN-MAR-M,1,13257.96,33144.89,,33144.89
573,2024-10-26 04:09:00,36669833,Tienda Online,Web,10,4,CHU-NEG-M,2,13529.35,33823.38,,67646.76
574,2024-01-06 12:19:00,20226206,Norte,Presencial,5,1,CIN-MAR-S,1,13257.96,33144.89,,33144.89
575,2025-10-28 08:31:00,14598388,Tienda Online,Web,10,2,REM-BLA-XL,1,13071.19,32677.97,,32677.97
575,2025-10-28 08:31:00,14598388,Tienda Online,Web,10,2,MUS-AZU-XXL,1,12928.22,32320.56,,32320.56
575,2025-10-28 08:31:00,14598388,Tienda Online,Web,10,2,SWE-AZU-XXL,1,13010.13,32525.33,,32525.33
576,2025-10-10 13:16:00,32384600,Shopping,Presencial,7,1,CAM-BEI-unico,1,14680.23,36700.58,,36700.58
576,2025-10-10 13:16:00,32384600,Shopping,Presencial,7,1,GOR-GRI-S,1,11486.7,28716.74,,28716.74
577,2025-03-18 03:15:00,18293899,Tienda Online,Web,9,4,REM-VIO-L,2,13071.19,32677.97,,65355.94
578,2025-05-09 04:21:00,41410296,Tienda Online,Web,9,4,CAM-BLA-XL,1,14680.23,36700.58,,36700.58
578,2025-05-09 04:21:00,41410296,Tienda Online,Web,9,4,REM-VIO-M,1,13071.19,32677.97,,32677.97
578,2025-05-09 04:21:00,41410296,Tienda Online,Web,9,4,REM-VIO-L,1,13071.19,32677.97,,32677.97
579,2024-10-22 19:32:00,43250363,Norte,Presencial,5,2,REM-TUR-XXL,1,13673.12,34182.8,,34182.8
579,2024-10-22 19:32:00,43250363,Norte,Presencial,5,2,BUZ-AZU-M,1,11827.69,29569.23,,29569.23
579,2024-10-22 19:32:00,43250363,Norte,Presencial,5,2,GOR-GRI-XXL,1,11486.7,28716.74,,28716.74
579,2024-10-22 19:32:00,43250363,Norte,Presencial,5,2,JOG-AZU-XXL,1,16544.66,41361.66,,41361.66
579,2024-10-22 19:32:00,43250363,Norte,Presencial,5,2,CIN-TUR-XL,1,13257.96,33144.89,,33144.89
580,2025-02-15 10:50:00,28688292,Norte,Presencial,5,1,SWE-MAR-unico,1,13010.13,32525.33,,32525.33
581,2024-05-01 17:41:00,24097997,Shopping,Presencial,7,3,GOR-GRI-M,1,11486.7,27916.74,12.0,27916.74
581,2024-05-01 17:41:00,24097997,Shopping,Presencial,7,3,MUS-AZU-M,1,12928.22,32320.56,,32320.56
581,2024-05-01 17:41:00,24097997,Shopping,Presencial,7,3,CIN-MAR-S,2,13257.96,33144.89,,66289.78
581,2024-05-01 17:41:00,24097997,Shopping,Presencial,7,3,CAM-BEI-L,1,14680.23,36700.58,,36700.58
582,2024-08-09 14:51:00,20267062,Norte,Presencial,4,3,GOR-GRI-XXL,1,11486.7,28716.74,,28716.74
582,2024-08-09 14:51:00,20267062,Norte,Presencial,4,3,JEA-LAV-L,1,8748.58,21871.44,,21871.44
582,2024-08-09 14:51:00,20267062,Norte,Presencial,4,3,SWE-MAR-L,1,13010.13,32525.33,,32525.33
582,2024-08-09 14:51:00,20267062,Norte,Presencial,4,3,GOR-GRI-L,1,11486.7,28716.74,,28716.74
582,2024-08-09 14:51:00,20267062,Norte,Presencial,4,3,CAM-BLA-M,1,14680.23,36700.58,,36700.58
583,2025-04-04 06:52:00,39176602,Tienda Online,Web,9,3,GOR-ROJ-S,1,11486.7,28716.74,,28716.74
583,2025-04-04 06:52:00,39176602,Tienda Online,Web,9,3,GOR-ROJ-S,1,11486.7,28716.74,,28716.74
583,2025-04-04 06:52:00,39176602,Tienda Online,Web,9,3,CHU-VER-L,1,13529.35,33823.38,,33823.38
583,2025-04-04 06:52:00,39176602,Tienda Online,Web,9,3,MUS-AZU-unico,1,12928.22,32320.56,,32320.56
584,2024-12-14 00:07:00,16381102,Tienda Online,Web,9,2,GOR-ROJ-unico,1,11486.7,28716.74,,28716.74
584,2024-12-14 00:07:00,16381102,Tienda Online,Web,9,2,CAM-BEI-L,1,14680.23,36700.58,,36700.58
584,2024-12-14 00:07:00,16381102,Tienda Online,Web,9,2,CHU-NEG-S,1,13529.35,33823.38,,33823.38
584,2024-12-14 00:07:00,16381102,Tienda Online,Web,9,2,JOG-AZU-XXL,1,16544.66,41361.66,,41361.66
585,2024-09-21 10:15:00,35526737,Centro,Presencial,2,1,JOG-CEL-unico,1,16544.66,41361.66,,41361.66
585,2024-09-21 10:15:00,35526737,Centro,Presencial,2,1,CIN-ROS-XXL,1,13257.96,33144.89,,33144.89
586,2024-02-23 01:00:00,10524999,Tienda Online,Web,10,2,JEA-NEG-M,1,8748.58,21871.44,,21871.44
586,2024-02-23 01:00:00,10524999,Tienda Online,Web,10,2,GOR-GRI-M,1,11486.7,28716.74,,28716.74
587,2024-06-24 06:41:00,16778091,Tienda Online,Web,10,2,REM-CEL-XXL,1,13673.12,34182.8,,34182.8
588,2025-06-21 10:53:00,28610049,Shopping,Presencial,7,2,JOG-CEL-unico,1,16544.66,41361.66,,41361.66
588,2025-06-21 10:53:00,28610049,Shopping,Presencial,7,2,SWE-AZU-M,1,13010.13,32525.33,,32525.33
588,2025-06-21 10:53:00,28610049,Shopping,Presencial,7,2,CIN-MAR-XL,2,13257.96,33144.89,,66289.78
588,2025-06-21 10:53:00,28610049,Shopping,Presencial,7,2,GOR-GRI-unico,1,11486.7,28716.74,,28716.74
589,2025-08-29 11:13:00,23771113,Centro,Presencial,2,2,BUZ-AZU-M,1,11827.69,29569.23,,29569.23
589,2025-08-29 11:13:00,23771113,Centro,Presencial,2,2,JOG-ÍND-XL,1,16544.66,41361.66,,41361.66
589,2025-08-29 11:13:00,23771113,Centro,Presencial,2,2,CHU-NEG-S,2,13529.35,33823.38,,67646.76
589,2025-08-29 11:13:00,23771113,Centro,Presencial,2,2,CIN-MAR-M,1,13257.96,33144.89,,33144.89
589,2025-08-29 11:13:00,23771113,Centro,Presencial,2,2,CIN-ROS-L,1,13257.96,33144.89,,33144.89
590,2024-03-03 13:46:00,35059825,Centro,Presencial,1,5,MUS-CEL-S,1,12928.22,32320.56,,32320.56
590,2024-03-03 13:46:00,35059825,Centro,Presencial,1,5,MUS-AZU-XXL,1,12928.22,32320.56,,32320.56
591,2025-06-05 15:23:00,41535292,Shopping,Presencial,7,5,CAM-BLA-S,1,14680.23,36700.58,,36700.58
591,2025-06-05 15:23:00,41535292,Shopping,Presencial,7,5,CIN-TUR-unico,1,13257.96,33144.89,,33144.89
592,2025-02-08 19:53:00,21787005,Norte,Presencial,4,1,JEA-LAV-L,1,8748.58,21871.44,,21871.44
592,2025-02-08 19:53:00,21787005,Norte,Presencial,4,1,JEA-NEG-M,1,8748.58,21871.44,,21871.44
593,2025-01-27 15:23:00,29044583,Norte,Presencial,4,5,CIN-MAR-S,1,13257.96,33144.89,,33144.89
593,2025-01-27 15:23:00,29044583,Norte,Presencial,4,5,CAM-CEL-XL,1,14680.23,36700.58,,36700.58
594,2024-12-05 19:36:00,28011719,Centro,Presencial,1,4,CAM-CEL-XL,1,14680.23,36700.58,,36700.58
594,2024-12-05 19:36:00,28011719,Centro,Presencial,1,4,BUZ-AZU-M,1,11827.69,29569.23,,29569.23
594,2024-12-05 19:36:00,28011719,Centro,Presencial,1,4,JOG-ÍND-M,1,16544.66,41361.66,,41361.66
594,2024-12-05 19:36:00,28011719,Centro,Presencial,1,4,CAM-BEI-unico,1,14680.23,36700.58,,36700.58
595,2024-09-18 02:48:00,30873468,Tienda Online,Web,9,5,CHU-ÍND-L,1,13529.35,33823.38,,33823.38
595,2024-09-18 02:48:00,30873468,Tienda Online,Web,9,5,REM-BLA-XL,1,13071.19,32677.97,,32677.97
595,2024-09-18 02:48:00,30873468,Tienda Online,Web,9,5,GOR-ROJ-unico,1,11486.7,28716.74,,28716.74
596,2024-06-26 13:41:00,18363463,Norte,Presencial,4,5,JOG-CEL-unico,1,16544.66,41361.66,,41361.66
596,2024-06-26 13:41:00,18363463,Norte,Presencial,4,5,JOG-ÍND-M,1,16544.66,41361.66,,41361.66
596,2024-06-26 13:41:00,18363463,Norte,Presencial,4,5,CAM-CEL-XL,1,14680.23,36700.58,,36700.58
596,2024-06-26 13:41:00,18363463,Norte,Presencial,4,5,CAM-BLA-M,2,14680.23,36700.58,,73401.16
596,2024-06-26 13:41:00,18363463,Norte,Presencial,4,5,CIN-ROS-XXL,1,13257.96,33144.89,,33144.89
597,2024-12-20 11:32:00,35526737,Shopping,Presencial,7,2,CAM-BEI-L,1,14680.23,36700.58,,36700.58
597,2024-12-20 11:32:00,35526737,Shopping,Presencial,7,2,SWE-MAR-L,1,13010.13,32525.33,,32525.33
598,2025-05-23 15:44:00,20254587,Tienda Online,Web,10,1,GOR-GRI-L,1,11486.7,28716.74,,28716.74
598,2025-05-23 15:44:00,20254587,Tienda Online,Web,10,1,CHU-NEG-S,1,13529.35,33823.38,,33823.38
599,2025-02-04 11:11:00,38120042,Centro,Presencial,1,1,CHU-NEG-XXL,1,13529.35,33823.38,,33823.38
599,2025-02-04 11:11:00,38120042,Centro,Presencial,1,1,JOG-ÍND-M,1,16544.66,41361.66,,41361.66
599,2025-02-04 11:11:00,38120042,Centro,Presencial,1,1,JOG-AZU-unico,1,16544.66,41361.66,,41361.66
600,2024-08-02 20:02:00,34268915,Tienda Online,Web,9,5,JEA-LAV-L,2,8748.58,21871.44,,43742.88
600,2024-08-02 20:02:00,34268915,Tienda Online,Web,9,5,JOG-ÍND-M,1,16544.66,41361.66,,41361.66
601,2025-09-23 19:35:00,17678198,Tienda Online,Web,10,4,BUZ-AZU-L,1,11827.69,29569.23,,29569.23
601,2025-09-23 19:35:00,17678198,Tienda Online,Web,10,4,GOR-ROJ-XXL,1,11486.7,28716.74,,28716.74
602,2024-04-05 10:46:00,16065254,Norte,Presencial,4,5,CIN-MAR-L,1,13257.96,33144.89,,33144.89
603,2024-07-19 12:58:00,22203066,Norte,Presencial,4,5,REM-BLA-XL,1,13071.19,32677.97,,32677.97
603,2024-07-19 12:58:00,22203066,Norte,Presencial,4,5,REM-TUR-XXL,1,13673.12,34182.8,,34182.8
603,2024-07-19 12:58:00,22203066,Norte,Presencial,4,5,BUZ-AZU-M,1,11827.69,29569.23,,29569.23
603,2024-07-19 12:58:00,22203066,Norte,Presencial,4,5,MUS-CEL-S,1,12928.22,32320.56,,32320.56
604,2024-03-16 12:31:00,13950951,Shopping,Presencial,7,2,CIN-MAR-L,1,13257.96,33144.89,,33144.89
604,2024-03-16 12:31:00,13950951,Shopping,Presencial,7,2,BUZ-AZU-M,1,11827.69,29569.23,,29569.23
604,2024-03-16 12:31:00,13950951,Shopping,Presencial,7,2,CIN-MAR-XL,1,13257.96,33144.89,,33144.89
604,2024-03-16 12:31:00,13950951,Shopping,Presencial,7,2,CIN-MAR-S,1,13257.96,33144.89,,33144.89
605,2024-11-26 15:48:00,39766964,Centro,Presencial,1,2,BUZ-AZU-M,1,11827.69,29569.23,,29569.23
605,2024-11-26 15:48:00,39766964,Centro,Presencial,1,2,GOR-ROJ-S,1,11486.7,28716.74,,28716.74
605,2024-11-26 15:48:00,39766964,Centro,Presencial,1,2,REM-VIO-XL,1,13071.19,32677.97,,32677.97
605,2024-11-26 15:48:00,39766964,Centro,Presencial,1,2,CAM-BEI-L,1,14680.23,36700.58,,36700.58
605,2024-11-26 15:48:00,39766964,Centro,Presencial,1,2,CIN-TUR-XL,1,13257.96,33144.89,,33144.89
606,2024-11-01 12:03:00,26058980,Centro,Presencial,1,4,CIN-MAR-S,1,13257.96,33144.89,,33144.89
606,2024-11-01 12:03:00,26058980,Centro,Presencial,1,4,CAM-CEL-XL,1,14680.23,36700.58,,36700.58
607,2024-07-12 19:43:00,26127866,Centro,Presencial,2,1,BUZ-AZU-M,2,11827.69,29569.23,,59138.46
607,2024-07-12 19:43:00,26127866,Centro,Presencial,2,1,GOR-GRI-XXL,1,11486.7,28716.74,,28716.74
607,2024-07-12 19:43:00,26127866,Centro,Presencial,2,1,CAM-BEI-unico,1,14680.23,36700.58,,36700.58
607,2024-07-12 19:43:00,26127866,Centro,Presencial,2,1,MUS-AZU-XXL,1,12928.22,32320.56,,32320.56
608,2024-10-29 05:37:00,41854862,Tienda Online,Web,9,2,REM-CEL-XXL,1,13673.12,34182.8,,34182.8
608,2024-10-29 05:37:00,41854862,Tienda Online,Web,9,2,CIN-MAR-S,1,13257.96,33144.89,,33144.89
608,2024-10-29 05:37:00,41854862,Tienda Online,Web,9,2,BUZ-AZU-M,1,11827.69,29569.23,,29569.23
608,2024-10-29 05:37:00,41854862,Tienda Online,Web,9,2,CIN-MAR-XL,1,13257.96,33144.89,,33144.89
609,2024-01-13 10:57:00,36913358,Centro,Presencial,1,3,BUZ-AZU-M,1,11827.69,29569.23,,29569.23
609,2024-01-13 10:57:00,36913358,Centro,Presencial,1,3,GOR-GRI-L,1,11486.7,28716.74,,28716.74
609,2024-01-13 10:57:00,36913358,Centro,Presencial,1,3,CIN-TUR-XL,2,13257.96,33144.89,,66289.78
609,2024-01-13 10:57:00,36913358,Centro,Presencial,1,3,JEA-LAV-L,1,8748.58,21871.44,,21871.44
610,2024-05-21 09:18:00,41453788,Centro,Presencial,2,1,MUS-CEL-S,1,12928.22,32320.56,,32320.56
610,2024-05-21 09:18:00,41453788,Centro,Presencial,2,1,MUS-AZU-M,1,12928.22,31520.56,12.0,31520.56
610,2024-05-21 09:18:00,41453788,Centro,Presencial,2,1,JEA-LAV-unico,1,8748.58,21071.44,12.0,21071.44
611,2024-12-26 15:05:00,16100827,Tienda Online,Web,9,5,GOR-GRI-M,1,11486.7,28716.74,,28716.74
611,2024-12-26 15:05:00,16100827,Tienda Online,Web,9,5,REM-VIO-L,1,13071.19,32677.97,,32677.97
611,2024-12-26 15:05:00,16100827,Tienda Online,Web,9,5,REM-VIO-L,1,13071.19,32677.97,,32677.97
611,2024-12-26 15:05:00,16100827,Tienda Online,Web,9,5,CIN-MAR-L,1,13257.96,33144.89,,33144.89
612,2024-06-03 09:16:00,41854862,Centro,Presencial,2,1,CHU-VER-XL,1,13529.35,33823.38,,33823.38
612,2024-06-03 09:16:00,41854862,Centro,Presencial,2,1,MUS-AZU-M,1,12928.22,32320.56,,32320.56
612,2024-06-03 09:16:00,41854862,Centro,Presencial,2,1,MUS-AZU-XXL,1,12928.22,32320.56,,32320.56
613,2024-05-20 05:42:00,16778091,Tienda Online,Web,9,4,CAM-BEI-L,1,14680.23,35900.58,12.0,35900.58
613,2024-05-20 05:42:00,16778091,Tienda Online,Web,9,4,CIN-MAR-L,1,13257.96,33144.89,,33144.89
613,2024-05-20 05:42:00,16778091,Tienda Online,Web,9,4,JOG-CEL-unico,1,16544.66,41361.66,,41361.66
614,2025-04-14 09:12:00,42446968,Norte,Presencial,6,2,REM-VIO-M,1,13071.19,32677.97,,32677.97
614,2025-04-14 09:12:00,42446968,Norte,Presencial,6,2,BUZ-AZU-M,1,11827.69,24246.77,10.0,24246.77
615,2024-12-16 10:44:00,13291303,Shopping,Presencial,7,5,REM-BLA-XL,1,13071.19,32677.97,,32677.97
615,2024-12-16 10:44:00,13291303,Shopping,Presencial,7,5,GOR-GRI-unico,1,11486.7,28716.74,,28716.74
615,2024-12-16 10:44:00,13291303,Shopping,Presencial,7,5,GOR-GRI-XXL,2,11486.7,28716.74,,57433.48
616,2024-05-04 05:59:00,12462702,Tienda Online,Web,10,3,SWE-AZU-S,1,13010.13,32525.33,,32525.33
617,2025-04-04 12:58:00,36873895,Shopping,Presencial,7,5,REM-TUR-XXL,1,13673.12,34182.8,,34182.8
617,2025-04-04 12:58:00,36873895,Shopping,Presencial,7,5,CHU-ÍND-L,1,13529.35,33823.38,,33823.38
618,2024-03-09 15:23:00,18474473,Centro,Presencial,2,3,GOR-GRI-XXL,1,11486.7,28716.74,,28716.74
618,2024-03-09 15:23:00,18474473,Centro,Presencial,2,3,REM-BLA-XL,1,13071.19,32677.97,,32677.97
619,2025-11-21 15:08:00,16065254,Tienda Online,Web,9,3,JOG-ÍND-M,1,16544.66,41361.66,,41361.66
619,2025-11-21 15:08:00,16065254,Tienda Online,Web,9,3,GOR-GRI-L,1,11486.7,28716.74,,28716.74
619,2025-11-21 15:08:00,16065254,Tienda Online,Web,9,3,JOG-AZU-unico,1,16544.66,41361.66,,41361.66
620,2024-09-05 07:01:00,31727935,Tienda Online,Web,9,1,GOR-GRI-M,1,11486.7,28716.74,,28716.74
620,2024-09-05 07:01:00,31727935,Tienda Online,Web,9,1,GOR-ROJ-unico,1,11486.7,28716.74,,28716.74
621,2024-03-13 17:23:00,10770478,Centro,Presencial,2,2,JOG-AZU-unico,1,16544.66,41361.66,,41361.66
621,2024-03-13 17:23:00,10770478,Centro,Presencial,2,2,CHU-NEG-S,1,13529.35,33823.38,,33823.38
622,2025-10-07 08:03:00,40450329,Tienda Online,Web,10,1,JOG-ÍND-M,1,16544.66,26885.08,8.0,26885.08
622,2025-10-07 08:03:00,40450329,Tienda Online,Web,10,1,CHU-ÍND-XL,1,13529.35,33823.38,,33823.38
622,2025-10-07 08:03:00,40450329,Tienda Online,Web,10,1,CIN-TUR-XL,1,13257.96,33144.89,,33144.89
622,2025-10-07 08:03:00,40450329,Tienda Online,Web,10,1,JOG-CEL-L,1,16544.66,41361.66,,41361.66
623,2024-09-19 12:53:00,19938405,Tienda Online,Web,10,4,SWE-MAR-L,1,13010.13,32525.33,,32525.33
623,2024-09-19 12:53:00,19938405,Tienda Online,Web,10,4,CAM-BLA-M,1,14680.23,36700.58,,36700.58
623,2024-09-19 12:53:00,19938405,Tienda Online,Web,10,4,SWE-AZU-S,1,13010.13,32525.33,,32525.33
623,2024-09-19 12:53:00,19938405,Tienda Online,Web,10,4,CAM-CEL-XL,1,14680.23,36700.58,,36700.58
624,2025-02-26 11:36:00,37652324,Norte,Presencial,6,2,JOG-ÍND-S,1,16544.66,41361.66,,41361.66
624,2025-02-26 11:36:00,37652324,Norte,Presencial,6,2,CHU-ÍND-L,1,13529.35,33823.38,,33823.38
624,2025-02-26 11:36:00,37652324,Norte,Presencial,6,2,SWE-AZU-S,1,13010.13,32525.33,,32525.33
624,2025-02-26 11:36:00,37652324,Norte,Presencial,6,2,CHU-NEG-XXL,1,13529.35,33823.38,,33823.38
625,2025-09-25 09:04:00,11780798,Centro,Presencial,1,5,BUZ-AZU-unico,2,11827.69,29569.23,,59138.46
625,2025-09-25 09:04:00,11780798,Centro,Presencial,1,5,CAM-BLA-S,1,14680.23,36700.58,,36700.58
625,2025-09-25 09:04:00,11780798,Centro,Presencial,1,5,CIN-MAR-L,1,13257.96,33144.89,,33144.89
625,2025-09-25 09:04:00,11780798,Centro,Presencial,1,5,MUS-CEL-XXL,1,12928.22,32320.56,,32320.56
626,2025-10-27 14:56:00,34764543,Norte,Presencial,5,4,REM-BLA-unico,1,13071.19,32677.97,,32677.97
626,2025-10-27 14:56:00,34764543,Norte,Presencial,5,4,SWE-AZU-S,1,13010.13,32525.33,,32525.33
626,2025-10-27 14:56:00,34764543,Norte,Presencial,5,4,CHU-NEG-M,1,13529.35,33823.38,,33823.38
627,2024-09-20 23:05:00,15354748,Tienda Online,Web,10,2,BUZ-AZU-unico,2,11827.69,29569.23,,59138.46
627,2024-09-20 23:05:00,15354748,Tienda Online,Web,10,2,JEA-LAV-L,1,8748.58,21871.44,,21871.44
627,2024-09-20 23:05:00,15354748,Tienda Online,Web,10,2,GOR-GRI-XXL,1,11486.7,28716.74,,28716.74
627,2024-09-20 23:05:00,15354748,Tienda Online,Web,10,2,CIN-TUR-XL,1,13257.96,33144.89,,33144.89
627,2024-09-20 23:05:00,15354748,Tienda Online,Web,10,2,REM-TUR-XXL,1,13673.12,34182.8,,34182.8
628,2025-09-26 15:47:00,22083413,Shopping,Presencial,7,5,CHU-ÍND-unico,1,13529.35,21985.2,8.0,21985.2
628,2025-09-26 15:47:00,22083413,Shopping,Presencial,7,5,CHU-NEG-XL,1,13529.35,33823.38,,33823.38
628,2025-09-26 15:47:00,22083413,Shopping,Presencial,7,5,GOR-GRI-M,1,11486.7,28716.74,,28716.74
628,2025-09-26 15:47:00,22083413,Shopping,Presencial,7,5,JOG-ÍND-M,1,16544.66,41361.66,,41361.66
628,2025-09-26 15:47:00,22083413,Shopping,Presencial,7,5,MUS-AZU-unico,1,12928.22,32320.56,,32320.56
629,2025-07-05 09:10:00,38127120,Tienda Online,Web,10,2,REM-TUR-S,2,13673.12,34182.8,,68365.6
629,2025-07-05 09:10:00,38127120,Tienda Online,Web,10,2,REM-TUR-S,1,13673.12,34182.8,,34182.8
629,2025-07-05 09:10:00,38127120,Tienda Online,Web,10,2,GOR-ROJ-S,1,11486.7,28716.74,,28716.74
630,2024-05-21 12:47:00,42659965,Tienda Online,Web,9,2,CHU-VER-XL,1,13529.35,33023.38,12.0,33023.38
630,2024-05-21 12:47:00,42659965,Tienda Online,Web,9,2,CHU-VER-XL,1,13529.35,33823.38,,33823.38
630,2024-05-21 12:47:00,42659965,Tienda Online,Web,9,2,CHU-NEG-M,1,13529.35,33823.38,,33823.38
630,2024-05-21 12:47:00,42659965,Tienda Online,Web,9,2,GOR-GRI-L,1,11486.7,28716.74,,28716.74
631,2024-05-18 14:00:00,27906335,Shopping,Presencial,7,4,MUS-AZU-M,1,12928.22,32320.56,,32320.56
631,2024-05-18 14:00:00,27906335,Shopping,Presencial,7,4,CIN-ROS-XXL,1,13257.96,33144.89,,33144.89
631,2024-05-18 14:00:00,27906335,Shopping,Presencial,7,4,REM-TUR-XXL,1,13673.12,34182.8,,34182.8
632,2025-06-21 09:42:00,41895660,Shopping,Presencial,7,2,CIN-MAR-M,2,13257.96,33144.89,,66289.78
632,2025-06-21 09:42:00,41895660,Shopping,Presencial,7,2,JOG-ÍND-M,2,16544.66,41361.66,,82723.32
632,2025-06-21 09:42:00,41895660,Shopping,Presencial,7,2,CIN-ROS-XXL,1,13257.96,33144.89,,33144.89
632,2025-06-21 09:42:00,41895660,Shopping,Presencial,7,2,GOR-ROJ-unico,1,11486.7,28716.74,,28716.74
633,2024-09-06 10:45:00,23048327,Tienda Online,Web,10,3,CIN-ROS-XXL,1,13257.96,33144.89,,33144.89
633,2024-09-06 10:45:00,23048327,Tienda Online,Web,10,3,JOG-ÍND-S,1,16544.66,41361.66,,41361.66
633,2024-09-06 10:45:00,23048327,Tienda Online,Web,10,3,MUS-AZU-unico,1,12928.22,32320.56,,32320.56
633,2024-09-06 10:45:00,23048327,Tienda Online,Web,10,3,CIN-MAR-M,1,13257.96,33144.89,,33144.89
634,2025-10-03 00:52:00,17019579,Tienda Online,Web,10,1,CAM-BLA-S,1,14680.23,36700.58,,36700.58
634,2025-10-03 00:52:00,17019579,Tienda Online,Web,10,1,GOR-ROJ-XXL,1,11486.7,28716.74,,28716.74
635,2025-10-28 14:29:00,28669062,Shopping,Presencial,7,3,SWE-MAR-XXL,1,13010.13,32525.33,,32525.33
635,2025-10-28 14:29:00,28669062,Shopping,Presencial,7,3,GOR-ROJ-S,1,11486.7,28716.74,,28716.74
635,2025-10-28 14:29:00,28669062,Shopping,Presencial,7,3,CIN-MAR-XL,1,13257.96,33144.89,,33144.89
636,2025-11-21 10:42:00,12409147,Norte,Presencial,6,4,CHU-ÍND-unico,1,13529.35,33823.38,,33823.38
636,2025-11-21 10:42:00,12409147,Norte,Presencial,6,4,CIN-ROS-unico,1,13257.96,33144.89,,33144.89
636,2025-11-21 10:42:00,12409147,Norte,Presencial,6,4,REM-VIO-M,1,13071.19,32677.97,,32677.97
636,2025-11-21 10:42:00,12409147,Norte,Presencial,6,4,JOG-AZU-XL,1,16544.66,41361.66,,41361.66
636,2025-11-21 10:42:00,12409147,Norte,Presencial,6,4,SWE-MAR-M,1,13010.13,32525.33,,32525.33
637,2024-12-28 13:09:00,28731761,Shopping,Presencial,7,2,JOG-ÍND-XL,2,16544.66,41361.66,,82723.32
638,2025-09-13 13:47:00,30301581,Norte,Presencial,5,3,MUS-CEL-XXL,1,12928.22,32320.56,,32320.56
638,2025-09-13 13:47:00,30301581,Norte,Presencial,5,3,CIN-ROS-L,1,13257.96,33144.89,,33144.89
638,2025-09-13 13:47:00,30301581,Norte,Presencial,5,3,GOR-ROJ-L,1,11486.7,28716.74,,28716.74
638,2025-09-13 13:47:00,30301581,Norte,Presencial,5,3,CAM-BEI-unico,1,14680.23,36700.58,,36700.58
639,2025-06-12 20:30:00,35821297,Tienda Online,Web,10,3,GOR-GRI-unico,1,11486.7,28716.74,,28716.74
639,2025-06-12 20:30:00,35821297,Tienda Online,Web,10,3,JEA-LAV-L,1,8748.58,19684.3,3.0,19684.3
639,2025-06-12 20:30:00,35821297,Tienda Online,Web,10,3,CHU-VER-L,1,13529.35,30441.04,3.0,30441.04
639,2025-06-12 20:30:00,35821297,Tienda Online,Web,10,3,JEA-NEG-unico,1,8748.58,21871.44,,21871.44
640,2024-08-10 19:04:00,39766964,Centro,Presencial,1,2,JOG-AZU-XXL,1,16544.66,41361.66,,41361.66
640,2024-08-10 19:04:00,39766964,Centro,Presencial,1,2,CIN-MAR-L,2,13257.96,33144.89,,66289.78
640,2024-08-10 19:04:00,39766964,Centro,Presencial,1,2,MUS-CEL-S,1,12928.22,32320.56,,32320.56
640,2024-08-10 19:04:00,39766964,Centro,Presencial,1,2,GOR-GRI-M,1,11486.7,28716.74,,28716.74
641,2024-12-28 16:51:00,26594901,Centro,Presencial,1,2,CAM-BLA-M,1,14680.23,36700.58,,36700.58
641,2024-12-28 16:51:00,26594901,Centro,Presencial,1,2,MUS-AZU-XXL,1,12928.22,32320.56,,32320.56
642,2025-08-02 09:35:00,20332827,Shopping,Presencial,7,3,JEA-LAV-L,1,8748.58,21871.44,,21871.44
642,2025-08-02 09:35:00,20332827,Shopping,Presencial,7,3,GOR-GRI-XXL,1,11486.7,28716.74,,28716.74
642,2025-08-02 09:35:00,20332827,Shopping,Presencial,7,3,CHU-NEG-unico,1,13529.35,33823.38,,33823.38
642,2025-08-02 09:35:00,20332827,Shopping,Presencial,7,3,SWE-AZU-M,1,13010.13,32525.33,,32525.33
642,2025-08-02 09:35:00,20332827,Shopping,Presencial,7,3,CAM-BLA-M,1,14680.23,36700.58,,36700.58
643,2025-08-01 07:40:00,43334803,Tienda Online,Web,9,1,SWE-MAR-XXL,1,13010.13,32525.33,,32525.33
643,2025-08-01 07:40:00,43334803,Tienda Online,Web,9,1,CHU-ÍND-XXL,2,13529.35,33823.38,,67646.76
643,2025-08-01 07:40:00,43334803,Tienda Online,Web,9,1,CIN-MAR-XL,1,13257.96,33144.89,,33144.89
643,2025-08-01 07:40:00,43334803,Tienda Online,Web,9,1,SWE-MAR-L,1,13010.13,32525.33,,32525.33
644,2025-06-07 13:20:00,27906335,Tienda Online,Web,10,5,CHU-NEG-XXL,1,13529.35,33823.38,,33823.38
644,2025-06-07 13:20:00,27906335,Tienda Online,Web,10,5,SWE-MAR-M,1,13010.13,32525.33,,32525.33
644,2025-06-07 13:20:00,27906335,Tienda Online,Web,10,5,CAM-BLA-S,1,14680.23,36700.58,,36700.58
645,2025-08-02 14:11:00,44670267,Centro,Presencial,2,2,GOR-GRI-XXL,1,11486.7,28716.74,,28716.74
645,2025-08-02 14:11:00,44670267,Centro,Presencial,2,2,JEA-NEG-XL,1,8748.58,21871.44,,21871.44
645,2025-08-02 14:11:00,44670267,Centro,Presencial,2,2,CHU-VER-L,1,13529.35,33823.38,,33823.38
645,2025-08-02 14:11:00,44670267,Centro,Presencial,2,2,REM-TUR-XXL,1,13673.12,34182.8,,34182.8
646,2024-04-12 05:02:00,41854862,Tienda Online,Web,9,4,MUS-CEL-S,1,12928.22,32320.56,,32320.56
647,2024-04-24 17:47:00,30854088,Centro,Presencial,1,3,GOR-GRI-L,1,11486.7,28716.74,,28716.74
647,2024-04-24 17:47:00,30854088,Centro,Presencial,1,3,JEA-LAV-L,1,8748.58,21871.44,,21871.44
648,2025-02-28 11:56:00,34041232,Shopping,Presencial,7,4,CIN-MAR-M,1,13257.96,33144.89,,33144.89
648,2025-02-28 11:56:00,34041232,Shopping,Presencial,7,4,JOG-CEL-unico,1,16544.66,41361.66,,41361.66
648,2025-02-28 11:56:00,34041232,Shopping,Presencial,7,4,SWE-MAR-L,1,13010.13,32525.33,,32525.33
648,2025-02-28 11:56:00,34041232,Shopping,Presencial,7,4,REM-TUR-S,1,13673.12,34182.8,,34182.8
649,2025-04-04 17:41:00,40890427,Norte,Presencial,5,1,CAM-BLA-S,1,14680.23,36700.58,,36700.58
649,2025-04-04 17:41:00,40890427,Norte,Presencial,5,1,REM-VIO-XL,1,13071.19,26795.94,10.0,26795.94
649,2025-04-04 17:41:00,40890427,Norte,Presencial,5,1,SWE-MAR-unico,1,13010.13,32525.33,,32525.33
649,2025-04-04 17:41:00,40890427,Norte,Presencial,5,1,REM-BLA-S,1,13071.19,26795.94,10.0,26795.94
649,2025-04-04 17:41:00,40890427,Norte,Presencial,5,1,JOG-CEL-unico,1,16544.66,33916.56,10.0,33916.56
650,2024-12-28 11:07:00,22960720,Shopping,Presencial,7,1,GOR-GRI-M,1,11486.7,28716.74,,28716.74
650,2024-12-28 11:07:00,22960720,Shopping,Presencial,7,1,SWE-MAR-unico,1,13010.13,32525.33,,32525.33
650,2024-12-28 11:07:00,22960720,Shopping,Presencial,7,1,CHU-NEG-M,1,13529.35,33823.38,,33823.38
650,2024-12-28 11:07:00,22960720,Shopping,Presencial,7,1,MUS-AZU-unico,1,12928.22,32320.56,,32320.56
650,2024-12-28 11:07:00,22960720,Shopping,Presencial,7,1,GOR-GRI-L,1,11486.7,28716.74,,28716.74
651,2024-03-29 11:07:00,18494838,Centro,Presencial,1,3,CHU-NEG-M,1,13529.35,33823.38,,33823.38
651,2024-03-29 11:07:00,18494838,Centro,Presencial,1,3,REM-TUR-XXL,1,13673.12,34182.8,,34182.8
651,2024-03-29 11:07:00,18494838,Centro,Presencial,1,3,REM-BLA-XL,2,13071.19,32677.97,,65355.94
651,2024-03-29 11:07:00,18494838,Centro,Presencial,1,3,CAM-BEI-L,1,14680.23,36700.58,,36700.58
651,2024-03-29 11:07:00,18494838,Centro,Presencial,1,3,CIN-TUR-XL,1,13257.96,33144.89,,33144.89
652,2024-12-23 15:00:00,10190290,Norte,Presencial,5,5,GOR-GRI-M,1,11486.7,28716.74,,28716.74
652,2024-12-23 15:00:00,10190290,Norte,Presencial,5,5,REM-CEL-XXL,1,13673.12,34182.8,,34182.8
653,2025-08-08 12:40:00,33776507,Norte,Presencial,5,5,BUZ-AZU-M,1,11827.69,29569.23,,29569.23
653,2025-08-08 12:40:00,33776507,Norte,Presencial,5,5,SWE-MAR-L,1,13010.13,32525.33,,32525.33
654,2025-04-11 11:47:00,22203066,Norte,Presencial,4,4,SWE-MAR-M,1,13010.13,32525.33,,32525.33
654,2025-04-11 11:47:00,22203066,Norte,Presencial,4,4,CAM-BEI-unico,1,14680.23,36700.58,,36700.58
654,2025-04-11 11:47:00,22203066,Norte,Presencial,4,4,CHU-ÍND-XXL,2,13529.35,33823.38,,67646.76
655,2025-01-18 17:43:00,34898161,Norte,Presencial,6,2,CHU-NEG-M,2,13529.35,33823.38,,67646.76
655,2025-01-18 17:43:00,34898161,Norte,Presencial,6,2,JOG-ÍND-XL,1,16544.66,41361.66,,41361.66
656,2024-06-25 09:13:00,14616506,Tienda Online,Web,9,5,BUZ-AZU-M,1,11827.69,29569.23,,29569.23
656,2024-06-25 09:13:00,14616506,Tienda Online,Web,9,5,CIN-MAR-S,1,13257.96,33144.89,,33144.89
656,2024-06-25 09:13:00,14616506,Tienda Online,Web,9,5,JOG-ÍND-XL,1,16544.66,41361.66,,41361.66
656,2024-06-25 09:13:00,14616506,Tienda Online,Web,9,5,JEA-LAV-unico,1,8748.58,21871.44,,21871.44
656,2024-06-25 09:13:00,14616506,Tienda Online,Web,9,5,CHU-NEG-M,1,13529.35,33823.38,,33823.38
657,2024-10-04 10:47:00,38133707,Centro,Presencial,1,2,SWE-MAR-unico,1,13010.13,32525.33,,32525.33
657,2024-10-04 10:47:00,38133707,Centro,Presencial,1,2,JOG-ÍND-S,1,16544.66,41361.66,,41361.66
657,2024-10-04 10:47:00,38133707,Centro,Presencial,1,2,JOG-CEL-unico,1,16544.66,41361.66,,41361.66
657,2024-10-04 10:47:00,38133707,Centro,Presencial,1,2,GOR-GRI-XXL,1,11486.7,28716.74,,28716.74
657,2024-10-04 10:47:00,38133707,Centro,Presencial,1,2,REM-VIO-XL,1,13071.19,32677.97,,32677.97
658,2024-10-12 11:46:00,19104260,Tienda Online,Web,10,5,GOR-GRI-L,1,11486.7,28716.74,,28716.74
658,2024-10-12 11:46:00,19104260,Tienda Online,Web,10,5,REM-TUR-XXL,1,13673.12,34182.8,,34182.8
658,2024-10-12 11:46:00,19104260,Tienda Online,Web,10,5,CIN-MAR-L,1,13257.96,33144.89,,33144.89
658,2024-10-12 11:46:00,19104260,Tienda Online,Web,10,5,MUS-AZU-XXL,1,12928.22,32320.56,,32320.56
659,2024-03-02 19:54:00,41366021,Norte,Presencial,5,2,CIN-ROS-XXL,1,13257.96,33144.89,,33144.89
659,2024-03-02 19:54:00,41366021,Norte,Presencial,5,2,CHU-NEG-S,1,13529.35,33823.38,,33823.38
659,2024-03-02 19:54:00,41366021,Norte,Presencial,5,2,GOR-GRI-L,1,11486.7,28716.74,,28716.74
659,2024-03-02 19:54:00,41366021,Norte,Presencial,5,2,CIN-MAR-XL,1,13257.96,33144.89,,33144.89
659,2024-03-02 19:54:00,41366021,Norte,Presencial,5,2,CIN-TUR-unico,1,13257.96,33144.89,,33144.89
660,2025-10-01 07:48:00,22755970,Tienda Online,Web,10,1,JOG-ÍND-S,1,16544.66,41361.66,,41361.66
660,2025-10-01 07:48:00,22755970,Tienda Online,Web,10,1,REM-BLA-S,1,13071.19,32677.97,,32677.97
660,2025-10-01 07:48:00,22755970,Tienda Online,Web,10,1,CHU-ÍND-XXL,1,13529.35,21985.2,8.0,21985.2
660,2025-10-01 07:48:00,22755970,Tienda Online,Web,10,1,CIN-ROS-XXL,2,13257.96,33144.89,,66289.78
661,2025-05-02 11:19:00,25534107,Norte,Presencial,5,4,SWE-MAR-M,1,13010.13,32525.33,,32525.33
661,2025-05-02 11:19:00,25534107,Norte,Presencial,5,4,REM-TUR-S,1,13673.12,34182.8,,34182.8
661,2025-05-02 11:19:00,25534107,Norte,Presencial,5,4,CIN-MAR-L,1,13257.96,33144.89,,33144.89
661,2025-05-02 11:19:00,25534107,Norte,Presencial,5,4,REM-TUR-S,1,13673.12,34182.8,,34182.8
661,2025-05-02 11:19:00,25534107,Norte,Presencial,5,4,SWE-MAR-M,1,13010.13,32525.33,,32525.33
662,2025-04-19 18:00:00,26345631,Shopping,Presencial,7,5,JOG-AZU-XL,2,16544.66,41361.66,,82723.32
662,2025-04-19 18:00:00,26345631,Shopping,Presencial,7,5,CIN-MAR-S,1,13257.96,33144.89,,33144.89
662,2025-04-19 18:00:00,26345631,Shopping,Presencial,7,5,MUS-AZU-XXL,1,12928.22,32320.56,,32320.56
662,2025-04-19 18:00:00,26345631,Shopping,Presencial,7,5,JOG-ÍND-XL,1,16544.66,33916.56,10.0,33916.56
662,2025-04-19 18:00:00,26345631,Shopping,Presencial,7,5,CHU-NEG-M,1,13529.35,33823.38,,33823.38
663,2024-06-26 18:12:00,30132463,Shopping,Presencial,7,3,JOG-AZU-XXL,1,16544.66,41361.66,,41361.66
663,2024-06-26 18:12:00,30132463,Shopping,Presencial,7,3,REM-TUR-XXL,1,13673.12,34182.8,,34182.8
663,2024-06-26 18:12:00,30132463,Shopping,Presencial,7,3,GOR-GRI-M,1,11486.7,28716.74,,28716.74
663,2024-06-26 18:12:00,30132463,Shopping,Presencial,7,3,JOG-ÍND-M,2,16544.66,41361.66,,82723.32
664,2024-12-21 01:12:00,30854088,Tienda Online,Web,10,5,JOG-CEL-unico,1,16544.66,41361.66,,41361.66
665,2024-09-14 09:05:00,39559360,Norte,Presencial,6,2,REM-TUR-XXL,1,13673.12,34182.8,,34182.8
665,2024-09-14 09:05:00,39559360,Norte,Presencial,6,2,SWE-MAR-unico,1,13010.13,32525.33,,32525.33
665,2024-09-14 09:05:00,39559360,Norte,Presencial,6,2,GOR-ROJ-S,1,11486.7,28716.74,,28716.74
666,2025-09-22 09:07:00,40105945,Centro,Presencial,2,3,BUZ-AZU-L,1,11827.69,29569.23,,29569.23
666,2025-09-22 09:07:00,40105945,Centro,Presencial,2,3,CHU-ÍND-L,1,13529.35,33823.38,,33823.38
666,2025-09-22 09:07:00,40105945,Centro,Presencial,2,3,SWE-MAR-S,1,13010.13,32525.33,,32525.33
666,2025-09-22 09:07:00,40105945,Centro,Presencial,2,3,JEA-LAV-unico,1,8748.58,21871.44,,21871.44
667,2024-06-02 12:14:00,20371898,Shopping,Presencial,7,1,SWE-MAR-L,1,13010.13,32525.33,,32525.33
667,2024-06-02 12:14:00,20371898,Shopping,Presencial,7,1,REM-VIO-M,1,13071.19,32677.97,,32677.97
667,2024-06-02 12:14:00,20371898,Shopping,Presencial,7,1,CHU-VER-XL,2,13529.35,33823.38,,67646.76
667,2024-06-02 12:14:00,20371898,Shopping,Presencial,7,1,JOG-ÍND-M,1,16544.66,41361.66,,41361.66
668,2025-06-27 11:10:00,10372106,Norte,Presencial,5,4,JEA-NEG-unico,1,8748.58,21871.44,,21871.44
668,2025-06-27 11:10:00,10372106,Norte,Presencial,5,4,MUS-CEL-M,1,12928.22,32320.56,,32320.56
668,2025-06-27 11:10:00,10372106,Norte,Presencial,5,4,JEA-NEG-unico,1,8748.58,21871.44,,21871.44
668,2025-06-27 11:10:00,10372106,Norte,Presencial,5,4,CIN-MAR-S,1,13257.96,33144.89,,33144.89
669,2024-03-02 11:40:00,35433541,Tienda Online,Web,9,5,CIN-MAR-L,1,13257.96,33144.89,,33144.89
669,2024-03-02 11:40:00,35433541,Tienda Online,Web,9,5,CIN-MAR-M,1,13257.96,33144.89,,33144.89
669,2024-03-02 11:40:00,35433541,Tienda Online,Web,9,5,CIN-TUR-unico,1,13257.96,33144.89,,33144.89
669,2024-03-02 11:40:00,35433541,Tienda Online,Web,9,5,CHU-VER-XL,1,13529.35,33823.38,,33823.38
670,2025-06-12 13:29:00,34546748,Norte,Presencial,5,2,CHU-NEG-XXL,1,13529.35,33823.38,,33823.38
670,2025-06-12 13:29:00,34546748,Norte,Presencial,5,2,MUS-CEL-M,1,12928.22,32320.56,,32320.56
670,2025-06-12 13:29:00,34546748,Norte,Presencial,5,2,CHU-VER-S,1,13529.35,33823.38,,33823.38
670,2025-06-12 13:29:00,34546748,Norte,Presencial,5,2,CHU-ÍND-XXL,1,13529.35,30441.04,3.0,30441.04
671,2025-10-04 16:16:00,20714555,Centro,Presencial,2,5,REM-VIO-XL,1,13071.19,32677.97,,32677.97
672,2025-11-15 07:34:00,10027242,Tienda Online,Web,10,4,GOR-GRI-unico,1,11486.7,23547.73,9.0,23547.73
673,2025-10-17 16:08:00,32384600,Norte,Presencial,4,3,REM-VIO-XXL,1,13071.19,32677.97,,32677.97
673,2025-10-17 16:08:00,32384600,Norte,Presencial,4,3,JOG-ÍND-S,1,16544.66,41361.66,,41361.66
674,2024-04-11 06:18:00,16898363,Tienda Online,Web,10,4,CAM-BEI-L,1,14680.23,36700.58,,36700.58
674,2024-04-11 06:18:00,16898363,Tienda Online,Web,10,4,REM-TUR-XXL,1,13673.12,34182.8,,34182.8
674,2024-04-11 06:18:00,16898363,Tienda Online,Web,10,4,JEA-LAV-unico,1,8748.58,21871.44,,21871.44
675,2024-09-20 20:06:00,20369856,Tienda Online,Web,10,5,CIN-TUR-unico,1,13257.96,33144.89,,33144.89
675,2024-09-20 20:06:00,20369856,Tienda Online,Web,10,5,GOR-GRI-S,1,11486.7,28716.74,,28716.74
676,2024-05-03 20:32:00,15285296,Tienda Online,Web,9,1,GOR-GRI-M,2,11486.7,27916.74,12.0,55833.48
676,2024-05-03 20:32:00,15285296,Tienda Online,Web,9,1,CAM-BEI-L,1,14680.23,36700.58,,36700.58
677,2024-05-13 11:10:00,38133707,Shopping,Presencial,7,4,SWE-AZU-S,1,13010.13,32525.33,,32525.33
677,2024-05-13 11:10:00,38133707,Shopping,Presencial,7,4,MUS-CEL-S,2,12928.22,31520.56,12.0,63041.12
677,2024-05-13 11:10:00,38133707,Shopping,Presencial,7,4,CIN-MAR-S,2,13257.96,33144.89,,66289.78
677,2024-05-13 11:10:00,38133707,Shopping,Presencial,7,4,REM-CEL-XXL,1,13673.12,34182.8,,34182.8
677,2024-05-13 11:10:00,38133707,Shopping,Presencial,7,4,JEA-LAV-L,1,8748.58,21871.44,,21871.44
678,2024-05-30 15:47:00,18123867,Shopping,Presencial,7,5,GOR-GRI-L,1,11486.7,28716.74,,28716.74
678,2024-05-30 15:47:00,18123867,Shopping,Presencial,7,5,SWE-MAR-unico,1,13010.13,32525.33,,32525.33
679,2025-01-29 19:06:00,24672546,Centro,Presencial,1,5,CIN-ROS-XXL,1,13257.96,33144.89,,33144.89
679,2025-01-29 19:06:00,24672546,Centro,Presencial,1,5,CHU-ÍND-XL,1,13529.35,33823.38,,33823.38
679,2025-01-29 19:06:00,24672546,Centro,Presencial,1,5,JEA-NEG-M,1,8748.58,21871.44,,21871.44
679,2025-01-29 19:06:00,24672546,Centro,Presencial,1,5,CHU-ÍND-L,1,13529.35,33823.38,,33823.38
679,2025-01-29 19:06:00,24672546,Centro,Presencial,1,5,MUS-CEL-S,1,12928.22,32320.56,,32320.56
680,2024-02-17 11:31:00,39263324,Norte,Presencial,6,2,GOR-GRI-L,2,11486.7,28716.74,,57433.48
681,2024-06-08 03:57:00,17471301,Tienda Online,Web,10,3,MUS-AZU-unico,2,12928.22,32320.56,,64641.12
681,2024-06-08 03:57:00,17471301,Tienda Online,Web,10,3,CIN-TUR-XL,1,13257.96,33144.89,,33144.89
681,2024-06-08 03:57:00,17471301,Tienda Online,Web,10,3,JEA-LAV-L,1,8748.58,21871.44,,21871.44
682,2024-08-22 01:57:00,38153498,Tienda Online,Web,9,3,JEA-NEG-unico,1,8748.58,21871.44,,21871.44
682,2024-08-22 01:57:00,38153498,Tienda Online,Web,9,3,REM-CEL-XXL,1,13673.12,34182.8,,34182.8
682,2024-08-22 01:57:00,38153498,Tienda Online,Web,9,3,GOR-GRI-XXL,1,11486.7,28716.74,,28716.74
683,2024-10-05 22:19:00,28427922,Tienda Online,Web,9,5,CHU-ÍND-L,1,13529.35,33823.38,,33823.38
683,2024-10-05 22:19:00,28427922,Tienda Online,Web,9,5,CHU-ÍND-XXL,1,13529.35,33823.38,,33823.38
683,2024-10-05 22:19:00,28427922,Tienda Online,Web,9,5,CAM-BEI-unico,1,14680.23,36700.58,,36700.58
683,2024-10-05 22:19:00,28427922,Tienda Online,Web,9,5,CHU-ÍND-L,1,13529.35,33823.38,,33823.38
684,2025-09-13 10:35:00,26871415,Centro,Presencial,1,2,CHU-ÍND-XL,1,13529.35,33823.38,,33823.38
684,2025-09-13 10:35:00,26871415,Centro,Presencial,1,2,GOR-ROJ-L,2,11486.7,28716.74,,57433.48
685,2024-01-26 11:46:00,10524999,Norte,Presencial,5,4,JEA-NEG-M,1,8748.58,21871.44,,21871.44
685,2024-01-26 11:46:00,10524999,Norte,Presencial,5,4,MUS-AZU-unico,1,12928.22,32320.56,,32320.56
685,2024-01-26 11:46:00,10524999,Norte,Presencial,5,4,CAM-BEI-L,2,14680.23,36700.58,,73401.16
685,2024-01-26 11:46:00,10524999,Norte,Presencial,5,4,CAM-CEL-XL,1,14680.23,36700.58,,36700.58
685,2024-01-26 11:46:00,10524999,Norte,Presencial,5,4,SWE-AZU-S,1,13010.13,32525.33,,32525.33
686,2024-01-15 03:24:00,22203066,Tienda Online,Web,9,4,CIN-MAR-XL,1,13257.96,33144.89,,33144.89
687,2025-10-10 04:30:00,27579520,Tienda Online,Web,10,1,CIN-MAR-M,1,13257.96,33144.89,,33144.89
687,2025-10-10 04:30:00,27579520,Tienda Online,Web,10,1,MUS-CEL-S,1,12928.22,32320.56,,32320.56
688,2024-03-29 04:45:00,30549138,Tienda Online,Web,10,5,BUZ-AZU-M,1,11827.69,29569.23,,29569.23
688,2024-03-29 04:45:00,30549138,Tienda Online,Web,10,5,CHU-VER-XL,1,13529.35,33823.38,,33823.38
689,2025-03-24 11:06:00,24449461,Norte,Presencial,4,1,CHU-ÍND-XL,1,13529.35,33823.38,,33823.38
689,2025-03-24 11:06:00,24449461,Norte,Presencial,4,1,JOG-AZU-unico,1,16544.66,41361.66,,41361.66
689,2025-03-24 11:06:00,24449461,Norte,Presencial,4,1,REM-TUR-XXL,1,13673.12,34182.8,,34182.8
689,2025-03-24 11:06:00,24449461,Norte,Presencial,4,1,CHU-NEG-XXL,1,13529.35,33823.38,,33823.38
689,2025-03-24 11:06:00,24449461,Norte,Presencial,4,1,CIN-MAR-L,1,13257.96,33144.89,,33144.89
690,2025-09-13 16:47:00,42590824,Tienda Online,Web,9,1,JOG-AZU-XL,1,16544.66,41361.66,,41361.66
691,2024-04-25 02:53:00,16778091,Tienda Online,Web,9,5,GOR-GRI-XXL,1,11486.7,28716.74,,28716.74
691,2024-04-25 02:53:00,16778091,Tienda Online,Web,9,5,CHU-NEG-M,1,13529.35,33823.38,,33823.38
692,2025-05-07 19:39:00,21387796,Shopping,Presencial,7,3,CIN-MAR-L,1,13257.96,33144.89,,33144.89
692,2025-05-07 19:39:00,21387796,Shopping,Presencial,7,3,CHU-NEG-XXL,2,13529.35,33823.38,,67646.76
692,2025-05-07 19:39:00,21387796,Shopping,Presencial,7,3,GOR-GRI-XXL,2,11486.7,28716.74,,57433.48
693,2025-06-21 05:04:00,17318490,Tienda Online,Web,10,2,SWE-MAR-XXL,1,13010.13,32525.33,,32525.33
693,2025-06-21 05:04:00,17318490,Tienda Online,Web,10,2,CIN-ROS-unico,1,13257.96,33144.89,,33144.89
694,2025-10-30 13:45:00,37317331,Norte,Presencial,6,1,CHU-ÍND-L,1,13529.35,33823.38,,33823.38
694,2025-10-30 13:45:00,37317331,Norte,Presencial,6,1,CAM-BEI-S,1,14680.23,36700.58,,36700.58
695,2025-11-08 19:16:00,19446043,Shopping,Presencial,7,3,CAM-BLA-XL,1,14680.23,36700.58,,36700.58
695,2025-11-08 19:16:00,19446043,Shopping,Presencial,7,3,GOR-GRI-XXL,1,11486.7,28716.74,,28716.74
696,2025-02-08 16:11:00,27785377,Centro,Presencial,2,5,JEA-NEG-M,1,8748.58,21871.44,,21871.44
697,2024-09-20 17:05:00,24304543,Centro,Presencial,2,1,JOG-ÍND-XL,1,16544.66,41361.66,,41361.66
697,2024-09-20 17:05:00,24304543,Centro,Presencial,2,1,MUS-CEL-S,1,12928.22,32320.56,,32320.56
697,2024-09-20 17:05:00,24304543,Centro,Presencial,2,1,JEA-LAV-L,1,8748.58,21871.44,,21871.44
698,2024-06-22 12:49:00,30028290,Norte,Presencial,4,2,CAM-BEI-L,1,14680.23,36700.58,,36700.58
698,2024-06-22 12:49:00,30028290,Norte,Presencial,4,2,BUZ-AZU-unico,1,11827.69,29569.23,,29569.23
699,2025-04-21 02:31:00,27826293,Tienda Online,Web,9,5,MUS-AZU-M,1,12928.22,26502.86,10.0,26502.86
700,2024-05-11 12:06:00,18123867,Norte,Presencial,5,2,CAM-BEI-unico,1,14680.23,36700.58,,36700.58
700,2024-05-11 12:06:00,18123867,Norte,Presencial,5,2,GOR-GRI-XXL,1,11486.7,28716.74,,28716.74
700,2024-05-11 12:06:00,18123867,Norte,Presencial,5,2,CAM-CEL-XL,1,14680.23,35900.58,12.0,35900.58
700,2024-05-11 12:06:00,18123867,Norte,Presencial,5,2,CHU-VER-XL,1,13529.35,33023.38,12.0,33023.38
700,2024-05-11 12:06:00,18123867,Norte,Presencial,5,2,GOR-GRI-M,1,11486.7,28716.74,,28716.74
701,2024-12-17 07:45:00,12675011,Tienda Online,Web,10,2,BUZ-AZU-unico,1,11827.69,29569.23,,29569.23
702,2025-05-31 13:40:00,25755164,Tienda Online,Web,9,1,CHU-VER-L,1,13529.35,33823.38,,33823.38
702,2025-05-31 13:40:00,25755164,Tienda Online,Web,9,1,MUS-AZU-M,1,12928.22,32320.56,,32320.56
702,2025-05-31 13:40:00,25755164,Tienda Online,Web,9,1,CIN-ROS-XXL,1,13257.96,33144.89,,33144.89
702,2025-05-31 13:40:00,25755164,Tienda Online,Web,9,1,SWE-MAR-L,1,13010.13,32525.33,,32525.33
703,2025-04-09 12:19:00,31625779,Norte,Presencial,4,1,CHU-NEG-unico,1,13529.35,33823.38,,33823.38
704,2024-05-17 10:49:00,40793026,Norte,Presencial,5,2,CAM-BEI-unico,1,14680.23,36700.58,,36700.58
705,2024-06-22 02:54:00,41410296,Tienda Online,Web,10,5,REM-BLA-XL,1,13071.19,32677.97,,32677.97
706,2024-01-12 12:10:00,14887419,Tienda Online,Web,9,4,CIN-MAR-L,1,13257.96,33144.89,,33144.89
706,2024-01-12 12:10:00,14887419,Tienda Online,Web,9,4,JOG-ÍND-XL,2,16544.66,41361.66,,82723.32
706,2024-01-12 12:10:00,14887419,Tienda Online,Web,9,4,CIN-TUR-XL,1,13257.96,33144.89,,33144.89
707,2024-12-17 17:34:00,14868286,Shopping,Presencial,7,1,SWE-MAR-L,1,13010.13,32525.33,,32525.33
707,2024-12-17 17:34:00,14868286,Shopping,Presencial,7,1,REM-CEL-XXL,1,13673.12,34182.8,,34182.8
707,2024-12-17 17:34:00,14868286,Shopping,Presencial,7,1,MUS-AZU-XXL,1,12928.22,32320.56,,32320.56
707,2024-12-17 17:34:00,14868286,Shopping,Presencial,7,1,REM-VIO-XL,1,13071.19,32677.97,,32677.97
708,2024-06-18 12:40:00,16194045,Shopping,Presencial,7,2,JEA-LAV-L,1,8748.58,21871.44,,21871.44
708,2024-06-18 12:40:00,16194045,Shopping,Presencial,7,2,CAM-BEI-L,1,14680.23,36700.58,,36700.58
708,2024-06-18 12:40:00,16194045,Shopping,Presencial,7,2,SWE-MAR-unico,1,13010.13,32525.33,,32525.33
708,2024-06-18 12:40:00,16194045,Shopping,Presencial,7,2,CAM-BLA-M,1,14680.23,36700.58,,36700.58
709,2025-03-08 05:12:00,29302634,Tienda Online,Web,9,4,MUS-AZU-unico,1,12928.22,32320.56,,32320.56
710,2025-06-26 02:58:00,35526737,Tienda Online,Web,10,1,CHU-ÍND-L,2,13529.35,33823.38,,67646.76
710,2025-06-26 02:58:00,35526737,Tienda Online,Web,10,1,CHU-ÍND-XL,1,13529.35,33823.38,,33823.38
710,2025-06-26 02:58:00,35526737,Tienda Online,Web,10,1,BUZ-AZU-unico,1,11827.69,29569.23,,29569.23
711,2025-06-14 13:24:00,16884540,Shopping,Presencial,7,3,JEA-LAV-unico,2,8748.58,21871.44,,43742.88
711,2025-06-14 13:24:00,16884540,Shopping,Presencial,7,3,BUZ-AZU-unico,1,11827.69,29569.23,,29569.23
712,2025-09-26 04:24:00,30873468,Tienda Online,Web,10,3,MUS-AZU-M,1,12928.22,32320.56,,32320.56
712,2025-09-26 04:24:00,30873468,Tienda Online,Web,10,3,JOG-CEL-unico,1,16544.66,41361.66,,41361.66
712,2025-09-26 04:24:00,30873468,Tienda Online,Web,10,3,REM-VIO-XXL,1,13071.19,32677.97,,32677.97
713,2024-06-24 19:08:00,38153498,Tienda Online,Web,9,2,CAM-BEI-L,1,14680.23,36700.58,,36700.58
713,2024-06-24 19:08:00,38153498,Tienda Online,Web,9,2,CAM-BLA-M,1,14680.23,36700.58,,36700.58
713,2024-06-24 19:08:00,38153498,Tienda Online,Web,9,2,CHU-NEG-M,1,13529.35,33823.38,,33823.38
714,2024-09-10 16:59:00,25636276,Centro,Presencial,2,4,JEA-NEG-unico,1,8748.58,21871.44,,21871.44
715,2025-09-30 14:47:00,38133707,Tienda Online,Web,10,4,JOG-ÍND-S,1,16544.66,41361.66,,41361.66
716,2024-12-08 13:45:00,26058980,Shopping,Presencial,7,1,MUS-AZU-XXL,1,12928.22,32320.56,,32320.56
716,2024-12-08 13:45:00,26058980,Shopping,Presencial,7,1,CHU-NEG-M,1,13529.35,33823.38,,33823.38
716,2024-12-08 13:45:00,26058980,Shopping,Presencial,7,1,GOR-ROJ-unico,1,11486.7,28716.74,,28716.74
716,2024-12-08 13:45:00,26058980,Shopping,Presencial,7,1,REM-VIO-L,2,13071.19,32677.97,,65355.94
717,2025-11-14 12:38:00,13753932,Norte,Presencial,4,2,JOG-CEL-unico,1,16544.66,33916.56,9.0,33916.56
717,2025-11-14 12:38:00,13753932,Norte,Presencial,4,2,REM-BLA-XL,1,13071.19,26795.94,9.0,26795.94
717,2025-11-14 12:38:00,13753932,Norte,Presencial,4,2,SWE-AZU-M,1,13010.13,32525.33,,32525.33
717,2025-11-14 12:38:00,13753932,Norte,Presencial,4,2,CHU-NEG-XL,1,13529.35,27735.17,9.0,27735.17
718,2024-05-18 14:57:00,29174891,Norte,Presencial,6,4,JEA-NEG-M,2,8748.58,21871.44,,43742.88
718,2024-05-18 14:57:00,29174891,Norte,Presencial,6,4,CIN-MAR-XL,1,13257.96,32344.89,12.0,32344.89
718,2024-05-18 14:57:00,29174891,Norte,Presencial,6,4,MUS-AZU-M,1,12928.22,32320.56,,32320.56
718,2024-05-18 14:57:00,29174891,Norte,Presencial,6,4,JEA-LAV-unico,1,8748.58,21871.44,,21871.44
718,2024-05-18 14:57:00,29174891,Norte,Presencial,6,4,CAM-BEI-L,1,14680.23,36700.58,,36700.58
719,2024-12-16 10:48:00,26764226,Tienda Online,Web,10,4,CIN-TUR-unico,1,13257.96,33144.89,,33144.89
719,2024-12-16 10:48:00,26764226,Tienda Online,Web,10,4,CAM-CEL-XL,2,14680.23,36700.58,,73401.16
719,2024-12-16 10:48:00,26764226,Tienda Online,Web,10,4,MUS-AZU-unico,1,12928.22,32320.56,,32320.56
719,2024-12-16 10:48:00,26764226,Tienda Online,Web,10,4,GOR-GRI-unico,2,11486.7,28716.74,,57433.48
719,2024-12-16 10:48:00,26764226,Tienda Online,Web,10,4,REM-BLA-XL,1,13071.19,32677.97,,32677.97
720,2024-05-29 23:46:00,30549138,Tienda Online,Web,10,2,BUZ-AZU-M,1,11827.69,28769.23,12.0,28769.23
720,2024-05-29 23:46:00,30549138,Tienda Online,Web,10,2,SWE-AZU-S,1,13010.13,31725.33,12.0,31725.33
721,2025-05-12 16:46:00,22203066,Centro,Presencial,1,4,GOR-GRI-M,1,11486.7,28716.74,,28716.74
721,2025-05-12 16:46:00,22203066,Centro,Presencial,1,4,JOG-ÍND-XL,2,16544.66,41361.66,,82723.32
721,2025-05-12 16:46:00,22203066,Centro,Presencial,1,4,CHU-VER-XL,1,13529.35,33823.38,,33823.38
722,2024-09-28 18:26:00,17507729,Norte,Presencial,6,5,JOG-CEL-unico,1,16544.66,41361.66,,41361.66
722,2024-09-28 18:26:00,17507729,Norte,Presencial,6,5,CIN-MAR-L,1,13257.96,33144.89,,33144.89
722,2024-09-28 18:26:00,17507729,Norte,Presencial,6,5,CIN-ROS-XXL,1,13257.96,33144.89,,33144.89
722,2024-09-28 18:26:00,17507729,Norte,Presencial,6,5,GOR-GRI-M,2,11486.7,28716.74,,57433.48
723,2024-04-10 02:59:00,11730076,Tienda Online,Web,9,1,GOR-GRI-M,1,11486.7,28716.74,,28716.74
724,2025-03-21 18:35:00,13950951,Tienda Online,Web,9,4,CIN-TUR-XL,1,13257.96,33144.89,,33144.89
724,2025-03-21 18:35:00,13950951,Tienda Online,Web,9,4,JOG-ÍND-M,1,16544.66,24817.0,7.0,24817.0
724,2025-03-21 18:35:00,13950951,Tienda Online,Web,9,4,REM-BLA-XL,1,13071.19,32677.97,,32677.97
725,2025-05-14 15:45:00,12132899,Shopping,Presencial,7,3,CHU-ÍND-XXL,1,13529.35,33823.38,,33823.38
725,2025-05-14 15:45:00,12132899,Shopping,Presencial,7,3,BUZ-AZU-unico,1,11827.69,29569.23,,29569.23
725,2025-05-14 15:45:00,12132899,Shopping,Presencial,7,3,GOR-GRI-XXL,2,11486.7,28716.74,,57433.48
725,2025-05-14 15:45:00,12132899,Shopping,Presencial,7,3,CIN-TUR-XL,1,13257.96,33144.89,,33144.89
725,2025-05-14 15:45:00,12132899,Shopping,Presencial,7,3,JEA-LAV-unico,1,8748.58,21871.44,,21871.44
726,2024-02-09 00:53:00,36913358,Tienda Online,Web,10,3,JEA-LAV-unico,2,8748.58,21871.44,,43742.88
726,2024-02-09 00:53:00,36913358,Tienda Online,Web,10,3,CAM-CEL-XL,1,14680.23,36700.58,,36700.58
726,2024-02-09 00:53:00,36913358,Tienda Online,Web,10,3,JOG-ÍND-XL,1,16544.66,41361.66,,41361.66
727,2025-07-17 19:43:00,32899636,Tienda Online,Web,10,2,SWE-MAR-unico,2,13010.13,32525.33,,65050.66
727,2025-07-17 19:43:00,32899636,Tienda Online,Web,10,2,CIN-MAR-S,1,13257.96,33144.89,,33144.89
728,2025-06-27 17:36:00,14755156,Shopping,Presencial,7,5,CHU-ÍND-XL,2,13529.35,33823.38,,67646.76
728,2025-06-27 17:36:00,14755156,Shopping,Presencial,7,5,CHU-NEG-unico,1,13529.35,33823.38,,33823.38
728,2025-06-27 17:36:00,14755156,Shopping,Presencial,7,5,REM-VIO-L,1,13071.19,32677.97,,32677.97
729,2025-02-22 00:56:00,30279639,Tienda Online,Web,9,5,JOG-CEL-unico,1,16544.66,41361.66,,41361.66
729,2025-02-22 00:56:00,30279639,Tienda Online,Web,9,5,GOR-GRI-XXL,1,11486.7,28716.74,,28716.74
729,2025-02-22 00:56:00,30279639,Tienda Online,Web,9,5,JOG-ÍND-XL,1,16544.66,41361.66,,41361.66
729,2025-02-22 00:56:00,30279639,Tienda Online,Web,9,5,CIN-ROS-unico,1,13257.96,33144.89,,33144.89
729,2025-02-22 00:56:00,30279639,Tienda Online,Web,9,5,JEA-NEG-M,1,8748.58,21871.44,,21871.44
730,2024-12-27 13:11:00,23027010,Centro,Presencial,2,3,REM-VIO-XL,2,13071.19,32677.97,,65355.94
730,2024-12-27 13:11:00,23027010,Centro,Presencial,2,3,GOR-GRI-unico,1,11486.7,28716.74,,28716.74
730,2024-12-27 13:11:00,23027010,Centro,Presencial,2,3,SWE-MAR-L,1,13010.13,32525.33,,32525.33
731,2024-04-27 11:25:00,28696734,Shopping,Presencial,7,3,MUS-AZU-unico,1,12928.22,32320.56,,32320.56
732,2024-10-12 17:22:00,16859215,Centro,Presencial,2,4,GOR-GRI-M,1,11486.7,28716.74,,28716.74
732,2024-10-12 17:22:00,16859215,Centro,Presencial,2,4,CIN-TUR-XL,1,13257.96,33144.89,,33144.89
732,2024-10-12 17:22:00,16859215,Centro,Presencial,2,4,JOG-AZU-unico,1,16544.66,41361.66,,41361.66
732,2024-10-12 17:22:00,16859215,Centro,Presencial,2,4,CAM-BLA-M,1,14680.23,36700.58,,36700.58
733,2025-09-14 18:40:00,19706758,Centro,Presencial,2,5,CAM-BEI-S,2,14680.23,36700.58,,73401.16
734,2025-03-01 09:05:00,24304543,Shopping,Presencial,7,5,JEA-LAV-L,1,8748.58,21871.44,,21871.44
735,2024-06-11 15:13:00,10038379,Centro,Presencial,2,2,JEA-LAV-L,1,8748.58,21871.44,,21871.44
735,2024-06-11 15:13:00,10038379,Centro,Presencial,2,2,JEA-LAV-L,1,8748.58,21871.44,,21871.44
735,2024-06-11 15:13:00,10038379,Centro,Presencial,2,2,GOR-GRI-L,1,11486.7,28716.74,,28716.74
736,2025-01-03 14:01:00,42528458,Shopping,Presencial,7,4,JOG-ÍND-M,2,16544.66,41361.66,,82723.32
736,2025-01-03 14:01:00,42528458,Shopping,Presencial,7,4,CHU-ÍND-XL,1,13529.35,33823.38,,33823.38
736,2025-01-03 14:01:00,42528458,Shopping,Presencial,7,4,GOR-GRI-XXL,1,11486.7,28716.74,,28716.74
736,2025-01-03 14:01:00,42528458,Shopping,Presencial,7,4,CIN-ROS-XXL,1,13257.96,33144.89,,33144.89
736,2025-01-03 14:01:00,42528458,Shopping,Presencial,7,4,JOG-ÍND-M,1,16544.66,41361.66,,41361.66
737,2025-02-15 05:39:00,37668609,Tienda Online,Web,10,4,JOG-ÍND-M,1,16544.66,41361.66,,41361.66
737,2025-02-15 05:39:00,37668609,Tienda Online,Web,10,4,CHU-ÍND-XL,1,13529.35,33823.38,,33823.38
737,2025-02-15 05:39:00,37668609,Tienda Online,Web,10,4,SWE-MAR-L,1,13010.13,32525.33,,32525.33
737,2025-02-15 05:39:00,37668609,Tienda Online,Web,10,4,JOG-CEL-unico,1,16544.66,41361.66,,41361.66
738,2025-09-11 10:05:00,34306027,Norte,Presencial,4,2,CHU-NEG-XL,1,13529.35,33823.38,,33823.38
738,2025-09-11 10:05:00,34306027,Norte,Presencial,4,2,JOG-AZU-XXL,1,16544.66,41361.66,,41361.66
738,2025-09-11 10:05:00,34306027,Norte,Presencial,4,2,GOR-GRI-M,1,11486.7,28716.74,,28716.74
738,2025-09-11 10:05:00,34306027,Norte,Presencial,4,2,REM-VIO-L,1,13071.19,32677.97,,32677.97
738,2025-09-11 10:05:00,34306027,Norte,Presencial,4,2,CAM-CEL-XL,1,14680.23,36700.58,,36700.58
739,2024-03-19 15:20:00,20254587,Centro,Presencial,1,2,REM-TUR-XXL,1,13673.12,34182.8,,34182.8
740,2024-06-09 18:41:00,43334803,Norte,Presencial,4,3,MUS-AZU-M,1,12928.22,32320.56,,32320.56
740,2024-06-09 18:41:00,43334803,Norte,Presencial,4,3,CIN-MAR-L,1,13257.96,33144.89,,33144.89
740,2024-06-09 18:41:00,43334803,Norte,Presencial,4,3,CHU-NEG-M,1,13529.35,33823.38,,33823.38
740,2024-06-09 18:41:00,43334803,Norte,Presencial,4,3,JOG-ÍND-M,1,16544.66,41361.66,,41361.66
740,2024-06-09 18:41:00,43334803,Norte,Presencial,4,3,MUS-AZU-M,1,12928.22,32320.56,,32320.56
741,2025-05-04 14:51:00,42520755,Tienda Online,Web,9,3,REM-VIO-L,1,13071.19,32677.97,,32677.97
741,2025-05-04 14:51:00,42520755,Tienda Online,Web,9,3,JOG-ÍND-M,1,16544.66,41361.66,,41361.66
742,2024-04-29 11:55:00,31630635,Centro,Presencial,1,3,REM-CEL-XXL,1,13673.12,34182.8,,34182.8
742,2024-04-29 11:55:00,31630635,Centro,Presencial,1,3,REM-TUR-XXL,2,13673.12,34182.8,,68365.6
743,2024-02-16 18:06:00,31630635,Norte,Presencial,6,1,MUS-AZU-unico,1,12928.22,32320.56,,32320.56
744,2024-11-01 10:16:00,33606133,Tienda Online,Web,10,3,REM-BLA-XL,1,13071.19,32677.97,,32677.97
744,2024-11-01 10:16:00,33606133,Tienda Online,Web,10,3,JOG-AZU-unico,1,16544.66,41361.66,,41361.66
744,2024-11-01 10:16:00,33606133,Tienda Online,Web,10,3,REM-VIO-M,1,13071.19,32677.97,,32677.97
744,2024-11-01 10:16:00,33606133,Tienda Online,Web,10,3,CIN-MAR-S,2,13257.96,33144.89,,66289.78
745,2025-11-05 11:04:00,34070194,Shopping,Presencial,7,3,CHU-VER-L,1,13529.35,27735.17,9.0,27735.17
746,2025-08-12 14:52:00,16194045,Tienda Online,Web,9,2,BUZ-AZU-unico,1,11827.69,29569.23,,29569.23
746,2025-08-12 14:52:00,16194045,Tienda Online,Web,9,2,CIN-MAR-S,2,13257.96,33144.89,,66289.78
747,2025-08-16 08:51:00,28514090,Tienda Online,Web,9,1,JOG-ÍND-XL,1,16544.66,41361.66,,41361.66
748,2025-06-23 15:28:00,22755970,Shopping,Presencial,7,2,GOR-GRI-XXL,1,11486.7,28716.74,,28716.74
748,2025-06-23 15:28:00,22755970,Shopping,Presencial,7,2,CAM-BEI-L,1,14680.23,36700.58,,36700.58
748,2025-06-23 15:28:00,22755970,Shopping,Presencial,7,2,SWE-MAR-L,1,13010.13,32525.33,,32525.33
748,2025-06-23 15:28:00,22755970,Shopping,Presencial,7,2,JEA-LAV-unico,1,8748.58,21871.44,,21871.44
748,2025-06-23 15:28:00,22755970,Shopping,Presencial,7,2,JOG-CEL-unico,1,16544.66,41361.66,,41361.66
749,2025-11-12 10:59:00,25442983,Tienda Online,Web,9,4,CHU-NEG-XL,1,13529.35,33823.38,,33823.38
750,2025-04-19 12:30:00,11730076,Centro,Presencial,2,1,REM-VIO-L,1,13071.19,32677.97,,32677.97
750,2025-04-19 12:30:00,11730076,Centro,Presencial,2,1,JOG-AZU-XXL,1,16544.66,33916.56,10.0,33916.56
750,2025-04-19 12:30:00,11730076,Centro,Presencial,2,1,CHU-VER-L,1,13529.35,33823.38,,33823.38
750,2025-04-19 12:30:00,11730076,Centro,Presencial,2,1,CAM-CEL-XL,1,14680.23,36700.58,,36700.58
751,2025-05-16 22:22:00,13836296,Tienda Online,Web,9,5,JEA-LAV-L,2,8748.58,21871.44,,43742.88
751,2025-05-16 22:22:00,13836296,Tienda Online,Web,9,5,CHU-NEG-unico,2,13529.35,33823.38,,67646.76
752,2024-12-20 13:39:00,12807087,Tienda Online,Web,10,1,MUS-CEL-S,1,12928.22,32320.56,,32320.56
752,2024-12-20 13:39:00,12807087,Tienda Online,Web,10,1,SWE-MAR-M,1,13010.13,32525.33,,32525.33
752,2024-12-20 13:39:00,12807087,Tienda Online,Web,10,1,MUS-AZU-XXL,1,12928.22,32320.56,,32320.56
752,2024-12-20 13:39:00,12807087,Tienda Online,Web,10,1,REM-BLA-XL,1,13071.19,32677.97,,32677.97
753,2024-05-29 09:29:00,21260138,Norte,Presencial,6,5,JOG-AZU-unico,1,16544.66,41361.66,,41361.66
753,2024-05-29 09:29:00,21260138,Norte,Presencial,6,5,BUZ-AZU-M,1,11827.69,28769.23,12.0,28769.23
753,2024-05-29 09:29:00,21260138,Norte,Presencial,6,5,CIN-ROS-XXL,1,13257.96,33144.89,,33144.89
754,2025-04-11 16:12:00,16194045,Centro,Presencial,2,3,MUS-AZU-XXL,1,12928.22,32320.56,,32320.56
754,2025-04-11 16:12:00,16194045,Centro,Presencial,2,3,JOG-ÍND-S,1,16544.66,33916.56,10.0,33916.56
754,2025-04-11 16:12:00,16194045,Centro,Presencial,2,3,SWE-AZU-S,1,13010.13,26670.77,10.0,26670.77
754,2025-04-11 16:12:00,16194045,Centro,Presencial,2,3,REM-VIO-L,1,13071.19,32677.97,,32677.97
755,2024-04-12 12:51:00,22588451,Shopping,Presencial,7,4,MUS-CEL-S,1,12928.22,32320.56,,32320.56
755,2024-04-12 12:51:00,22588451,Shopping,Presencial,7,4,CAM-CEL-XL,1,14680.23,36700.58,,36700.58
755,2024-04-12 12:51:00,22588451,Shopping,Presencial,7,4,CHU-VER-XL,1,13529.35,33823.38,,33823.38
755,2024-04-12 12:51:00,22588451,Shopping,Presencial,7,4,SWE-MAR-unico,1,13010.13,32525.33,,32525.33
756,2024-07-23 00:06:00,26764226,Tienda Online,Web,10,2,CIN-MAR-XL,1,13257.96,33144.89,,33144.89
756,2024-07-23 00:06:00,26764226,Tienda Online,Web,10,2,JOG-ÍND-M,1,16544.66,41361.66,,41361.66
756,2024-07-23 00:06:00,26764226,Tienda Online,Web,10,2,JEA-NEG-unico,1,8748.58,21871.44,,21871.44
757,2024-05-08 00:26:00,17614246,Tienda Online,Web,10,4,REM-CEL-XXL,1,13673.12,34182.8,,34182.8
757,2024-05-08 00:26:00,17614246,Tienda Online,Web,10,4,MUS-AZU-M,1,12928.22,32320.56,,32320.56
757,2024-05-08 00:26:00,17614246,Tienda Online,Web,10,4,REM-TUR-XXL,1,13673.12,34182.8,,34182.8
758,2025-08-22 17:03:00,41895660,Norte,Presencial,4,1,JOG-ÍND-S,1,16544.66,41361.66,,41361.66
758,2025-08-22 17:03:00,41895660,Norte,Presencial,4,1,CIN-ROS-unico,1,13257.96,33144.89,,33144.89
758,2025-08-22 17:03:00,41895660,Norte,Presencial,4,1,JEA-NEG-unico,1,8748.58,21871.44,,21871.44
758,2025-08-22 17:03:00,41895660,Norte,Presencial,4,1,MUS-AZU-XXL,1,12928.22,32320.56,,32320.56
758,2025-08-22 17:03:00,41895660,Norte,Presencial,4,1,CAM-BEI-L,1,14680.23,36700.58,,36700.58
759,2025-11-22 08:47:00,42528458,Tienda Online,Web,10,4,SWE-MAR-unico,1,13010.13,32525.33,,32525.33
759,2025-11-22 08:47:00,42528458,Tienda Online,Web,10,4,JOG-ÍND-XL,1,16544.66,41361.66,,41361.66
759,2025-11-22 08:47:00,42528458,Tienda Online,Web,10,4,CIN-MAR-S,1,13257.96,33144.89,,33144.89
760,2024-01-26 16:00:00,20371898,Shopping,Presencial,7,2,REM-TUR-XXL,1,13673.12,34182.8,,34182.8
760,2024-01-26 16:00:00,20371898,Shopping,Presencial,7,2,CIN-TUR-XL,1,13257.96,33144.89,,33144.89
760,2024-01-26 16:00:00,20371898,Shopping,Presencial,7,2,CAM-BEI-unico,1,14680.23,36700.58,,36700.58
760,2024-01-26 16:00:00,20371898,Shopping,Presencial,7,2,CIN-TUR-XL,1,13257.96,33144.89,,33144.89
761,2024-10-04 03:41:00,28316378,Tienda Online,Web,10,5,JEA-NEG-unico,1,8748.58,21871.44,,21871.44
761,2024-10-04 03:41:00,28316378,Tienda Online,Web,10,5,CIN-MAR-S,1,13257.96,33144.89,,33144.89
761,2024-10-04 03:41:00,28316378,Tienda Online,Web,10,5,JOG-ÍND-M,1,16544.66,41361.66,,41361.66
761,2024-10-04 03:41:00,28316378,Tienda Online,Web,10,5,CAM-BEI-L,2,14680.23,36700.58,,73401.16
761,2024-10-04 03:41:00,28316378,Tienda Online,Web,10,5,CHU-NEG-S,1,13529.35,33823.38,,33823.38
762,2025-05-13 19:27:00,41341494,Shopping,Presencial,7,4,CIN-MAR-M,1,13257.96,33144.89,,33144.89
762,2025-05-13 19:27:00,41341494,Shopping,Presencial,7,4,CHU-VER-L,1,13529.35,33823.38,,33823.38
762,2025-05-13 19:27:00,41341494,Shopping,Presencial,7,4,CIN-MAR-XL,1,13257.96,33144.89,,33144.89
762,2025-05-13 19:27:00,41341494,Shopping,Presencial,7,4,CIN-MAR-S,1,13257.96,33144.89,,33144.89
762,2025-05-13 19:27:00,41341494,Shopping,Presencial,7,4,JOG-AZU-XL,1,16544.66,41361.66,,41361.66
763,2025-03-21 11:46:00,15407475,Norte,Presencial,6,4,CIN-ROS-XXL,1,13257.96,33144.89,,33144.89
764,2024-04-29 17:20:00,23222803,Shopping,Presencial,7,1,REM-TUR-XXL,1,13673.12,34182.8,,34182.8
764,2024-04-29 17:20:00,23222803,Shopping,Presencial,7,1,JEA-LAV-unico,1,8748.58,21871.44,,21871.44
764,2024-04-29 17:20:00,23222803,Shopping,Presencial,7,1,CAM-BEI-unico,1,14680.23,36700.58,,36700.58
765,2024-05-14 10:28:00,12409147,Shopping,Presencial,7,3,GOR-GRI-S,1,11486.7,27916.74,12.0,27916.74
765,2024-05-14 10:28:00,12409147,Shopping,Presencial,7,3,REM-VIO-M,1,13071.19,32677.97,,32677.97
766,2025-04-01 14:25:00,44670267,Tienda Online,Web,10,1,BUZ-AZU-M,1,11827.69,29569.23,,29569.23
766,2025-04-01 14:25:00,44670267,Tienda Online,Web,10,1,SWE-MAR-L,1,13010.13,32525.33,,32525.33
766,2025-04-01 14:25:00,44670267,Tienda Online,Web,10,1,REM-BLA-S,1,13071.19,26795.94,10.0,26795.94
767,2024-08-02 10:27:00,43172347,Centro,Presencial,1,5,JEA-NEG-unico,1,8748.58,21871.44,,21871.44
767,2024-08-02 10:27:00,43172347,Centro,Presencial,1,5,CAM-BLA-M,1,14680.23,36700.58,,36700.58
767,2024-08-02 10:27:00,43172347,Centro,Presencial,1,5,GOR-ROJ-unico,1,11486.7,28716.74,,28716.74
767,2024-08-02 10:27:00,43172347,Centro,Presencial,1,5,JOG-AZU-XXL,1,16544.66,41361.66,,41361.66
767,2024-08-02 10:27:00,43172347,Centro,Presencial,1,5,CIN-MAR-L,1,13257.96,33144.89,,33144.89
768,2024-12-06 16:00:00,41690133,Norte,Presencial,5,1,CIN-MAR-XL,1,13257.96,33144.89,,33144.89
769,2025-03-14 10:19:00,14695862,Tienda Online,Web,10,5,SWE-MAR-unico,1,13010.13,32525.33,,32525.33
769,2025-03-14 10:19:00,14695862,Tienda Online,Web,10,5,CHU-ÍND-L,1,13529.35,33823.38,,33823.38
770,2024-01-08 17:50:00,41453788,Shopping,Presencial,7,1,CHU-NEG-S,1,13529.35,33823.38,,33823.38
771,2024-08-29 03:19:00,21260138,Tienda Online,Web,10,5,REM-VIO-XL,1,13071.19,32677.97,,32677.97
771,2024-08-29 03:19:00,21260138,Tienda Online,Web,10,5,GOR-GRI-XXL,1,11486.7,28716.74,,28716.74
771,2024-08-29 03:19:00,21260138,Tienda Online,Web,10,5,CIN-MAR-XL,1,13257.96,33144.89,,33144.89
772,2025-01-17 17:27:00,41996735,Centro,Presencial,2,2,GOR-GRI-unico,1,11486.7,28716.74,,28716.74
772,2025-01-17 17:27:00,41996735,Centro,Presencial,2,2,REM-TUR-S,1,13673.12,34182.8,,34182.8
772,2025-01-17 17:27:00,41996735,Centro,Presencial,2,2,GOR-ROJ-unico,1,11486.7,28716.74,,28716.74
773,2024-05-13 11:03:00,34764543,Centro,Presencial,2,1,MUS-AZU-XXL,1,12928.22,32320.56,,32320.56
773,2024-05-13 11:03:00,34764543,Centro,Presencial,2,1,GOR-GRI-XXL,1,11486.7,28716.74,,28716.74
774,2025-11-17 13:00:00,16645229,Norte,Presencial,6,5,SWE-MAR-XXL,1,13010.13,32525.33,,32525.33
774,2025-11-17 13:00:00,16645229,Norte,Presencial,6,5,SWE-AZU-XXL,1,13010.13,26670.77,9.0,26670.77
774,2025-11-17 13:00:00,16645229,Norte,Presencial,6,5,CHU-NEG-unico,1,13529.35,33823.38,,33823.38
774,2025-11-17 13:00:00,16645229,Norte,Presencial,6,5,GOR-GRI-M,1,11486.7,28716.74,,28716.74
774,2025-11-17 13:00:00,16645229,Norte,Presencial,6,5,JOG-AZU-L,1,16544.66,41361.66,,41361.66
775,2024-07-13 15:35:00,41996735,Shopping,Presencial,7,4,JEA-LAV-unico,1,8748.58,21871.44,,21871.44
775,2024-07-13 15:35:00,41996735,Shopping,Presencial,7,4,SWE-MAR-unico,1,13010.13,32525.33,,32525.33
775,2024-07-13 15:35:00,41996735,Shopping,Presencial,7,4,CAM-BEI-L,1,14680.23,36700.58,,36700.58
775,2024-07-13 15:35:00,41996735,Shopping,Presencial,7,4,JOG-ÍND-M,1,16544.66,41361.66,,41361.66
776,2025-04-18 15:10:00,31169695,Tienda Online,Web,9,3,CIN-MAR-S,1,13257.96,33144.89,,33144.89
776,2025-04-18 15:10:00,31169695,Tienda Online,Web,9,3,MUS-AZU-unico,1,12928.22,32320.56,,32320.56
776,2025-04-18 15:10:00,31169695,Tienda Online,Web,9,3,JOG-ÍND-XL,1,16544.66,41361.66,,41361.66
776,2025-04-18 15:10:00,31169695,Tienda Online,Web,9,3,CAM-CEL-XL,1,14680.23,30094.48,10.0,30094.48
777,2025-01-18 16:50:00,12667017,Shopping,Presencial,7,3,REM-VIO-M,2,13071.19,32677.97,,65355.94
777,2025-01-18 16:50:00,12667017,Shopping,Presencial,7,3,GOR-GRI-L,1,11486.7,28716.74,,28716.74
777,2025-01-18 16:50:00,12667017,Shopping,Presencial,7,3,CAM-BEI-L,1,14680.23,36700.58,,36700.58
777,2025-01-18 16:50:00,12667017,Shopping,Presencial,7,3,JEA-LAV-L,1,8748.58,21871.44,,21871.44
778,2025-06-15 17:56:00,32223091,Tienda Online,Web,10,2,BUZ-AZU-M,1,11827.69,29569.23,,29569.23
778,2025-06-15 17:56:00,32223091,Tienda Online,Web,10,2,REM-BLA-S,1,13071.19,32677.97,,32677.97
778,2025-06-15 17:56:00,32223091,Tienda Online,Web,10,2,CHU-ÍND-XL,1,13529.35,33823.38,,33823.38
778,2025-06-15 17:56:00,32223091,Tienda Online,Web,10,2,CIN-TUR-XL,2,13257.96,33144.89,,66289.78
778,2025-06-15 17:56:00,32223091,Tienda Online,Web,10,2,CHU-NEG-XL,2,13529.35,33823.38,,67646.76
779,2024-06-20 05:56:00,19706758,Tienda Online,Web,9,4,CIN-MAR-S,1,13257.96,33144.89,,33144.89
780,2024-03-20 15:23:00,18792148,Shopping,Presencial,7,1,JEA-LAV-L,1,8748.58,21871.44,,21871.44
780,2024-03-20 15:23:00,18792148,Shopping,Presencial,7,1,GOR-GRI-XXL,1,11486.7,28716.74,,28716.74
780,2024-03-20 15:23:00,18792148,Shopping,Presencial,7,1,JOG-CEL-unico,1,16544.66,41361.66,,41361.66
781,2024-07-20 12:26:00,16898363,Shopping,Presencial,7,4,CIN-ROS-XXL,1,13257.96,33144.89,,33144.89
782,2024-04-06 01:08:00,14265307,Tienda Online,Web,9,2,GOR-GRI-M,1,11486.7,28716.74,,28716.74
782,2024-04-06 01:08:00,14265307,Tienda Online,Web,9,2,MUS-AZU-unico,1,12928.22,32320.56,,32320.56
782,2024-04-06 01:08:00,14265307,Tienda Online,Web,9,2,CIN-MAR-XL,1,13257.96,33144.89,,33144.89
783,2025-01-25 16:10:00,28981002,Tienda Online,Web,10,3,SWE-MAR-unico,1,13010.13,32525.33,,32525.33
783,2025-01-25 16:10:00,28981002,Tienda Online,Web,10,3,CIN-MAR-XL,1,13257.96,33144.89,,33144.89
783,2025-01-25 16:10:00,28981002,Tienda Online,Web,10,3,JOG-ÍND-XL,1,16544.66,41361.66,,41361.66
783,2025-01-25 16:10:00,28981002,Tienda Online,Web,10,3,REM-VIO-M,1,13071.19,32677.97,,32677.97
783,2025-01-25 16:10:00,28981002,Tienda Online,Web,10,3,MUS-AZU-unico,1,12928.22,32320.56,,32320.56
784,2024-12-15 09:52:00,11433274,Centro,Presencial,1,5,JEA-NEG-M,1,8748.58,21871.44,,21871.44
785,2024-10-12 15:06:00,44068679,Norte,Presencial,6,2,GOR-ROJ-S,1,11486.7,28716.74,,28716.74
786,2025-10-07 17:04:00,14695862,Tienda Online,Web,9,4,MUS-CEL-M,1,12928.22,32320.56,,32320.56
786,2025-10-07 17:04:00,14695862,Tienda Online,Web,9,4,JOG-CEL-unico,1,16544.66,26885.08,8.0,26885.08
786,2025-10-07 17:04:00,14695862,Tienda Online,Web,9,4,JOG-CEL-unico,1,16544.66,41361.66,,41361.66
786,2025-10-07 17:04:00,14695862,Tienda Online,Web,9,4,REM-BLA-unico,1,13071.19,32677.97,,32677.97
786,2025-10-07 17:04:00,14695862,Tienda Online,Web,9,4,CAM-CEL-XL,2,14680.23,36700.58,,73401.16
787,2024-06-20 02:29:00,40793026,Tienda Online,Web,9,3,CIN-TUR-XL,1,13257.96,33144.89,,33144.89
787,2024-06-20 02:29:00,40793026,Tienda Online,Web,9,3,MUS-AZU-unico,1,12928.22,32320.56,,32320.56
787,2024-06-20 02:29:00,40793026,Tienda Online,Web,9,3,GOR-ROJ-unico,2,11486.7,28716.74,,57433.48
787,2024-06-20 02:29:00,40793026,Tienda Online,Web,9,3,JOG-AZU-unico,1,16544.66,41361.66,,41361.66
788,2024-12-19 14:58:00,21756850,Norte,Presencial,6,4,REM-TUR-XXL,2,13673.12,34182.8,,68365.6
788,2024-12-19 14:58:00,21756850,Norte,Presencial,6,4,REM-TUR-XXL,1,13673.12,34182.8,,34182.8
789,2024-12-27 12:56:00,32833825,Tienda Online,Web,10,5,JOG-AZU-XXL,1,16544.66,41361.66,,41361.66
790,2024-11-14 14:34:00,24855701,Tienda Online,Web,9,2,MUS-AZU-M,1,12928.22,32320.56,,32320.56
790,2024-11-14 14:34:00,24855701,Tienda Online,Web,9,2,JOG-ÍND-M,1,16544.66,41361.66,,41361.66
790,2024-11-14 14:34:00,24855701,Tienda Online,Web,9,2,JOG-AZU-unico,1,16544.66,41361.66,,41361.66
790,2024-11-14 14:34:00,24855701,Tienda Online,Web,9,2,REM-VIO-L,1,13071.19,32677.97,,32677.97
791,2024-06-15 18:09:00,10770478,Centro,Presencial,2,1,MUS-AZU-M,1,12928.22,32320.56,,32320.56
792,2024-02-23 14:58:00,35909306,Norte,Presencial,6,2,SWE-MAR-L,1,13010.13,32525.33,,32525.33
792,2024-02-23 14:58:00,35909306,Norte,Presencial,6,2,GOR-GRI-S,1,11486.7,28716.74,,28716.74
793,2025-10-11 12:30:00,26127866,Norte,Presencial,4,3,JOG-AZU-XL,2,16544.66,41361.66,,82723.32
793,2025-10-11 12:30:00,26127866,Norte,Presencial,4,3,JOG-AZU-L,1,16544.66,41361.66,,41361.66
793,2025-10-11 12:30:00,26127866,Norte,Presencial,4,3,JOG-CEL-unico,1,16544.66,41361.66,,41361.66
793,2025-10-11 12:30:00,26127866,Norte,Presencial,4,3,MUS-CEL-S,1,12928.22,32320.56,,32320.56
794,2025-03-21 09:32:00,20256869,Tienda Online,Web,9,2,JEA-LAV-unico,1,8748.58,21871.44,,21871.44
794,2025-03-21 09:32:00,20256869,Tienda Online,Web,9,2,REM-BLA-XL,1,13071.19,32677.97,,32677.97
794,2025-03-21 09:32:00,20256869,Tienda Online,Web,9,2,MUS-AZU-M,1,12928.22,32320.56,,32320.56
794,2025-03-21 09:32:00,20256869,Tienda Online,Web,9,2,JOG-AZU-XXL,1,16544.66,41361.66,,41361.66
794,2025-03-21 09:32:00,20256869,Tienda Online,Web,9,2,REM-BLA-XL,1,13071.19,32677.97,,32677.97
795,2024-10-08 10:26:00,32828789,Shopping,Presencial,7,3,REM-CEL-XXL,1,13673.12,34182.8,,34182.8
795,2024-10-08 10:26:00,32828789,Shopping,Presencial,7,3,CAM-CEL-XL,1,14680.23,36700.58,,36700.58
795,2024-10-08 10:26:00,32828789,Shopping,Presencial,7,3,CHU-ÍND-L,1,13529.35,33823.38,,33823.38
795,2024-10-08 10:26:00,32828789,Shopping,Presencial,7,3,JEA-NEG-unico,1,8748.58,21871.44,,21871.44
796,2024-08-06 18:14:00,25534107,Shopping,Presencial,7,1,GOR-GRI-XXL,1,11486.7,28716.74,,28716.74
796,2024-08-06 18:14:00,25534107,Shopping,Presencial,7,1,REM-CEL-XXL,1,13673.12,34182.8,,34182.8
796,2024-08-06 18:14:00,25534107,Shopping,Presencial,7,1,CIN-ROS-XXL,1,13257.96,33144.89,,33144.89
797,2025-10-04 09:58:00,16645229,Shopping,Presencial,7,1,GOR-GRI-M,1,11486.7,28716.74,,28716.74
797,2025-10-04 09:58:00,16645229,Shopping,Presencial,7,1,CIN-TUR-unico,1,13257.96,33144.89,,33144.89
797,2025-10-04 09:58:00,16645229,Shopping,Presencial,7,1,CAM-BLA-XL,1,14680.23,36700.58,,36700.58
798,2024-07-18 13:40:00,24377188,Centro,Presencial,1,2,GOR-GRI-M,1,11486.7,28716.74,,28716.74
798,2024-07-18 13:40:00,24377188,Centro,Presencial,1,2,CIN-TUR-XL,1,13257.96,33144.89,,33144.89
798,2024-07-18 13:40:00,24377188,Centro,Presencial,1,2,JOG-AZU-unico,1,16544.66,41361.66,,41361.66
799,2025-07-03 20:45:00,11780798,Tienda Online,Web,10,1,CAM-BLA-M,1,14680.23,36700.58,,36700.58
799,2025-07-03 20:45:00,11780798,Tienda Online,Web,10,1,GOR-GRI-unico,1,11486.7,28716.74,,28716.74
799,2025-07-03 20:45:00,11780798,Tienda Online,Web,10,1,GOR-GRI-XXL,1,11486.7,28716.74,,28716.74
799,2025-07-03 20:45:00,11780798,Tienda Online,Web,10,1,CHU-NEG-M,1,13529.35,33823.38,,33823.38
799,2025-07-03 20:45:00,11780798,Tienda Online,Web,10,1,MUS-AZU-unico,1,12928.22,32320.56,,32320.56
800,2024-11-22 13:24:00,11310767,Centro,Presencial,1,3,JEA-NEG-M,1,8748.58,21871.44,,21871.44
800,2024-11-22 13:24:00,11310767,Centro,Presencial,1,3,MUS-AZU-XXL,1,12928.22,32320.56,,32320.56
801,2024-06-18 22:20:00,16100827,Tienda Online,Web,10,2,JOG-ÍND-XL,1,16544.66,41361.66,,41361.66
801,2024-06-18 22:20:00,16100827,Tienda Online,Web,10,2,CHU-NEG-M,1,13529.35,33823.38,,33823.38
801,2024-06-18 22:20:00,16100827,Tienda Online,Web,10,2,JOG-CEL-unico,2,16544.66,41361.66,,82723.32
801,2024-06-18 22:20:00,16100827,Tienda Online,Web,10,2,REM-CEL-XXL,1,13673.12,34182.8,,34182.8
801,2024-06-18 22:20:00,16100827,Tienda Online,Web,10,2,CAM-BEI-unico,1,14680.23,36700.58,,36700.58
802,2024-09-11 10:19:00,18293899,Centro,Presencial,2,4,REM-BLA-XL,1,13071.19,32677.97,,32677.97
802,2024-09-11 10:19:00,18293899,Centro,Presencial,2,4,JOG-AZU-XXL,1,16544.66,41361.66,,41361.66
802,2024-09-11 10:19:00,18293899,Centro,Presencial,2,4,CIN-MAR-S,1,13257.96,33144.89,,33144.89
802,2024-09-11 10:19:00,18293899,Centro,Presencial,2,4,CIN-TUR-unico,1,13257.96,33144.89,,33144.89
802,2024-09-11 10:19:00,18293899,Centro,Presencial,2,4,JOG-CEL-unico,1,16544.66,41361.66,,41361.66
803,2024-08-30 15:57:00,41453788,Norte,Presencial,6,4,REM-CEL-XXL,1,13673.12,34182.8,,34182.8
803,2024-08-30 15:57:00,41453788,Norte,Presencial,6,4,REM-VIO-M,1,13071.19,32677.97,,32677.97
803,2024-08-30 15:57:00,41453788,Norte,Presencial,6,4,JEA-LAV-L,2,8748.58,21871.44,,43742.88
803,2024-08-30 15:57:00,41453788,Norte,Presencial,6,4,REM-CEL-XXL,1,13673.12,34182.8,,34182.8
803,2024-08-30 15:57:00,41453788,Norte,Presencial,6,4,CHU-ÍND-XXL,1,13529.35,33823.38,,33823.38
804,2024-12-19 18:55:00,15815848,Shopping,Presencial,7,2,REM-CEL-XXL,1,13673.12,34182.8,,34182.8
804,2024-12-19 18:55:00,15815848,Shopping,Presencial,7,2,MUS-AZU-XXL,1,12928.22,32320.56,,32320.56
804,2024-12-19 18:55:00,15815848,Shopping,Presencial,7,2,GOR-GRI-L,1,11486.7,28716.74,,28716.74
804,2024-12-19 18:55:00,15815848,Shopping,Presencial,7,2,REM-VIO-M,2,13071.19,32677.97,,65355.94
804,2024-12-19 18:55:00,15815848,Shopping,Presencial,7,2,JEA-NEG-M,1,8748.58,21871.44,,21871.44
805,2025-03-27 14:16:00,42859207,Tienda Online,Web,9,1,JOG-ÍND-S,1,16544.66,41361.66,,41361.66
805,2025-03-27 14:16:00,42859207,Tienda Online,Web,9,1,CHU-VER-XL,1,13529.35,33823.38,,33823.38
805,2025-03-27 14:16:00,42859207,Tienda Online,Web,9,1,CHU-ÍND-XL,2,13529.35,33823.38,,67646.76
805,2025-03-27 14:16:00,42859207,Tienda Online,Web,9,1,CIN-ROS-XXL,1,13257.96,33144.89,,33144.89
805,2025-03-27 14:16:00,42859207,Tienda Online,Web,9,1,JOG-ÍND-M,1,16544.66,41361.66,,41361.66
806,2024-11-26 13:59:00,34218318,Tienda Online,Web,10,1,BUZ-AZU-unico,1,11827.69,29569.23,,29569.23
806,2024-11-26 13:59:00,34218318,Tienda Online,Web,10,1,JOG-AZU-XXL,1,16544.66,41361.66,,41361.66
806,2024-11-26 13:59:00,34218318,Tienda Online,Web,10,1,GOR-GRI-unico,1,11486.7,28716.74,,28716.74
806,2024-11-26 13:59:00,34218318,Tienda Online,Web,10,1,JOG-ÍND-XL,1,16544.66,41361.66,,41361.66
806,2024-11-26 13:59:00,34218318,Tienda Online,Web,10,1,MUS-AZU-unico,2,12928.22,32320.56,,64641.12
807,2025-05-01 11:21:00,22083413,Norte,Presencial,6,3,CHU-ÍND-L,1,13529.35,33823.38,,33823.38
807,2025-05-01 11:21:00,22083413,Norte,Presencial,6,3,CHU-NEG-S,1,13529.35,33823.38,,33823.38
807,2025-05-01 11:21:00,22083413,Norte,Presencial,6,3,MUS-AZU-M,1,12928.22,32320.56,,32320.56
808,2025-06-14 06:08:00,40450329,Tienda Online,Web,9,1,GOR-ROJ-S,1,11486.7,28716.74,,28716.74
809,2025-05-31 04:18:00,16778091,Tienda Online,Web,9,4,MUS-AZU-M,1,12928.22,32320.56,,32320.56
809,2025-05-31 04:18:00,16778091,Tienda Online,Web,9,4,SWE-MAR-unico,2,13010.13,32525.33,,65050.66
810,2025-05-10 13:07:00,10190290,Norte,Presencial,4,3,CIN-TUR-XL,1,13257.96,33144.89,,33144.89
810,2025-05-10 13:07:00,10190290,Norte,Presencial,4,3,CHU-VER-XL,1,13529.35,33823.38,,33823.38
810,2025-05-10 13:07:00,10190290,Norte,Presencial,4,3,CAM-BLA-XL,1,14680.23,36700.58,,36700.58
811,2024-03-21 12:06:00,28011719,Tienda Online,Web,10,4,CAM-BEI-L,1,14680.23,36700.58,,36700.58
811,2024-03-21 12:06:00,28011719,Tienda Online,Web,10,4,JEA-NEG-M,1,8748.58,21871.44,,21871.44
811,2024-03-21 12:06:00,28011719,Tienda Online,Web,10,4,CIN-MAR-XL,1,13257.96,33144.89,,33144.89
811,2024-03-21 12:06:00,28011719,Tienda Online,Web,10,4,REM-TUR-XXL,1,13673.12,34182.8,,34182.8
812,2024-12-01 14:28:00,43453305,Shopping,Presencial,7,2,JEA-NEG-M,1,8748.58,21871.44,,21871.44
813,2024-12-21 17:57:00,41156466,Shopping,Presencial,7,5,CHU-NEG-M,1,13529.35,33823.38,,33823.38
813,2024-12-21 17:57:00,41156466,Shopping,Presencial,7,5,CIN-MAR-S,1,13257.96,33144.89,,33144.89
813,2024-12-21 17:57:00,41156466,Shopping,Presencial,7,5,MUS-AZU-XXL,1,12928.22,32320.56,,32320.56
814,2025-08-29 07:11:00,18123867,Tienda Online,Web,10,5,JOG-ÍND-XL,1,16544.66,41361.66,,41361.66
814,2025-08-29 07:11:00,18123867,Tienda Online,Web,10,5,JOG-AZU-XL,1,16544.66,41361.66,,41361.66
814,2025-08-29 07:11:00,18123867,Tienda Online,Web,10,5,JOG-AZU-XL,1,16544.66,41361.66,,41361.66
814,2025-08-29 07:11:00,18123867,Tienda Online,Web,10,5,SWE-MAR-unico,1,13010.13,32525.33,,32525.33
814,2025-08-29 07:11:00,18123867,Tienda Online,Web,10,5,CHU-ÍND-XXL,1,13529.35,33823.38,,33823.38
815,2025-11-22 03:37:00,40433796,Tienda Online,Web,10,2,MUS-AZU-XXL,1,12928.22,32320.56,,32320.56
815,2025-11-22 03:37:00,40433796,Tienda Online,Web,10,2,CHU-ÍND-XXL,1,13529.35,33823.38,,33823.38
816,2024-12-28 06:39:00,12132899,Tienda Online,Web,9,4,JEA-NEG-unico,1,8748.58,21871.44,,21871.44
816,2024-12-28 06:39:00,12132899,Tienda Online,Web,9,4,SWE-MAR-M,1,13010.13,32525.33,,32525.33
816,2024-12-28 06:39:00,12132899,Tienda Online,Web,9,4,CAM-CEL-XL,1,14680.23,36700.58,,36700.58
817,2024-07-27 03:44:00,31084522,Tienda Online,Web,10,4,CHU-NEG-S,1,13529.35,33823.38,,33823.38
817,2024-07-27 03:44:00,31084522,Tienda Online,Web,10,4,JEA-LAV-L,2,8748.58,21871.44,,43742.88
817,2024-07-27 03:44:00,31084522,Tienda Online,Web,10,4,CIN-MAR-L,1,13257.96,33144.89,,33144.89
817,2024-07-27 03:44:00,31084522,Tienda Online,Web,10,4,JOG-ÍND-XL,1,16544.66,41361.66,,41361.66
818,2024-06-14 02:32:00,40890427,Tienda Online,Web,10,2,GOR-GRI-unico,1,11486.7,28716.74,,28716.74
818,2024-06-14 02:32:00,40890427,Tienda Online,Web,10,2,GOR-GRI-XXL,1,11486.7,28716.74,,28716.74
818,2024-06-14 02:32:00,40890427,Tienda Online,Web,10,2,MUS-AZU-M,1,12928.22,32320.56,,32320.56
819,2024-11-16 17:53:00,32899636,Centro,Presencial,2,2,CHU-ÍND-XXL,1,13529.35,33823.38,,33823.38
820,2025-04-30 13:31:00,14041987,Centro,Presencial,1,2,GOR-ROJ-S,1,11486.7,23547.73,10.0,23547.73
820,2025-04-30 13:31:00,14041987,Centro,Presencial,1,2,CIN-MAR-XL,1,13257.96,33144.89,,33144.89
821,2024-03-15 18:31:00,30854088,Norte,Presencial,5,2,REM-BLA-XL,1,13071.19,32677.97,,32677.97
821,2024-03-15 18:31:00,30854088,Norte,Presencial,5,2,CAM-CEL-XL,1,14680.23,36700.58,,36700.58
822,2024-06-19 11:54:00,17318490,Tienda Online,Web,9,5,CHU-NEG-M,1,13529.35,33823.38,,33823.38
822,2024-06-19 11:54:00,17318490,Tienda Online,Web,9,5,GOR-GRI-L,1,11486.7,28716.74,,28716.74
822,2024-06-19 11:54:00,17318490,Tienda Online,Web,9,5,CIN-MAR-M,1,13257.96,33144.89,,33144.89
823,2024-07-29 12:44:00,20565131,Norte,Presencial,6,3,JOG-ÍND-M,1,16544.66,41361.66,,41361.66
823,2024-07-29 12:44:00,20565131,Norte,Presencial,6,3,BUZ-AZU-M,1,11827.69,29569.23,,29569.23
823,2024-07-29 12:44:00,20565131,Norte,Presencial,6,3,SWE-AZU-S,2,13010.13,32525.33,,65050.66
823,2024-07-29 12:44:00,20565131,Norte,Presencial,6,3,CIN-MAR-L,1,13257.96,33144.89,,33144.89
824,2025-05-15 16:30:00,27753960,Tienda Online,Web,10,5,REM-TUR-XXL,1,13673.12,34182.8,,34182.8
824,2025-05-15 16:30:00,27753960,Tienda Online,Web,10,5,JOG-ÍND-S,1,16544.66,41361.66,,41361.66
825,2024-10-28 19:11:00,43172347,Tienda Online,Web,10,3,CAM-CEL-XL,1,14680.23,36700.58,,36700.58
825,2024-10-28 19:11:00,43172347,Tienda Online,Web,10,3,CAM-BEI-L,1,14680.23,36700.58,,36700.58
825,2024-10-28 19:11:00,43172347,Tienda Online,Web,10,3,REM-VIO-M,1,13071.19,32677.97,,32677.97
825,2024-10-28 19:11:00,43172347,Tienda Online,Web,10,3,CIN-MAR-M,1,13257.96,33144.89,,33144.89
826,2024-02-24 15:16:00,34306027,Tienda Online,Web,9,2,JEA-LAV-unico,1,8748.58,21871.44,,21871.44
826,2024-02-24 15:16:00,34306027,Tienda Online,Web,9,2,MUS-AZU-XXL,2,12928.22,32320.56,,64641.12
826,2024-02-24 15:16:00,34306027,Tienda Online,Web,9,2,SWE-MAR-L,1,13010.13,32525.33,,32525.33
826,2024-02-24 15:16:00,34306027,Tienda Online,Web,9,2,MUS-CEL-S,1,12928.22,32320.56,,32320.56
826,2024-02-24 15:16:00,34306027,Tienda Online,Web,9,2,REM-TUR-XXL,2,13673.12,34182.8,,68365.6
827,2024-04-03 14:41:00,23048327,Norte,Presencial,4,5,CIN-MAR-XL,1,13257.96,33144.89,,33144.89
828,2025-07-25 15:45:00,28289000,Centro,Presencial,1,2,BUZ-AZU-unico,1,11827.69,29569.23,,29569.23
828,2025-07-25 15:45:00,28289000,Centro,Presencial,1,2,CHU-NEG-unico,1,13529.35,33823.38,,33823.38
829,2024-02-14 09:20:00,25333944,Centro,Presencial,2,5,JOG-ÍND-M,1,16544.66,41361.66,,41361.66
829,2024-02-14 09:20:00,25333944,Centro,Presencial,2,5,REM-BLA-XL,1,13071.19,32677.97,,32677.97
829,2024-02-14 09:20:00,25333944,Centro,Presencial,2,5,CHU-NEG-S,1,13529.35,33823.38,,33823.38
829,2024-02-14 09:20:00,25333944,Centro,Presencial,2,5,GOR-GRI-L,1,11486.7,28716.74,,28716.74
829,2024-02-14 09:20:00,25333944,Centro,Presencial,2,5,JEA-NEG-M,1,8748.58,21871.44,,21871.44
830,2025-07-04 12:53:00,29687578,Tienda Online,Web,9,4,MUS-AZU-unico,1,12928.22,32320.56,,32320.56
830,2025-07-04 12:53:00,29687578,Tienda Online,Web,9,4,GOR-ROJ-S,1,11486.7,28716.74,,28716.74
830,2025-07-04 12:53:00,29687578,Tienda Online,Web,9,4,CHU-ÍND-XXL,1,13529.35,33823.38,,33823.38
831,2025-08-09 14:31:00,18123867,Shopping,Presencial,7,5,JOG-ÍND-M,1,16544.66,41361.66,,41361.66
831,2025-08-09 14:31:00,18123867,Shopping,Presencial,7,5,MUS-AZU-XXL,1,12928.22,32320.56,,32320.56
831,2025-08-09 14:31:00,18123867,Shopping,Presencial,7,5,GOR-GRI-L,1,11486.7,28716.74,,28716.74
832,2025-11-05 18:34:00,32292589,Centro,Presencial,1,4,GOR-ROJ-L,1,11486.7,23547.73,9.0,23547.73
832,2025-11-05 18:34:00,32292589,Centro,Presencial,1,4,BUZ-AZU-M,2,11827.69,29569.23,,59138.46
832,2025-11-05 18:34:00,32292589,Centro,Presencial,1,4,MUS-CEL-S,1,12928.22,32320.56,,32320.56
832,2025-11-05 18:34:00,32292589,Centro,Presencial,1,4,REM-VIO-L,1,13071.19,32677.97,,32677.97
832,2025-11-05 18:34:00,32292589,Centro,Presencial,1,4,CAM-BLA-M,1,14680.23,30094.48,9.0,30094.48
833,2025-11-12 10:37:00,35526737,Shopping,Presencial,7,2,CIN-TUR-XL,1,13257.96,27178.81,9.0,27178.81
833,2025-11-12 10:37:00,35526737,Shopping,Presencial,7,2,GOR-GRI-L,1,11486.7,28716.74,,28716.74
833,2025-11-12 10:37:00,35526737,Shopping,Presencial,7,2,CHU-NEG-XXL,1,13529.35,33823.38,,33823.38
833,2025-11-12 10:37:00,35526737,Shopping,Presencial,7,2,BUZ-AZU-unico,1,11827.69,29569.23,,29569.23
834,2025-05-08 19:13:00,35433541,Norte,Presencial,6,1,GOR-GRI-unico,1,11486.7,28716.74,,28716.74
834,2025-05-08 19:13:00,35433541,Norte,Presencial,6,1,JOG-ÍND-M,1,16544.66,41361.66,,41361.66
835,2024-06-20 16:52:00,17318490,Shopping,Presencial,7,5,SWE-AZU-S,1,13010.13,32525.33,,32525.33
836,2024-05-17 11:04:00,26764226,Centro,Presencial,1,2,REM-VIO-M,1,13071.19,32677.97,,32677.97
837,2024-12-24 04:46:00,18818897,Tienda Online,Web,10,4,CHU-VER-XL,1,13529.35,33823.38,,33823.38
838,2025-05-22 23:05:00,14695862,Tienda Online,Web,10,5,SWE-MAR-XXL,1,13010.13,22767.73,5.0,22767.73
838,2025-05-22 23:05:00,14695862,Tienda Online,Web,10,5,CHU-NEG-S,1,13529.35,33823.38,,33823.38
838,2025-05-22 23:05:00,14695862,Tienda Online,Web,10,5,SWE-MAR-XXL,1,13010.13,32525.33,,32525.33
838,2025-05-22 23:05:00,14695862,Tienda Online,Web,10,5,CIN-ROS-unico,1,13257.96,33144.89,,33144.89
838,2025-05-22 23:05:00,14695862,Tienda Online,Web,10,5,JEA-NEG-M,1,8748.58,21871.44,,21871.44
839,2024-11-02 11:33:00,12409147,Norte,Presencial,4,1,CIN-MAR-S,1,13257.96,33144.89,,33144.89
839,2024-11-02 11:33:00,12409147,Norte,Presencial,4,1,CIN-MAR-S,1,13257.96,33144.89,,33144.89
839,2024-11-02 11:33:00,12409147,Norte,Presencial,4,1,BUZ-AZU-M,1,11827.69,29569.23,,29569.23
840,2025-02-24 10:08:00,26297346,Norte,Presencial,4,5,SWE-MAR-L,1,13010.13,32525.33,,32525.33
840,2025-02-24 10:08:00,26297346,Norte,Presencial,4,5,JEA-LAV-L,1,8748.58,21871.44,,21871.44
840,2025-02-24 10:08:00,26297346,Norte,Presencial,4,5,CIN-MAR-S,2,13257.96,33144.89,,66289.78
841,2024-08-06 19:39:00,17614246,Shopping,Presencial,7,3,GOR-GRI-XXL,1,11486.7,28716.74,,28716.74
842,2024-07-17 08:58:00,42659965,Tienda Online,Web,10,2,GOR-GRI-M,1,11486.7,28716.74,,28716.74
842,2024-07-17 08:58:00,42659965,Tienda Online,Web,10,2,CIN-ROS-XXL,1,13257.96,33144.89,,33144.89
842,2024-07-17 08:58:00,42659965,Tienda Online,Web,10,2,CIN-TUR-XL,1,13257.96,33144.89,,33144.89
843,2024-01-05 12:57:00,26654221,Centro,Presencial,2,1,JEA-LAV-unico,1,8748.58,21871.44,,21871.44
843,2024-01-05 12:57:00,26654221,Centro,Presencial,2,1,REM-TUR-XXL,1,13673.12,34182.8,,34182.8
844,2024-03-02 17:27:00,28540070,Tienda Online,Web,10,4,BUZ-AZU-M,1,11827.69,29569.23,,29569.23
844,2024-03-02 17:27:00,28540070,Tienda Online,Web,10,4,JEA-LAV-unico,1,8748.58,21871.44,,21871.44
844,2024-03-02 17:27:00,28540070,Tienda Online,Web,10,4,GOR-GRI-M,1,11486.7,28716.74,,28716.74
845,2024-09-14 17:54:00,22203066,Norte,Presencial,4,5,CHU-ÍND-XXL,2,13529.35,33823.38,,67646.76
845,2024-09-14 17:54:00,22203066,Norte,Presencial,4,5,CIN-ROS-XXL,1,13257.96,33144.89,,33144.89
845,2024-09-14 17:54:00,22203066,Norte,Presencial,4,5,CIN-MAR-M,1,13257.96,33144.89,,33144.89
845,2024-09-14 17:54:00,22203066,Norte,Presencial,4,5,CAM-BLA-M,1,14680.23,36700.58,,36700.58
845,2024-09-14 17:54:00,22203066,Norte,Presencial,4,5,SWE-MAR-unico,1,13010.13,32525.33,,32525.33
846,2025-01-11 16:25:00,24429953,Centro,Presencial,2,3,JOG-AZU-unico,1,16544.66,41361.66,,41361.66
847,2024-09-07 14:28:00,22874170,Tienda Online,Web,9,5,JOG-ÍND-XL,1,16544.66,41361.66,,41361.66
847,2024-09-07 14:28:00,22874170,Tienda Online,Web,9,5,REM-TUR-XXL,1,13673.12,34182.8,,34182.8
847,2024-09-07 14:28:00,22874170,Tienda Online,Web,9,5,JOG-ÍND-XL,1,16544.66,41361.66,,41361.66
847,2024-09-07 14:28:00,22874170,Tienda Online,Web,9,5,REM-TUR-XXL,1,13673.12,34182.8,,34182.8
848,2025-09-25 17:34:00,11780798,Norte,Presencial,6,5,JOG-AZU-unico,1,16544.66,41361.66,,41361.66
849,2025-05-15 09:21:00,29302634,Tienda Online,Web,9,1,CAM-BLA-M,1,14680.23,36700.58,,36700.58
849,2025-05-15 09:21:00,29302634,Tienda Online,Web,9,1,JOG-ÍND-M,1,16544.66,41361.66,,41361.66
849,2025-05-15 09:21:00,29302634,Tienda Online,Web,9,1,SWE-MAR-L,1,13010.13,32525.33,,32525.33
849,2025-05-15 09:21:00,29302634,Tienda Online,Web,9,1,GOR-ROJ-S,1,11486.7,28716.74,,28716.74
850,2024-02-03 11:36:00,14265307,Norte,Presencial,4,2,CAM-CEL-XL,1,14680.23,36700.58,,36700.58
851,2025-04-02 10:03:00,20254587,Norte,Presencial,5,1,CIN-TUR-XL,1,13257.96,33144.89,,33144.89
851,2025-04-02 10:03:00,20254587,Norte,Presencial,5,1,REM-TUR-XXL,1,13673.12,34182.8,,34182.8
851,2025-04-02 10:03:00,20254587,Norte,Presencial,5,1,CIN-MAR-M,1,13257.96,33144.89,,33144.89
852,2025-02-15 12:30:00,22660246,Tienda Online,Web,10,1,CIN-MAR-M,1,13257.96,33144.89,,33144.89
852,2025-02-15 12:30:00,22660246,Tienda Online,Web,10,1,REM-VIO-L,1,13071.19,32677.97,,32677.97
852,2025-02-15 12:30:00,22660246,Tienda Online,Web,10,1,CIN-MAR-L,1,13257.96,33144.89,,33144.89
852,2025-02-15 12:30:00,22660246,Tienda Online,Web,10,1,MUS-AZU-unico,1,12928.22,32320.56,,32320.56
853,2024-02-24 19:23:00,10524999,Norte,Presencial,6,5,GOR-GRI-L,1,11486.7,28716.74,,28716.74
853,2024-02-24 19:23:00,10524999,Norte,Presencial,6,5,CIN-MAR-S,2,13257.96,33144.89,,66289.78
854,2024-09-12 14:49:00,19604467,Shopping,Presencial,7,5,BUZ-AZU-unico,1,11827.69,29569.23,,29569.23
854,2024-09-12 14:49:00,19604467,Shopping,Presencial,7,5,MUS-AZU-M,1,12928.22,32320.56,,32320.56
854,2024-09-12 14:49:00,19604467,Shopping,Presencial,7,5,MUS-AZU-M,1,12928.22,32320.56,,32320.56
854,2024-09-12 14:49:00,19604467,Shopping,Presencial,7,5,GOR-GRI-S,1,11486.7,28716.74,,28716.74
854,2024-09-12 14:49:00,19604467,Shopping,Presencial,7,5,REM-CEL-XXL,1,13673.12,34182.8,,34182.8
855,2024-06-11 12:47:00,24800101,Tienda Online,Web,9,1,CHU-VER-XL,1,13529.35,33823.38,,33823.38
855,2024-06-11 12:47:00,24800101,Tienda Online,Web,9,1,JEA-LAV-L,1,8748.58,21871.44,,21871.44
855,2024-06-11 12:47:00,24800101,Tienda Online,Web,9,1,BUZ-AZU-M,1,11827.69,29569.23,,29569.23
856,2025-01-19 16:03:00,22755970,Centro,Presencial,1,2,JEA-LAV-L,2,8748.58,21871.44,,43742.88
856,2025-01-19 16:03:00,22755970,Centro,Presencial,1,2,CHU-ÍND-XL,1,13529.35,33823.38,,33823.38
857,2024-09-14 15:12:00,16884540,Norte,Presencial,6,5,REM-VIO-M,2,13071.19,32677.97,,65355.94
857,2024-09-14 15:12:00,16884540,Norte,Presencial,6,5,GOR-GRI-S,1,11486.7,28716.74,,28716.74
858,2025-11-26 16:24:00,30196404,Centro,Presencial,2,3,GOR-ROJ-unico,1,11486.7,28716.74,,28716.74
858,2025-11-26 16:24:00,30196404,Centro,Presencial,2,3,JOG-CEL-unico,1,16544.66,41361.66,,41361.66
858,2025-11-26 16:24:00,30196404,Centro,Presencial,2,3,CHU-NEG-XL,1,13529.35,33823.38,,33823.38
859,2024-12-21 21:32:00,19938405,Tienda Online,Web,9,4,SWE-MAR-L,1,13010.13,32525.33,,32525.33
859,2024-12-21 21:32:00,19938405,Tienda Online,Web,9,4,SWE-MAR-M,1,13010.13,32525.33,,32525.33
859,2024-12-21 21:32:00,19938405,Tienda Online,Web,9,4,SWE-MAR-L,2,13010.13,32525.33,,65050.66
859,2024-12-21 21:32:00,19938405,Tienda Online,Web,9,4,CHU-NEG-M,1,13529.35,33823.38,,33823.38
860,2025-08-18 00:16:00,36913358,Tienda Online,Web,10,4,CAM-BLA-M,1,14680.23,36700.58,,36700.58
860,2025-08-18 00:16:00,36913358,Tienda Online,Web,10,4,MUS-AZU-XXL,1,12928.22,32320.56,,32320.56
860,2025-08-18 00:16:00,36913358,Tienda Online,Web,10,4,CAM-BLA-XL,1,14680.23,36700.58,,36700.58
861,2025-06-05 16:29:00,35501998,Centro,Presencial,1,4,CIN-ROS-unico,1,13257.96,33144.89,,33144.89
861,2025-06-05 16:29:00,35501998,Centro,Presencial,1,4,JOG-AZU-XXL,1,16544.66,41361.66,,41361.66
861,2025-06-05 16:29:00,35501998,Centro,Presencial,1,4,BUZ-AZU-M,1,11827.69,29569.23,,29569.23
861,2025-06-05 16:29:00,35501998,Centro,Presencial,1,4,SWE-MAR-L,1,13010.13,32525.33,,32525.33
862,2025-08-24 17:18:00,18439645,Tienda Online,Web,10,4,CIN-MAR-XL,1,13257.96,33144.89,,33144.89
862,2025-08-24 17:18:00,18439645,Tienda Online,Web,10,4,REM-VIO-L,1,13071.19,32677.97,,32677.97
862,2025-08-24 17:18:00,18439645,Tienda Online,Web,10,4,CHU-ÍND-XXL,2,13529.35,33823.38,,67646.76
863,2025-11-03 17:53:00,26523232,Tienda Online,Web,9,5,JOG-ÍND-XL,1,16544.66,33916.56,9.0,33916.56
863,2025-11-03 17:53:00,26523232,Tienda Online,Web,9,5,JOG-AZU-XXL,1,16544.66,33916.56,9.0,33916.56
864,2024-12-04 11:31:00,25273674,Centro,Presencial,1,2,REM-VIO-XL,1,13071.19,32677.97,,32677.97
864,2024-12-04 11:31:00,25273674,Centro,Presencial,1,2,JEA-NEG-unico,1,8748.58,21871.44,,21871.44
864,2024-12-04 11:31:00,25273674,Centro,Presencial,1,2,CIN-MAR-S,1,13257.96,33144.89,,33144.89
865,2025-07-31 12:46:00,19364231,Tienda Online,Web,9,4,MUS-AZU-XXL,1,12928.22,32320.56,,32320.56
865,2025-07-31 12:46:00,19364231,Tienda Online,Web,9,4,SWE-MAR-XXL,1,13010.13,32525.33,,32525.33
865,2025-07-31 12:46:00,19364231,Tienda Online,Web,9,4,GOR-GRI-S,1,11486.7,28716.74,,28716.74
866,2025-05-16 03:16:00,26297346,Tienda Online,Web,10,2,CHU-NEG-M,1,13529.35,33823.38,,33823.38
866,2025-05-16 03:16:00,26297346,Tienda Online,Web,10,2,CIN-TUR-unico,1,13257.96,33144.89,,33144.89
867,2025-08-22 20:22:00,41366021,Tienda Online,Web,9,5,GOR-GRI-L,1,11486.7,28716.74,,28716.74
867,2025-08-22 20:22:00,41366021,Tienda Online,Web,9,5,REM-VIO-L,1,13071.19,32677.97,,32677.97
867,2025-08-22 20:22:00,41366021,Tienda Online,Web,9,5,CHU-ÍND-XL,1,13529.35,33823.38,,33823.38
868,2024-12-16 09:01:00,11730076,Norte,Presencial,6,5,GOR-GRI-L,1,11486.7,28716.74,,28716.74
869,2024-06-08 16:25:00,32828789,Centro,Presencial,1,3,GOR-ROJ-unico,1,11486.7,28716.74,,28716.74
869,2024-06-08 16:25:00,32828789,Centro,Presencial,1,3,CAM-CEL-XL,1,14680.23,36700.58,,36700.58
870,2024-02-11 14:23:00,38133707,Tienda Online,Web,10,2,CIN-MAR-L,1,13257.96,33144.89,,33144.89
870,2024-02-11 14:23:00,38133707,Tienda Online,Web,10,2,CIN-MAR-S,1,13257.96,33144.89,,33144.89
870,2024-02-11 14:23:00,38133707,Tienda Online,Web,10,2,GOR-GRI-XXL,1,11486.7,28716.74,,28716.74
870,2024-02-11 14:23:00,38133707,Tienda Online,Web,10,2,GOR-GRI-S,1,11486.7,28716.74,,28716.74
870,2024-02-11 14:23:00,38133707,Tienda Online,Web,10,2,CIN-MAR-S,1,13257.96,33144.89,,33144.89
871,2025-01-31 15:33:00,16123174,Centro,Presencial,1,1,JOG-ÍND-M,1,16544.66,41361.66,,41361.66
871,2025-01-31 15:33:00,16123174,Centro,Presencial,1,1,CHU-VER-XL,1,13529.35,33823.38,,33823.38
871,2025-01-31 15:33:00,16123174,Centro,Presencial,1,1,CIN-ROS-XXL,1,13257.96,33144.89,,33144.89
871,2025-01-31 15:33:00,16123174,Centro,Presencial,1,1,SWE-MAR-M,1,13010.13,32525.33,,32525.33
872,2024-12-17 16:09:00,34306027,Tienda Online,Web,10,5,CIN-MAR-M,1,13257.96,33144.89,,33144.89
873,2025-08-19 10:21:00,26764226,Norte,Presencial,6,1,JOG-AZU-unico,1,16544.66,41361.66,,41361.66
873,2025-08-19 10:21:00,26764226,Norte,Presencial,6,1,GOR-ROJ-S,1,11486.7,28716.74,,28716.74
873,2025-08-19 10:21:00,26764226,Norte,Presencial,6,1,GOR-ROJ-unico,1,11486.7,28716.74,,28716.74
873,2025-08-19 10:21:00,26764226,Norte,Presencial,6,1,MUS-CEL-XXL,1,12928.22,32320.56,,32320.56
873,2025-08-19 10:21:00,26764226,Norte,Presencial,6,1,GOR-ROJ-S,1,11486.7,28716.74,,28716.74
874,2025-05-06 08:36:00,37138900,Tienda Online,Web,10,3,CAM-CEL-XL,1,14680.23,36700.58,,36700.58
875,2024-01-22 14:32:00,26373518,Norte,Presencial,5,1,JOG-ÍND-XL,1,16544.66,41361.66,,41361.66
876,2024-06-26 10:26:00,10990382,Norte,Presencial,5,2,CIN-MAR-S,1,13257.96,33144.89,,33144.89
876,2024-06-26 10:26:00,10990382,Norte,Presencial,5,2,JOG-AZU-unico,1,16544.66,41361.66,,41361.66
877,2024-06-23 17:56:00,38127120,Shopping,Presencial,7,1,CAM-BEI-unico,1,14680.23,36700.58,,36700.58
877,2024-06-23 17:56:00,38127120,Shopping,Presencial,7,1,CIN-TUR-unico,2,13257.96,33144.89,,66289.78
877,2024-06-23 17:56:00,38127120,Shopping,Presencial,7,1,CIN-MAR-S,1,13257.96,33144.89,,33144.89
878,2025-11-15 10:20:00,10027242,Shopping,Presencial,7,3,REM-CEL-XXL,1,13673.12,34182.8,,34182.8
878,2025-11-15 10:20:00,10027242,Shopping,Presencial,7,3,MUS-AZU-M,1,12928.22,32320.56,,32320.56
878,2025-11-15 10:20:00,10027242,Shopping,Presencial,7,3,MUS-CEL-M,1,12928.22,32320.56,,32320.56
878,2025-11-15 10:20:00,10027242,Shopping,Presencial,7,3,JOG-AZU-XL,1,16544.66,41361.66,,41361.66
879,2025-05-10 01:40:00,17686170,Tienda Online,Web,10,5,GOR-ROJ-unico,2,11486.7,28716.74,,57433.48
879,2025-05-10 01:40:00,17686170,Tienda Online,Web,10,5,JEA-NEG-M,1,8748.58,21871.44,,21871.44
880,2024-07-13 22:55:00,10770478,Tienda Online,Web,10,5,CIN-MAR-XL,1,13257.96,33144.89,,33144.89
880,2024-07-13 22:55:00,10770478,Tienda Online,Web,10,5,REM-TUR-XXL,1,13673.12,34182.8,,34182.8
881,2025-04-18 13:41:00,37406784,Norte,Presencial,5,4,REM-VIO-XL,1,13071.19,26795.94,10.0,26795.94
881,2025-04-18 13:41:00,37406784,Norte,Presencial,5,4,JEA-LAV-unico,1,8748.58,21871.44,,21871.44
881,2025-04-18 13:41:00,37406784,Norte,Presencial,5,4,GOR-ROJ-S,1,11486.7,28716.74,,28716.74
882,2024-08-24 15:38:00,18818897,Shopping,Presencial,7,5,JOG-ÍND-M,1,16544.66,41361.66,,41361.66
882,2024-08-24 15:38:00,18818897,Shopping,Presencial,7,5,BUZ-AZU-M,1,11827.69,29569.23,,29569.23
882,2024-08-24 15:38:00,18818897,Shopping,Presencial,7,5,SWE-MAR-unico,1,13010.13,32525.33,,32525.33
883,2025-04-30 08:43:00,26365398,Tienda Online,Web,9,1,CAM-BEI-unico,2,14680.23,30094.48,10.0,60188.96
883,2025-04-30 08:43:00,26365398,Tienda Online,Web,9,1,CHU-ÍND-XL,1,13529.35,33823.38,,33823.38
883,2025-04-30 08:43:00,26365398,Tienda Online,Web,9,1,SWE-MAR-unico,1,13010.13,26670.77,10.0,26670.77
883,2025-04-30 08:43:00,26365398,Tienda Online,Web,9,1,CAM-BLA-XL,1,14680.23,36700.58,,36700.58
884,2024-01-29 09:41:00,35909306,Tienda Online,Web,9,4,SWE-MAR-L,1,13010.13,32525.33,,32525.33
884,2024-01-29 09:41:00,35909306,Tienda Online,Web,9,4,GOR-GRI-S,2,11486.7,28716.74,,57433.48
884,2024-01-29 09:41:00,35909306,Tienda Online,Web,9,4,MUS-AZU-XXL,1,12928.22,32320.56,,32320.56
884,2024-01-29 09:41:00,35909306,Tienda Online,Web,9,4,JEA-NEG-M,1,8748.58,21871.44,,21871.44
885,2024-05-25 11:42:00,25442983,Norte,Presencial,5,4,SWE-AZU-S,1,13010.13,32525.33,,32525.33
885,2024-05-25 11:42:00,25442983,Norte,Presencial,5,4,JOG-ÍND-XL,1,16544.66,41361.66,,41361.66
885,2024-05-25 11:42:00,25442983,Norte,Presencial,5,4,MUS-AZU-XXL,1,12928.22,32320.56,,32320.56
885,2024-05-25 11:42:00,25442983,Norte,Presencial,5,4,CAM-BEI-L,1,14680.23,36700.58,,36700.58
886,2024-12-14 16:55:00,14310325,Norte,Presencial,4,4,JOG-ÍND-M,1,16544.66,41361.66,,41361.66
886,2024-12-14 16:55:00,14310325,Norte,Presencial,4,4,SWE-AZU-S,1,13010.13,32525.33,,32525.33
887,2025-04-17 23:19:00,35059825,Tienda Online,Web,10,4,JOG-CEL-unico,1,16544.66,33916.56,10.0,33916.56
887,2025-04-17 23:19:00,35059825,Tienda Online,Web,10,4,REM-BLA-S,1,13071.19,32677.97,,32677.97
887,2025-04-17 23:19:00,35059825,Tienda Online,Web,10,4,REM-VIO-XXL,1,13071.19,32677.97,,32677.97
887,2025-04-17 23:19:00,35059825,Tienda Online,Web,10,4,REM-TUR-XXL,1,13673.12,34182.8,,34182.8
888,2025-05-05 15:19:00,16859215,Norte,Presencial,5,5,CAM-BEI-unico,1,14680.23,36700.58,,36700.58
888,2025-05-05 15:19:00,16859215,Norte,Presencial,5,5,MUS-CEL-S,1,12928.22,32320.56,,32320.56
888,2025-05-05 15:19:00,16859215,Norte,Presencial,5,5,MUS-AZU-unico,1,12928.22,32320.56,,32320.56
888,2025-05-05 15:19:00,16859215,Norte,Presencial,5,5,GOR-ROJ-S,1,11486.7,28716.74,,28716.74
889,2025-09-29 14:30:00,13950951,Shopping,Presencial,7,3,CHU-VER-S,1,13529.35,33823.38,,33823.38
890,2024-11-23 08:15:00,19938405,Tienda Online,Web,9,4,JOG-AZU-unico,1,16544.66,41361.66,,41361.66
890,2024-11-23 08:15:00,19938405,Tienda Online,Web,9,4,MUS-CEL-S,1,12928.22,32320.56,,32320.56
890,2024-11-23 08:15:00,19938405,Tienda Online,Web,9,4,CIN-MAR-L,2,13257.96,33144.89,,66289.78
890,2024-11-23 08:15:00,19938405,Tienda Online,Web,9,4,REM-TUR-S,1,13673.12,34182.8,,34182.8
890,2024-11-23 08:15:00,19938405,Tienda Online,Web,9,4,CIN-TUR-unico,1,13257.96,33144.89,,33144.89
891,2025-11-28 13:09:00,40793026,Tienda Online,Web,10,4,MUS-CEL-XXL,1,12928.22,32320.56,,32320.56
891,2025-11-28 13:09:00,40793026,Tienda Online,Web,10,4,GOR-GRI-S,1,11486.7,28716.74,,28716.74
891,2025-11-28 13:09:00,40793026,Tienda Online,Web,10,4,REM-BLA-unico,1,13071.19,32677.97,,32677.97
891,2025-11-28 13:09:00,40793026,Tienda Online,Web,10,4,REM-VIO-XXL,1,13071.19,32677.97,,32677.97
891,2025-11-28 13:09:00,40793026,Tienda Online,Web,10,4,GOR-ROJ-L,1,11486.7,28716.74,,28716.74
892,2024-04-13 08:57:00,34929174,Tienda Online,Web,9,5,SWE-MAR-L,1,13010.13,32525.33,,32525.33
892,2024-04-13 08:57:00,34929174,Tienda Online,Web,9,5,SWE-AZU-S,1,13010.13,32525.33,,32525.33
893,2024-06-08 10:39:00,21983483,Norte,Presencial,6,1,JOG-CEL-unico,1,16544.66,41361.66,,41361.66
893,2024-06-08 10:39:00,21983483,Norte,Presencial,6,1,CAM-BEI-L,1,14680.23,36700.58,,36700.58
893,2024-06-08 10:39:00,21983483,Norte,Presencial,6,1,GOR-GRI-unico,1,11486.7,28716.74,,28716.74
893,2024-06-08 10:39:00,21983483,Norte,Presencial,6,1,GOR-GRI-unico,1,11486.7,28716.74,,28716.74
894,2024-02-13 11:23:00,26764226,Shopping,Presencial,7,5,CHU-VER-XL,1,13529.35,33823.38,,33823.38
895,2024-07-26 11:42:00,30549138,Shopping,Presencial,7,4,JEA-LAV-unico,1,8748.58,21871.44,,21871.44
895,2024-07-26 11:42:00,30549138,Shopping,Presencial,7,4,CIN-MAR-XL,1,13257.96,33144.89,,33144.89
895,2024-07-26 11:42:00,30549138,Shopping,Presencial,7,4,CIN-ROS-XXL,1,13257.96,33144.89,,33144.89
896,2024-06-15 12:36:00,10949480,Shopping,Presencial,7,2,CAM-BLA-M,1,14680.23,36700.58,,36700.58
896,2024-06-15 12:36:00,10949480,Shopping,Presencial,7,2,GOR-GRI-M,1,11486.7,28716.74,,28716.74
896,2024-06-15 12:36:00,10949480,Shopping,Presencial,7,2,CIN-MAR-M,2,13257.96,33144.89,,66289.78
897,2025-04-05 20:02:00,17019579,Tienda Online,Web,10,3,CIN-MAR-S,2,13257.96,33144.89,,66289.78
897,2025-04-05 20:02:00,17019579,Tienda Online,Web,10,3,CIN-MAR-S,1,13257.96,27178.81,10.0,27178.81
897,2025-04-05 20:02:00,17019579,Tienda Online,Web,10,3,REM-TUR-S,1,13673.12,28029.9,10.0,28029.9
897,2025-04-05 20:02:00,17019579,Tienda Online,Web,10,3,CHU-ÍND-L,1,13529.35,27735.17,10.0,27735.17
898,2024-09-16 15:40:00,28669062,Tienda Online,Web,9,5,JOG-ÍND-XL,1,16544.66,41361.66,,41361.66
898,2024-09-16 15:40:00,28669062,Tienda Online,Web,9,5,CAM-BEI-unico,1,14680.23,36700.58,,36700.58
899,2024-12-19 09:15:00,34552283,Tienda Online,Web,9,5,CAM-CEL-XL,1,14680.23,36700.58,,36700.58
900,2025-06-26 12:07:00,19179099,Norte,Presencial,4,2,CHU-VER-XL,1,13529.35,33823.38,,33823.38
900,2025-06-26 12:07:00,19179099,Norte,Presencial,4,2,JOG-ÍND-M,1,16544.66,41361.66,,41361.66
900,2025-06-26 12:07:00,19179099,Norte,Presencial,4,2,MUS-AZU-XXL,1,12928.22,32320.56,,32320.56
900,2025-06-26 12:07:00,19179099,Norte,Presencial,4,2,REM-BLA-S,2,13071.19,32677.97,,65355.94
901,2024-03-09 12:53:00,20371898,Norte,Presencial,5,5,CIN-MAR-S,1,13257.96,33144.89,,33144.89
901,2024-03-09 12:53:00,20371898,Norte,Presencial,5,5,MUS-AZU-unico,1,12928.22,32320.56,,32320.56
901,2024-03-09 12:53:00,20371898,Norte,Presencial,5,5,MUS-AZU-XXL,1,12928.22,32320.56,,32320.56
901,2024-03-09 12:53:00,20371898,Norte,Presencial,5,5,JEA-LAV-unico,1,8748.58,21871.44,,21871.44
902,2024-12-29 12:40:00,24580721,Centro,Presencial,1,4,REM-TUR-S,1,13673.12,34182.8,,34182.8
902,2024-12-29 12:40:00,24580721,Centro,Presencial,1,4,MUS-AZU-M,1,12928.22,32320.56,,32320.56
902,2024-12-29 12:40:00,24580721,Centro,Presencial,1,4,CAM-CEL-XL,1,14680.23,36700.58,,36700.58
902,2024-12-29 12:40:00,24580721,Centro,Presencial,1,4,JEA-LAV-unico,1,8748.58,21871.44,,21871.44
902,2024-12-29 12:40:00,24580721,Centro,Presencial,1,4,GOR-GRI-unico,1,11486.7,28716.74,,28716.74
903,2024-06-27 15:56:00,34306027,Centro,Presencial,2,4,GOR-GRI-unico,1,11486.7,28716.74,,28716.74
903,2024-06-27 15:56:00,34306027,Centro,Presencial,2,4,JOG-AZU-XXL,2,16544.66,41361.66,,82723.32
903,2024-06-27 15:56:00,34306027,Centro,Presencial,2,4,JOG-ÍND-M,1,16544.66,41361.66,,41361.66
904,2024-07-13 18:34:00,39766964,Norte,Presencial,5,3,MUS-CEL-S,2,12928.22,32320.56,,64641.12
904,2024-07-13 18:34:00,39766964,Norte,Presencial,5,3,JEA-NEG-M,1,8748.58,21871.44,,21871.44
904,2024-07-13 18:34:00,39766964,Norte,Presencial,5,3,JOG-ÍND-S,1,16544.66,41361.66,,41361.66
904,2024-07-13 18:34:00,39766964,Norte,Presencial,5,3,GOR-GRI-unico,1,11486.7,28716.74,,28716.74
905,2025-06-09 14:11:00,18439645,Centro,Presencial,1,4,CHU-VER-S,1,13529.35,33823.38,,33823.38
905,2025-06-09 14:11:00,18439645,Centro,Presencial,1,4,MUS-CEL-M,1,12928.22,32320.56,,32320.56
905,2025-06-09 14:11:00,18439645,Centro,Presencial,1,4,CHU-NEG-M,1,13529.35,33823.38,,33823.38
905,2025-06-09 14:11:00,18439645,Centro,Presencial,1,4,CAM-BEI-S,1,14680.23,36700.58,,36700.58
905,2025-06-09 14:11:00,18439645,Centro,Presencial,1,4,CIN-MAR-XL,1,13257.96,33144.89,,33144.89
906,2025-10-04 07:10:00,27826293,Tienda Online,Web,10,2,CHU-ÍND-unico,1,13529.35,33823.38,,33823.38
906,2025-10-04 07:10:00,27826293,Tienda Online,Web,10,2,JEA-NEG-M,1,8748.58,14216.44,8.0,14216.44
907,2025-06-21 09:11:00,24097997,Tienda Online,Web,10,3,SWE-AZU-M,1,13010.13,32525.33,,32525.33
907,2025-06-21 09:11:00,24097997,Tienda Online,Web,10,3,CAM-BLA-S,1,14680.23,36700.58,,36700.58
907,2025-06-21 09:11:00,24097997,Tienda Online,Web,10,3,CAM-BEI-L,1,14680.23,36700.58,,36700.58
908,2025-06-10 09:05:00,38250184,Norte,Presencial,4,4,BUZ-AZU-L,1,11827.69,26612.31,3.0,26612.31
908,2025-06-10 09:05:00,38250184,Norte,Presencial,4,4,JOG-ÍND-S,1,16544.66,41361.66,,41361.66
908,2025-06-10 09:05:00,38250184,Norte,Presencial,4,4,CHU-NEG-unico,1,13529.35,33823.38,,33823.38
908,2025-06-10 09:05:00,38250184,Norte,Presencial,4,4,SWE-AZU-M,1,13010.13,32525.33,,32525.33
909,2025-01-14 12:24:00,44185636,Shopping,Presencial,7,5,REM-BLA-XL,1,13071.19,32677.97,,32677.97
909,2025-01-14 12:24:00,44185636,Shopping,Presencial,7,5,MUS-CEL-S,1,12928.22,32320.56,,32320.56
909,2025-01-14 12:24:00,44185636,Shopping,Presencial,7,5,CAM-BEI-L,2,14680.23,36700.58,,73401.16
910,2025-06-18 15:39:00,31925749,Centro,Presencial,2,4,SWE-AZU-S,1,13010.13,29272.8,3.0,29272.8
910,2025-06-18 15:39:00,31925749,Centro,Presencial,2,4,JOG-ÍND-S,1,16544.66,41361.66,,41361.66
910,2025-06-18 15:39:00,31925749,Centro,Presencial,2,4,JOG-ÍND-XL,1,16544.66,37225.49,3.0,37225.49
911,2024-11-01 11:35:00,23663184,Shopping,Presencial,7,5,JEA-NEG-unico,1,8748.58,21871.44,,21871.44
911,2024-11-01 11:35:00,23663184,Shopping,Presencial,7,5,CAM-BLA-M,1,14680.23,36700.58,,36700.58
911,2024-11-01 11:35:00,23663184,Shopping,Presencial,7,5,GOR-GRI-unico,1,11486.7,28716.74,,28716.74
911,2024-11-01 11:35:00,23663184,Shopping,Presencial,7,5,CIN-TUR-unico,1,13257.96,33144.89,,33144.89
911,2024-11-01 11:35:00,23663184,Shopping,Presencial,7,5,SWE-MAR-L,1,13010.13,32525.33,,32525.33
912,2024-05-07 02:19:00,25333944,Tienda Online,Web,10,3,CHU-NEG-S,1,13529.35,33823.38,,33823.38
912,2024-05-07 02:19:00,25333944,Tienda Online,Web,10,3,GOR-GRI-M,1,11486.7,27916.74,12.0,27916.74
912,2024-05-07 02:19:00,25333944,Tienda Online,Web,10,3,JOG-ÍND-M,1,16544.66,41361.66,,41361.66
912,2024-05-07 02:19:00,25333944,Tienda Online,Web,10,3,JEA-LAV-L,1,8748.58,21871.44,,21871.44
913,2025-06-26 18:01:00,16100827,Norte,Presencial,6,5,GOR-GRI-unico,2,11486.7,28716.74,,57433.48
914,2025-08-22 11:09:00,26345631,Tienda Online,Web,10,5,CIN-MAR-XL,1,13257.96,33144.89,,33144.89
914,2025-08-22 11:09:00,26345631,Tienda Online,Web,10,5,REM-BLA-XL,1,13071.19,32677.97,,32677.97
914,2025-08-22 11:09:00,26345631,Tienda Online,Web,10,5,CIN-MAR-M,1,13257.96,33144.89,,33144.89
915,2024-12-26 17:45:00,36775919,Centro,Presencial,1,5,GOR-GRI-L,2,11486.7,28716.74,,57433.48
915,2024-12-26 17:45:00,36775919,Centro,Presencial,1,5,CIN-MAR-S,1,13257.96,33144.89,,33144.89
915,2024-12-26 17:45:00,36775919,Centro,Presencial,1,5,GOR-GRI-XXL,1,11486.7,28716.74,,28716.74
915,2024-12-26 17:45:00,36775919,Centro,Presencial,1,5,CHU-ÍND-L,1,13529.35,33823.38,,33823.38
915,2024-12-26 17:45:00,36775919,Centro,Presencial,1,5,CIN-TUR-XL,1,13257.96,33144.89,,33144.89
916,2025-04-10 14:47:00,38778283,Centro,Presencial,1,5,CHU-NEG-S,1,13529.35,27735.17,10.0,27735.17
917,2024-08-19 11:34:00,35526938,Centro,Presencial,1,2,BUZ-AZU-unico,1,11827.69,29569.23,,29569.23
917,2024-08-19 11:34:00,35526938,Centro,Presencial,1,2,JEA-NEG-M,1,8748.58,21871.44,,21871.44
917,2024-08-19 11:34:00,35526938,Centro,Presencial,1,2,GOR-GRI-S,2,11486.7,28716.74,,57433.48
917,2024-08-19 11:34:00,35526938,Centro,Presencial,1,2,CIN-MAR-XL,1,13257.96,33144.89,,33144.89
917,2024-08-19 11:34:00,35526938,Centro,Presencial,1,2,JEA-LAV-L,1,8748.58,21871.44,,21871.44
918,2024-05-25 09:26:00,34764543,Norte,Presencial,4,5,CIN-MAR-L,1,13257.96,32344.89,12.0,32344.89
918,2024-05-25 09:26:00,34764543,Norte,Presencial,4,5,JOG-CEL-unico,1,16544.66,41361.66,,41361.66
919,2024-06-18 12:42:00,37403776,Norte,Presencial,4,1,MUS-CEL-S,1,12928.22,32320.56,,32320.56
919,2024-06-18 12:42:00,37403776,Norte,Presencial,4,1,CAM-BLA-M,1,14680.23,36700.58,,36700.58
919,2024-06-18 12:42:00,37403776,Norte,Presencial,4,1,CHU-VER-XL,1,13529.35,33823.38,,33823.38
919,2024-06-18 12:42:00,37403776,Norte,Presencial,4,1,SWE-MAR-L,1,13010.13,32525.33,,32525.33
920,2025-02-20 11:07:00,36775919,Norte,Presencial,5,2,GOR-GRI-XXL,1,11486.7,28716.74,,28716.74
920,2025-02-20 11:07:00,36775919,Norte,Presencial,5,2,MUS-AZU-XXL,1,12928.22,32320.56,,32320.56
920,2025-02-20 11:07:00,36775919,Norte,Presencial,5,2,REM-BLA-XL,2,13071.19,32677.97,,65355.94
920,2025-02-20 11:07:00,36775919,Norte,Presencial,5,2,GOR-GRI-M,1,11486.7,28716.74,,28716.74
920,2025-02-20 11:07:00,36775919,Norte,Presencial,5,2,GOR-GRI-M,2,11486.7,28716.74,,57433.48
921,2025-11-19 17:39:00,19888757,Centro,Presencial,1,4,MUS-CEL-M,2,12928.22,26502.86,9.0,53005.72
921,2025-11-19 17:39:00,19888757,Centro,Presencial,1,4,SWE-AZU-M,1,13010.13,32525.33,,32525.33
921,2025-11-19 17:39:00,19888757,Centro,Presencial,1,4,CAM-BEI-S,1,14680.23,36700.58,,36700.58
921,2025-11-19 17:39:00,19888757,Centro,Presencial,1,4,REM-BLA-XL,1,13071.19,32677.97,,32677.97
921,2025-11-19 17:39:00,19888757,Centro,Presencial,1,4,JOG-AZU-XL,1,16544.66,41361.66,,41361.66
922,2025-07-02 16:05:00,28669062,Tienda Online,Web,10,3,JEA-NEG-M,1,8748.58,10935.72,11.0,10935.72
923,2024-05-07 17:01:00,27244970,Centro,Presencial,2,1,CHU-NEG-S,1,13529.35,33823.38,,33823.38
923,2024-05-07 17:01:00,27244970,Centro,Presencial,2,1,SWE-MAR-unico,1,13010.13,32525.33,,32525.33
923,2024-05-07 17:01:00,27244970,Centro,Presencial,2,1,GOR-GRI-L,1,11486.7,28716.74,,28716.74
923,2024-05-07 17:01:00,27244970,Centro,Presencial,2,1,JEA-LAV-unico,1,8748.58,21871.44,,21871.44
923,2024-05-07 17:01:00,27244970,Centro,Presencial,2,1,CHU-VER-XL,1,13529.35,33823.38,,33823.38
924,2024-02-07 06:57:00,14887419,Tienda Online,Web,10,4,GOR-GRI-L,1,11486.7,28716.74,,28716.74
924,2024-02-07 06:57:00,14887419,Tienda Online,Web,10,4,CIN-MAR-S,1,13257.96,33144.89,,33144.89
924,2024-02-07 06:57:00,14887419,Tienda Online,Web,10,4,REM-TUR-XXL,1,13673.12,34182.8,,34182.8
925,2025-09-23 09:47:00,38778283,Centro,Presencial,2,4,MUS-AZU-XXL,1,12928.22,32320.56,,32320.56
925,2025-09-23 09:47:00,38778283,Centro,Presencial,2,4,MUS-AZU-unico,1,12928.22,21008.36,8.0,21008.36
926,2025-08-08 18:09:00,42446968,Norte,Presencial,5,2,CAM-BEI-unico,1,14680.23,36700.58,,36700.58
927,2024-06-29 11:01:00,12462702,Tienda Online,Web,9,5,GOR-ROJ-unico,1,11486.7,28716.74,,28716.74
927,2024-06-29 11:01:00,12462702,Tienda Online,Web,9,5,GOR-GRI-M,1,11486.7,28716.74,,28716.74
927,2024-06-29 11:01:00,12462702,Tienda Online,Web,9,5,CHU-NEG-M,1,13529.35,33823.38,,33823.38
927,2024-06-29 11:01:00,12462702,Tienda Online,Web,9,5,JEA-LAV-unico,1,8748.58,21871.44,,21871.44
928,2025-05-20 13:49:00,16065254,Centro,Presencial,2,1,JOG-ÍND-S,1,16544.66,41361.66,,41361.66
928,2025-05-20 13:49:00,16065254,Centro,Presencial,2,1,BUZ-AZU-L,1,11827.69,29569.23,,29569.23
929,2025-02-03 13:33:00,29911725,Shopping,Presencial,7,3,GOR-GRI-unico,1,11486.7,28716.74,,28716.74
929,2025-02-03 13:33:00,29911725,Shopping,Presencial,7,3,CIN-ROS-XXL,2,13257.96,33144.89,,66289.78
929,2025-02-03 13:33:00,29911725,Shopping,Presencial,7,3,REM-CEL-XXL,1,13673.12,34182.8,,34182.8
930,2025-03-28 06:45:00,27715659,Tienda Online,Web,9,1,CIN-TUR-unico,1,13257.96,19886.93,7.0,19886.93
931,2024-12-11 14:52:00,16898363,Norte,Presencial,6,5,JEA-NEG-unico,1,8748.58,21871.44,,21871.44
931,2024-12-11 14:52:00,16898363,Norte,Presencial,6,5,CHU-ÍND-XL,1,13529.35,33823.38,,33823.38
931,2024-12-11 14:52:00,16898363,Norte,Presencial,6,5,MUS-AZU-M,1,12928.22,32320.56,,32320.56
931,2024-12-11 14:52:00,16898363,Norte,Presencial,6,5,GOR-GRI-S,1,11486.7,28716.74,,28716.74
932,2024-08-31 06:21:00,28427922,Tienda Online,Web,10,3,BUZ-AZU-unico,1,11827.69,29569.23,,29569.23
932,2024-08-31 06:21:00,28427922,Tienda Online,Web,10,3,CIN-MAR-S,1,13257.96,33144.89,,33144.89
932,2024-08-31 06:21:00,28427922,Tienda Online,Web,10,3,GOR-ROJ-unico,1,11486.7,28716.74,,28716.74
932,2024-08-31 06:21:00,28427922,Tienda Online,Web,10,3,JOG-ÍND-XL,1,16544.66,41361.66,,41361.66
932,2024-08-31 06:21:00,28427922,Tienda Online,Web,10,3,REM-CEL-XXL,2,13673.12,34182.8,,68365.6
933,2025-11-11 10:53:00,38396306,Centro,Presencial,1,5,CAM-BEI-unico,1,14680.23,36700.58,,36700.58
933,2025-11-11 10:53:00,38396306,Centro,Presencial,1,5,MUS-AZU-M,2,12928.22,32320.56,,64641.12
934,2024-06-01 12:47:00,29302634,Shopping,Presencial,7,1,CIN-ROS-XXL,1,13257.96,33144.89,,33144.89
934,2024-06-01 12:47:00,29302634,Shopping,Presencial,7,1,JEA-LAV-unico,1,8748.58,21871.44,,21871.44
934,2024-06-01 12:47:00,29302634,Shopping,Presencial,7,1,CIN-ROS-XXL,1,13257.96,33144.89,,33144.89
935,2024-09-21 07:51:00,37388193,Tienda Online,Web,10,2,MUS-AZU-unico,1,12928.22,32320.56,,32320.56
935,2024-09-21 07:51:00,37388193,Tienda Online,Web,10,2,CIN-ROS-XXL,1,13257.96,33144.89,,33144.89
936,2025-07-28 05:11:00,29368328,Tienda Online,Web,10,5,JOG-ÍND-M,1,16544.66,41361.66,,41361.66
936,2025-07-28 05:11:00,29368328,Tienda Online,Web,10,5,SWE-MAR-S,1,13010.13,32525.33,,32525.33
937,2025-11-08 16:15:00,32899636,Tienda Online,Web,9,3,REM-TUR-S,1,13673.12,34182.8,,34182.8
937,2025-11-08 16:15:00,32899636,Tienda Online,Web,9,3,JOG-AZU-XXL,1,16544.66,41361.66,,41361.66
937,2025-11-08 16:15:00,32899636,Tienda Online,Web,9,3,CIN-MAR-S,2,13257.96,27178.81,9.0,54357.62
938,2025-07-12 13:08:00,41561757,Norte,Presencial,5,2,SWE-MAR-unico,1,13010.13,32525.33,,32525.33
938,2025-07-12 13:08:00,41561757,Norte,Presencial,5,2,BUZ-AZU-M,1,11827.69,29569.23,,29569.23
938,2025-07-12 13:08:00,41561757,Norte,Presencial,5,2,JOG-ÍND-S,1,16544.66,41361.66,,41361.66
938,2025-07-12 13:08:00,41561757,Norte,Presencial,5,2,CHU-ÍND-XXL,1,13529.35,16911.69,11.0,16911.69
939,2024-01-13 04:00:00,18792148,Tienda Online,Web,9,3,SWE-AZU-S,1,13010.13,32525.33,,32525.33
939,2024-01-13 04:00:00,18792148,Tienda Online,Web,9,3,BUZ-AZU-M,1,11827.69,29569.23,,29569.23
939,2024-01-13 04:00:00,18792148,Tienda Online,Web,9,3,MUS-AZU-XXL,1,12928.22,32320.56,,32320.56
939,2024-01-13 04:00:00,18792148,Tienda Online,Web,9,3,GOR-GRI-XXL,1,11486.7,28716.74,,28716.74
939,2024-01-13 04:00:00,18792148,Tienda Online,Web,9,3,MUS-AZU-unico,1,12928.22,32320.56,,32320.56
940,2025-05-22 09:17:00,26428983,Tienda Online,Web,10,4,CIN-ROS-unico,1,13257.96,23201.42,5.0,23201.42
941,2024-06-14 03:31:00,41410296,Tienda Online,Web,10,5,GOR-GRI-S,1,11486.7,28716.74,,28716.74
941,2024-06-14 03:31:00,41410296,Tienda Online,Web,10,5,SWE-MAR-L,1,13010.13,32525.33,,32525.33
942,2025-08-15 09:33:00,16381102,Tienda Online,Web,10,3,CAM-BEI-L,1,14680.23,36700.58,,36700.58
942,2025-08-15 09:33:00,16381102,Tienda Online,Web,10,3,JOG-CEL-unico,2,16544.66,41361.66,,82723.32
942,2025-08-15 09:33:00,16381102,Tienda Online,Web,10,3,MUS-AZU-M,1,12928.22,32320.56,,32320.56
942,2025-08-15 09:33:00,16381102,Tienda Online,Web,10,3,GOR-GRI-L,1,11486.7,28716.74,,28716.74
942,2025-08-15 09:33:00,16381102,Tienda Online,Web,10,3,GOR-GRI-S,1,11486.7,28716.74,,28716.74
943,2024-04-13 17:19:00,27826293,Norte,Presencial,5,5,CIN-MAR-M,1,13257.96,33144.89,,33144.89
943,2024-04-13 17:19:00,27826293,Norte,Presencial,5,5,GOR-GRI-L,1,11486.7,28716.74,,28716.74
943,2024-04-13 17:19:00,27826293,Norte,Presencial,5,5,MUS-CEL-S,1,12928.22,32320.56,,32320.56
943,2024-04-13 17:19:00,27826293,Norte,Presencial,5,5,MUS-CEL-S,1,12928.22,32320.56,,32320.56
944,2024-09-20 19:18:00,30854088,Centro,Presencial,2,4,CIN-TUR-unico,1,13257.96,33144.89,,33144.89
944,2024-09-20 19:18:00,30854088,Centro,Presencial,2,4,BUZ-AZU-unico,1,11827.69,29569.23,,29569.23
944,2024-09-20 19:18:00,30854088,Centro,Presencial,2,4,GOR-ROJ-S,1,11486.7,28716.74,,28716.74
945,2025-06-01 16:22:00,26819279,Shopping,Presencial,7,1,CHU-VER-L,1,13529.35,33823.38,,33823.38
945,2025-06-01 16:22:00,26819279,Shopping,Presencial,7,1,CAM-BLA-XL,1,14680.23,36700.58,,36700.58
945,2025-06-01 16:22:00,26819279,Shopping,Presencial,7,1,GOR-ROJ-S,1,11486.7,28716.74,,28716.74
945,2025-06-01 16:22:00,26819279,Shopping,Presencial,7,1,GOR-GRI-M,1,11486.7,28716.74,,28716.74
945,2025-06-01 16:22:00,26819279,Shopping,Presencial,7,1,JOG-AZU-XXL,1,16544.66,41361.66,,41361.66
946,2024-09-13 08:29:00,40514355,Tienda Online,Web,9,4,BUZ-AZU-unico,1,11827.69,29569.23,,29569.23
946,2024-09-13 08:29:00,40514355,Tienda Online,Web,9,4,CIN-ROS-XXL,1,13257.96,33144.89,,33144.89
946,2024-09-13 08:29:00,40514355,Tienda Online,Web,9,4,JEA-LAV-unico,1,8748.58,21871.44,,21871.44
947,2024-12-31 10:59:00,29955030,Tienda Online,Web,9,3,REM-VIO-XL,1,13071.19,32677.97,,32677.97
947,2024-12-31 10:59:00,29955030,Tienda Online,Web,9,3,GOR-ROJ-unico,1,11486.7,28716.74,,28716.74
947,2024-12-31 10:59:00,29955030,Tienda Online,Web,9,3,CIN-MAR-XL,1,13257.96,33144.89,,33144.89
947,2024-12-31 10:59:00,29955030,Tienda Online,Web,9,3,JEA-NEG-M,1,8748.58,21871.44,,21871.44
948,2024-04-03 15:55:00,21678777,Shopping,Presencial,7,5,GOR-GRI-S,1,11486.7,28716.74,,28716.74
948,2024-04-03 15:55:00,21678777,Shopping,Presencial,7,5,CIN-MAR-L,1,13257.96,33144.89,,33144.89
949,2025-09-08 05:26:00,21048610,Tienda Online,Web,9,3,CHU-ÍND-unico,1,13529.35,33823.38,,33823.38
950,2025-05-12 19:07:00,19888757,Tienda Online,Web,9,5,CAM-BLA-XL,1,14680.23,36700.58,,36700.58
950,2025-05-12 19:07:00,19888757,Tienda Online,Web,9,5,MUS-CEL-S,1,12928.22,32320.56,,32320.56
950,2025-05-12 19:07:00,19888757,Tienda Online,Web,9,5,SWE-MAR-M,1,13010.13,32525.33,,32525.33
950,2025-05-12 19:07:00,19888757,Tienda Online,Web,9,5,CIN-TUR-unico,1,13257.96,33144.89,,33144.89
951,2024-05-10 11:36:00,42494017,Tienda Online,Web,10,3,SWE-MAR-L,1,13010.13,32525.33,,32525.33
951,2024-05-10 11:36:00,42494017,Tienda Online,Web,10,3,CAM-CEL-XL,1,14680.23,36700.58,,36700.58
952,2024-11-23 09:41:00,26431104,Centro,Presencial,2,5,REM-TUR-XXL,1,13673.12,34182.8,,34182.8
952,2024-11-23 09:41:00,26431104,Centro,Presencial,2,5,CIN-TUR-XL,2,13257.96,33144.89,,66289.78
952,2024-11-23 09:41:00,26431104,Centro,Presencial,2,5,CHU-ÍND-XXL,1,13529.35,33823.38,,33823.38
953,2024-05-10 14:03:00,28567695,Centro,Presencial,1,1,GOR-GRI-L,1,11486.7,28716.74,,28716.74
953,2024-05-10 14:03:00,28567695,Centro,Presencial,1,1,CHU-NEG-M,1,13529.35,33823.38,,33823.38
953,2024-05-10 14:03:00,28567695,Centro,Presencial,1,1,GOR-GRI-unico,1,11486.7,28716.74,,28716.74
953,2024-05-10 14:03:00,28567695,Centro,Presencial,1,1,SWE-MAR-L,1,13010.13,32525.33,,32525.33
954,2025-06-28 08:59:00,28011719,Tienda Online,Web,10,3,CAM-BEI-L,1,14680.23,36700.58,,36700.58
954,2025-06-28 08:59:00,28011719,Tienda Online,Web,10,3,MUS-AZU-M,2,12928.22,32320.56,,64641.12
955,2024-06-25 18:11:00,30301581,Shopping,Presencial,7,1,JOG-ÍND-S,1,16544.66,41361.66,,41361.66
955,2024-06-25 18:11:00,30301581,Shopping,Presencial,7,1,CIN-TUR-unico,1,13257.96,33144.89,,33144.89
955,2024-06-25 18:11:00,30301581,Shopping,Presencial,7,1,CAM-CEL-XL,1,14680.23,36700.58,,36700.58
955,2024-06-25 18:11:00,30301581,Shopping,Presencial,7,1,CIN-MAR-L,2,13257.96,33144.89,,66289.78
955,2024-06-25 18:11:00,30301581,Shopping,Presencial,7,1,CHU-NEG-M,1,13529.35,33823.38,,33823.38
956,2024-12-03 16:28:00,29687578,Centro,Presencial,1,5,MUS-CEL-S,1,12928.22,32320.56,,32320.56
957,2024-03-08 14:55:00,22425195,Shopping,Presencial,7,2,MUS-AZU-XXL,2,12928.22,32320.56,,64641.12
957,2024-03-08 14:55:00,22425195,Shopping,Presencial,7,2,CAM-BEI-unico,1,14680.23,36700.58,,36700.58
957,2024-03-08 14:55:00,22425195,Shopping,Presencial,7,2,REM-CEL-XXL,1,13673.12,34182.8,,34182.8
958,2025-06-11 11:16:00,30873468,Shopping,Presencial,7,2,CAM-BEI-unico,1,14680.23,36700.58,,36700.58
958,2025-06-11 11:16:00,30873468,Shopping,Presencial,7,2,CIN-MAR-L,2,13257.96,29830.4,3.0,59660.8
958,2025-06-11 11:16:00,30873468,Shopping,Presencial,7,2,REM-TUR-S,2,13673.12,30764.52,3.0,61529.04
959,2025-03-14 18:02:00,10949480,Centro,Presencial,2,2,SWE-AZU-S,1,13010.13,32525.33,,32525.33
959,2025-03-14 18:02:00,10949480,Centro,Presencial,2,2,CIN-MAR-S,1,13257.96,33144.89,,33144.89
960,2024-08-27 10:36:00,12462702,Centro,Presencial,1,5,CAM-CEL-XL,1,14680.23,36700.58,,36700.58
960,2024-08-27 10:36:00,12462702,Centro,Presencial,1,5,MUS-CEL-S,1,12928.22,32320.56,,32320.56
960,2024-08-27 10:36:00,12462702,Centro,Presencial,1,5,JEA-NEG-unico,1,8748.58,21871.44,,21871.44
960,2024-08-27 10:36:00,12462702,Centro,Presencial,1,5,JOG-ÍND-S,1,16544.66,41361.66,,41361.66
961,2024-12-16 12:08:00,23048327,Norte,Presencial,4,4,JOG-CEL-unico,2,16544.66,41361.66,,82723.32
961,2024-12-16 12:08:00,23048327,Norte,Presencial,4,4,GOR-GRI-unico,1,11486.7,28716.74,,28716.74
962,2024-12-24 09:20:00,10190290,Centro,Presencial,2,1,REM-BLA-XL,1,13071.19,32677.97,,32677.97
962,2024-12-24 09:20:00,10190290,Centro,Presencial,2,1,BUZ-AZU-unico,1,11827.69,29569.23,,29569.23
962,2024-12-24 09:20:00,10190290,Centro,Presencial,2,1,CHU-NEG-M,1,13529.35,33823.38,,33823.38
963,2025-01-18 10:11:00,27715659,Shopping,Presencial,7,2,SWE-AZU-S,1,13010.13,32525.33,,32525.33
963,2025-01-18 10:11:00,27715659,Shopping,Presencial,7,2,JOG-CEL-unico,1,16544.66,41361.66,,41361.66
964,2024-05-14 12:46:00,25145607,Tienda Online,Web,10,2,CIN-TUR-XL,1,13257.96,33144.89,,33144.89
964,2024-05-14 12:46:00,25145607,Tienda Online,Web,10,2,REM-CEL-XXL,1,13673.12,34182.8,,34182.8
965,2025-06-24 04:06:00,16381102,Tienda Online,Web,10,3,BUZ-AZU-M,1,11827.69,29569.23,,29569.23
966,2025-09-12 17:29:00,14598388,Centro,Presencial,2,5,CAM-BEI-S,2,14680.23,36700.58,,73401.16
966,2025-09-12 17:29:00,14598388,Centro,Presencial,2,5,CIN-ROS-unico,1,13257.96,33144.89,,33144.89
966,2025-09-12 17:29:00,14598388,Centro,Presencial,2,5,SWE-MAR-M,2,13010.13,32525.33,,65050.66
966,2025-09-12 17:29:00,14598388,Centro,Presencial,2,5,CIN-ROS-unico,1,13257.96,33144.89,,33144.89
966,2025-09-12 17:29:00,14598388,Centro,Presencial,2,5,CHU-NEG-S,1,13529.35,33823.38,,33823.38
967,2024-05-29 15:53:00,15354748,Norte,Presencial,4,3,CIN-MAR-M,1,13257.96,33144.89,,33144.89
967,2024-05-29 15:53:00,15354748,Norte,Presencial,4,3,CAM-BEI-unico,2,14680.23,36700.58,,73401.16
967,2024-05-29 15:53:00,15354748,Norte,Presencial,4,3,CIN-TUR-XL,1,13257.96,33144.89,,33144.89
967,2024-05-29 15:53:00,15354748,Norte,Presencial,4,3,CHU-VER-XL,1,13529.35,33023.38,12.0,33023.38
968,2024-11-10 16:25:00,35526737,Shopping,Presencial,7,1,BUZ-AZU-unico,1,11827.69,29569.23,,29569.23
969,2024-10-11 17:29:00,26594901,Shopping,Presencial,7,1,REM-BLA-XL,1,13071.19,32677.97,,32677.97
969,2024-10-11 17:29:00,26594901,Shopping,Presencial,7,1,GOR-GRI-L,1,11486.7,28716.74,,28716.74
970,2025-04-04 09:49:00,19706758,Centro,Presencial,2,1,CHU-NEG-S,1,13529.35,33823.38,,33823.38
970,2025-04-04 09:49:00,19706758,Centro,Presencial,2,1,REM-VIO-L,1,13071.19,32677.97,,32677.97
970,2025-04-04 09:49:00,19706758,Centro,Presencial,2,1,JOG-AZU-XL,1,16544.66,41361.66,,41361.66
971,2025-05-03 09:45:00,20002863,Norte,Presencial,6,1,CIN-MAR-S,1,13257.96,33144.89,,33144.89
971,2025-05-03 09:45:00,20002863,Norte,Presencial,6,1,CHU-ÍND-L,1,13529.35,33823.38,,33823.38
972,2025-01-27 19:27:00,28669062,Centro,Presencial,1,1,GOR-GRI-M,1,11486.7,28716.74,,28716.74
972,2025-01-27 19:27:00,28669062,Centro,Presencial,1,1,CHU-VER-XL,1,13529.35,33823.38,,33823.38
973,2025-11-19 15:39:00,30279639,Norte,Presencial,6,2,REM-VIO-XXL,1,13071.19,32677.97,,32677.97
973,2025-11-19 15:39:00,30279639,Norte,Presencial,6,2,CIN-MAR-XL,1,13257.96,33144.89,,33144.89
973,2025-11-19 15:39:00,30279639,Norte,Presencial,6,2,SWE-AZU-S,1,13010.13,32525.33,,32525.33
973,2025-11-19 15:39:00,30279639,Norte,Presencial,6,2,JOG-AZU-XXL,1,16544.66,41361.66,,41361.66
974,2024-07-11 23:33:00,28669062,Tienda Online,Web,10,4,JOG-AZU-unico,1,16544.66,41361.66,,41361.66
974,2024-07-11 23:33:00,28669062,Tienda Online,Web,10,4,CHU-ÍND-L,1,13529.35,33823.38,,33823.38
974,2024-07-11 23:33:00,28669062,Tienda Online,Web,10,4,GOR-ROJ-unico,1,11486.7,28716.74,,28716.74
974,2024-07-11 23:33:00,28669062,Tienda Online,Web,10,4,REM-TUR-XXL,1,13673.12,34182.8,,34182.8
975,2025-06-12 11:11:00,34089341,Shopping,Presencial,7,2,JEA-LAV-L,1,8748.58,21871.44,,21871.44
976,2024-08-23 13:22:00,12462702,Shopping,Presencial,7,3,GOR-GRI-S,1,11486.7,28716.74,,28716.74
976,2024-08-23 13:22:00,12462702,Shopping,Presencial,7,3,MUS-AZU-XXL,1,12928.22,32320.56,,32320.56
976,2024-08-23 13:22:00,12462702,Shopping,Presencial,7,3,JEA-NEG-M,2,8748.58,21871.44,,43742.88
977,2024-06-04 17:50:00,34268915,Norte,Presencial,6,4,MUS-CEL-S,1,12928.22,32320.56,,32320.56
978,2024-05-27 23:40:00,34552283,Tienda Online,Web,9,1,SWE-AZU-S,1,13010.13,31725.33,12.0,31725.33
978,2024-05-27 23:40:00,34552283,Tienda Online,Web,9,1,CIN-ROS-XXL,1,13257.96,32344.89,12.0,32344.89
978,2024-05-27 23:40:00,34552283,Tienda Online,Web,9,1,CAM-BEI-unico,1,14680.23,35900.58,12.0,35900.58
978,2024-05-27 23:40:00,34552283,Tienda Online,Web,9,1,CAM-BEI-L,1,14680.23,36700.58,,36700.58
979,2024-06-04 19:59:00,31169695,Norte,Presencial,6,4,JOG-ÍND-XL,1,16544.66,41361.66,,41361.66
979,2024-06-04 19:59:00,31169695,Norte,Presencial,6,4,CHU-NEG-S,1,13529.35,33823.38,,33823.38
980,2025-05-22 09:25:00,30549138,Shopping,Presencial,7,1,CAM-BEI-unico,1,14680.23,25690.41,5.0,25690.41
980,2025-05-22 09:25:00,30549138,Shopping,Presencial,7,1,REM-BLA-XL,1,13071.19,22874.58,5.0,22874.58
980,2025-05-22 09:25:00,30549138,Shopping,Presencial,7,1,CHU-VER-XL,1,13529.35,33823.38,,33823.38
980,2025-05-22 09:25:00,30549138,Shopping,Presencial,7,1,REM-VIO-M,1,13071.19,22874.58,5.0,22874.58
980,2025-05-22 09:25:00,30549138,Shopping,Presencial,7,1,REM-TUR-S,1,13673.12,34182.8,,34182.8
981,2025-06-13 04:05:00,34777665,Tienda Online,Web,9,1,CIN-ROS-XXL,2,13257.96,33144.89,,66289.78
982,2024-10-11 13:03:00,24697145,Shopping,Presencial,7,5,GOR-GRI-M,1,11486.7,28716.74,,28716.74
982,2024-10-11 13:03:00,24697145,Shopping,Presencial,7,5,MUS-CEL-S,1,12928.22,32320.56,,32320.56
982,2024-10-11 13:03:00,24697145,Shopping,Presencial,7,5,JOG-ÍND-S,1,16544.66,41361.66,,41361.66
983,2024-05-23 15:37:00,28567695,Shopping,Presencial,7,2,GOR-GRI-S,1,11486.7,27916.74,12.0,27916.74
984,2025-08-04 15:51:00,14755156,Shopping,Presencial,7,3,SWE-MAR-M,1,13010.13,32525.33,,32525.33
984,2025-08-04 15:51:00,14755156,Shopping,Presencial,7,3,GOR-ROJ-L,1,11486.7,28716.74,,28716.74
984,2025-08-04 15:51:00,14755156,Shopping,Presencial,7,3,GOR-ROJ-S,2,11486.7,28716.74,,57433.48
984,2025-08-04 15:51:00,14755156,Shopping,Presencial,7,3,GOR-GRI-unico,1,11486.7,28716.74,,28716.74
985,2024-05-04 18:02:00,14868286,Norte,Presencial,4,2,CHU-NEG-S,2,13529.35,33823.38,,67646.76
985,2024-05-04 18:02:00,14868286,Norte,Presencial,4,2,SWE-MAR-L,2,13010.13,32525.33,,65050.66
986,2024-10-26 21:58:00,32899636,Tienda Online,Web,10,2,BUZ-AZU-unico,1,11827.69,29569.23,,29569.23
986,2024-10-26 21:58:00,32899636,Tienda Online,Web,10,2,CIN-ROS-XXL,1,13257.96,33144.89,,33144.89
987,2025-10-25 21:17:00,41366021,Tienda Online,Web,9,1,CAM-CEL-XL,1,14680.23,36700.58,,36700.58
987,2025-10-25 21:17:00,41366021,Tienda Online,Web,9,1,JEA-NEG-M,1,8748.58,21871.44,,21871.44
988,2024-11-15 15:07:00,29674861,Tienda Online,Web,10,2,CIN-ROS-XXL,1,13257.96,33144.89,,33144.89
988,2024-11-15 15:07:00,29674861,Tienda Online,Web,10,2,CIN-MAR-M,1,13257.96,33144.89,,33144.89
988,2024-11-15 15:07:00,29674861,Tienda Online,Web,10,2,MUS-AZU-XXL,1,12928.22,32320.56,,32320.56
988,2024-11-15 15:07:00,29674861,Tienda Online,Web,10,2,GOR-ROJ-unico,1,11486.7,28716.74,,28716.74
988,2024-11-15 15:07:00,29674861,Tienda Online,Web,10,2,JEA-LAV-unico,1,8748.58,21871.44,,21871.44
989,2025-08-16 11:13:00,17792713,Centro,Presencial,1,4,CIN-ROS-unico,1,13257.96,33144.89,,33144.89
989,2025-08-16 11:13:00,17792713,Centro,Presencial,1,4,REM-VIO-M,1,13071.19,32677.97,,32677.97
989,2025-08-16 11:13:00,17792713,Centro,Presencial,1,4,REM-BLA-XL,1,13071.19,32677.97,,32677.97
989,2025-08-16 11:13:00,17792713,Centro,Presencial,1,4,REM-TUR-XXL,2,13673.12,34182.8,,68365.6
989,2025-08-16 11:13:00,17792713,Centro,Presencial,1,4,REM-VIO-XL,1,13071.19,32677.97,,32677.97
990,2024-06-05 11:34:00,31084522,Norte,Presencial,4,3,CIN-MAR-XL,2,13257.96,33144.89,,66289.78
990,2024-06-05 11:34:00,31084522,Norte,Presencial,4,3,CIN-MAR-L,2,13257.96,33144.89,,66289.78
990,2024-06-05 11:34:00,31084522,Norte,Presencial,4,3,GOR-GRI-unico,1,11486.7,28716.74,,28716.74
991,2024-07-25 03:27:00,19938405,Tienda Online,Web,9,2,MUS-CEL-S,1,12928.22,32320.56,,32320.56
991,2024-07-25 03:27:00,19938405,Tienda Online,Web,9,2,CIN-TUR-unico,1,13257.96,33144.89,,33144.89
991,2024-07-25 03:27:00,19938405,Tienda Online,Web,9,2,GOR-GRI-S,1,11486.7,28716.74,,28716.74
991,2024-07-25 03:27:00,19938405,Tienda Online,Web,9,2,SWE-MAR-unico,1,13010.13,32525.33,,32525.33
992,2025-11-12 11:30:00,24429953,Centro,Presencial,2,4,JEA-LAV-unico,1,8748.58,21871.44,,21871.44
993,2025-02-14 15:11:00,37011889,Centro,Presencial,2,5,REM-TUR-XXL,2,13673.12,34182.8,,68365.6
993,2025-02-14 15:11:00,37011889,Centro,Presencial,2,5,GOR-GRI-unico,1,11486.7,28716.74,,28716.74
993,2025-02-14 15:11:00,37011889,Centro,Presencial,2,5,CHU-NEG-XXL,2,13529.35,33823.38,,67646.76
993,2025-02-14 15:11:00,37011889,Centro,Presencial,2,5,CHU-NEG-S,1,13529.35,33823.38,,33823.38
994,2025-05-02 11:33:00,14755156,Norte,Presencial,5,2,CHU-ÍND-XXL,1,13529.35,33823.38,,33823.38
994,2025-05-02 11:33:00,14755156,Norte,Presencial,5,2,CIN-MAR-XL,1,13257.96,33144.89,,33144.89
994,2025-05-02 11:33:00,14755156,Norte,Presencial,5,2,CHU-VER-L,1,13529.35,33823.38,,33823.38
995,2024-01-20 20:08:00,26871415,Tienda Online,Web,10,2,JEA-NEG-M,1,8748.58,21871.44,,21871.44
995,2024-01-20 20:08:00,26871415,Tienda Online,Web,10,2,SWE-MAR-L,2,13010.13,32525.33,,65050.66
995,2024-01-20 20:08:00,26871415,Tienda Online,Web,10,2,REM-TUR-XXL,1,13673.12,34182.8,,34182.8
996,2024-03-02 08:09:00,30279639,Tienda Online,Web,10,3,CIN-TUR-unico,1,13257.96,33144.89,,33144.89
996,2024-03-02 08:09:00,30279639,Tienda Online,Web,10,3,CAM-BEI-unico,1,14680.23,36700.58,,36700.58
996,2024-03-02 08:09:00,30279639,Tienda Online,Web,10,3,CIN-MAR-S,1,13257.96,33144.89,,33144.89
996,2024-03-02 08:09:00,30279639,Tienda Online,Web,10,3,SWE-MAR-L,1,13010.13,32525.33,,32525.33
997,2024-01-13 18:47:00,32833825,Shopping,Presencial,7,3,SWE-AZU-S,1,13010.13,32525.33,,32525.33
997,2024-01-13 18:47:00,32833825,Shopping,Presencial,7,3,REM-BLA-XL,1,13071.19,32677.97,,32677.97
998,2024-08-30 17:44:00,41690133,Norte,Presencial,5,4,MUS-CEL-S,2,12928.22,32320.56,,64641.12
998,2024-08-30 17:44:00,41690133,Norte,Presencial,5,4,CHU-NEG-M,1,13529.35,33823.38,,33823.38
998,2024-08-30 17:44:00,41690133,Norte,Presencial,5,4,SWE-MAR-unico,1,13010.13,32525.33,,32525.33
999,2025-09-27 10:26:00,24580721,Norte,Presencial,5,3,REM-CEL-XXL,1,13673.12,34182.8,,34182.8
1000,2024-05-24 10:06:00,33776507,Centro,Presencial,2,5,MUS-AZU-M,1,12928.22,31520.56,12.0,31520.56
1001,2025-03-15 05:19:00,29812600,Tienda Online,Web,10,4,SWE-AZU-S,1,13010.13,32525.33,,32525.33
1002,2025-10-03 12:10:00,10217789,Shopping,Presencial,7,1,CHU-NEG-unico,1,13529.35,33823.38,,33823.38
1002,2025-10-03 12:10:00,10217789,Shopping,Presencial,7,1,BUZ-AZU-M,1,11827.69,29569.23,,29569.23
1002,2025-10-03 12:10:00,10217789,Shopping,Presencial,7,1,GOR-ROJ-XXL,1,11486.7,28716.74,,28716.74
1002,2025-10-03 12:10:00,10217789,Shopping,Presencial,7,1,GOR-ROJ-L,1,11486.7,18665.88,8.0,18665.88
1003,2025-02-21 02:05:00,29368328,Tienda Online,Web,9,2,MUS-CEL-S,2,12928.22,32320.56,,64641.12
1004,2025-02-01 12:13:00,36913358,Shopping,Presencial,7,1,CIN-MAR-XL,1,13257.96,33144.89,,33144.89
1004,2025-02-01 12:13:00,36913358,Shopping,Presencial,7,1,JEA-NEG-unico,1,8748.58,21871.44,,21871.44
1005,2025-02-22 20:31:00,39559360,Tienda Online,Web,10,5,JOG-ÍND-M,1,16544.66,41361.66,,41361.66
1005,2025-02-22 20:31:00,39559360,Tienda Online,Web,10,5,CHU-NEG-M,1,13529.35,33823.38,,33823.38
1006,2025-09-05 13:17:00,28731761,Shopping,Presencial,7,2,REM-BLA-XL,1,13071.19,32677.97,,32677.97
1007,2024-03-25 16:36:00,24672546,Norte,Presencial,6,1,GOR-GRI-S,1,11486.7,28716.74,,28716.74
1007,2024-03-25 16:36:00,24672546,Norte,Presencial,6,1,MUS-AZU-XXL,1,12928.22,32320.56,,32320.56
1007,2024-03-25 16:36:00,24672546,Norte,Presencial,6,1,SWE-AZU-S,1,13010.13,32525.33,,32525.33
1007,2024-03-25 16:36:00,24672546,Norte,Presencial,6,1,CIN-MAR-L,1,13257.96,33144.89,,33144.89
1007,2024-03-25 16:36:00,24672546,Norte,Presencial,6,1,BUZ-AZU-M,1,11827.69,29569.23,,29569.23
1008,2024-05-30 19:01:00,26764226,Shopping,Presencial,7,1,GOR-GRI-S,1,11486.7,28716.74,,28716.74
1008,2024-05-30 19:01:00,26764226,Shopping,Presencial,7,1,SWE-MAR-L,1,13010.13,32525.33,,32525.33
1008,2024-05-30 19:01:00,26764226,Shopping,Presencial,7,1,GOR-GRI-L,1,11486.7,28716.74,,28716.74
1008,2024-05-30 19:01:00,26764226,Shopping,Presencial,7,1,SWE-MAR-unico,1,13010.13,31725.33,12.0,31725.33
1009,2024-10-05 21:34:00,23663184,Tienda Online,Web,10,4,CAM-BLA-M,1,14680.23,36700.58,,36700.58
1010,2024-05-22 20:14:00,42659965,Tienda Online,Web,9,2,GOR-GRI-unico,1,11486.7,28716.74,,28716.74
1011,2024-10-14 14:10:00,25636276,Norte,Presencial,4,3,SWE-AZU-S,1,13010.13,32525.33,,32525.33
1011,2024-10-14 14:10:00,25636276,Norte,Presencial,4,3,SWE-AZU-S,1,13010.13,32525.33,,32525.33
1012,2024-05-16 22:43:00,31117675,Tienda Online,Web,9,3,CAM-BEI-L,1,14680.23,36700.58,,36700.58
1013,2025-10-17 12:41:00,35441229,Shopping,Presencial,7,4,JEA-NEG-M,1,8748.58,21871.44,,21871.44
1013,2025-10-17 12:41:00,35441229,Shopping,Presencial,7,4,SWE-AZU-S,1,13010.13,32525.33,,32525.33
1013,2025-10-17 12:41:00,35441229,Shopping,Presencial,7,4,GOR-GRI-S,1,11486.7,28716.74,,28716.74
1014,2025-08-15 12:36:00,39677512,Tienda Online,Web,9,4,GOR-ROJ-XXL,1,11486.7,28716.74,,28716.74
1015,2025-05-07 14:20:00,13291303,Norte,Presencial,6,4,CHU-VER-XL,1,13529.35,33823.38,,33823.38
1015,2025-05-07 14:20:00,13291303,Norte,Presencial,6,4,CHU-VER-XL,1,13529.35,33823.38,,33823.38
1015,2025-05-07 14:20:00,13291303,Norte,Presencial,6,4,CIN-MAR-S,1,13257.96,33144.89,,33144.89
1015,2025-05-07 14:20:00,13291303,Norte,Presencial,6,4,CHU-ÍND-L,1,13529.35,33823.38,,33823.38
1015,2025-05-07 14:20:00,13291303,Norte,Presencial,6,4,CAM-BEI-L,2,14680.23,36700.58,,73401.16
1016,2025-03-10 13:15:00,12462702,Shopping,Presencial,7,5,CHU-VER-L,1,13529.35,20294.03,7.0,20294.03
1017,2024-03-26 16:45:00,28540070,Tienda Online,Web,10,5,CIN-TUR-XL,1,13257.96,33144.89,,33144.89
1018,2025-05-17 15:12:00,20736210,Norte,Presencial,4,4,CAM-BLA-XL,1,14680.23,36700.58,,36700.58
1018,2025-05-17 15:12:00,20736210,Norte,Presencial,4,4,CHU-VER-L,1,13529.35,33823.38,,33823.38
1019,2025-06-20 14:27:00,36891021,Centro,Presencial,2,3,JEA-LAV-unico,1,8748.58,21871.44,,21871.44
1019,2025-06-20 14:27:00,36891021,Centro,Presencial,2,3,REM-BLA-XL,1,13071.19,32677.97,,32677.97
1020,2024-07-19 15:25:00,26161813,Shopping,Presencial,7,1,CHU-VER-XL,1,13529.35,33823.38,,33823.38
1020,2024-07-19 15:25:00,26161813,Shopping,Presencial,7,1,REM-CEL-XXL,1,13673.12,34182.8,,34182.8
1020,2024-07-19 15:25:00,26161813,Shopping,Presencial,7,1,CIN-MAR-L,1,13257.96,33144.89,,33144.89
1021,2025-06-16 11:31:00,26127866,Norte,Presencial,5,4,GOR-GRI-L,1,11486.7,25845.07,3.0,25845.07
1021,2025-06-16 11:31:00,26127866,Norte,Presencial,5,4,GOR-GRI-XXL,1,11486.7,28716.74,,28716.74
1022,2025-02-15 14:30:00,20714555,Centro,Presencial,2,1,BUZ-AZU-unico,1,11827.69,29569.23,,29569.23
1022,2025-02-15 14:30:00,20714555,Centro,Presencial,2,1,MUS-AZU-unico,1,12928.22,32320.56,,32320.56
1022,2025-02-15 14:30:00,20714555,Centro,Presencial,2,1,GOR-GRI-M,1,11486.7,28716.74,,28716.74
1023,2025-04-09 15:45:00,10524999,Norte,Presencial,5,3,SWE-AZU-S,1,13010.13,32525.33,,32525.33
1024,2024-03-06 11:15:00,39559360,Shopping,Presencial,7,1,CHU-VER-XL,1,13529.35,33823.38,,33823.38
1024,2024-03-06 11:15:00,39559360,Shopping,Presencial,7,1,CHU-NEG-M,2,13529.35,33823.38,,67646.76
1025,2025-11-08 14:46:00,41410296,Norte,Presencial,6,4,GOR-ROJ-unico,1,11486.7,23547.73,9.0,23547.73
1026,2024-10-18 05:17:00,11433274,Tienda Online,Web,9,1,JEA-LAV-L,1,8748.58,21871.44,,21871.44
1026,2024-10-18 05:17:00,11433274,Tienda Online,Web,9,1,CHU-VER-XL,1,13529.35,33823.38,,33823.38
1026,2024-10-18 05:17:00,11433274,Tienda Online,Web,9,1,REM-VIO-M,1,13071.19,32677.97,,32677.97
1026,2024-10-18 05:17:00,11433274,Tienda Online,Web,9,1,GOR-ROJ-unico,1,11486.7,28716.74,,28716.74
1027,2025-05-10 16:20:00,31169695,Tienda Online,Web,9,1,CIN-MAR-M,1,13257.96,33144.89,,33144.89
1027,2025-05-10 16:20:00,31169695,Tienda Online,Web,9,1,CIN-ROS-unico,1,13257.96,33144.89,,33144.89
1028,2025-06-07 15:45:00,32833825,Norte,Presencial,6,5,REM-VIO-L,1,13071.19,32677.97,,32677.97
1028,2025-06-07 15:45:00,32833825,Norte,Presencial,6,5,GOR-ROJ-unico,1,11486.7,28716.74,,28716.74
1028,2025-06-07 15:45:00,32833825,Norte,Presencial,6,5,REM-VIO-XXL,1,13071.19,32677.97,,32677.97
1028,2025-06-07 15:45:00,32833825,Norte,Presencial,6,5,REM-VIO-M,1,13071.19,32677.97,,32677.97
1029,2024-09-10 10:22:00,27753960,Centro,Presencial,2,5,CHU-ÍND-XXL,1,13529.35,33823.38,,33823.38
1029,2024-09-10 10:22:00,27753960,Centro,Presencial,2,5,REM-TUR-XXL,2,13673.12,34182.8,,68365.6
1029,2024-09-10 10:22:00,27753960,Centro,Presencial,2,5,GOR-GRI-M,1,11486.7,28716.74,,28716.74
1029,2024-09-10 10:22:00,27753960,Centro,Presencial,2,5,GOR-GRI-unico,1,11486.7,28716.74,,28716.74
1030,2025-06-06 13:22:00,28427922,Centro,Presencial,1,2,SWE-MAR-M,1,13010.13,32525.33,,32525.33
1030,2025-06-06 13:22:00,28427922,Centro,Presencial,1,2,CAM-CEL-XL,1,14680.23,36700.58,,36700.58
1030,2025-06-06 13:22:00,28427922,Centro,Presencial,1,2,GOR-GRI-XXL,1,11486.7,28716.74,,28716.74
1031,2024-12-20 13:50:00,40890427,Tienda Online,Web,9,2,JOG-AZU-XXL,1,16544.66,41361.66,,41361.66
1032,2025-08-22 06:49:00,17829989,Tienda Online,Web,10,5,JOG-ÍND-XL,1,16544.66,41361.66,,41361.66
1032,2025-08-22 06:49:00,17829989,Tienda Online,Web,10,5,REM-VIO-XL,1,13071.19,32677.97,,32677.97
1033,2024-06-11 09:24:00,17254174,Norte,Presencial,4,1,CAM-BEI-unico,1,14680.23,36700.58,,36700.58
1033,2024-06-11 09:24:00,17254174,Norte,Presencial,4,1,BUZ-AZU-M,1,11827.69,29569.23,,29569.23
1034,2025-03-04 11:49:00,43453305,Norte,Presencial,5,4,CHU-ÍND-L,1,13529.35,33823.38,,33823.38
1034,2025-03-04 11:49:00,43453305,Norte,Presencial,5,4,JEA-NEG-M,1,8748.58,13122.86,7.0,13122.86
1034,2025-03-04 11:49:00,43453305,Norte,Presencial,5,4,CIN-MAR-L,1,13257.96,19886.93,7.0,19886.93
1034,2025-03-04 11:49:00,43453305,Norte,Presencial,5,4,CHU-ÍND-XL,2,13529.35,33823.38,,67646.76
1034,2025-03-04 11:49:00,43453305,Norte,Presencial,5,4,JOG-CEL-unico,1,16544.66,41361.66,,41361.66
1035,2024-06-10 12:15:00,38531078,Norte,Presencial,4,3,SWE-MAR-unico,1,13010.13,32525.33,,32525.33
1035,2024-06-10 12:15:00,38531078,Norte,Presencial,4,3,JOG-ÍND-XL,1,16544.66,41361.66,,41361.66
1035,2024-06-10 12:15:00,38531078,Norte,Presencial,4,3,MUS-CEL-S,1,12928.22,32320.56,,32320.56
1036,2024-04-26 19:51:00,31925749,Centro,Presencial,1,1,REM-TUR-XXL,1,13673.12,34182.8,,34182.8
1036,2024-04-26 19:51:00,31925749,Centro,Presencial,1,1,JOG-ÍND-M,1,16544.66,41361.66,,41361.66
1037,2025-05-10 09:19:00,37406784,Tienda Online,Web,10,1,SWE-MAR-L,1,13010.13,32525.33,,32525.33
1038,2025-05-02 09:30:00,26428983,Norte,Presencial,6,4,CHU-NEG-S,1,13529.35,33823.38,,33823.38
1038,2025-05-02 09:30:00,26428983,Norte,Presencial,6,4,REM-TUR-S,1,13673.12,34182.8,,34182.8
1038,2025-05-02 09:30:00,26428983,Norte,Presencial,6,4,REM-CEL-XXL,1,13673.12,34182.8,,34182.8
1038,2025-05-02 09:30:00,26428983,Norte,Presencial,6,4,GOR-GRI-L,1,11486.7,28716.74,,28716.74
1039,2025-05-21 06:55:00,39263324,Tienda Online,Web,10,1,JOG-AZU-XXL,1,16544.66,41361.66,,41361.66
1039,2025-05-21 06:55:00,39263324,Tienda Online,Web,10,1,REM-VIO-XXL,1,13071.19,32677.97,,32677.97
1040,2024-12-13 12:57:00,16100827,Shopping,Presencial,7,3,GOR-ROJ-S,1,11486.7,28716.74,,28716.74
1041,2024-12-30 12:44:00,26871415,Tienda Online,Web,9,5,CIN-TUR-XL,1,13257.96,33144.89,,33144.89
1041,2024-12-30 12:44:00,26871415,Tienda Online,Web,9,5,JOG-ÍND-S,1,16544.66,41361.66,,41361.66
1041,2024-12-30 12:44:00,26871415,Tienda Online,Web,9,5,JOG-ÍND-M,1,16544.66,41361.66,,41361.66
1042,2025-06-12 05:02:00,25442983,Tienda Online,Web,10,4,GOR-GRI-unico,1,11486.7,28716.74,,28716.74
1042,2025-06-12 05:02:00,25442983,Tienda Online,Web,10,4,JEA-NEG-XL,1,8748.58,21871.44,,21871.44
1042,2025-06-12 05:02:00,25442983,Tienda Online,Web,10,4,GOR-GRI-M,1,11486.7,28716.74,,28716.74
1043,2025-09-04 11:43:00,16884540,Tienda Online,Web,10,2,JEA-NEG-M,1,8748.58,21871.44,,21871.44
1043,2025-09-04 11:43:00,16884540,Tienda Online,Web,10,2,CHU-VER-S,1,13529.35,33823.38,,33823.38
1043,2025-09-04 11:43:00,16884540,Tienda Online,Web,10,2,SWE-AZU-XXL,1,13010.13,32525.33,,32525.33
1043,2025-09-04 11:43:00,16884540,Tienda Online,Web,10,2,CIN-ROS-XXL,1,13257.96,29167.5,6.0,29167.5
1043,2025-09-04 11:43:00,16884540,Tienda Online,Web,10,2,CHU-NEG-XL,2,13529.35,33823.38,,67646.76
1044,2025-05-05 14:42:00,29368328,Centro,Presencial,1,1,CAM-BEI-unico,2,14680.23,36700.58,,73401.16
1044,2025-05-05 14:42:00,29368328,Centro,Presencial,1,1,JOG-ÍND-XL,1,16544.66,41361.66,,41361.66
1044,2025-05-05 14:42:00,29368328,Centro,Presencial,1,1,CHU-NEG-M,1,13529.35,33823.38,,33823.38
1045,2025-05-07 10:48:00,37271524,Norte,Presencial,4,4,SWE-MAR-L,1,13010.13,32525.33,,32525.33
1045,2025-05-07 10:48:00,37271524,Norte,Presencial,4,4,GOR-GRI-S,2,11486.7,28716.74,,57433.48
1046,2024-12-14 02:27:00,35442729,Tienda Online,Web,10,2,JEA-NEG-unico,1,8748.58,21871.44,,21871.44
1046,2024-12-14 02:27:00,35442729,Tienda Online,Web,10,2,REM-BLA-XL,2,13071.19,32677.97,,65355.94
1046,2024-12-14 02:27:00,35442729,Tienda Online,Web,10,2,JEA-LAV-unico,1,8748.58,21871.44,,21871.44
1047,2024-06-07 10:13:00,40793026,Centro,Presencial,1,3,GOR-ROJ-unico,2,11486.7,28716.74,,57433.48
1048,2024-01-13 20:23:00,26591977,Tienda Online,Web,10,3,JEA-NEG-M,1,8748.58,21871.44,,21871.44
1048,2024-01-13 20:23:00,26591977,Tienda Online,Web,10,3,GOR-GRI-XXL,1,11486.7,28716.74,,28716.74
1048,2024-01-13 20:23:00,26591977,Tienda Online,Web,10,3,SWE-AZU-S,1,13010.13,32525.33,,32525.33
1049,2024-12-13 09:32:00,12409147,Shopping,Presencial,7,3,CHU-ÍND-XL,1,13529.35,33823.38,,33823.38
1050,2024-10-08 18:23:00,16604711,Tienda Online,Web,10,4,REM-CEL-XXL,1,13673.12,34182.8,,34182.8
1050,2024-10-08 18:23:00,16604711,Tienda Online,Web,10,4,SWE-MAR-unico,1,13010.13,32525.33,,32525.33
1050,2024-10-08 18:23:00,16604711,Tienda Online,Web,10,4,MUS-AZU-M,1,12928.22,32320.56,,32320.56
1050,2024-10-08 18:23:00,16604711,Tienda Online,Web,10,4,GOR-ROJ-unico,1,11486.7,28716.74,,28716.74
1051,2025-03-28 10:36:00,25534107,Shopping,Presencial,7,4,BUZ-AZU-M,2,11827.69,17741.54,7.0,35483.08
1051,2025-03-28 10:36:00,25534107,Shopping,Presencial,7,4,CAM-BLA-M,1,14680.23,36700.58,,36700.58
1052,2024-04-06 11:11:00,16123174,Norte,Presencial,5,1,MUS-AZU-unico,1,12928.22,32320.56,,32320.56
1052,2024-04-06 11:11:00,16123174,Norte,Presencial,5,1,CIN-TUR-XL,1,13257.96,33144.89,,33144.89
1052,2024-04-06 11:11:00,16123174,Norte,Presencial,5,1,GOR-GRI-S,1,11486.7,28716.74,,28716.74
1052,2024-04-06 11:11:00,16123174,Norte,Presencial,5,1,MUS-AZU-M,1,12928.22,32320.56,,32320.56
1053,2024-12-13 16:42:00,24800101,Shopping,Presencial,7,2,GOR-ROJ-S,1,11486.7,28716.74,,28716.74
1053,2024-12-13 16:42:00,24800101,Shopping,Presencial,7,2,MUS-AZU-M,1,12928.22,32320.56,,32320.56
1053,2024-12-13 16:42:00,24800101,Shopping,Presencial,7,2,REM-VIO-M,1,13071.19,32677.97,,32677.97
1054,2024-10-11 12:00:00,27826293,Centro,Presencial,1,1,CHU-ÍND-XXL,1,13529.35,33823.38,,33823.38
1054,2024-10-11 12:00:00,27826293,Centro,Presencial,1,1,CIN-TUR-XL,1,13257.96,33144.89,,33144.89
1055,2024-11-25 10:58:00,41341494,Shopping,Presencial,7,2,CIN-MAR-L,2,13257.96,33144.89,,66289.78
1055,2024-11-25 10:58:00,41341494,Shopping,Presencial,7,2,GOR-GRI-unico,1,11486.7,28716.74,,28716.74
1056,2025-06-24 16:20:00,24449461,Norte,Presencial,5,5,MUS-CEL-M,1,12928.22,32320.56,,32320.56
1056,2025-06-24 16:20:00,24449461,Norte,Presencial,5,5,REM-VIO-M,1,13071.19,32677.97,,32677.97
1056,2025-06-24 16:20:00,24449461,Norte,Presencial,5,5,GOR-ROJ-unico,1,11486.7,28716.74,,28716.74
1057,2024-09-17 15:50:00,18293899,Shopping,Presencial,7,2,REM-CEL-XXL,1,13673.12,34182.8,,34182.8
1058,2024-06-01 18:19:00,21387796,Shopping,Presencial,7,5,MUS-AZU-M,2,12928.22,32320.56,,64641.12
1058,2024-06-01 18:19:00,21387796,Shopping,Presencial,7,5,CHU-ÍND-L,1,13529.35,33823.38,,33823.38
1058,2024-06-01 18:19:00,21387796,Shopping,Presencial,7,5,MUS-CEL-S,1,12928.22,32320.56,,32320.56
1058,2024-06-01 18:19:00,21387796,Shopping,Presencial,7,5,CHU-NEG-S,1,13529.35,33823.38,,33823.38
1059,2025-05-13 09:11:00,20226206,Shopping,Presencial,7,1,JOG-ÍND-XL,1,16544.66,41361.66,,41361.66
1060,2024-08-03 11:20:00,42494017,Centro,Presencial,1,2,JEA-NEG-M,1,8748.58,21871.44,,21871.44
1060,2024-08-03 11:20:00,42494017,Centro,Presencial,1,2,SWE-AZU-S,1,13010.13,32525.33,,32525.33
1061,2025-01-04 19:42:00,36562073,Norte,Presencial,4,1,BUZ-AZU-M,1,11827.69,29569.23,,29569.23
1061,2025-01-04 19:42:00,36562073,Norte,Presencial,4,1,CIN-MAR-S,1,13257.96,33144.89,,33144.89
1062,2025-01-22 13:12:00,10190290,Centro,Presencial,1,4,CHU-ÍND-XL,1,13529.35,33823.38,,33823.38
1062,2025-01-22 13:12:00,10190290,Centro,Presencial,1,4,CIN-MAR-S,1,13257.96,33144.89,,33144.89
1063,2025-06-18 00:56:00,30090967,Tienda Online,Web,10,3,CHU-NEG-S,1,13529.35,30441.04,3.0,30441.04
1063,2025-06-18 00:56:00,30090967,Tienda Online,Web,10,3,CHU-ÍND-XL,1,13529.35,33823.38,,33823.38
1063,2025-06-18 00:56:00,30090967,Tienda Online,Web,10,3,CIN-TUR-XL,1,13257.96,33144.89,,33144.89
1063,2025-06-18 00:56:00,30090967,Tienda Online,Web,10,3,REM-VIO-L,1,13071.19,32677.97,,32677.97
1064,2025-06-16 21:53:00,26428983,Tienda Online,Web,10,3,JOG-ÍND-S,1,16544.66,41361.66,,41361.66
1064,2025-06-16 21:53:00,26428983,Tienda Online,Web,10,3,CAM-BLA-XL,1,14680.23,36700.58,,36700.58
1064,2025-06-16 21:53:00,26428983,Tienda Online,Web,10,3,CAM-BLA-M,2,14680.23,36700.58,,73401.16
1064,2025-06-16 21:53:00,26428983,Tienda Online,Web,10,3,CIN-ROS-XXL,1,13257.96,33144.89,,33144.89
1065,2025-05-07 23:43:00,44107468,Tienda Online,Web,9,5,CHU-VER-XL,1,13529.35,33823.38,,33823.38
1065,2025-05-07 23:43:00,44107468,Tienda Online,Web,9,5,JOG-ÍND-M,2,16544.66,41361.66,,82723.32
1065,2025-05-07 23:43:00,44107468,Tienda Online,Web,9,5,CAM-CEL-XL,1,14680.23,36700.58,,36700.58
1065,2025-05-07 23:43:00,44107468,Tienda Online,Web,9,5,BUZ-AZU-M,1,11827.69,29569.23,,29569.23
1066,2025-10-10 09:51:00,28086578,Tienda Online,Web,9,5,JOG-ÍND-XL,2,16544.66,41361.66,,82723.32
1066,2025-10-10 09:51:00,28086578,Tienda Online,Web,9,5,CAM-BEI-S,2,14680.23,23855.38,8.0,47710.76
1066,2025-10-10 09:51:00,28086578,Tienda Online,Web,9,5,GOR-GRI-S,1,11486.7,28716.74,,28716.74
1067,2025-04-18 19:27:00,29142751,Shopping,Presencial,7,3,GOR-ROJ-S,1,11486.7,28716.74,,28716.74
1067,2025-04-18 19:27:00,29142751,Shopping,Presencial,7,3,GOR-GRI-M,1,11486.7,28716.74,,28716.74
1067,2025-04-18 19:27:00,29142751,Shopping,Presencial,7,3,REM-BLA-XL,1,13071.19,32677.97,,32677.97
1068,2024-06-06 21:37:00,17728908,Tienda Online,Web,9,3,BUZ-AZU-M,1,11827.69,29569.23,,29569.23
1068,2024-06-06 21:37:00,17728908,Tienda Online,Web,9,3,GOR-GRI-S,1,11486.7,28716.74,,28716.74
1068,2024-06-06 21:37:00,17728908,Tienda Online,Web,9,3,CIN-MAR-S,1,13257.96,33144.89,,33144.89
1068,2024-06-06 21:37:00,17728908,Tienda Online,Web,9,3,CAM-BEI-L,1,14680.23,36700.58,,36700.58
1069,2024-06-28 12:51:00,33160875,Tienda Online,Web,9,1,JOG-CEL-unico,2,16544.66,41361.66,,82723.32
1069,2024-06-28 12:51:00,33160875,Tienda Online,Web,9,1,SWE-MAR-unico,2,13010.13,32525.33,,65050.66
1070,2024-12-20 16:10:00,37668609,Norte,Presencial,4,3,GOR-GRI-unico,2,11486.7,28716.74,,57433.48
1070,2024-12-20 16:10:00,37668609,Norte,Presencial,4,3,GOR-ROJ-S,1,11486.7,28716.74,,28716.74
1070,2024-12-20 16:10:00,37668609,Norte,Presencial,4,3,JOG-ÍND-XL,1,16544.66,41361.66,,41361.66
1070,2024-12-20 16:10:00,37668609,Norte,Presencial,4,3,MUS-AZU-M,1,12928.22,32320.56,,32320.56
1071,2024-02-19 10:11:00,39263324,Centro,Presencial,1,1,CIN-TUR-XL,1,13257.96,33144.89,,33144.89
1071,2024-02-19 10:11:00,39263324,Centro,Presencial,1,1,GOR-GRI-M,1,11486.7,28716.74,,28716.74
1072,2025-01-23 09:10:00,32770212,Shopping,Presencial,7,3,JOG-ÍND-XL,1,16544.66,41361.66,,41361.66
1072,2025-01-23 09:10:00,32770212,Shopping,Presencial,7,3,JEA-NEG-M,1,8748.58,21871.44,,21871.44
1072,2025-01-23 09:10:00,32770212,Shopping,Presencial,7,3,SWE-MAR-M,1,13010.13,32525.33,,32525.33
1073,2024-09-13 08:04:00,26852461,Tienda Online,Web,10,1,JEA-LAV-unico,1,8748.58,21871.44,,21871.44
1073,2024-09-13 08:04:00,26852461,Tienda Online,Web,10,1,CAM-CEL-XL,1,14680.23,36700.58,,36700.58
1074,2025-10-25 03:06:00,41535292,Tienda Online,Web,10,5,MUS-CEL-XXL,1,12928.22,32320.56,,32320.56
1074,2025-10-25 03:06:00,41535292,Tienda Online,Web,10,5,BUZ-AZU-unico,1,11827.69,29569.23,,29569.23
1074,2025-10-25 03:06:00,41535292,Tienda Online,Web,10,5,SWE-MAR-unico,1,13010.13,32525.33,,32525.33
1074,2025-10-25 03:06:00,41535292,Tienda Online,Web,10,5,CHU-ÍND-XL,2,13529.35,33823.38,,67646.76
1075,2024-06-21 14:15:00,27244970,Centro,Presencial,1,5,CHU-VER-XL,1,13529.35,33823.38,,33823.38
1075,2024-06-21 14:15:00,27244970,Centro,Presencial,1,5,MUS-AZU-unico,1,12928.22,32320.56,,32320.56
1075,2024-06-21 14:15:00,27244970,Centro,Presencial,1,5,SWE-AZU-S,1,13010.13,32525.33,,32525.33
1075,2024-06-21 14:15:00,27244970,Centro,Presencial,1,5,CAM-BEI-L,1,14680.23,36700.58,,36700.58
1076,2024-01-27 09:16:00,38701583,Tienda Online,Web,10,4,JOG-AZU-unico,1,16544.66,41361.66,,41361.66
1076,2024-01-27 09:16:00,38701583,Tienda Online,Web,10,4,BUZ-AZU-M,1,11827.69,29569.23,,29569.23
1076,2024-01-27 09:16:00,38701583,Tienda Online,Web,10,4,CAM-CEL-XL,1,14680.23,36700.58,,36700.58
1076,2024-01-27 09:16:00,38701583,Tienda Online,Web,10,4,GOR-GRI-S,1,11486.7,28716.74,,28716.74
1076,2024-01-27 09:16:00,38701583,Tienda Online,Web,10,4,JEA-LAV-L,1,8748.58,21871.44,,21871.44
1077,2025-05-12 12:53:00,30132463,Tienda Online,Web,9,4,CHU-ÍND-L,1,13529.35,33823.38,,33823.38
1077,2025-05-12 12:53:00,30132463,Tienda Online,Web,9,4,JEA-NEG-M,1,8748.58,21871.44,,21871.44
1078,2024-10-04 17:00:00,29674861,Centro,Presencial,2,5,BUZ-AZU-M,1,11827.69,29569.23,,29569.23
1079,2024-09-07 15:30:00,16859215,Shopping,Presencial,7,4,CAM-BLA-M,1,14680.23,36700.58,,36700.58
1079,2024-09-07 15:30:00,16859215,Shopping,Presencial,7,4,CHU-NEG-M,1,13529.35,33823.38,,33823.38
1079,2024-09-07 15:30:00,16859215,Shopping,Presencial,7,4,CHU-NEG-S,1,13529.35,33823.38,,33823.38
1079,2024-09-07 15:30:00,16859215,Shopping,Presencial,7,4,CHU-NEG-M,1,13529.35,33823.38,,33823.38
1080,2025-04-07 19:13:00,17614246,Shopping,Presencial,7,2,CHU-NEG-M,1,13529.35,33823.38,,33823.38
1080,2025-04-07 19:13:00,17614246,Shopping,Presencial,7,2,GOR-ROJ-unico,2,11486.7,23547.73,10.0,47095.46
1080,2025-04-07 19:13:00,17614246,Shopping,Presencial,7,2,JEA-NEG-M,1,8748.58,21871.44,,21871.44
1080,2025-04-07 19:13:00,17614246,Shopping,Presencial,7,2,JOG-AZU-XXL,1,16544.66,33916.56,10.0,33916.56
1081,2024-06-16 14:19:00,25273674,Centro,Presencial,2,5,MUS-AZU-unico,1,12928.22,32320.56,,32320.56
1081,2024-06-16 14:19:00,25273674,Centro,Presencial,2,5,CIN-TUR-unico,1,13257.96,33144.89,,33144.89
1082,2025-10-25 06:00:00,25273674,Tienda Online,Web,10,5,CHU-ÍND-XXL,1,13529.35,33823.38,,33823.38
1082,2025-10-25 06:00:00,25273674,Tienda Online,Web,10,5,CHU-VER-M,1,13529.35,33823.38,,33823.38
1082,2025-10-25 06:00:00,25273674,Tienda Online,Web,10,5,REM-BLA-S,1,13071.19,32677.97,,32677.97
1082,2025-10-25 06:00:00,25273674,Tienda Online,Web,10,5,MUS-AZU-XXL,1,12928.22,32320.56,,32320.56
1083,2024-12-27 15:47:00,21787005,Tienda Online,Web,9,3,SWE-AZU-S,2,13010.13,32525.33,,65050.66
1083,2024-12-27 15:47:00,21787005,Tienda Online,Web,9,3,CHU-ÍND-XXL,1,13529.35,33823.38,,33823.38
1084,2025-06-12 17:45:00,24449461,Centro,Presencial,2,5,JEA-NEG-XL,1,8748.58,21871.44,,21871.44
1084,2025-06-12 17:45:00,24449461,Centro,Presencial,2,5,JEA-NEG-unico,1,8748.58,21871.44,,21871.44
1084,2025-06-12 17:45:00,24449461,Centro,Presencial,2,5,SWE-AZU-M,1,13010.13,32525.33,,32525.33
1084,2025-06-12 17:45:00,24449461,Centro,Presencial,2,5,JOG-AZU-unico,1,16544.66,41361.66,,41361.66
1085,2024-05-17 20:41:00,43334803,Tienda Online,Web,9,1,JEA-LAV-L,1,8748.58,21871.44,,21871.44
1085,2024-05-17 20:41:00,43334803,Tienda Online,Web,9,1,CIN-TUR-unico,1,13257.96,33144.89,,33144.89
1085,2024-05-17 20:41:00,43334803,Tienda Online,Web,9,1,CIN-MAR-L,1,13257.96,33144.89,,33144.89
1085,2024-05-17 20:41:00,43334803,Tienda Online,Web,9,1,GOR-GRI-M,2,11486.7,28716.74,,57433.48
1086,2025-02-04 15:54:00,44304306,Shopping,Presencial,7,5,CAM-BEI-L,1,14680.23,36700.58,,36700.58
1086,2025-02-04 15:54:00,44304306,Shopping,Presencial,7,5,MUS-AZU-M,1,12928.22,32320.56,,32320.56
1087,2025-11-27 14:05:00,42789774,Shopping,Presencial,7,5,CAM-BLA-M,1,14680.23,27525.44,4.0,27525.44
1087,2025-11-27 14:05:00,42789774,Shopping,Presencial,7,5,CHU-VER-M,1,13529.35,33823.38,,33823.38
1087,2025-11-27 14:05:00,42789774,Shopping,Presencial,7,5,JEA-NEG-unico,1,8748.58,21871.44,,21871.44
1087,2025-11-27 14:05:00,42789774,Shopping,Presencial,7,5,JEA-LAV-unico,1,8748.58,21871.44,,21871.44
1088,2025-09-12 16:29:00,20002863,Centro,Presencial,1,4,GOR-ROJ-XXL,1,11486.7,28716.74,,28716.74
1088,2025-09-12 16:29:00,20002863,Centro,Presencial,1,4,CHU-VER-S,1,13529.35,33823.38,,33823.38
1088,2025-09-12 16:29:00,20002863,Centro,Presencial,1,4,SWE-AZU-XXL,2,13010.13,32525.33,,65050.66
1088,2025-09-12 16:29:00,20002863,Centro,Presencial,1,4,CHU-NEG-S,2,13529.35,33823.38,,67646.76
1089,2025-09-30 10:05:00,26591977,Tienda Online,Web,10,1,BUZ-AZU-M,1,11827.69,29569.23,,29569.23
1089,2025-09-30 10:05:00,26591977,Tienda Online,Web,10,1,REM-BLA-S,1,13071.19,32677.97,,32677.97
1089,2025-09-30 10:05:00,26591977,Tienda Online,Web,10,1,GOR-GRI-L,1,11486.7,18665.88,8.0,18665.88
1089,2025-09-30 10:05:00,26591977,Tienda Online,Web,10,1,REM-BLA-XL,1,13071.19,21240.68,8.0,21240.68
1090,2024-05-10 18:35:00,20905308,Centro,Presencial,2,1,CHU-NEG-S,1,13529.35,33823.38,,33823.38
1090,2024-05-10 18:35:00,20905308,Centro,Presencial,2,1,GOR-GRI-XXL,1,11486.7,28716.74,,28716.74
1090,2024-05-10 18:35:00,20905308,Centro,Presencial,2,1,GOR-GRI-M,1,11486.7,28716.74,,28716.74
1090,2024-05-10 18:35:00,20905308,Centro,Presencial,2,1,SWE-MAR-unico,1,13010.13,32525.33,,32525.33
1090,2024-05-10 18:35:00,20905308,Centro,Presencial,2,1,MUS-CEL-S,1,12928.22,32320.56,,32320.56
1091,2024-02-14 18:21:00,34041232,Shopping,Presencial,7,5,CIN-MAR-XL,1,13257.96,33144.89,,33144.89
1091,2024-02-14 18:21:00,34041232,Shopping,Presencial,7,5,JOG-CEL-unico,1,16544.66,41361.66,,41361.66
1092,2025-03-29 11:27:00,13836296,Shopping,Presencial,7,2,CHU-NEG-S,1,13529.35,33823.38,,33823.38
1092,2025-03-29 11:27:00,13836296,Shopping,Presencial,7,2,REM-CEL-XXL,1,13673.12,34182.8,,34182.8
1092,2025-03-29 11:27:00,13836296,Shopping,Presencial,7,2,MUS-CEL-S,1,12928.22,19392.34,7.0,19392.34
1092,2025-03-29 11:27:00,13836296,Shopping,Presencial,7,2,JOG-AZU-XL,1,16544.66,41361.66,,41361.66
1092,2025-03-29 11:27:00,13836296,Shopping,Presencial,7,2,CIN-MAR-XL,1,13257.96,33144.89,,33144.89
1093,2024-07-05 17:14:00,15285296,Centro,Presencial,1,2,CIN-MAR-XL,1,13257.96,33144.89,,33144.89
1093,2024-07-05 17:14:00,15285296,Centro,Presencial,1,2,MUS-AZU-unico,1,12928.22,32320.56,,32320.56
1094,2024-09-05 12:42:00,26783807,Tienda Online,Web,10,3,GOR-ROJ-unico,1,11486.7,28716.74,,28716.74
1094,2024-09-05 12:42:00,26783807,Tienda Online,Web,10,3,CIN-MAR-L,1,13257.96,33144.89,,33144.89
1094,2024-09-05 12:42:00,26783807,Tienda Online,Web,10,3,GOR-GRI-XXL,1,11486.7,28716.74,,28716.74
1095,2025-06-17 13:11:00,19938405,Shopping,Presencial,7,1,JOG-ÍND-M,1,16544.66,41361.66,,41361.66
1095,2025-06-17 13:11:00,19938405,Shopping,Presencial,7,1,CIN-TUR-XL,2,13257.96,33144.89,,66289.78
1095,2025-06-17 13:11:00,19938405,Shopping,Presencial,7,1,REM-VIO-XL,2,13071.19,32677.97,,65355.94
1095,2025-06-17 13:11:00,19938405,Shopping,Presencial,7,1,JOG-AZU-XL,1,16544.66,37225.49,3.0,37225.49
1096,2024-06-12 08:29:00,24800101,Tienda Online,Web,9,2,GOR-GRI-XXL,1,11486.7,28716.74,,28716.74
1096,2024-06-12 08:29:00,24800101,Tienda Online,Web,9,2,SWE-AZU-S,1,13010.13,32525.33,,32525.33
1096,2024-06-12 08:29:00,24800101,Tienda Online,Web,9,2,CAM-BEI-unico,1,14680.23,36700.58,,36700.58
1096,2024-06-12 08:29:00,24800101,Tienda Online,Web,9,2,JOG-CEL-unico,1,16544.66,41361.66,,41361.66
1096,2024-06-12 08:29:00,24800101,Tienda Online,Web,9,2,GOR-GRI-L,2,11486.7,28716.74,,57433.48
1097,2025-06-15 01:56:00,33811900,Tienda Online,Web,10,4,GOR-ROJ-S,1,11486.7,25845.07,3.0,25845.07
1097,2025-06-15 01:56:00,33811900,Tienda Online,Web,10,4,JEA-LAV-unico,1,8748.58,21871.44,,21871.44
1098,2025-10-04 13:31:00,11735763,Tienda Online,Web,10,2,CHU-NEG-M,1,13529.35,33823.38,,33823.38
1098,2025-10-04 13:31:00,11735763,Tienda Online,Web,10,2,CHU-ÍND-XXL,1,13529.35,33823.38,,33823.38
1098,2025-10-04 13:31:00,11735763,Tienda Online,Web,10,2,CIN-MAR-L,1,13257.96,21544.18,8.0,21544.18
1098,2025-10-04 13:31:00,11735763,Tienda Online,Web,10,2,MUS-AZU-M,1,12928.22,21008.36,8.0,21008.36
1099,2025-10-10 11:35:00,13753932,Centro,Presencial,1,1,REM-VIO-M,1,13071.19,32677.97,,32677.97
1099,2025-10-10 11:35:00,13753932,Centro,Presencial,1,1,CAM-BLA-M,1,14680.23,36700.58,,36700.58
1100,2025-04-25 02:59:00,13753932,Tienda Online,Web,10,2,REM-VIO-XL,1,13071.19,32677.97,,32677.97
1100,2025-04-25 02:59:00,13753932,Tienda Online,Web,10,2,REM-CEL-XXL,1,13673.12,34182.8,,34182.8
1100,2025-04-25 02:59:00,13753932,Tienda Online,Web,10,2,MUS-CEL-S,1,12928.22,32320.56,,32320.56
1101,2024-12-13 09:07:00,40515566,Tienda Online,Web,9,3,CHU-VER-XL,1,13529.35,33823.38,,33823.38
1101,2024-12-13 09:07:00,40515566,Tienda Online,Web,9,3,CAM-BEI-unico,1,14680.23,36700.58,,36700.58
1101,2024-12-13 09:07:00,40515566,Tienda Online,Web,9,3,CHU-ÍND-XL,1,13529.35,33823.38,,33823.38
1101,2024-12-13 09:07:00,40515566,Tienda Online,Web,9,3,CIN-MAR-L,1,13257.96,33144.89,,33144.89
1101,2024-12-13 09:07:00,40515566,Tienda Online,Web,9,3,REM-BLA-XL,1,13071.19,32677.97,,32677.97
1102,2024-02-09 14:46:00,34929174,Norte,Presencial,5,2,CIN-MAR-S,1,13257.96,33144.89,,33144.89
1102,2024-02-09 14:46:00,34929174,Norte,Presencial,5,2,BUZ-AZU-M,1,11827.69,29569.23,,29569.23
1102,2024-02-09 14:46:00,34929174,Norte,Presencial,5,2,GOR-GRI-S,1,11486.7,28716.74,,28716.74
1102,2024-02-09 14:46:00,34929174,Norte,Presencial,5,2,JOG-ÍND-XL,1,16544.66,41361.66,,41361.66
1103,2025-06-24 10:33:00,30075901,Tienda Online,Web,9,3,GOR-GRI-M,1,11486.7,28716.74,,28716.74
1103,2025-06-24 10:33:00,30075901,Tienda Online,Web,9,3,CHU-ÍND-XXL,1,13529.35,33823.38,,33823.38
1104,2024-05-10 16:39:00,38396306,Centro,Presencial,2,2,BUZ-AZU-M,1,11827.69,29569.23,,29569.23
1104,2024-05-10 16:39:00,38396306,Centro,Presencial,2,2,CIN-ROS-XXL,1,13257.96,32344.89,12.0,32344.89
1104,2024-05-10 16:39:00,38396306,Centro,Presencial,2,2,CHU-NEG-S,1,13529.35,33823.38,,33823.38
1105,2024-05-31 10:07:00,20915531,Norte,Presencial,6,1,CHU-ÍND-L,1,13529.35,33823.38,,33823.38
1105,2024-05-31 10:07:00,20915531,Norte,Presencial,6,1,SWE-MAR-L,1,13010.13,32525.33,,32525.33
1105,2024-05-31 10:07:00,20915531,Norte,Presencial,6,1,GOR-GRI-L,1,11486.7,28716.74,,28716.74
1105,2024-05-31 10:07:00,20915531,Norte,Presencial,6,1,GOR-GRI-unico,1,11486.7,28716.74,,28716.74
1106,2025-08-16 06:16:00,15834366,Tienda Online,Web,10,2,MUS-AZU-unico,1,12928.22,32320.56,,32320.56
1106,2025-08-16 06:16:00,15834366,Tienda Online,Web,10,2,CAM-BEI-L,1,14680.23,36700.58,,36700.58
1106,2025-08-16 06:16:00,15834366,Tienda Online,Web,10,2,JEA-LAV-unico,1,8748.58,21871.44,,21871.44
1106,2025-08-16 06:16:00,15834366,Tienda Online,Web,10,2,GOR-GRI-S,2,11486.7,28716.74,,57433.48
1107,2025-05-22 14:15:00,24059778,Tienda Online,Web,10,1,SWE-MAR-XXL,1,13010.13,22767.73,5.0,22767.73
1107,2025-05-22 14:15:00,24059778,Tienda Online,Web,10,1,CHU-NEG-XL,1,13529.35,33823.38,,33823.38
1107,2025-05-22 14:15:00,24059778,Tienda Online,Web,10,1,CIN-MAR-M,1,13257.96,33144.89,,33144.89
1108,2025-03-13 19:26:00,20002863,Shopping,Presencial,7,4,GOR-GRI-S,1,11486.7,28716.74,,28716.74
1108,2025-03-13 19:26:00,20002863,Shopping,Presencial,7,4,GOR-GRI-M,1,11486.7,28716.74,,28716.74
1108,2025-03-13 19:26:00,20002863,Shopping,Presencial,7,4,REM-TUR-XXL,1,13673.12,34182.8,,34182.8
1108,2025-03-13 19:26:00,20002863,Shopping,Presencial,7,4,CIN-ROS-unico,1,13257.96,33144.89,,33144.89
1109,2025-09-23 19:23:00,37011889,Norte,Presencial,6,2,CHU-NEG-XXL,1,13529.35,33823.38,,33823.38
1109,2025-09-23 19:23:00,37011889,Norte,Presencial,6,2,REM-VIO-M,1,13071.19,32677.97,,32677.97
1109,2025-09-23 19:23:00,37011889,Norte,Presencial,6,2,CIN-MAR-S,1,13257.96,33144.89,,33144.89
1109,2025-09-23 19:23:00,37011889,Norte,Presencial,6,2,GOR-GRI-XXL,1,11486.7,28716.74,,28716.74
1109,2025-09-23 19:23:00,37011889,Norte,Presencial,6,2,SWE-MAR-unico,1,13010.13,21141.46,8.0,21141.46
1110,2025-06-28 09:20:00,12675011,Tienda Online,Web,10,5,CIN-MAR-S,1,13257.96,33144.89,,33144.89
1111,2025-06-12 10:27:00,17318490,Tienda Online,Web,9,5,CHU-NEG-M,1,13529.35,33823.38,,33823.38
1111,2025-06-12 10:27:00,17318490,Tienda Online,Web,9,5,JEA-LAV-L,1,8748.58,21871.44,,21871.44
1111,2025-06-12 10:27:00,17318490,Tienda Online,Web,9,5,SWE-MAR-XXL,1,13010.13,32525.33,,32525.33
1111,2025-06-12 10:27:00,17318490,Tienda Online,Web,9,5,CHU-NEG-XXL,1,13529.35,33823.38,,33823.38
1112,2025-10-18 09:21:00,44068679,Centro,Presencial,1,2,JOG-AZU-L,1,16544.66,41361.66,,41361.66
1112,2025-10-18 09:21:00,44068679,Centro,Presencial,1,2,SWE-AZU-S,1,13010.13,29272.8,2.0,29272.8
1113,2024-07-24 18:30:00,18439645,Tienda Online,Web,9,1,REM-TUR-XXL,2,13673.12,34182.8,,68365.6
1114,2025-11-03 10:56:00,13291303,Norte,Presencial,6,4,GOR-ROJ-L,1,11486.7,28716.74,,28716.74
1115,2024-12-10 19:29:00,20254587,Centro,Presencial,1,1,JOG-CEL-unico,1,16544.66,41361.66,,41361.66
1116,2024-12-30 08:32:00,32833825,Tienda Online,Web,9,5,MUS-CEL-S,1,12928.22,32320.56,,32320.56
1117,2024-12-27 17:10:00,12090484,Shopping,Presencial,7,3,JOG-AZU-XXL,1,16544.66,41361.66,,41361.66
1117,2024-12-27 17:10:00,12090484,Shopping,Presencial,7,3,JOG-ÍND-XL,1,16544.66,41361.66,,41361.66
1117,2024-12-27 17:10:00,12090484,Shopping,Presencial,7,3,BUZ-AZU-M,1,11827.69,29569.23,,29569.23
1118,2024-05-30 19:52:00,30873468,Centro,Presencial,2,5,GOR-GRI-M,1,11486.7,28716.74,,28716.74
1118,2024-05-30 19:52:00,30873468,Centro,Presencial,2,5,CAM-BEI-unico,1,14680.23,35900.58,12.0,35900.58
1119,2024-01-05 15:03:00,32833825,Centro,Presencial,1,3,CIN-MAR-S,1,13257.96,33144.89,,33144.89
1119,2024-01-05 15:03:00,32833825,Centro,Presencial,1,3,JOG-AZU-unico,1,16544.66,41361.66,,41361.66
1119,2024-01-05 15:03:00,32833825,Centro,Presencial,1,3,MUS-AZU-unico,1,12928.22,32320.56,,32320.56
1119,2024-01-05 15:03:00,32833825,Centro,Presencial,1,3,MUS-AZU-XXL,1,12928.22,32320.56,,32320.56
1120,2025-02-22 17:04:00,30854088,Centro,Presencial,1,5,SWE-MAR-M,1,13010.13,32525.33,,32525.33
1121,2025-04-02 08:23:00,25519695,Tienda Online,Web,10,5,REM-CEL-XXL,1,13673.12,28029.9,10.0,28029.9
1121,2025-04-02 08:23:00,25519695,Tienda Online,Web,10,5,SWE-MAR-M,2,13010.13,26670.77,10.0,53341.54
1121,2025-04-02 08:23:00,25519695,Tienda Online,Web,10,5,CIN-ROS-unico,1,13257.96,27178.81,10.0,27178.81
1122,2025-11-15 18:07:00,26373518,Tienda Online,Web,10,1,JOG-AZU-XL,1,16544.66,33916.56,9.0,33916.56
1122,2025-11-15 18:07:00,26373518,Tienda Online,Web,10,1,JOG-ÍND-S,1,16544.66,33916.56,9.0,33916.56
1122,2025-11-15 18:07:00,26373518,Tienda Online,Web,10,1,GOR-GRI-S,1,11486.7,28716.74,,28716.74
1123,2025-11-10 14:41:00,32159349,Centro,Presencial,2,1,CHU-VER-S,1,13529.35,27735.17,9.0,27735.17
1123,2025-11-10 14:41:00,32159349,Centro,Presencial,2,1,JOG-CEL-L,1,16544.66,41361.66,,41361.66
1123,2025-11-10 14:41:00,32159349,Centro,Presencial,2,1,GOR-GRI-M,2,11486.7,23547.73,9.0,47095.46
1123,2025-11-10 14:41:00,32159349,Centro,Presencial,2,1,CIN-ROS-L,1,13257.96,27178.81,9.0,27178.81
1123,2025-11-10 14:41:00,32159349,Centro,Presencial,2,1,REM-VIO-XXL,1,13071.19,32677.97,,32677.97
1124,2024-07-08 09:53:00,27715659,Norte,Presencial,4,1,REM-TUR-XXL,1,13673.12,34182.8,,34182.8
1124,2024-07-08 09:53:00,27715659,Norte,Presencial,4,1,SWE-MAR-L,1,13010.13,32525.33,,32525.33
1124,2024-07-08 09:53:00,27715659,Norte,Presencial,4,1,CAM-BEI-unico,1,14680.23,36700.58,,36700.58
1124,2024-07-08 09:53:00,27715659,Norte,Presencial,4,1,MUS-AZU-XXL,1,12928.22,32320.56,,32320.56
1124,2024-07-08 09:53:00,27715659,Norte,Presencial,4,1,CIN-ROS-XXL,2,13257.96,33144.89,,66289.78
1125,2024-06-25 11:24:00,25273674,Tienda Online,Web,9,2,SWE-MAR-L,1,13010.13,32525.33,,32525.33
1126,2024-05-20 23:17:00,28540070,Tienda Online,Web,10,2,CIN-MAR-S,1,13257.96,33144.89,,33144.89
1127,2025-07-26 16:48:00,31630635,Tienda Online,Web,9,2,CHU-NEG-unico,1,13529.35,33823.38,,33823.38
1127,2025-07-26 16:48:00,31630635,Tienda Online,Web,9,2,SWE-AZU-S,1,13010.13,32525.33,,32525.33
1127,2025-07-26 16:48:00,31630635,Tienda Online,Web,9,2,CIN-MAR-S,1,13257.96,33144.89,,33144.89
1127,2025-07-26 16:48:00,31630635,Tienda Online,Web,9,2,JEA-NEG-unico,1,8748.58,21871.44,,21871.44
1128,2024-07-23 13:15:00,24304543,Shopping,Presencial,7,4,SWE-MAR-L,1,13010.13,32525.33,,32525.33
1128,2024-07-23 13:15:00,24304543,Shopping,Presencial,7,4,MUS-CEL-S,1,12928.22,32320.56,,32320.56
1128,2024-07-23 13:15:00,24304543,Shopping,Presencial,7,4,CHU-ÍND-XXL,1,13529.35,33823.38,,33823.38
1128,2024-07-23 13:15:00,24304543,Shopping,Presencial,7,4,CIN-MAR-XL,1,13257.96,33144.89,,33144.89
1128,2024-07-23 13:15:00,24304543,Shopping,Presencial,7,4,JEA-NEG-M,1,8748.58,21871.44,,21871.44
1129,2024-06-26 09:41:00,28427922,Shopping,Presencial,7,2,CIN-MAR-XL,1,13257.96,33144.89,,33144.89
1130,2024-07-13 03:50:00,28456905,Tienda Online,Web,9,2,BUZ-AZU-M,1,11827.69,29569.23,,29569.23
1131,2024-05-10 11:06:00,17245195,Centro,Presencial,1,3,SWE-MAR-L,1,13010.13,32525.33,,32525.33
1131,2024-05-10 11:06:00,17245195,Centro,Presencial,1,3,GOR-GRI-XXL,1,11486.7,28716.74,,28716.74
1131,2024-05-10 11:06:00,17245195,Centro,Presencial,1,3,JEA-LAV-unico,1,8748.58,21871.44,,21871.44
1131,2024-05-10 11:06:00,17245195,Centro,Presencial,1,3,JOG-AZU-unico,1,16544.66,41361.66,,41361.66
1132,2024-01-05 16:54:00,31231220,Norte,Presencial,4,1,SWE-MAR-L,1,13010.13,32525.33,,32525.33
1132,2024-01-05 16:54:00,31231220,Norte,Presencial,4,1,CAM-BEI-L,1,14680.23,36700.58,,36700.58
1132,2024-01-05 16:54:00,31231220,Norte,Presencial,4,1,JOG-CEL-unico,1,16544.66,41361.66,,41361.66
1132,2024-01-05 16:54:00,31231220,Norte,Presencial,4,1,CHU-NEG-S,1,13529.35,33823.38,,33823.38
1133,2024-12-07 18:04:00,21989124,Tienda Online,Web,10,5,CHU-NEG-M,1,13529.35,33823.38,,33823.38
1133,2024-12-07 18:04:00,21989124,Tienda Online,Web,10,5,CAM-BEI-unico,1,14680.23,36700.58,,36700.58
1133,2024-12-07 18:04:00,21989124,Tienda Online,Web,10,5,CHU-ÍND-L,1,13529.35,33823.38,,33823.38
1134,2024-07-08 16:23:00,26373518,Tienda Online,Web,9,4,CHU-NEG-S,1,13529.35,33823.38,,33823.38
1135,2024-12-19 11:28:00,40105945,Shopping,Presencial,7,3,CHU-ÍND-XL,1,13529.35,33823.38,,33823.38
1135,2024-12-19 11:28:00,40105945,Shopping,Presencial,7,3,CHU-ÍND-L,1,13529.35,33823.38,,33823.38
1135,2024-12-19 11:28:00,40105945,Shopping,Presencial,7,3,BUZ-AZU-unico,1,11827.69,29569.23,,29569.23
1135,2024-12-19 11:28:00,40105945,Shopping,Presencial,7,3,CIN-TUR-XL,1,13257.96,33144.89,,33144.89
1135,2024-12-19 11:28:00,40105945,Shopping,Presencial,7,3,REM-VIO-M,1,13071.19,32677.97,,32677.97
1136,2024-06-22 09:39:00,20226206,Tienda Online,Web,9,2,GOR-GRI-L,1,11486.7,28716.74,,28716.74
1136,2024-06-22 09:39:00,20226206,Tienda Online,Web,9,2,REM-CEL-XXL,1,13673.12,34182.8,,34182.8
1136,2024-06-22 09:39:00,20226206,Tienda Online,Web,9,2,GOR-GRI-XXL,1,11486.7,28716.74,,28716.74
1136,2024-06-22 09:39:00,20226206,Tienda Online,Web,9,2,JOG-ÍND-XL,1,16544.66,41361.66,,41361.66
1137,2025-05-27 16:15:00,28696734,Centro,Presencial,2,3,SWE-AZU-M,1,13010.13,32525.33,,32525.33
1137,2025-05-27 16:15:00,28696734,Centro,Presencial,2,3,CIN-TUR-unico,1,13257.96,33144.89,,33144.89
1137,2025-05-27 16:15:00,28696734,Centro,Presencial,2,3,JOG-AZU-XXL,1,16544.66,41361.66,,41361.66
1137,2025-05-27 16:15:00,28696734,Centro,Presencial,2,3,BUZ-AZU-L,1,11827.69,29569.23,,29569.23
1138,2024-12-27 16:49:00,32159349,Tienda Online,Web,9,4,REM-BLA-XL,1,13071.19,32677.97,,32677.97
1139,2025-08-16 12:29:00,26127866,Norte,Presencial,5,4,MUS-CEL-S,1,12928.22,32320.56,,32320.56
1140,2024-11-22 04:37:00,37406784,Tienda Online,Web,9,2,REM-BLA-XL,1,13071.19,32677.97,,32677.97
1140,2024-11-22 04:37:00,37406784,Tienda Online,Web,9,2,REM-TUR-S,2,13673.12,34182.8,,68365.6
1140,2024-11-22 04:37:00,37406784,Tienda Online,Web,9,2,CAM-CEL-XL,1,14680.23,36700.58,,36700.58
1141,2025-09-04 12:34:00,21989124,Shopping,Presencial,7,3,MUS-CEL-XXL,1,12928.22,32320.56,,32320.56
1141,2025-09-04 12:34:00,21989124,Shopping,Presencial,7,3,CIN-MAR-XL,1,13257.96,33144.89,,33144.89
1141,2025-09-04 12:34:00,21989124,Shopping,Presencial,7,3,CHU-NEG-M,1,13529.35,33823.38,,33823.38
1141,2025-09-04 12:34:00,21989124,Shopping,Presencial,7,3,CIN-ROS-XXL,1,13257.96,33144.89,,33144.89
1141,2025-09-04 12:34:00,21989124,Shopping,Presencial,7,3,REM-TUR-S,2,13673.12,34182.8,,68365.6
1142,2025-06-25 11:17:00,38396306,Tienda Online,Web,9,1,JOG-ÍND-S,1,16544.66,41361.66,,41361.66
1142,2025-06-25 11:17:00,38396306,Tienda Online,Web,9,1,BUZ-AZU-M,2,11827.69,29569.23,,59138.46
1142,2025-06-25 11:17:00,38396306,Tienda Online,Web,9,1,GOR-GRI-S,1,11486.7,28716.74,,28716.74
1142,2025-06-25 11:17:00,38396306,Tienda Online,Web,9,1,CHU-ÍND-L,1,13529.35,33823.38,,33823.38
1142,2025-06-25 11:17:00,38396306,Tienda Online,Web,9,1,MUS-CEL-S,2,12928.22,32320.56,,64641.12
1143,2024-07-13 11:56:00,16898363,Shopping,Presencial,7,2,CHU-ÍND-L,1,13529.35,33823.38,,33823.38
1143,2024-07-13 11:56:00,16898363,Shopping,Presencial,7,2,CHU-ÍND-L,1,13529.35,33823.38,,33823.38
1144,2024-11-29 19:33:00,12667017,Shopping,Presencial,7,1,JOG-AZU-XXL,1,16544.66,41361.66,,41361.66
1144,2024-11-29 19:33:00,12667017,Shopping,Presencial,7,1,CIN-MAR-M,1,13257.96,33144.89,,33144.89
1145,2024-05-13 02:09:00,25636276,Tienda Online,Web,10,2,REM-TUR-XXL,1,13673.12,33382.8,12.0,33382.8
1145,2024-05-13 02:09:00,25636276,Tienda Online,Web,10,2,GOR-GRI-L,1,11486.7,28716.74,,28716.74
1145,2024-05-13 02:09:00,25636276,Tienda Online,Web,10,2,CHU-NEG-S,1,13529.35,33823.38,,33823.38
1145,2024-05-13 02:09:00,25636276,Tienda Online,Web,10,2,GOR-GRI-S,1,11486.7,28716.74,,28716.74
1146,2025-05-18 18:03:00,35909306,Shopping,Presencial,7,5,MUS-AZU-unico,1,12928.22,32320.56,,32320.56
1146,2025-05-18 18:03:00,35909306,Shopping,Presencial,7,5,CAM-BLA-M,1,14680.23,36700.58,,36700.58
1146,2025-05-18 18:03:00,35909306,Shopping,Presencial,7,5,CAM-BEI-S,1,14680.23,36700.58,,36700.58
1146,2025-05-18 18:03:00,35909306,Shopping,Presencial,7,5,JOG-AZU-unico,1,16544.66,41361.66,,41361.66
1147,2025-06-24 09:31:00,26431104,Tienda Online,Web,9,3,CHU-NEG-XXL,1,13529.35,33823.38,,33823.38
1148,2024-12-05 10:33:00,34651431,Shopping,Presencial,7,1,JEA-NEG-M,1,8748.58,21871.44,,21871.44
1149,2025-01-14 15:44:00,29790252,Centro,Presencial,2,5,BUZ-AZU-unico,1,11827.69,29569.23,,29569.23
1150,2025-06-27 08:12:00,31117675,Tienda Online,Web,9,5,MUS-AZU-unico,1,12928.22,32320.56,,32320.56
1150,2025-06-27 08:12:00,31117675,Tienda Online,Web,9,5,MUS-AZU-XXL,1,12928.22,32320.56,,32320.56
1151,2025-07-17 09:45:00,14627608,Centro,Presencial,2,4,CHU-NEG-M,1,13529.35,33823.38,,33823.38
1151,2025-07-17 09:45:00,14627608,Centro,Presencial,2,4,MUS-AZU-unico,1,12928.22,32320.56,,32320.56
1152,2024-03-18 21:38:00,41453788,Tienda Online,Web,10,1,CHU-NEG-M,1,13529.35,33823.38,,33823.38
1152,2024-03-18 21:38:00,41453788,Tienda Online,Web,10,1,SWE-MAR-L,1,13010.13,32525.33,,32525.33
1152,2024-03-18 21:38:00,41453788,Tienda Online,Web,10,1,REM-TUR-XXL,1,13673.12,34182.8,,34182.8
1152,2024-03-18 21:38:00,41453788,Tienda Online,Web,10,1,REM-CEL-XXL,1,13673.12,34182.8,,34182.8
1153,2024-03-29 05:37:00,37388193,Tienda Online,Web,9,5,JOG-CEL-unico,1,16544.66,41361.66,,41361.66
1154,2024-11-21 18:23:00,39559360,Tienda Online,Web,9,1,JOG-AZU-XXL,1,16544.66,41361.66,,41361.66
1154,2024-11-21 18:23:00,39559360,Tienda Online,Web,9,1,CIN-TUR-unico,1,13257.96,33144.89,,33144.89
1155,2025-04-08 09:58:00,37406784,Tienda Online,Web,9,2,CIN-ROS-unico,1,13257.96,33144.89,,33144.89
1155,2025-04-08 09:58:00,37406784,Tienda Online,Web,9,2,CAM-BEI-L,1,14680.23,36700.58,,36700.58
1155,2025-04-08 09:58:00,37406784,Tienda Online,Web,9,2,CIN-MAR-XL,1,13257.96,27178.81,10.0,27178.81
1155,2025-04-08 09:58:00,37406784,Tienda Online,Web,9,2,CAM-CEL-XL,1,14680.23,30094.48,10.0,30094.48
1155,2025-04-08 09:58:00,37406784,Tienda Online,Web,9,2,JOG-ÍND-S,1,16544.66,41361.66,,41361.66
1156,2024-03-01 13:27:00,20371898,Shopping,Presencial,7,4,MUS-CEL-S,1,12928.22,32320.56,,32320.56
1156,2024-03-01 13:27:00,20371898,Shopping,Presencial,7,4,CAM-BEI-unico,1,14680.23,36700.58,,36700.58
1156,2024-03-01 13:27:00,20371898,Shopping,Presencial,7,4,GOR-GRI-M,1,11486.7,28716.74,,28716.74
1157,2024-05-11 13:35:00,15745388,Norte,Presencial,6,2,REM-BLA-XL,1,13071.19,32677.97,,32677.97
1157,2024-05-11 13:35:00,15745388,Norte,Presencial,6,2,CIN-MAR-XL,1,13257.96,32344.89,12.0,32344.89
1157,2024-05-11 13:35:00,15745388,Norte,Presencial,6,2,CIN-ROS-XXL,1,13257.96,33144.89,,33144.89
1158,2025-01-11 19:32:00,43172347,Shopping,Presencial,7,1,REM-VIO-M,1,13071.19,32677.97,,32677.97
1158,2025-01-11 19:32:00,43172347,Shopping,Presencial,7,1,CIN-MAR-XL,1,13257.96,33144.89,,33144.89
1159,2024-06-28 18:01:00,14616506,Norte,Presencial,5,5,JOG-CEL-unico,1,16544.66,41361.66,,41361.66
1160,2024-05-24 17:05:00,28011719,Shopping,Presencial,7,2,CHU-NEG-M,1,13529.35,33023.38,12.0,33023.38
1160,2024-05-24 17:05:00,28011719,Shopping,Presencial,7,2,JOG-AZU-unico,1,16544.66,40561.66,12.0,40561.66
1160,2024-05-24 17:05:00,28011719,Shopping,Presencial,7,2,CAM-CEL-XL,1,14680.23,36700.58,,36700.58
1160,2024-05-24 17:05:00,28011719,Shopping,Presencial,7,2,CAM-BEI-unico,1,14680.23,35900.58,12.0,35900.58
1161,2025-06-07 04:27:00,41366021,Tienda Online,Web,10,5,MUS-CEL-M,1,12928.22,32320.56,,32320.56
1161,2025-06-07 04:27:00,41366021,Tienda Online,Web,10,5,JOG-AZU-XXL,1,16544.66,41361.66,,41361.66
1162,2025-07-11 09:57:00,20359006,Tienda Online,Web,9,4,SWE-AZU-M,1,13010.13,32525.33,,32525.33
1162,2025-07-11 09:57:00,20359006,Tienda Online,Web,9,4,REM-VIO-XXL,1,13071.19,32677.97,,32677.97
1162,2025-07-11 09:57:00,20359006,Tienda Online,Web,9,4,SWE-AZU-M,1,13010.13,32525.33,,32525.33
1163,2024-01-29 10:26:00,41535292,Shopping,Presencial,7,4,CIN-MAR-L,1,13257.96,33144.89,,33144.89
1163,2024-01-29 10:26:00,41535292,Shopping,Presencial,7,4,JOG-CEL-unico,1,16544.66,41361.66,,41361.66
1163,2024-01-29 10:26:00,41535292,Shopping,Presencial,7,4,CIN-MAR-M,1,13257.96,33144.89,,33144.89
1163,2024-01-29 10:26:00,41535292,Shopping,Presencial,7,4,REM-TUR-XXL,1,13673.12,34182.8,,34182.8
1164,2024-09-26 18:58:00,17728908,Tienda Online,Web,9,5,JOG-ÍND-M,1,16544.66,41361.66,,41361.66
1164,2024-09-26 18:58:00,17728908,Tienda Online,Web,9,5,MUS-CEL-S,1,12928.22,32320.56,,32320.56
1164,2024-09-26 18:58:00,17728908,Tienda Online,Web,9,5,CIN-MAR-L,1,13257.96,33144.89,,33144.89
1165,2024-02-16 23:26:00,17157379,Tienda Online,Web,10,1,JEA-LAV-unico,2,8748.58,21871.44,,43742.88
1165,2024-02-16 23:26:00,17157379,Tienda Online,Web,10,1,JEA-LAV-unico,2,8748.58,21871.44,,43742.88
1166,2024-06-01 17:57:00,28567695,Tienda Online,Web,10,5,SWE-MAR-unico,1,13010.13,32525.33,,32525.33
1167,2025-06-29 03:04:00,26069372,Tienda Online,Web,10,5,GOR-GRI-M,1,11486.7,28716.74,,28716.74
1167,2025-06-29 03:04:00,26069372,Tienda Online,Web,10,5,JEA-LAV-unico,1,8748.58,21871.44,,21871.44
1167,2025-06-29 03:04:00,26069372,Tienda Online,Web,10,5,CHU-NEG-XXL,1,13529.35,33823.38,,33823.38
1167,2025-06-29 03:04:00,26069372,Tienda Online,Web,10,5,MUS-AZU-XXL,1,12928.22,32320.56,,32320.56
1167,2025-06-29 03:04:00,26069372,Tienda Online,Web,10,5,CHU-NEG-XXL,1,13529.35,33823.38,,33823.38
1168,2024-08-20 12:51:00,31117675,Shopping,Presencial,7,4,MUS-AZU-M,2,12928.22,32320.56,,64641.12
1169,2024-12-18 11:10:00,39559360,Tienda Online,Web,10,1,JOG-ÍND-S,1,16544.66,41361.66,,41361.66
1169,2024-12-18 11:10:00,39559360,Tienda Online,Web,10,1,CIN-TUR-unico,1,13257.96,33144.89,,33144.89
1169,2024-12-18 11:10:00,39559360,Tienda Online,Web,10,1,REM-TUR-S,1,13673.12,34182.8,,34182.8
1169,2024-12-18 11:10:00,39559360,Tienda Online,Web,10,1,JEA-LAV-L,1,8748.58,21871.44,,21871.44
1169,2024-12-18 11:10:00,39559360,Tienda Online,Web,10,1,REM-TUR-XXL,2,13673.12,34182.8,,68365.6
1170,2024-08-30 16:04:00,42659965,Centro,Presencial,2,5,GOR-ROJ-unico,2,11486.7,28716.74,,57433.48
1170,2024-08-30 16:04:00,42659965,Centro,Presencial,2,5,CHU-VER-XL,1,13529.35,33823.38,,33823.38
1170,2024-08-30 16:04:00,42659965,Centro,Presencial,2,5,JOG-ÍND-M,1,16544.66,41361.66,,41361.66
1170,2024-08-30 16:04:00,42659965,Centro,Presencial,2,5,CIN-MAR-M,1,13257.96,33144.89,,33144.89
1170,2024-08-30 16:04:00,42659965,Centro,Presencial,2,5,JOG-CEL-unico,1,16544.66,41361.66,,41361.66
1171,2025-09-19 09:03:00,26058980,Shopping,Presencial,7,2,CAM-BEI-S,1,14680.23,23855.38,8.0,23855.38
1171,2025-09-19 09:03:00,26058980,Shopping,Presencial,7,2,CIN-MAR-XL,1,13257.96,21544.18,8.0,21544.18
1171,2025-09-19 09:03:00,26058980,Shopping,Presencial,7,2,MUS-CEL-S,1,12928.22,32320.56,,32320.56
1172,2024-09-06 09:27:00,30301581,Norte,Presencial,4,4,JEA-LAV-unico,2,8748.58,21871.44,,43742.88
1172,2024-09-06 09:27:00,30301581,Norte,Presencial,4,4,GOR-GRI-M,1,11486.7,28716.74,,28716.74
1173,2024-11-30 14:43:00,35433541,Centro,Presencial,2,4,CHU-ÍND-XL,2,13529.35,33823.38,,67646.76
1174,2025-08-08 10:02:00,24377188,Tienda Online,Web,10,5,BUZ-AZU-L,1,11827.69,29569.23,,29569.23
1175,2024-08-31 16:48:00,37403776,Tienda Online,Web,10,4,GOR-ROJ-unico,1,11486.7,28716.74,,28716.74
1176,2024-11-11 09:18:00,14441842,Centro,Presencial,2,2,JEA-NEG-unico,1,8748.58,21871.44,,21871.44
1176,2024-11-11 09:18:00,14441842,Centro,Presencial,2,2,JOG-ÍND-XL,1,16544.66,41361.66,,41361.66
1176,2024-11-11 09:18:00,14441842,Centro,Presencial,2,2,REM-VIO-XL,1,13071.19,32677.97,,32677.97
1176,2024-11-11 09:18:00,14441842,Centro,Presencial,2,2,CIN-MAR-XL,1,13257.96,33144.89,,33144.89
1176,2024-11-11 09:18:00,14441842,Centro,Presencial,2,2,MUS-AZU-XXL,1,12928.22,32320.56,,32320.56
1177,2024-06-09 11:59:00,16744926,Shopping,Presencial,7,2,CAM-BEI-L,1,14680.23,36700.58,,36700.58
1177,2024-06-09 11:59:00,16744926,Shopping,Presencial,7,2,SWE-MAR-L,1,13010.13,32525.33,,32525.33
1177,2024-06-09 11:59:00,16744926,Shopping,Presencial,7,2,CHU-ÍND-L,1,13529.35,33823.38,,33823.38
1178,2025-08-01 16:14:00,20369856,Shopping,Presencial,7,5,CHU-NEG-XXL,2,13529.35,33823.38,,67646.76
1178,2025-08-01 16:14:00,20369856,Shopping,Presencial,7,5,JOG-AZU-XL,1,16544.66,41361.66,,41361.66
1178,2025-08-01 16:14:00,20369856,Shopping,Presencial,7,5,REM-VIO-XXL,1,13071.19,32677.97,,32677.97
1178,2025-08-01 16:14:00,20369856,Shopping,Presencial,7,5,CAM-CEL-XL,1,14680.23,36700.58,,36700.58
1178,2025-08-01 16:14:00,20369856,Shopping,Presencial,7,5,REM-TUR-S,1,13673.12,34182.8,,34182.8
1179,2025-06-18 11:41:00,39672841,Tienda Online,Web,10,2,CIN-MAR-XL,1,13257.96,29830.4,3.0,29830.4
1179,2025-06-18 11:41:00,39672841,Tienda Online,Web,10,2,SWE-AZU-M,1,13010.13,29272.8,3.0,29272.8
1179,2025-06-18 11:41:00,39672841,Tienda Online,Web,10,2,SWE-AZU-M,1,13010.13,32525.33,,32525.33
1179,2025-06-18 11:41:00,39672841,Tienda Online,Web,10,2,REM-VIO-XL,1,13071.19,32677.97,,32677.97
1179,2025-06-18 11:41:00,39672841,Tienda Online,Web,10,2,REM-BLA-S,1,13071.19,32677.97,,32677.97
1180,2025-05-19 16:43:00,44185636,Centro,Presencial,2,5,GOR-ROJ-S,1,11486.7,28716.74,,28716.74
1180,2025-05-19 16:43:00,44185636,Centro,Presencial,2,5,CAM-BEI-S,1,14680.23,36700.58,,36700.58
1180,2025-05-19 16:43:00,44185636,Centro,Presencial,2,5,CAM-BLA-XL,1,14680.23,36700.58,,36700.58
1180,2025-05-19 16:43:00,44185636,Centro,Presencial,2,5,CAM-BLA-S,1,14680.23,36700.58,,36700.58
1181,2024-07-30 18:25:00,26819279,Shopping,Presencial,7,1,GOR-GRI-unico,1,11486.7,28716.74,,28716.74
1181,2024-07-30 18:25:00,26819279,Shopping,Presencial,7,1,GOR-GRI-XXL,1,11486.7,28716.74,,28716.74
1182,2024-06-25 11:16:00,42659965,Tienda Online,Web,9,3,JOG-ÍND-M,1,16544.66,41361.66,,41361.66
1182,2024-06-25 11:16:00,42659965,Tienda Online,Web,9,3,CHU-ÍND-L,2,13529.35,33823.38,,67646.76
1182,2024-06-25 11:16:00,42659965,Tienda Online,Web,9,3,CHU-ÍND-L,1,13529.35,33823.38,,33823.38
1182,2024-06-25 11:16:00,42659965,Tienda Online,Web,9,3,CHU-NEG-M,1,13529.35,33823.38,,33823.38
1182,2024-06-25 11:16:00,42659965,Tienda Online,Web,9,3,JEA-LAV-unico,1,8748.58,21871.44,,21871.44
1183,2025-01-14 09:56:00,29955030,Shopping,Presencial,7,5,CAM-BEI-L,1,14680.23,36700.58,,36700.58
1183,2025-01-14 09:56:00,29955030,Shopping,Presencial,7,5,GOR-GRI-unico,1,11486.7,28716.74,,28716.74
1183,2025-01-14 09:56:00,29955030,Shopping,Presencial,7,5,CIN-MAR-S,1,13257.96,33144.89,,33144.89
1183,2025-01-14 09:56:00,29955030,Shopping,Presencial,7,5,REM-TUR-XXL,1,13673.12,34182.8,,34182.8
1183,2025-01-14 09:56:00,29955030,Shopping,Presencial,7,5,JEA-LAV-L,1,8748.58,21871.44,,21871.44
1184,2024-06-15 19:21:00,10372106,Shopping,Presencial,7,3,GOR-GRI-M,1,11486.7,28716.74,,28716.74
1184,2024-06-15 19:21:00,10372106,Shopping,Presencial,7,3,CIN-TUR-unico,1,13257.96,33144.89,,33144.89
1185,2025-11-15 00:06:00,39766964,Tienda Online,Web,10,3,JEA-NEG-unico,2,8748.58,21871.44,,43742.88
1186,2025-01-02 11:30:00,29955030,Centro,Presencial,1,5,GOR-GRI-XXL,1,11486.7,28716.74,,28716.74
1186,2025-01-02 11:30:00,29955030,Centro,Presencial,1,5,GOR-GRI-S,1,11486.7,28716.74,,28716.74
1186,2025-01-02 11:30:00,29955030,Centro,Presencial,1,5,CIN-MAR-M,1,13257.96,33144.89,,33144.89
1186,2025-01-02 11:30:00,29955030,Centro,Presencial,1,5,SWE-MAR-M,1,13010.13,32525.33,,32525.33
1186,2025-01-02 11:30:00,29955030,Centro,Presencial,1,5,JOG-ÍND-S,1,16544.66,41361.66,,41361.66
1187,2024-06-11 19:10:00,26594901,Tienda Online,Web,9,4,CHU-VER-XL,1,13529.35,33823.38,,33823.38
1187,2024-06-11 19:10:00,26594901,Tienda Online,Web,9,4,CAM-CEL-XL,1,14680.23,36700.58,,36700.58
1188,2025-06-04 08:35:00,30090967,Tienda Online,Web,10,3,CHU-ÍND-XL,1,13529.35,33823.38,,33823.38
1188,2025-06-04 08:35:00,30090967,Tienda Online,Web,10,3,CAM-BEI-L,1,14680.23,36700.58,,36700.58
1188,2025-06-04 08:35:00,30090967,Tienda Online,Web,10,3,JOG-ÍND-S,1,16544.66,41361.66,,41361.66
1188,2025-06-04 08:35:00,30090967,Tienda Online,Web,10,3,REM-VIO-XXL,1,13071.19,32677.97,,32677.97
1188,2025-06-04 08:35:00,30090967,Tienda Online,Web,10,3,CHU-VER-XL,1,13529.35,33823.38,,33823.38
1189,2025-04-25 17:46:00,34218318,Centro,Presencial,1,5,REM-VIO-M,2,13071.19,26795.94,10.0,53591.88
1189,2025-04-25 17:46:00,34218318,Centro,Presencial,1,5,JOG-ÍND-XL,1,16544.66,33916.56,10.0,33916.56
1189,2025-04-25 17:46:00,34218318,Centro,Presencial,1,5,CIN-ROS-XXL,1,13257.96,33144.89,,33144.89
1189,2025-04-25 17:46:00,34218318,Centro,Presencial,1,5,CIN-ROS-XXL,1,13257.96,27178.81,10.0,27178.81
1190,2025-03-12 13:45:00,10038379,Centro,Presencial,2,3,REM-VIO-L,1,13071.19,32677.97,,32677.97
1190,2025-03-12 13:45:00,10038379,Centro,Presencial,2,3,CIN-MAR-M,1,13257.96,19886.93,7.0,19886.93
1190,2025-03-12 13:45:00,10038379,Centro,Presencial,2,3,SWE-MAR-L,1,13010.13,19515.2,7.0,19515.2
1191,2024-07-09 17:27:00,28289000,Norte,Presencial,5,4,CAM-BLA-M,1,14680.23,36700.58,,36700.58
1191,2024-07-09 17:27:00,28289000,Norte,Presencial,5,4,SWE-AZU-S,1,13010.13,32525.33,,32525.33
1191,2024-07-09 17:27:00,28289000,Norte,Presencial,5,4,CAM-BLA-M,1,14680.23,36700.58,,36700.58
1192,2025-02-28 14:52:00,32833825,Centro,Presencial,2,5,GOR-GRI-S,1,11486.7,28716.74,,28716.74
1192,2025-02-28 14:52:00,32833825,Centro,Presencial,2,5,JOG-ÍND-XL,2,16544.66,41361.66,,82723.32
1192,2025-02-28 14:52:00,32833825,Centro,Presencial,2,5,REM-VIO-L,2,13071.19,32677.97,,65355.94
1192,2025-02-28 14:52:00,32833825,Centro,Presencial,2,5,BUZ-AZU-M,1,11827.69,29569.23,,29569.23
1193,2025-06-13 08:59:00,16859215,Tienda Online,Web,10,4,CHU-VER-L,1,13529.35,33823.38,,33823.38
1194,2025-10-25 14:21:00,26373518,Centro,Presencial,2,2,BUZ-AZU-L,1,11827.69,29569.23,,29569.23
1194,2025-10-25 14:21:00,26373518,Centro,Presencial,2,2,GOR-GRI-M,2,11486.7,28716.74,,57433.48
1194,2025-10-25 14:21:00,26373518,Centro,Presencial,2,2,SWE-MAR-M,1,13010.13,32525.33,,32525.33
1195,2025-09-12 05:36:00,25755164,Tienda Online,Web,9,1,JEA-NEG-M,1,8748.58,21871.44,,21871.44
1195,2025-09-12 05:36:00,25755164,Tienda Online,Web,9,1,MUS-CEL-M,1,12928.22,32320.56,,32320.56
1195,2025-09-12 05:36:00,25755164,Tienda Online,Web,9,1,SWE-MAR-XXL,1,13010.13,32525.33,,32525.33
1195,2025-09-12 05:36:00,25755164,Tienda Online,Web,9,1,GOR-GRI-S,2,11486.7,28716.74,,57433.48
1195,2025-09-12 05:36:00,25755164,Tienda Online,Web,9,1,JOG-ÍND-XL,1,16544.66,41361.66,,41361.66
1196,2025-11-12 15:25:00,23499019,Shopping,Presencial,7,2,REM-BLA-S,1,13071.19,32677.97,,32677.97
1196,2025-11-12 15:25:00,23499019,Shopping,Presencial,7,2,JOG-AZU-XXL,1,16544.66,33916.56,9.0,33916.56
1196,2025-11-12 15:25:00,23499019,Shopping,Presencial,7,2,CIN-TUR-unico,1,13257.96,27178.81,9.0,27178.81
1196,2025-11-12 15:25:00,23499019,Shopping,Presencial,7,2,JOG-AZU-L,1,16544.66,41361.66,,41361.66
1197,2024-07-20 09:54:00,29174891,Norte,Presencial,4,4,MUS-AZU-XXL,1,12928.22,32320.56,,32320.56
1197,2024-07-20 09:54:00,29174891,Norte,Presencial,4,4,GOR-GRI-S,1,11486.7,28716.74,,28716.74
1197,2024-07-20 09:54:00,29174891,Norte,Presencial,4,4,JEA-LAV-unico,2,8748.58,21871.44,,43742.88
1198,2024-12-16 17:31:00,26852461,Tienda Online,Web,9,2,MUS-CEL-S,1,12928.22,32320.56,,32320.56
1199,2025-09-06 20:06:00,21664429,Tienda Online,Web,9,2,JOG-CEL-unico,1,16544.66,41361.66,,41361.66
1199,2025-09-06 20:06:00,21664429,Tienda Online,Web,9,2,CHU-ÍND-XXL,1,13529.35,33823.38,,33823.38
1200,2025-06-20 23:26:00,22660246,Tienda Online,Web,9,4,CHU-NEG-XL,1,13529.35,33823.38,,33823.38
1200,2025-06-20 23:26:00,22660246,Tienda Online,Web,9,4,JOG-AZU-unico,1,16544.66,41361.66,,41361.66
1200,2025-06-20 23:26:00,22660246,Tienda Online,Web,9,4,CIN-MAR-L,1,13257.96,33144.89,,33144.89
1200,2025-06-20 23:26:00,22660246,Tienda Online,Web,9,4,CAM-BEI-L,1,14680.23,36700.58,,36700.58
1201,2025-06-04 09:23:00,16659452,Shopping,Presencial,7,5,JEA-LAV-unico,1,8748.58,21871.44,,21871.44
1201,2025-06-04 09:23:00,16659452,Shopping,Presencial,7,5,REM-BLA-XL,1,13071.19,32677.97,,32677.97
1201,2025-06-04 09:23:00,16659452,Shopping,Presencial,7,5,CIN-MAR-S,1,13257.96,33144.89,,33144.89
1201,2025-06-04 09:23:00,16659452,Shopping,Presencial,7,5,SWE-MAR-L,1,13010.13,32525.33,,32525.33
1202,2025-08-11 00:31:00,15407475,Tienda Online,Web,10,1,JEA-NEG-XL,1,8748.58,21871.44,,21871.44
1202,2025-08-11 00:31:00,15407475,Tienda Online,Web,10,1,CHU-ÍND-XL,1,13529.35,33823.38,,33823.38
1202,2025-08-11 00:31:00,15407475,Tienda Online,Web,10,1,CAM-BLA-XL,1,14680.23,36700.58,,36700.58
1202,2025-08-11 00:31:00,15407475,Tienda Online,Web,10,1,CHU-ÍND-XXL,1,13529.35,33823.38,,33823.38
1202,2025-08-11 00:31:00,15407475,Tienda Online,Web,10,1,SWE-MAR-XXL,1,13010.13,32525.33,,32525.33
1203,2024-01-19 11:26:00,28981002,Tienda Online,Web,9,4,CAM-BEI-unico,1,14680.23,36700.58,,36700.58
1203,2024-01-19 11:26:00,28981002,Tienda Online,Web,9,4,CIN-MAR-S,1,13257.96,33144.89,,33144.89
1203,2024-01-19 11:26:00,28981002,Tienda Online,Web,9,4,GOR-GRI-M,1,11486.7,28716.74,,28716.74
1204,2024-05-07 18:41:00,28427922,Shopping,Presencial,7,4,CIN-MAR-L,1,13257.96,33144.89,,33144.89
1204,2024-05-07 18:41:00,28427922,Shopping,Presencial,7,4,GOR-GRI-S,1,11486.7,28716.74,,28716.74
1204,2024-05-07 18:41:00,28427922,Shopping,Presencial,7,4,CIN-MAR-L,1,13257.96,33144.89,,33144.89
1204,2024-05-07 18:41:00,28427922,Shopping,Presencial,7,4,JEA-LAV-L,1,8748.58,21071.44,12.0,21071.44
1204,2024-05-07 18:41:00,28427922,Shopping,Presencial,7,4,REM-VIO-M,2,13071.19,32677.97,,65355.94
1205,2024-11-16 19:12:00,26373518,Shopping,Presencial,7,5,CHU-NEG-S,1,13529.35,33823.38,,33823.38
1205,2024-11-16 19:12:00,26373518,Shopping,Presencial,7,5,JOG-AZU-unico,1,16544.66,41361.66,,41361.66
1206,2025-01-06 02:15:00,29790252,Tienda Online,Web,10,1,CAM-CEL-XL,1,14680.23,36700.58,,36700.58
1206,2025-01-06 02:15:00,29790252,Tienda Online,Web,10,1,BUZ-AZU-M,1,11827.69,29569.23,,29569.23
1206,2025-01-06 02:15:00,29790252,Tienda Online,Web,10,1,CIN-MAR-XL,1,13257.96,33144.89,,33144.89
1207,2024-11-22 15:05:00,12807087,Shopping,Presencial,7,2,JOG-ÍND-S,1,16544.66,41361.66,,41361.66
1207,2024-11-22 15:05:00,12807087,Shopping,Presencial,7,2,SWE-MAR-L,1,13010.13,32525.33,,32525.33
1207,2024-11-22 15:05:00,12807087,Shopping,Presencial,7,2,CIN-ROS-XXL,1,13257.96,33144.89,,33144.89
1207,2024-11-22 15:05:00,12807087,Shopping,Presencial,7,2,GOR-GRI-S,1,11486.7,28716.74,,28716.74
1208,2025-11-01 10:05:00,25755164,Centro,Presencial,1,4,GOR-GRI-XXL,1,11486.7,28716.74,,28716.74
1208,2025-11-01 10:05:00,25755164,Centro,Presencial,1,4,CIN-TUR-unico,2,13257.96,33144.89,,66289.78
1208,2025-11-01 10:05:00,25755164,Centro,Presencial,1,4,JEA-NEG-XL,1,8748.58,17934.58,9.0,17934.58
1208,2025-11-01 10:05:00,25755164,Centro,Presencial,1,4,GOR-ROJ-unico,2,11486.7,23547.73,9.0,47095.46
1208,2025-11-01 10:05:00,25755164,Centro,Presencial,1,4,GOR-GRI-S,1,11486.7,28716.74,,28716.74
1209,2025-06-23 12:35:00,40793026,Tienda Online,Web,9,3,SWE-MAR-XXL,1,13010.13,32525.33,,32525.33
1209,2025-06-23 12:35:00,40793026,Tienda Online,Web,9,3,CAM-BLA-S,1,14680.23,36700.58,,36700.58
1209,2025-06-23 12:35:00,40793026,Tienda Online,Web,9,3,REM-VIO-M,1,13071.19,32677.97,,32677.97
1210,2025-09-12 12:00:00,17792713,Norte,Presencial,6,3,CHU-NEG-XL,1,13529.35,33823.38,,33823.38
1210,2025-09-12 12:00:00,17792713,Norte,Presencial,6,3,GOR-GRI-M,1,11486.7,28716.74,,28716.74
1210,2025-09-12 12:00:00,17792713,Norte,Presencial,6,3,CIN-MAR-M,1,13257.96,33144.89,,33144.89
1211,2024-07-27 19:53:00,11310767,Shopping,Presencial,7,2,CHU-VER-XL,1,13529.35,33823.38,,33823.38
1211,2024-07-27 19:53:00,11310767,Shopping,Presencial,7,2,CHU-ÍND-XXL,1,13529.35,33823.38,,33823.38
1211,2024-07-27 19:53:00,11310767,Shopping,Presencial,7,2,GOR-GRI-XXL,2,11486.7,28716.74,,57433.48
1211,2024-07-27 19:53:00,11310767,Shopping,Presencial,7,2,JOG-ÍND-S,1,16544.66,41361.66,,41361.66
1212,2025-05-03 14:35:00,16951572,Shopping,Presencial,7,5,MUS-AZU-XXL,2,12928.22,32320.56,,64641.12
1212,2025-05-03 14:35:00,16951572,Shopping,Presencial,7,5,CHU-VER-XL,1,13529.35,33823.38,,33823.38
1212,2025-05-03 14:35:00,16951572,Shopping,Presencial,7,5,CAM-BEI-L,1,14680.23,36700.58,,36700.58
1212,2025-05-03 14:35:00,16951572,Shopping,Presencial,7,5,CIN-MAR-XL,1,13257.96,33144.89,,33144.89
1213,2024-06-14 18:04:00,18494838,Tienda Online,Web,9,3,GOR-GRI-XXL,1,11486.7,28716.74,,28716.74
1213,2024-06-14 18:04:00,18494838,Tienda Online,Web,9,3,SWE-AZU-S,1,13010.13,32525.33,,32525.33
1214,2024-12-13 13:29:00,39559360,Shopping,Presencial,7,5,GOR-ROJ-unico,1,11486.7,28716.74,,28716.74
1215,2024-07-22 13:27:00,23048327,Shopping,Presencial,7,1,CIN-MAR-S,1,13257.96,33144.89,,33144.89
1215,2024-07-22 13:27:00,23048327,Shopping,Presencial,7,1,CIN-MAR-XL,1,13257.96,33144.89,,33144.89
1215,2024-07-22 13:27:00,23048327,Shopping,Presencial,7,1,GOR-GRI-M,1,11486.7,28716.74,,28716.74
1216,2025-09-23 20:26:00,15745388,Tienda Online,Web,9,2,GOR-GRI-S,1,11486.7,28716.74,,28716.74
1216,2025-09-23 20:26:00,15745388,Tienda Online,Web,9,2,CHU-NEG-M,1,13529.35,21985.2,8.0,21985.2
1217,2024-03-31 14:00:00,43172347,Norte,Presencial,6,1,JOG-CEL-unico,1,16544.66,41361.66,,41361.66
1217,2024-03-31 14:00:00,43172347,Norte,Presencial,6,1,CHU-NEG-S,1,13529.35,33823.38,,33823.38
1217,2024-03-31 14:00:00,43172347,Norte,Presencial,6,1,JOG-AZU-unico,1,16544.66,41361.66,,41361.66
1218,2024-04-08 16:16:00,34306027,Shopping,Presencial,7,3,CAM-CEL-XL,2,14680.23,36700.58,,73401.16
1219,2025-06-28 13:50:00,18723624,Shopping,Presencial,7,1,CHU-VER-XL,1,13529.35,33823.38,,33823.38
1219,2025-06-28 13:50:00,18723624,Shopping,Presencial,7,1,CIN-MAR-XL,2,13257.96,33144.89,,66289.78
1219,2025-06-28 13:50:00,18723624,Shopping,Presencial,7,1,JEA-LAV-unico,1,8748.58,21871.44,,21871.44
1220,2024-03-09 11:14:00,11730076,Shopping,Presencial,7,4,GOR-GRI-S,1,11486.7,28716.74,,28716.74
1220,2024-03-09 11:14:00,11730076,Shopping,Presencial,7,4,CIN-MAR-XL,1,13257.96,33144.89,,33144.89
1220,2024-03-09 11:14:00,11730076,Shopping,Presencial,7,4,GOR-GRI-L,1,11486.7,28716.74,,28716.74
1221,2025-10-10 19:01:00,16645229,Tienda Online,Web,10,4,JOG-ÍND-XL,1,16544.66,41361.66,,41361.66
1222,2024-12-28 13:46:00,24800101,Norte,Presencial,4,2,CIN-ROS-XXL,1,13257.96,33144.89,,33144.89
1222,2024-12-28 13:46:00,24800101,Norte,Presencial,4,2,CHU-NEG-S,2,13529.35,33823.38,,67646.76
1222,2024-12-28 13:46:00,24800101,Norte,Presencial,4,2,GOR-GRI-S,1,11486.7,28716.74,,28716.74
1222,2024-12-28 13:46:00,24800101,Norte,Presencial,4,2,GOR-GRI-unico,1,11486.7,28716.74,,28716.74
1223,2025-06-25 14:24:00,12090484,Norte,Presencial,6,5,CIN-MAR-S,1,13257.96,33144.89,,33144.89
1223,2025-06-25 14:24:00,12090484,Norte,Presencial,6,5,JEA-LAV-unico,2,8748.58,21871.44,,43742.88
1224,2024-11-12 11:20:00,34268915,Tienda Online,Web,9,2,REM-CEL-XXL,1,13673.12,34182.8,,34182.8
1225,2024-06-17 12:57:00,36775919,Shopping,Presencial,7,2,JOG-ÍND-XL,1,16544.66,41361.66,,41361.66
1226,2024-08-21 17:12:00,13753932,Centro,Presencial,2,5,GOR-GRI-L,1,11486.7,28716.74,,28716.74
1226,2024-08-21 17:12:00,13753932,Centro,Presencial,2,5,CIN-MAR-L,1,13257.96,33144.89,,33144.89
1226,2024-08-21 17:12:00,13753932,Centro,Presencial,2,5,JOG-AZU-unico,1,16544.66,41361.66,,41361.66
1226,2024-08-21 17:12:00,13753932,Centro,Presencial,2,5,GOR-ROJ-unico,1,11486.7,28716.74,,28716.74
1227,2025-03-19 17:22:00,41996735,Shopping,Presencial,7,4,JOG-AZU-XXL,1,16544.66,41361.66,,41361.66
1227,2025-03-19 17:22:00,41996735,Shopping,Presencial,7,4,GOR-GRI-L,2,11486.7,28716.74,,57433.48
1227,2025-03-19 17:22:00,41996735,Shopping,Presencial,7,4,MUS-AZU-M,1,12928.22,19392.34,7.0,19392.34
1227,2025-03-19 17:22:00,41996735,Shopping,Presencial,7,4,CHU-NEG-M,1,13529.35,33823.38,,33823.38
1228,2025-06-29 11:57:00,27244970,Centro,Presencial,2,5,CHU-VER-L,1,13529.35,33823.38,,33823.38
1228,2025-06-29 11:57:00,27244970,Centro,Presencial,2,5,JEA-NEG-unico,1,8748.58,21871.44,,21871.44
1229,2024-01-10 14:12:00,40515566,Shopping,Presencial,7,1,CIN-MAR-S,1,13257.96,33144.89,,33144.89
1229,2024-01-10 14:12:00,40515566,Shopping,Presencial,7,1,MUS-AZU-unico,1,12928.22,32320.56,,32320.56
1229,2024-01-10 14:12:00,40515566,Shopping,Presencial,7,1,CAM-BEI-L,1,14680.23,36700.58,,36700.58
1229,2024-01-10 14:12:00,40515566,Shopping,Presencial,7,1,JEA-LAV-unico,1,8748.58,21871.44,,21871.44
1230,2024-01-31 11:49:00,25145607,Norte,Presencial,5,4,GOR-GRI-M,1,11486.7,28716.74,,28716.74
1231,2025-09-12 16:23:00,26365398,Tienda Online,Web,10,3,CIN-TUR-unico,1,13257.96,33144.89,,33144.89
1231,2025-09-12 16:23:00,26365398,Tienda Online,Web,10,3,GOR-ROJ-unico,1,11486.7,28716.74,,28716.74
1231,2025-09-12 16:23:00,26365398,Tienda Online,Web,10,3,JEA-NEG-XL,1,8748.58,21871.44,,21871.44
1232,2024-08-23 21:06:00,33776507,Tienda Online,Web,10,5,CIN-MAR-S,1,13257.96,33144.89,,33144.89
1232,2024-08-23 21:06:00,33776507,Tienda Online,Web,10,5,MUS-AZU-unico,1,12928.22,32320.56,,32320.56
1232,2024-08-23 21:06:00,33776507,Tienda Online,Web,10,5,GOR-GRI-L,1,11486.7,28716.74,,28716.74
1232,2024-08-23 21:06:00,33776507,Tienda Online,Web,10,5,CIN-MAR-XL,1,13257.96,33144.89,,33144.89
1233,2024-05-24 16:48:00,26058980,Norte,Presencial,4,2,CHU-NEG-S,2,13529.35,33823.38,,67646.76
1233,2024-05-24 16:48:00,26058980,Norte,Presencial,4,2,CHU-VER-XL,2,13529.35,33823.38,,67646.76
1233,2024-05-24 16:48:00,26058980,Norte,Presencial,4,2,CAM-BEI-L,1,14680.23,35900.58,12.0,35900.58
1233,2024-05-24 16:48:00,26058980,Norte,Presencial,4,2,GOR-GRI-L,1,11486.7,28716.74,,28716.74
1234,2025-06-27 22:26:00,20332827,Tienda Online,Web,10,1,JEA-NEG-M,1,8748.58,21871.44,,21871.44
1234,2025-06-27 22:26:00,20332827,Tienda Online,Web,10,1,CHU-ÍND-L,1,13529.35,33823.38,,33823.38
1235,2025-06-21 18:13:00,27715659,Centro,Presencial,1,3,GOR-ROJ-S,1,11486.7,28716.74,,28716.74
1235,2025-06-21 18:13:00,27715659,Centro,Presencial,1,3,GOR-GRI-M,1,11486.7,28716.74,,28716.74
1235,2025-06-21 18:13:00,27715659,Centro,Presencial,1,3,CIN-TUR-XL,1,13257.96,33144.89,,33144.89
1236,2024-07-25 00:40:00,25145607,Tienda Online,Web,10,3,SWE-MAR-L,1,13010.13,32525.33,,32525.33
1236,2024-07-25 00:40:00,25145607,Tienda Online,Web,10,3,MUS-CEL-S,1,12928.22,32320.56,,32320.56
1236,2024-07-25 00:40:00,25145607,Tienda Online,Web,10,3,BUZ-AZU-unico,1,11827.69,29569.23,,29569.23
1236,2024-07-25 00:40:00,25145607,Tienda Online,Web,10,3,GOR-GRI-M,1,11486.7,28716.74,,28716.74
1236,2024-07-25 00:40:00,25145607,Tienda Online,Web,10,3,JEA-NEG-M,1,8748.58,21871.44,,21871.44
1237,2024-03-06 13:12:00,34552283,Centro,Presencial,1,5,CIN-MAR-M,1,13257.96,33144.89,,33144.89
1237,2024-03-06 13:12:00,34552283,Centro,Presencial,1,5,JOG-AZU-unico,1,16544.66,41361.66,,41361.66
1237,2024-03-06 13:12:00,34552283,Centro,Presencial,1,5,SWE-AZU-S,1,13010.13,32525.33,,32525.33
1237,2024-03-06 13:12:00,34552283,Centro,Presencial,1,5,JOG-ÍND-XL,1,16544.66,41361.66,,41361.66
1237,2024-03-06 13:12:00,34552283,Centro,Presencial,1,5,REM-CEL-XXL,1,13673.12,34182.8,,34182.8
1238,2024-04-09 12:26:00,24800101,Tienda Online,Web,9,1,REM-BLA-XL,1,13071.19,32677.97,,32677.97
1238,2024-04-09 12:26:00,24800101,Tienda Online,Web,9,1,JOG-ÍND-XL,1,16544.66,41361.66,,41361.66
1239,2025-08-30 17:51:00,39559360,Shopping,Presencial,7,5,CHU-VER-S,1,13529.35,33823.38,,33823.38
1239,2025-08-30 17:51:00,39559360,Shopping,Presencial,7,5,CAM-BLA-XL,1,14680.23,36700.58,,36700.58
1239,2025-08-30 17:51:00,39559360,Shopping,Presencial,7,5,CAM-BLA-M,1,14680.23,36700.58,,36700.58
1240,2024-10-17 02:04:00,31169695,Tienda Online,Web,9,2,JOG-CEL-unico,1,16544.66,41361.66,,41361.66
1240,2024-10-17 02:04:00,31169695,Tienda Online,Web,9,2,JOG-ÍND-XL,1,16544.66,41361.66,,41361.66
1240,2024-10-17 02:04:00,31169695,Tienda Online,Web,9,2,GOR-GRI-unico,1,11486.7,28716.74,,28716.74
1241,2024-12-03 14:55:00,23663184,Centro,Presencial,2,2,CIN-MAR-XL,1,13257.96,33144.89,,33144.89
1242,2025-10-16 14:56:00,28981002,Shopping,Presencial,7,1,CHU-VER-M,1,13529.35,33823.38,,33823.38
1242,2025-10-16 14:56:00,28981002,Shopping,Presencial,7,1,GOR-GRI-unico,1,11486.7,28716.74,,28716.74
1242,2025-10-16 14:56:00,28981002,Shopping,Presencial,7,1,CHU-VER-M,2,13529.35,33823.38,,67646.76
1243,2024-03-28 23:26:00,43250363,Tienda Online,Web,9,4,JEA-LAV-unico,1,8748.58,21871.44,,21871.44
1243,2024-03-28 23:26:00,43250363,Tienda Online,Web,9,4,MUS-AZU-unico,1,12928.22,32320.56,,32320.56
1243,2024-03-28 23:26:00,43250363,Tienda Online,Web,9,4,CHU-VER-XL,1,13529.35,33823.38,,33823.38
1243,2024-03-28 23:26:00,43250363,Tienda Online,Web,9,4,CHU-NEG-M,1,13529.35,33823.38,,33823.38
1243,2024-03-28 23:26:00,43250363,Tienda Online,Web,9,4,CIN-MAR-S,1,13257.96,33144.89,,33144.89
1244,2024-05-07 03:55:00,28086578,Tienda Online,Web,9,1,SWE-MAR-L,1,13010.13,31725.33,12.0,31725.33
1245,2025-05-23 16:37:00,26764226,Shopping,Presencial,7,3,CHU-NEG-M,2,13529.35,33823.38,,67646.76
1245,2025-05-23 16:37:00,26764226,Shopping,Presencial,7,3,CHU-NEG-XL,1,13529.35,33823.38,,33823.38
1246,2024-06-07 09:13:00,21756850,Norte,Presencial,6,2,CIN-ROS-XXL,1,13257.96,33144.89,,33144.89
1246,2024-06-07 09:13:00,21756850,Norte,Presencial,6,2,JOG-ÍND-XL,1,16544.66,41361.66,,41361.66
1246,2024-06-07 09:13:00,21756850,Norte,Presencial,6,2,MUS-AZU-unico,1,12928.22,32320.56,,32320.56
1247,2025-05-04 21:20:00,12462702,Tienda Online,Web,10,2,CAM-BEI-L,1,14680.23,36700.58,,36700.58
1248,2024-05-11 09:47:00,14887419,Tienda Online,Web,9,2,CHU-NEG-M,1,13529.35,33823.38,,33823.38
1248,2024-05-11 09:47:00,14887419,Tienda Online,Web,9,2,SWE-AZU-S,1,13010.13,32525.33,,32525.33
1248,2024-05-11 09:47:00,14887419,Tienda Online,Web,9,2,MUS-AZU-M,1,12928.22,32320.56,,32320.56
1248,2024-05-11 09:47:00,14887419,Tienda Online,Web,9,2,REM-TUR-XXL,1,13673.12,34182.8,,34182.8
1248,2024-05-11 09:47:00,14887419,Tienda Online,Web,9,2,CIN-MAR-XL,1,13257.96,32344.89,12.0,32344.89
1249,2025-06-16 07:48:00,34764543,Tienda Online,Web,9,1,CHU-VER-L,1,13529.35,33823.38,,33823.38
1249,2025-06-16 07:48:00,34764543,Tienda Online,Web,9,1,CAM-BLA-M,1,14680.23,36700.58,,36700.58
1249,2025-06-16 07:48:00,34764543,Tienda Online,Web,9,1,JEA-NEG-unico,1,8748.58,19684.3,3.0,19684.3
1250,2025-06-17 00:52:00,42590824,Tienda Online,Web,9,4,JEA-LAV-unico,1,8748.58,19684.3,3.0,19684.3
1250,2025-06-17 00:52:00,42590824,Tienda Online,Web,9,4,CIN-TUR-XL,1,13257.96,29830.4,3.0,29830.4
1250,2025-06-17 00:52:00,42590824,Tienda Online,Web,9,4,GOR-GRI-L,1,11486.7,28716.74,,28716.74
1250,2025-06-17 00:52:00,42590824,Tienda Online,Web,9,4,GOR-GRI-unico,1,11486.7,28716.74,,28716.74
1251,2024-05-01 13:48:00,10949480,Centro,Presencial,1,1,JOG-ÍND-XL,2,16544.66,40561.66,12.0,81123.32
1251,2024-05-01 13:48:00,10949480,Centro,Presencial,1,1,JOG-AZU-unico,1,16544.66,41361.66,,41361.66
1251,2024-05-01 13:48:00,10949480,Centro,Presencial,1,1,REM-BLA-XL,1,13071.19,31877.97,12.0,31877.97
1252,2024-10-25 16:56:00,11730076,Tienda Online,Web,10,4,JOG-CEL-unico,1,16544.66,41361.66,,41361.66
1252,2024-10-25 16:56:00,11730076,Tienda Online,Web,10,4,JOG-ÍND-S,1,16544.66,41361.66,,41361.66
1252,2024-10-25 16:56:00,11730076,Tienda Online,Web,10,4,CIN-TUR-XL,1,13257.96,33144.89,,33144.89
1252,2024-10-25 16:56:00,11730076,Tienda Online,Web,10,4,JOG-ÍND-M,1,16544.66,41361.66,,41361.66
1253,2025-10-18 13:17:00,35433541,Centro,Presencial,2,1,SWE-MAR-M,1,13010.13,29272.8,2.0,29272.8
1253,2025-10-18 13:17:00,35433541,Centro,Presencial,2,1,MUS-CEL-XXL,1,12928.22,32320.56,,32320.56
1253,2025-10-18 13:17:00,35433541,Centro,Presencial,2,1,REM-VIO-M,1,13071.19,32677.97,,32677.97
1254,2024-10-31 07:50:00,16604711,Tienda Online,Web,10,4,REM-BLA-XL,1,13071.19,32677.97,,32677.97
1254,2024-10-31 07:50:00,16604711,Tienda Online,Web,10,4,CAM-BEI-L,1,14680.23,36700.58,,36700.58
1254,2024-10-31 07:50:00,16604711,Tienda Online,Web,10,4,GOR-ROJ-S,1,11486.7,28716.74,,28716.74
1255,2025-04-26 16:38:00,13950951,Shopping,Presencial,7,2,CHU-VER-L,1,13529.35,33823.38,,33823.38
1256,2024-10-26 10:44:00,10372106,Centro,Presencial,1,1,JOG-AZU-XXL,1,16544.66,41361.66,,41361.66
1256,2024-10-26 10:44:00,10372106,Centro,Presencial,1,1,REM-VIO-M,1,13071.19,32677.97,,32677.97
1257,2025-10-25 17:23:00,17740453,Shopping,Presencial,7,2,MUS-CEL-M,1,12928.22,32320.56,,32320.56
1257,2025-10-25 17:23:00,17740453,Shopping,Presencial,7,2,REM-VIO-L,1,13071.19,32677.97,,32677.97
1258,2024-12-26 18:00:00,33811900,Norte,Presencial,6,4,GOR-ROJ-S,1,11486.7,28716.74,,28716.74
1258,2024-12-26 18:00:00,33811900,Norte,Presencial,6,4,REM-TUR-XXL,1,13673.12,34182.8,,34182.8
1258,2024-12-26 18:00:00,33811900,Norte,Presencial,6,4,SWE-MAR-unico,1,13010.13,32525.33,,32525.33
1258,2024-12-26 18:00:00,33811900,Norte,Presencial,6,4,JEA-LAV-unico,2,8748.58,21871.44,,43742.88
1259,2025-06-16 20:43:00,23309686,Tienda Online,Web,10,2,GOR-GRI-unico,1,11486.7,28716.74,,28716.74
1259,2025-06-16 20:43:00,23309686,Tienda Online,Web,10,2,CHU-ÍND-XXL,1,13529.35,33823.38,,33823.38
1259,2025-06-16 20:43:00,23309686,Tienda Online,Web,10,2,CIN-MAR-XL,1,13257.96,29830.4,3.0,29830.4
1260,2025-11-14 15:52:00,11947822,Centro,Presencial,2,4,JOG-ÍND-XL,1,16544.66,33916.56,9.0,33916.56
1260,2025-11-14 15:52:00,11947822,Centro,Presencial,2,4,MUS-CEL-M,1,12928.22,32320.56,,32320.56
1260,2025-11-14 15:52:00,11947822,Centro,Presencial,2,4,SWE-MAR-M,1,13010.13,32525.33,,32525.33
1261,2024-07-03 13:01:00,18439645,Shopping,Presencial,7,5,REM-TUR-XXL,1,13673.12,34182.8,,34182.8
1261,2024-07-03 13:01:00,18439645,Shopping,Presencial,7,5,CIN-MAR-M,2,13257.96,33144.89,,66289.78
1261,2024-07-03 13:01:00,18439645,Shopping,Presencial,7,5,MUS-AZU-M,1,12928.22,32320.56,,32320.56
1261,2024-07-03 13:01:00,18439645,Shopping,Presencial,7,5,JEA-NEG-M,1,8748.58,21871.44,,21871.44
1261,2024-07-03 13:01:00,18439645,Shopping,Presencial,7,5,CIN-TUR-XL,1,13257.96,33144.89,,33144.89
1262,2024-07-31 19:12:00,37388193,Shopping,Presencial,7,4,CIN-TUR-XL,1,13257.96,33144.89,,33144.89
1262,2024-07-31 19:12:00,37388193,Shopping,Presencial,7,4,BUZ-AZU-unico,1,11827.69,29569.23,,29569.23
1263,2025-07-05 13:02:00,14684875,Tienda Online,Web,10,5,SWE-MAR-L,2,13010.13,32525.33,,65050.66
1264,2024-07-22 09:50:00,37388193,Norte,Presencial,5,4,CHU-NEG-S,1,13529.35,33823.38,,33823.38
1264,2024-07-22 09:50:00,37388193,Norte,Presencial,5,4,JEA-NEG-M,1,8748.58,21871.44,,21871.44
1264,2024-07-22 09:50:00,37388193,Norte,Presencial,5,4,BUZ-AZU-unico,1,11827.69,29569.23,,29569.23
1265,2025-11-05 22:51:00,30643479,Tienda Online,Web,10,5,CIN-ROS-unico,2,13257.96,33144.89,,66289.78
1265,2025-11-05 22:51:00,30643479,Tienda Online,Web,10,5,SWE-MAR-S,1,13010.13,26670.77,9.0,26670.77
1265,2025-11-05 22:51:00,30643479,Tienda Online,Web,10,5,CHU-ÍND-XXL,1,13529.35,33823.38,,33823.38
1265,2025-11-05 22:51:00,30643479,Tienda Online,Web,10,5,JEA-LAV-unico,1,8748.58,21871.44,,21871.44
1265,2025-11-05 22:51:00,30643479,Tienda Online,Web,10,5,GOR-GRI-unico,1,11486.7,28716.74,,28716.74
1266,2024-04-14 14:01:00,31117675,Tienda Online,Web,9,2,MUS-CEL-S,1,12928.22,32320.56,,32320.56
1266,2024-04-14 14:01:00,31117675,Tienda Online,Web,9,2,CIN-MAR-XL,2,13257.96,33144.89,,66289.78
1266,2024-04-14 14:01:00,31117675,Tienda Online,Web,9,2,MUS-AZU-XXL,1,12928.22,32320.56,,32320.56
1267,2025-06-05 19:30:00,29368328,Tienda Online,Web,10,5,JEA-LAV-L,1,8748.58,21871.44,,21871.44
1267,2025-06-05 19:30:00,29368328,Tienda Online,Web,10,5,GOR-GRI-S,2,11486.7,28716.74,,57433.48
1268,2024-12-28 21:21:00,17792713,Tienda Online,Web,9,3,SWE-AZU-S,2,13010.13,32525.33,,65050.66
1269,2024-08-05 04:43:00,19938405,Tienda Online,Web,10,1,GOR-ROJ-unico,1,11486.7,28716.74,,28716.74
1269,2024-08-05 04:43:00,19938405,Tienda Online,Web,10,1,CHU-ÍND-L,1,13529.35,33823.38,,33823.38
1269,2024-08-05 04:43:00,19938405,Tienda Online,Web,10,1,BUZ-AZU-M,2,11827.69,29569.23,,59138.46
1270,2024-12-28 10:03:00,34268915,Centro,Presencial,2,3,CAM-BEI-L,1,14680.23,36700.58,,36700.58
1270,2024-12-28 10:03:00,34268915,Centro,Presencial,2,3,GOR-GRI-S,1,11486.7,28716.74,,28716.74
1270,2024-12-28 10:03:00,34268915,Centro,Presencial,2,3,JEA-LAV-L,1,8748.58,21871.44,,21871.44
1270,2024-12-28 10:03:00,34268915,Centro,Presencial,2,3,JOG-AZU-XXL,1,16544.66,41361.66,,41361.66
1271,2024-04-04 10:26:00,10990382,Norte,Presencial,6,5,CAM-CEL-XL,1,14680.23,36700.58,,36700.58
1271,2024-04-04 10:26:00,10990382,Norte,Presencial,6,5,CIN-ROS-XXL,1,13257.96,33144.89,,33144.89
1271,2024-04-04 10:26:00,10990382,Norte,Presencial,6,5,CIN-MAR-M,1,13257.96,33144.89,,33144.89
1271,2024-04-04 10:26:00,10990382,Norte,Presencial,6,5,GOR-GRI-XXL,1,11486.7,28716.74,,28716.74
1271,2024-04-04 10:26:00,10990382,Norte,Presencial,6,5,CIN-MAR-S,1,13257.96,33144.89,,33144.89
1272,2025-02-18 12:54:00,22313673,Centro,Presencial,2,3,JOG-ÍND-M,1,16544.66,41361.66,,41361.66
1272,2025-02-18 12:54:00,22313673,Centro,Presencial,2,3,JOG-ÍND-M,1,16544.66,41361.66,,41361.66
1272,2025-02-18 12:54:00,22313673,Centro,Presencial,2,3,BUZ-AZU-unico,1,11827.69,29569.23,,29569.23
1272,2025-02-18 12:54:00,22313673,Centro,Presencial,2,3,MUS-CEL-S,1,12928.22,32320.56,,32320.56
1272,2025-02-18 12:54:00,22313673,Centro,Presencial,2,3,GOR-GRI-L,1,11486.7,28716.74,,28716.74
1273,2025-01-11 11:22:00,22425195,Tienda Online,Web,9,3,SWE-MAR-L,1,13010.13,32525.33,,32525.33
1273,2025-01-11 11:22:00,22425195,Tienda Online,Web,9,3,CIN-MAR-XL,1,13257.96,33144.89,,33144.89
1273,2025-01-11 11:22:00,22425195,Tienda Online,Web,9,3,GOR-GRI-L,1,11486.7,28716.74,,28716.74
1273,2025-01-11 11:22:00,22425195,Tienda Online,Web,9,3,CHU-VER-XL,1,13529.35,33823.38,,33823.38
1274,2025-10-03 23:57:00,29586497,Tienda Online,Web,10,3,CIN-ROS-L,1,13257.96,33144.89,,33144.89
1274,2025-10-03 23:57:00,29586497,Tienda Online,Web,10,3,SWE-AZU-XXL,1,13010.13,32525.33,,32525.33
1274,2025-10-03 23:57:00,29586497,Tienda Online,Web,10,3,JOG-ÍND-M,1,16544.66,41361.66,,41361.66
1274,2025-10-03 23:57:00,29586497,Tienda Online,Web,10,3,JEA-NEG-XL,1,8748.58,14216.44,8.0,14216.44
1275,2025-02-07 13:08:00,40515566,Norte,Presencial,6,4,BUZ-AZU-M,1,11827.69,29569.23,,29569.23
1275,2025-02-07 13:08:00,40515566,Norte,Presencial,6,4,CAM-BEI-L,2,14680.23,36700.58,,73401.16
1275,2025-02-07 13:08:00,40515566,Norte,Presencial,6,4,CIN-TUR-XL,1,13257.96,33144.89,,33144.89
1275,2025-02-07 13:08:00,40515566,Norte,Presencial,6,4,CHU-ÍND-XL,1,13529.35,33823.38,,33823.38
1275,2025-02-07 13:08:00,40515566,Norte,Presencial,6,4,BUZ-AZU-M,1,11827.69,29569.23,,29569.23
1276,2025-08-28 11:20:00,37668609,Centro,Presencial,1,4,GOR-GRI-M,1,11486.7,28716.74,,28716.74
1276,2025-08-28 11:20:00,37668609,Centro,Presencial,1,4,CIN-MAR-L,1,13257.96,33144.89,,33144.89
1277,2024-04-01 10:15:00,23663184,Centro,Presencial,2,1,CHU-NEG-M,2,13529.35,33823.38,,67646.76
1277,2024-04-01 10:15:00,23663184,Centro,Presencial,2,1,JOG-AZU-unico,1,16544.66,41361.66,,41361.66
1277,2024-04-01 10:15:00,23663184,Centro,Presencial,2,1,JEA-LAV-L,1,8748.58,21871.44,,21871.44
1278,2025-09-06 14:49:00,14598388,Norte,Presencial,4,2,CAM-CEL-XL,1,14680.23,32296.51,6.0,32296.51
1278,2025-09-06 14:49:00,14598388,Norte,Presencial,4,2,REM-CEL-XXL,2,13673.12,34182.8,,68365.6
1278,2025-09-06 14:49:00,14598388,Norte,Presencial,4,2,JOG-AZU-L,1,16544.66,41361.66,,41361.66
1279,2024-04-08 14:25:00,33160875,Shopping,Presencial,7,1,CAM-CEL-XL,1,14680.23,36700.58,,36700.58
1279,2024-04-08 14:25:00,33160875,Shopping,Presencial,7,1,GOR-GRI-M,1,11486.7,28716.74,,28716.74
1279,2024-04-08 14:25:00,33160875,Shopping,Presencial,7,1,MUS-AZU-unico,1,12928.22,32320.56,,32320.56
1280,2025-09-09 02:13:00,12497263,Tienda Online,Web,9,5,CIN-MAR-XL,1,13257.96,33144.89,,33144.89
1280,2025-09-09 02:13:00,12497263,Tienda Online,Web,9,5,CIN-ROS-XXL,1,13257.96,33144.89,,33144.89
1280,2025-09-09 02:13:00,12497263,Tienda Online,Web,9,5,CIN-ROS-XXL,1,13257.96,33144.89,,33144.89
1281,2024-01-05 13:40:00,37011889,Tienda Online,Web,9,5,CHU-NEG-S,1,13529.35,33823.38,,33823.38
1282,2025-08-01 10:47:00,10190290,Shopping,Presencial,7,2,CHU-VER-XL,2,13529.35,33823.38,,67646.76
1282,2025-08-01 10:47:00,10190290,Shopping,Presencial,7,2,SWE-AZU-M,2,13010.13,32525.33,,65050.66
1282,2025-08-01 10:47:00,10190290,Shopping,Presencial,7,2,CIN-MAR-M,1,13257.96,33144.89,,33144.89
1282,2025-08-01 10:47:00,10190290,Shopping,Presencial,7,2,CIN-MAR-L,1,13257.96,33144.89,,33144.89
1282,2025-08-01 10:47:00,10190290,Shopping,Presencial,7,2,JOG-CEL-unico,1,16544.66,41361.66,,41361.66
1283,2025-03-17 16:30:00,32205074,Shopping,Presencial,7,5,CHU-ÍND-L,1,13529.35,33823.38,,33823.38
1283,2025-03-17 16:30:00,32205074,Shopping,Presencial,7,5,CHU-VER-XL,1,13529.35,33823.38,,33823.38
1283,2025-03-17 16:30:00,32205074,Shopping,Presencial,7,5,CHU-VER-XL,1,13529.35,20294.03,7.0,20294.03
1283,2025-03-17 16:30:00,32205074,Shopping,Presencial,7,5,SWE-AZU-S,1,13010.13,32525.33,,32525.33
1283,2025-03-17 16:30:00,32205074,Shopping,Presencial,7,5,MUS-AZU-XXL,1,12928.22,32320.56,,32320.56
1284,2024-06-24 15:30:00,41410296,Norte,Presencial,4,3,SWE-MAR-L,1,13010.13,32525.33,,32525.33
1285,2024-03-10 20:20:00,37011889,Tienda Online,Web,10,5,CIN-ROS-XXL,1,13257.96,33144.89,,33144.89
1285,2024-03-10 20:20:00,37011889,Tienda Online,Web,10,5,CIN-ROS-XXL,2,13257.96,33144.89,,66289.78
1286,2024-04-11 19:46:00,26654221,Tienda Online,Web,10,3,MUS-AZU-M,1,12928.22,32320.56,,32320.56
1286,2024-04-11 19:46:00,26654221,Tienda Online,Web,10,3,REM-TUR-XXL,1,13673.12,34182.8,,34182.8
1286,2024-04-11 19:46:00,26654221,Tienda Online,Web,10,3,CAM-BEI-L,1,14680.23,36700.58,,36700.58
1286,2024-04-11 19:46:00,26654221,Tienda Online,Web,10,3,CAM-BEI-L,1,14680.23,36700.58,,36700.58
1286,2024-04-11 19:46:00,26654221,Tienda Online,Web,10,3,JOG-ÍND-XL,1,16544.66,41361.66,,41361.66
1287,2025-11-29 13:40:00,13291303,Norte,Presencial,5,5,SWE-AZU-S,1,13010.13,26670.77,9.0,26670.77
1287,2025-11-29 13:40:00,13291303,Norte,Presencial,5,5,CHU-NEG-XL,1,13529.35,33823.38,,33823.38
1287,2025-11-29 13:40:00,13291303,Norte,Presencial,5,5,JOG-AZU-XL,1,16544.66,41361.66,,41361.66
1287,2025-11-29 13:40:00,13291303,Norte,Presencial,5,5,GOR-ROJ-XXL,1,11486.7,28716.74,,28716.74
1288,2025-01-27 10:31:00,41561757,Tienda Online,Web,9,2,CIN-MAR-XL,1,13257.96,33144.89,,33144.89
1288,2025-01-27 10:31:00,41561757,Tienda Online,Web,9,2,JOG-ÍND-XL,1,16544.66,41361.66,,41361.66
1288,2025-01-27 10:31:00,41561757,Tienda Online,Web,9,2,CIN-MAR-M,1,13257.96,33144.89,,33144.89
1288,2025-01-27 10:31:00,41561757,Tienda Online,Web,9,2,CIN-MAR-XL,1,13257.96,33144.89,,33144.89
1288,2025-01-27 10:31:00,41561757,Tienda Online,Web,9,2,JOG-AZU-XXL,1,16544.66,41361.66,,41361.66
1289,2024-05-27 14:17:00,14695862,Tienda Online,Web,9,3,SWE-MAR-L,1,13010.13,32525.33,,32525.33
1290,2024-01-12 16:15:00,31084522,Centro,Presencial,2,2,JEA-LAV-L,1,8748.58,21871.44,,21871.44
1290,2024-01-12 16:15:00,31084522,Centro,Presencial,2,2,CIN-MAR-L,1,13257.96,33144.89,,33144.89
1291,2025-05-09 17:05:00,40632634,Norte,Presencial,4,4,CAM-BLA-XL,1,14680.23,36700.58,,36700.58
1291,2025-05-09 17:05:00,40632634,Norte,Presencial,4,4,REM-TUR-XXL,1,13673.12,34182.8,,34182.8
1291,2025-05-09 17:05:00,40632634,Norte,Presencial,4,4,MUS-AZU-XXL,1,12928.22,32320.56,,32320.56
1292,2024-04-05 17:10:00,17318490,Tienda Online,Web,10,3,REM-TUR-XXL,1,13673.12,34182.8,,34182.8
1293,2024-01-19 16:11:00,18818897,Tienda Online,Web,10,5,CIN-TUR-XL,1,13257.96,33144.89,,33144.89
1293,2024-01-19 16:11:00,18818897,Tienda Online,Web,10,5,GOR-GRI-L,1,11486.7,28716.74,,28716.74
1293,2024-01-19 16:11:00,18818897,Tienda Online,Web,10,5,MUS-AZU-unico,1,12928.22,32320.56,,32320.56
1293,2024-01-19 16:11:00,18818897,Tienda Online,Web,10,5,GOR-GRI-XXL,1,11486.7,28716.74,,28716.74
1294,2025-10-07 13:39:00,11723249,Centro,Presencial,1,2,CHU-ÍND-XXL,1,13529.35,33823.38,,33823.38
1294,2025-10-07 13:39:00,11723249,Centro,Presencial,1,2,JEA-NEG-unico,1,8748.58,21871.44,,21871.44
1294,2025-10-07 13:39:00,11723249,Centro,Presencial,1,2,REM-VIO-XL,1,13071.19,32677.97,,32677.97
1295,2025-08-30 11:40:00,16194045,Tienda Online,Web,10,4,BUZ-AZU-L,1,11827.69,29569.23,,29569.23
1295,2025-08-30 11:40:00,16194045,Tienda Online,Web,10,4,CIN-ROS-L,1,13257.96,33144.89,,33144.89
1295,2025-08-30 11:40:00,16194045,Tienda Online,Web,10,4,CIN-ROS-unico,1,13257.96,33144.89,,33144.89
1295,2025-08-30 11:40:00,16194045,Tienda Online,Web,10,4,CHU-ÍND-XXL,1,13529.35,33823.38,,33823.38
1295,2025-08-30 11:40:00,16194045,Tienda Online,Web,10,4,JOG-CEL-unico,2,16544.66,41361.66,,82723.32
1296,2024-04-29 18:30:00,32049663,Centro,Presencial,1,2,SWE-MAR-L,1,13010.13,32525.33,,32525.33
1296,2024-04-29 18:30:00,32049663,Centro,Presencial,1,2,CAM-CEL-XL,1,14680.23,36700.58,,36700.58
1296,2024-04-29 18:30:00,32049663,Centro,Presencial,1,2,GOR-GRI-XXL,1,11486.7,28716.74,,28716.74
1297,2024-07-20 15:56:00,27753960,Tienda Online,Web,9,2,MUS-CEL-S,1,12928.22,32320.56,,32320.56
1298,2025-11-19 13:52:00,34089341,Shopping,Presencial,7,5,MUS-AZU-M,1,12928.22,32320.56,,32320.56
1298,2025-11-19 13:52:00,34089341,Shopping,Presencial,7,5,BUZ-AZU-M,1,11827.69,29569.23,,29569.23
1298,2025-11-19 13:52:00,34089341,Shopping,Presencial,7,5,JOG-AZU-L,1,16544.66,41361.66,,41361.66
1298,2025-11-19 13:52:00,34089341,Shopping,Presencial,7,5,CHU-ÍND-XXL,1,13529.35,27735.17,9.0,27735.17
1298,2025-11-19 13:52:00,34089341,Shopping,Presencial,7,5,CHU-ÍND-XXL,1,13529.35,33823.38,,33823.38
1299,2025-04-16 10:02:00,32828789,Centro,Presencial,1,5,CIN-ROS-XXL,1,13257.96,33144.89,,33144.89
1299,2025-04-16 10:02:00,32828789,Centro,Presencial,1,5,BUZ-AZU-unico,1,11827.69,29569.23,,29569.23
1300,2025-11-14 11:05:00,42745601,Tienda Online,Web,9,5,CIN-MAR-XL,1,13257.96,33144.89,,33144.89
1300,2025-11-14 11:05:00,42745601,Tienda Online,Web,9,5,CHU-NEG-XXL,1,13529.35,27735.17,9.0,27735.17
1300,2025-11-14 11:05:00,42745601,Tienda Online,Web,9,5,GOR-GRI-unico,1,11486.7,28716.74,,28716.74
1301,2024-07-22 10:08:00,26161813,Shopping,Presencial,7,3,JOG-CEL-unico,1,16544.66,41361.66,,41361.66
1301,2024-07-22 10:08:00,26161813,Shopping,Presencial,7,3,CIN-MAR-M,2,13257.96,33144.89,,66289.78
1301,2024-07-22 10:08:00,26161813,Shopping,Presencial,7,3,JOG-CEL-unico,1,16544.66,41361.66,,41361.66
1302,2024-06-08 18:07:00,37388193,Shopping,Presencial,7,3,CIN-MAR-M,1,13257.96,33144.89,,33144.89
1302,2024-06-08 18:07:00,37388193,Shopping,Presencial,7,3,GOR-GRI-unico,1,11486.7,28716.74,,28716.74
1302,2024-06-08 18:07:00,37388193,Shopping,Presencial,7,3,CIN-TUR-XL,1,13257.96,33144.89,,33144.89
1302,2024-06-08 18:07:00,37388193,Shopping,Presencial,7,3,CAM-BEI-unico,1,14680.23,36700.58,,36700.58
1303,2024-12-28 17:34:00,16744926,Centro,Presencial,1,3,SWE-MAR-M,1,13010.13,32525.33,,32525.33
1303,2024-12-28 17:34:00,16744926,Centro,Presencial,1,3,SWE-MAR-L,1,13010.13,32525.33,,32525.33
1303,2024-12-28 17:34:00,16744926,Centro,Presencial,1,3,CIN-MAR-L,1,13257.96,33144.89,,33144.89
1303,2024-12-28 17:34:00,16744926,Centro,Presencial,1,3,CIN-MAR-S,1,13257.96,33144.89,,33144.89
1303,2024-12-28 17:34:00,16744926,Centro,Presencial,1,3,REM-VIO-L,1,13071.19,32677.97,,32677.97
1304,2024-12-10 23:59:00,20565131,Tienda Online,Web,9,4,CAM-CEL-XL,1,14680.23,36700.58,,36700.58
1304,2024-12-10 23:59:00,20565131,Tienda Online,Web,9,4,CHU-ÍND-XL,1,13529.35,33823.38,,33823.38
1304,2024-12-10 23:59:00,20565131,Tienda Online,Web,9,4,REM-CEL-XXL,1,13673.12,34182.8,,34182.8
1305,2025-11-21 18:26:00,29687578,Tienda Online,Web,10,4,JOG-CEL-unico,1,16544.66,41361.66,,41361.66
1305,2025-11-21 18:26:00,29687578,Tienda Online,Web,10,4,CIN-ROS-S,1,13257.96,33144.89,,33144.89
1306,2024-06-21 10:45:00,12807087,Centro,Presencial,1,1,CAM-BLA-M,2,14680.23,36700.58,,73401.16
1307,2024-06-08 11:56:00,28011719,Shopping,Presencial,7,5,CIN-TUR-XL,2,13257.96,33144.89,,66289.78
1307,2024-06-08 11:56:00,28011719,Shopping,Presencial,7,5,JEA-NEG-M,1,8748.58,21871.44,,21871.44
1307,2024-06-08 11:56:00,28011719,Shopping,Presencial,7,5,REM-VIO-M,1,13071.19,32677.97,,32677.97
1307,2024-06-08 11:56:00,28011719,Shopping,Presencial,7,5,REM-TUR-XXL,1,13673.12,34182.8,,34182.8
1307,2024-06-08 11:56:00,28011719,Shopping,Presencial,7,5,CHU-ÍND-L,1,13529.35,33823.38,,33823.38
1308,2024-12-23 16:52:00,16123174,Shopping,Presencial,7,4,REM-TUR-XXL,1,13673.12,34182.8,,34182.8
1309,2025-04-28 19:03:00,34898161,Tienda Online,Web,10,4,REM-TUR-S,1,13673.12,34182.8,,34182.8
1310,2025-06-26 13:55:00,20736210,Norte,Presencial,5,2,CAM-BEI-L,1,14680.23,36700.58,,36700.58
1310,2025-06-26 13:55:00,20736210,Norte,Presencial,5,2,MUS-AZU-unico,1,12928.22,32320.56,,32320.56
1310,2025-06-26 13:55:00,20736210,Norte,Presencial,5,2,REM-VIO-XL,1,13071.19,32677.97,,32677.97
1311,2025-04-04 12:19:00,14310325,Shopping,Presencial,7,3,CHU-VER-XL,1,13529.35,33823.38,,33823.38
1311,2025-04-04 12:19:00,14310325,Shopping,Presencial,7,3,REM-CEL-XXL,1,13673.12,34182.8,,34182.8
1311,2025-04-04 12:19:00,14310325,Shopping,Presencial,7,3,REM-TUR-XXL,1,13673.12,34182.8,,34182.8
1311,2025-04-04 12:19:00,14310325,Shopping,Presencial,7,3,CIN-MAR-XL,1,13257.96,33144.89,,33144.89
1311,2025-04-04 12:19:00,14310325,Shopping,Presencial,7,3,CIN-ROS-unico,1,13257.96,33144.89,,33144.89
1312,2024-10-04 02:32:00,30549138,Tienda Online,Web,9,1,CAM-BLA-M,2,14680.23,36700.58,,73401.16
1312,2024-10-04 02:32:00,30549138,Tienda Online,Web,9,1,CIN-TUR-XL,1,13257.96,33144.89,,33144.89
1312,2024-10-04 02:32:00,30549138,Tienda Online,Web,9,1,CHU-NEG-S,1,13529.35,33823.38,,33823.38
1312,2024-10-04 02:32:00,30549138,Tienda Online,Web,9,1,REM-TUR-XXL,2,13673.12,34182.8,,68365.6
1313,2024-08-02 10:28:00,41341494,Norte,Presencial,6,2,BUZ-AZU-M,1,11827.69,29569.23,,29569.23
1314,2025-07-08 19:05:00,32223091,Shopping,Presencial,7,5,CIN-MAR-L,1,13257.96,33144.89,,33144.89
1315,2024-11-14 18:21:00,44185636,Centro,Presencial,2,3,SWE-MAR-L,1,13010.13,32525.33,,32525.33
1315,2024-11-14 18:21:00,44185636,Centro,Presencial,2,3,GOR-ROJ-unico,1,11486.7,28716.74,,28716.74
1315,2024-11-14 18:21:00,44185636,Centro,Presencial,2,3,MUS-CEL-S,1,12928.22,32320.56,,32320.56
1315,2024-11-14 18:21:00,44185636,Centro,Presencial,2,3,CAM-BLA-M,1,14680.23,36700.58,,36700.58
1316,2024-11-16 18:28:00,18818897,Shopping,Presencial,7,5,SWE-MAR-unico,2,13010.13,32525.33,,65050.66
1316,2024-11-16 18:28:00,18818897,Shopping,Presencial,7,5,CIN-ROS-XXL,1,13257.96,33144.89,,33144.89
1316,2024-11-16 18:28:00,18818897,Shopping,Presencial,7,5,GOR-GRI-S,1,11486.7,28716.74,,28716.74
1316,2024-11-16 18:28:00,18818897,Shopping,Presencial,7,5,REM-TUR-XXL,1,13673.12,34182.8,,34182.8
1317,2024-09-21 10:19:00,25333944,Centro,Presencial,1,4,CIN-MAR-L,1,13257.96,33144.89,,33144.89
1318,2024-05-04 15:07:00,26297346,Centro,Presencial,2,5,REM-TUR-XXL,1,13673.12,33382.8,12.0,33382.8
1318,2024-05-04 15:07:00,26297346,Centro,Presencial,2,5,SWE-MAR-L,2,13010.13,32525.33,,65050.66
1318,2024-05-04 15:07:00,26297346,Centro,Presencial,2,5,CIN-ROS-XXL,1,13257.96,33144.89,,33144.89
1318,2024-05-04 15:07:00,26297346,Centro,Presencial,2,5,JEA-LAV-L,1,8748.58,21871.44,,21871.44
1319,2025-04-28 04:42:00,29368328,Tienda Online,Web,10,3,MUS-AZU-XXL,1,12928.22,26502.86,10.0,26502.86
1319,2025-04-28 04:42:00,29368328,Tienda Online,Web,10,3,JEA-NEG-M,1,8748.58,21871.44,,21871.44
1319,2025-04-28 04:42:00,29368328,Tienda Online,Web,10,3,CHU-NEG-M,2,13529.35,33823.38,,67646.76
1319,2025-04-28 04:42:00,29368328,Tienda Online,Web,10,3,MUS-AZU-XXL,1,12928.22,32320.56,,32320.56
1319,2025-04-28 04:42:00,29368328,Tienda Online,Web,10,3,JOG-AZU-XXL,1,16544.66,41361.66,,41361.66
1320,2025-08-29 13:30:00,12239055,Shopping,Presencial,7,3,MUS-CEL-S,1,12928.22,32320.56,,32320.56
1320,2025-08-29 13:30:00,12239055,Shopping,Presencial,7,3,CAM-BEI-L,1,14680.23,36700.58,,36700.58
1321,2024-08-17 17:37:00,30132463,Centro,Presencial,2,1,JOG-ÍND-XL,1,16544.66,41361.66,,41361.66
1321,2024-08-17 17:37:00,30132463,Centro,Presencial,2,1,REM-TUR-XXL,1,13673.12,34182.8,,34182.8
1322,2024-03-01 19:47:00,11723249,Shopping,Presencial,7,2,CAM-BEI-unico,2,14680.23,36700.58,,73401.16
1322,2024-03-01 19:47:00,11723249,Shopping,Presencial,7,2,CIN-MAR-S,1,13257.96,33144.89,,33144.89
1322,2024-03-01 19:47:00,11723249,Shopping,Presencial,7,2,JEA-NEG-M,1,8748.58,21871.44,,21871.44
1322,2024-03-01 19:47:00,11723249,Shopping,Presencial,7,2,CIN-MAR-L,2,13257.96,33144.89,,66289.78
1323,2025-03-11 13:46:00,19364231,Shopping,Presencial,7,1,CAM-BEI-L,1,14680.23,36700.58,,36700.58
1323,2025-03-11 13:46:00,19364231,Shopping,Presencial,7,1,CAM-BEI-L,1,14680.23,36700.58,,36700.58
1323,2025-03-11 13:46:00,19364231,Shopping,Presencial,7,1,GOR-GRI-L,1,11486.7,17230.04,7.0,17230.04
1323,2025-03-11 13:46:00,19364231,Shopping,Presencial,7,1,REM-VIO-M,1,13071.19,32677.97,,32677.97
1324,2025-06-24 12:44:00,12132899,Tienda Online,Web,9,4,BUZ-AZU-M,2,11827.69,29569.23,,59138.46
1325,2025-06-06 02:00:00,26069372,Tienda Online,Web,10,1,CHU-VER-S,1,13529.35,33823.38,,33823.38
1326,2024-04-18 22:25:00,39176602,Tienda Online,Web,9,3,MUS-AZU-XXL,1,12928.22,32320.56,,32320.56
1326,2024-04-18 22:25:00,39176602,Tienda Online,Web,9,3,REM-BLA-XL,1,13071.19,32677.97,,32677.97
1326,2024-04-18 22:25:00,39176602,Tienda Online,Web,9,3,JOG-AZU-unico,2,16544.66,41361.66,,82723.32
1326,2024-04-18 22:25:00,39176602,Tienda Online,Web,9,3,GOR-GRI-M,1,11486.7,28716.74,,28716.74
1327,2024-02-23 16:53:00,27906335,Centro,Presencial,1,4,REM-TUR-XXL,2,13673.12,34182.8,,68365.6
1328,2025-07-18 10:28:00,30390056,Shopping,Presencial,7,5,CAM-BEI-L,1,14680.23,36700.58,,36700.58
1328,2025-07-18 10:28:00,30390056,Shopping,Presencial,7,5,CHU-NEG-S,1,13529.35,33823.38,,33823.38
1328,2025-07-18 10:28:00,30390056,Shopping,Presencial,7,5,JEA-NEG-XL,1,8748.58,21871.44,,21871.44
1328,2025-07-18 10:28:00,30390056,Shopping,Presencial,7,5,CIN-MAR-S,1,13257.96,33144.89,,33144.89
1328,2025-07-18 10:28:00,30390056,Shopping,Presencial,7,5,CHU-NEG-unico,1,13529.35,33823.38,,33823.38
1329,2025-02-26 13:45:00,17019579,Centro,Presencial,1,1,SWE-MAR-unico,1,13010.13,32525.33,,32525.33
1330,2025-11-13 12:27:00,18293899,Centro,Presencial,2,3,REM-BLA-S,1,13071.19,32677.97,,32677.97
1330,2025-11-13 12:27:00,18293899,Centro,Presencial,2,3,JEA-NEG-XL,1,8748.58,21871.44,,21871.44
1331,2024-06-14 06:15:00,31117675,Tienda Online,Web,10,4,CAM-BLA-M,1,14680.23,36700.58,,36700.58
1331,2024-06-14 06:15:00,31117675,Tienda Online,Web,10,4,GOR-GRI-M,1,11486.7,28716.74,,28716.74
1332,2024-08-31 05:10:00,17614246,Tienda Online,Web,9,5,CHU-NEG-S,2,13529.35,33823.38,,67646.76
1332,2024-08-31 05:10:00,17614246,Tienda Online,Web,9,5,CAM-BLA-M,1,14680.23,36700.58,,36700.58
1332,2024-08-31 05:10:00,17614246,Tienda Online,Web,9,5,CAM-BLA-M,1,14680.23,36700.58,,36700.58
1332,2024-08-31 05:10:00,17614246,Tienda Online,Web,9,5,GOR-GRI-XXL,1,11486.7,28716.74,,28716.74
1333,2025-11-28 10:13:00,25333944,Tienda Online,Web,9,5,JOG-AZU-L,2,16544.66,41361.66,,82723.32
1333,2025-11-28 10:13:00,25333944,Tienda Online,Web,9,5,CHU-NEG-XXL,1,13529.35,33823.38,,33823.38
1333,2025-11-28 10:13:00,25333944,Tienda Online,Web,9,5,CIN-MAR-XL,2,13257.96,33144.89,,66289.78
1333,2025-11-28 10:13:00,25333944,Tienda Online,Web,9,5,JEA-LAV-unico,1,8748.58,21871.44,,21871.44
1333,2025-11-28 10:13:00,25333944,Tienda Online,Web,9,5,REM-VIO-XL,1,13071.19,32677.97,,32677.97
1334,2024-10-16 16:39:00,34764543,Centro,Presencial,2,3,CAM-CEL-XL,1,14680.23,36700.58,,36700.58
1334,2024-10-16 16:39:00,34764543,Centro,Presencial,2,3,GOR-GRI-unico,1,11486.7,28716.74,,28716.74
1334,2024-10-16 16:39:00,34764543,Centro,Presencial,2,3,REM-TUR-XXL,1,13673.12,34182.8,,34182.8
1335,2025-09-13 14:32:00,26069372,Norte,Presencial,6,1,REM-VIO-L,1,13071.19,32677.97,,32677.97
1335,2025-09-13 14:32:00,26069372,Norte,Presencial,6,1,CIN-MAR-XL,1,13257.96,33144.89,,33144.89
1335,2025-09-13 14:32:00,26069372,Norte,Presencial,6,1,CHU-NEG-unico,1,13529.35,33823.38,,33823.38
1336,2024-12-04 17:39:00,35526737,Centro,Presencial,2,1,JOG-CEL-unico,1,16544.66,41361.66,,41361.66
1336,2024-12-04 17:39:00,35526737,Centro,Presencial,2,1,CIN-TUR-XL,2,13257.96,33144.89,,66289.78
1337,2024-03-04 23:59:00,38133707,Tienda Online,Web,9,2,GOR-GRI-S,2,11486.7,28716.74,,57433.48
1337,2024-03-04 23:59:00,38133707,Tienda Online,Web,9,2,SWE-AZU-S,1,13010.13,32525.33,,32525.33
1337,2024-03-04 23:59:00,38133707,Tienda Online,Web,9,2,CAM-BEI-unico,1,14680.23,36700.58,,36700.58
1337,2024-03-04 23:59:00,38133707,Tienda Online,Web,9,2,MUS-CEL-S,1,12928.22,32320.56,,32320.56
1338,2025-09-06 22:45:00,24377188,Tienda Online,Web,10,2,CIN-TUR-XL,1,13257.96,33144.89,,33144.89
1338,2025-09-06 22:45:00,24377188,Tienda Online,Web,10,2,REM-TUR-XXL,1,13673.12,34182.8,,34182.8
1338,2025-09-06 22:45:00,24377188,Tienda Online,Web,10,2,REM-VIO-XL,1,13071.19,28756.61,6.0,28756.61
1339,2025-10-06 11:50:00,17792713,Tienda Online,Web,10,5,CAM-BEI-unico,1,14680.23,36700.58,,36700.58
1339,2025-10-06 11:50:00,17792713,Tienda Online,Web,10,5,GOR-ROJ-L,1,11486.7,28716.74,,28716.74
1339,2025-10-06 11:50:00,17792713,Tienda Online,Web,10,5,CHU-ÍND-unico,1,13529.35,33823.38,,33823.38
1339,2025-10-06 11:50:00,17792713,Tienda Online,Web,10,5,CIN-ROS-XXL,1,13257.96,33144.89,,33144.89
1340,2025-05-01 21:58:00,25293994,Tienda Online,Web,9,2,REM-TUR-S,2,13673.12,34182.8,,68365.6
1341,2025-03-21 14:11:00,38153498,Shopping,Presencial,7,2,CHU-ÍND-XXL,1,13529.35,33823.38,,33823.38
1342,2024-11-13 17:17:00,28316378,Tienda Online,Web,9,1,CHU-NEG-S,1,13529.35,33823.38,,33823.38
1342,2024-11-13 17:17:00,28316378,Tienda Online,Web,9,1,REM-BLA-XL,2,13071.19,32677.97,,65355.94
1342,2024-11-13 17:17:00,28316378,Tienda Online,Web,9,1,GOR-GRI-M,1,11486.7,28716.74,,28716.74
1342,2024-11-13 17:17:00,28316378,Tienda Online,Web,9,1,GOR-GRI-S,1,11486.7,28716.74,,28716.74
1342,2024-11-13 17:17:00,28316378,Tienda Online,Web,9,1,JEA-LAV-L,2,8748.58,21871.44,,43742.88
1343,2025-09-19 18:40:00,32494103,Centro,Presencial,2,2,BUZ-AZU-M,1,11827.69,19220.0,8.0,19220.0
1343,2025-09-19 18:40:00,32494103,Centro,Presencial,2,2,CIN-TUR-unico,2,13257.96,21544.18,8.0,43088.36
1343,2025-09-19 18:40:00,32494103,Centro,Presencial,2,2,BUZ-AZU-L,1,11827.69,29569.23,,29569.23
1344,2024-12-31 02:30:00,24697145,Tienda Online,Web,10,4,CHU-ÍND-XL,1,13529.35,33823.38,,33823.38
1344,2024-12-31 02:30:00,24697145,Tienda Online,Web,10,4,GOR-GRI-M,1,11486.7,28716.74,,28716.74
1344,2024-12-31 02:30:00,24697145,Tienda Online,Web,10,4,CAM-BEI-L,1,14680.23,36700.58,,36700.58
1344,2024-12-31 02:30:00,24697145,Tienda Online,Web,10,4,GOR-GRI-M,1,11486.7,28716.74,,28716.74
1345,2025-10-27 22:36:00,15376189,Tienda Online,Web,10,5,CIN-TUR-XL,1,13257.96,33144.89,,33144.89
1345,2025-10-27 22:36:00,15376189,Tienda Online,Web,10,5,CAM-BLA-M,1,14680.23,36700.58,,36700.58
1345,2025-10-27 22:36:00,15376189,Tienda Online,Web,10,5,REM-CEL-XXL,1,13673.12,34182.8,,34182.8
1346,2025-06-07 11:40:00,42520755,Norte,Presencial,4,3,CHU-ÍND-L,1,13529.35,33823.38,,33823.38
1346,2025-06-07 11:40:00,42520755,Norte,Presencial,4,3,REM-TUR-XXL,1,13673.12,34182.8,,34182.8
1347,2024-08-12 11:13:00,22588451,Norte,Presencial,6,2,BUZ-AZU-unico,1,11827.69,29569.23,,29569.23
1348,2025-03-24 18:46:00,16381102,Centro,Presencial,2,2,CHU-ÍND-L,1,13529.35,20294.03,7.0,20294.03
1348,2025-03-24 18:46:00,16381102,Centro,Presencial,2,2,GOR-GRI-L,1,11486.7,28716.74,,28716.74
1349,2025-09-05 23:06:00,21484920,Tienda Online,Web,9,3,CIN-ROS-XXL,1,13257.96,33144.89,,33144.89
1350,2024-05-12 10:59:00,32828789,Centro,Presencial,1,4,JOG-CEL-unico,1,16544.66,41361.66,,41361.66
1350,2024-05-12 10:59:00,32828789,Centro,Presencial,1,4,REM-TUR-XXL,1,13673.12,34182.8,,34182.8
1350,2024-05-12 10:59:00,32828789,Centro,Presencial,1,4,GOR-GRI-M,1,11486.7,28716.74,,28716.74
1350,2024-05-12 10:59:00,32828789,Centro,Presencial,1,4,CIN-MAR-XL,1,13257.96,33144.89,,33144.89
1351,2025-08-11 10:29:00,13836296,Shopping,Presencial,7,5,CHU-ÍND-XL,1,13529.35,33823.38,,33823.38
1351,2025-08-11 10:29:00,13836296,Shopping,Presencial,7,5,CHU-NEG-S,2,13529.35,33823.38,,67646.76
1351,2025-08-11 10:29:00,13836296,Shopping,Presencial,7,5,CHU-NEG-XL,1,13529.35,33823.38,,33823.38
1352,2024-05-25 00:17:00,14265307,Tienda Online,Web,10,2,SWE-AZU-S,1,13010.13,31725.33,12.0,31725.33
1352,2024-05-25 00:17:00,14265307,Tienda Online,Web,10,2,GOR-GRI-M,1,11486.7,28716.74,,28716.74
1352,2024-05-25 00:17:00,14265307,Tienda Online,Web,10,2,JEA-LAV-L,1,8748.58,21871.44,,21871.44
1353,2025-07-26 12:51:00,21787005,Norte,Presencial,4,5,CHU-VER-S,1,13529.35,33823.38,,33823.38
1353,2025-07-26 12:51:00,21787005,Norte,Presencial,4,5,CHU-ÍND-XL,1,13529.35,33823.38,,33823.38
1354,2025-05-24 05:50:00,41410296,Tienda Online,Web,9,3,CIN-MAR-S,1,13257.96,33144.89,,33144.89
1354,2025-05-24 05:50:00,41410296,Tienda Online,Web,9,3,MUS-CEL-S,1,12928.22,32320.56,,32320.56
1354,2025-05-24 05:50:00,41410296,Tienda Online,Web,9,3,CIN-MAR-M,1,13257.96,33144.89,,33144.89
1354,2025-05-24 05:50:00,41410296,Tienda Online,Web,9,3,BUZ-AZU-M,1,11827.69,20698.46,5.0,20698.46
1354,2025-05-24 05:50:00,41410296,Tienda Online,Web,9,3,CIN-ROS-unico,1,13257.96,33144.89,,33144.89
1355,2024-04-05 18:58:00,18494838,Tienda Online,Web,9,1,JOG-ÍND-M,1,16544.66,41361.66,,41361.66
1355,2024-04-05 18:58:00,18494838,Tienda Online,Web,9,1,JOG-CEL-unico,1,16544.66,41361.66,,41361.66
1355,2024-04-05 18:58:00,18494838,Tienda Online,Web,9,1,GOR-GRI-S,1,11486.7,28716.74,,28716.74
1356,2024-12-10 11:56:00,26161813,Shopping,Presencial,7,3,REM-VIO-L,1,13071.19,32677.97,,32677.97
1356,2024-12-10 11:56:00,26161813,Shopping,Presencial,7,3,BUZ-AZU-M,1,11827.69,29569.23,,29569.23
1356,2024-12-10 11:56:00,26161813,Shopping,Presencial,7,3,CIN-TUR-XL,1,13257.96,33144.89,,33144.89
1357,2024-05-24 12:38:00,37011889,Centro,Presencial,2,3,JEA-LAV-L,1,8748.58,21071.44,12.0,21071.44
1357,2024-05-24 12:38:00,37011889,Centro,Presencial,2,3,MUS-AZU-unico,1,12928.22,32320.56,,32320.56
1358,2025-05-26 17:57:00,14265307,Centro,Presencial,2,1,SWE-AZU-S,1,13010.13,32525.33,,32525.33
1358,2025-05-26 17:57:00,14265307,Centro,Presencial,2,1,CHU-NEG-M,1,13529.35,33823.38,,33823.38
1358,2025-05-26 17:57:00,14265307,Centro,Presencial,2,1,JEA-NEG-unico,1,8748.58,21871.44,,21871.44
1358,2025-05-26 17:57:00,14265307,Centro,Presencial,2,1,REM-TUR-XXL,1,13673.12,34182.8,,34182.8
1359,2025-11-14 09:27:00,36674654,Tienda Online,Web,9,2,JEA-LAV-L,1,8748.58,21871.44,,21871.44
1359,2025-11-14 09:27:00,36674654,Tienda Online,Web,9,2,JEA-LAV-L,1,8748.58,17934.58,9.0,17934.58
1360,2024-02-20 04:27:00,25145607,Tienda Online,Web,10,1,CIN-MAR-M,1,13257.96,33144.89,,33144.89
1360,2024-02-20 04:27:00,25145607,Tienda Online,Web,10,1,CHU-VER-XL,1,13529.35,33823.38,,33823.38
1360,2024-02-20 04:27:00,25145607,Tienda Online,Web,10,1,REM-TUR-XXL,1,13673.12,34182.8,,34182.8
1361,2024-09-06 20:18:00,30831897,Tienda Online,Web,10,4,JOG-ÍND-S,1,16544.66,41361.66,,41361.66
1361,2024-09-06 20:18:00,30831897,Tienda Online,Web,10,4,GOR-GRI-XXL,1,11486.7,28716.74,,28716.74
1361,2024-09-06 20:18:00,30831897,Tienda Online,Web,10,4,GOR-GRI-unico,1,11486.7,28716.74,,28716.74
1361,2024-09-06 20:18:00,30831897,Tienda Online,Web,10,4,REM-BLA-XL,1,13071.19,32677.97,,32677.97
1362,2025-11-22 03:03:00,35526938,Tienda Online,Web,10,1,CAM-BLA-S,1,14680.23,29360.46,1.0,29360.46
1362,2025-11-22 03:03:00,35526938,Tienda Online,Web,10,1,CIN-TUR-unico,1,13257.96,33144.89,,33144.89
1362,2025-11-22 03:03:00,35526938,Tienda Online,Web,10,1,MUS-CEL-XXL,2,12928.22,25856.45,1.0,51712.9
1363,2025-05-31 09:25:00,41410296,Tienda Online,Web,10,5,CHU-ÍND-L,1,13529.35,33823.38,,33823.38
1363,2025-05-31 09:25:00,41410296,Tienda Online,Web,10,5,MUS-AZU-unico,1,12928.22,32320.56,,32320.56
1363,2025-05-31 09:25:00,41410296,Tienda Online,Web,10,5,CHU-NEG-unico,2,13529.35,33823.38,,67646.76
1363,2025-05-31 09:25:00,41410296,Tienda Online,Web,10,5,GOR-ROJ-unico,1,11486.7,28716.74,,28716.74
1364,2024-10-25 15:17:00,44533969,Norte,Presencial,6,4,JOG-ÍND-XL,1,16544.66,41361.66,,41361.66
1365,2024-03-29 17:44:00,17245195,Centro,Presencial,1,4,MUS-AZU-unico,1,12928.22,32320.56,,32320.56
1365,2024-03-29 17:44:00,17245195,Centro,Presencial,1,4,CAM-BEI-L,1,14680.23,36700.58,,36700.58
1365,2024-03-29 17:44:00,17245195,Centro,Presencial,1,4,CAM-CEL-XL,1,14680.23,36700.58,,36700.58
1366,2024-10-14 12:21:00,34306027,Norte,Presencial,4,5,GOR-GRI-unico,1,11486.7,28716.74,,28716.74
1366,2024-10-14 12:21:00,34306027,Norte,Presencial,4,5,REM-TUR-XXL,1,13673.12,34182.8,,34182.8
1367,2024-05-19 06:28:00,23499019,Tienda Online,Web,10,2,GOR-GRI-S,1,11486.7,27916.74,12.0,27916.74
1367,2024-05-19 06:28:00,23499019,Tienda Online,Web,10,2,JEA-LAV-unico,1,8748.58,21871.44,,21871.44
1368,2025-09-27 11:43:00,35314138,Tienda Online,Web,10,5,JEA-NEG-XL,1,8748.58,21871.44,,21871.44
1368,2025-09-27 11:43:00,35314138,Tienda Online,Web,10,5,GOR-GRI-L,1,11486.7,28716.74,,28716.74
1368,2025-09-27 11:43:00,35314138,Tienda Online,Web,10,5,GOR-GRI-M,1,11486.7,28716.74,,28716.74
1369,2025-03-15 19:37:00,42494017,Shopping,Presencial,7,2,CIN-TUR-unico,1,13257.96,33144.89,,33144.89
1369,2025-03-15 19:37:00,42494017,Shopping,Presencial,7,2,CAM-BLA-XL,1,14680.23,36700.58,,36700.58
1369,2025-03-15 19:37:00,42494017,Shopping,Presencial,7,2,MUS-CEL-S,1,12928.22,32320.56,,32320.56
1370,2025-05-22 09:36:00,18494838,Tienda Online,Web,10,2,SWE-AZU-S,1,13010.13,32525.33,,32525.33
1371,2025-10-21 09:35:00,19104260,Centro,Presencial,2,2,CAM-BEI-L,1,14680.23,36700.58,,36700.58
1372,2024-02-03 13:33:00,11723249,Norte,Presencial,5,4,GOR-GRI-M,1,11486.7,28716.74,,28716.74
1372,2024-02-03 13:33:00,11723249,Norte,Presencial,5,4,CHU-NEG-S,1,13529.35,33823.38,,33823.38
1372,2024-02-03 13:33:00,11723249,Norte,Presencial,5,4,CIN-MAR-S,1,13257.96,33144.89,,33144.89
1372,2024-02-03 13:33:00,11723249,Norte,Presencial,5,4,SWE-MAR-L,1,13010.13,32525.33,,32525.33
1373,2025-11-22 21:41:00,29841084,Tienda Online,Web,10,2,SWE-AZU-XXL,1,13010.13,32525.33,,32525.33
1373,2025-11-22 21:41:00,29841084,Tienda Online,Web,10,2,JOG-CEL-unico,1,16544.66,41361.66,,41361.66
1374,2024-10-05 10:05:00,41690133,Shopping,Presencial,7,2,MUS-AZU-M,1,12928.22,32320.56,,32320.56
1374,2024-10-05 10:05:00,41690133,Shopping,Presencial,7,2,JOG-CEL-unico,1,16544.66,41361.66,,41361.66
1375,2025-01-30 19:33:00,38120042,Centro,Presencial,2,5,MUS-CEL-S,1,12928.22,32320.56,,32320.56
1375,2025-01-30 19:33:00,38120042,Centro,Presencial,2,5,SWE-MAR-L,1,13010.13,32525.33,,32525.33
1375,2025-01-30 19:33:00,38120042,Centro,Presencial,2,5,CIN-MAR-S,2,13257.96,33144.89,,66289.78
1376,2024-08-03 16:37:00,28731761,Norte,Presencial,4,1,BUZ-AZU-unico,1,11827.69,29569.23,,29569.23
1377,2024-09-25 19:02:00,20565131,Centro,Presencial,2,3,MUS-AZU-XXL,2,12928.22,32320.56,,64641.12
1377,2024-09-25 19:02:00,20565131,Centro,Presencial,2,3,JOG-CEL-unico,1,16544.66,41361.66,,41361.66
1377,2024-09-25 19:02:00,20565131,Centro,Presencial,2,3,CIN-TUR-XL,2,13257.96,33144.89,,66289.78
1377,2024-09-25 19:02:00,20565131,Centro,Presencial,2,3,CIN-TUR-unico,1,13257.96,33144.89,,33144.89
1378,2025-10-15 10:59:00,12567397,Centro,Presencial,1,3,REM-BLA-unico,1,13071.19,32677.97,,32677.97
1378,2025-10-15 10:59:00,12567397,Centro,Presencial,1,3,SWE-MAR-unico,1,13010.13,32525.33,,32525.33
1379,2024-01-23 18:13:00,20369856,Tienda Online,Web,10,1,CIN-MAR-XL,1,13257.96,33144.89,,33144.89
1379,2024-01-23 18:13:00,20369856,Tienda Online,Web,10,1,JEA-LAV-unico,1,8748.58,21871.44,,21871.44
1379,2024-01-23 18:13:00,20369856,Tienda Online,Web,10,1,MUS-AZU-XXL,1,12928.22,32320.56,,32320.56
1379,2024-01-23 18:13:00,20369856,Tienda Online,Web,10,1,CIN-MAR-S,1,13257.96,33144.89,,33144.89
1379,2024-01-23 18:13:00,20369856,Tienda Online,Web,10,1,MUS-AZU-unico,2,12928.22,32320.56,,64641.12
1380,2024-05-15 15:11:00,20369856,Norte,Presencial,5,3,GOR-GRI-S,1,11486.7,28716.74,,28716.74
1380,2024-05-15 15:11:00,20369856,Norte,Presencial,5,3,GOR-GRI-M,1,11486.7,28716.74,,28716.74
1381,2025-05-03 01:39:00,28688292,Tienda Online,Web,9,4,CIN-TUR-unico,1,13257.96,33144.89,,33144.89
1381,2025-05-03 01:39:00,28688292,Tienda Online,Web,9,4,GOR-GRI-M,1,11486.7,28716.74,,28716.74
1382,2024-10-30 11:39:00,30090967,Tienda Online,Web,10,2,CAM-BLA-M,1,14680.23,36700.58,,36700.58
1382,2024-10-30 11:39:00,30090967,Tienda Online,Web,10,2,CAM-BEI-L,1,14680.23,36700.58,,36700.58
1382,2024-10-30 11:39:00,30090967,Tienda Online,Web,10,2,JOG-AZU-unico,1,16544.66,41361.66,,41361.66
1382,2024-10-30 11:39:00,30090967,Tienda Online,Web,10,2,JEA-NEG-unico,1,8748.58,21871.44,,21871.44
1383,2025-04-08 09:47:00,34552283,Centro,Presencial,2,3,CAM-BEI-L,1,14680.23,36700.58,,36700.58
1383,2025-04-08 09:47:00,34552283,Centro,Presencial,2,3,CHU-NEG-M,1,13529.35,33823.38,,33823.38
1383,2025-04-08 09:47:00,34552283,Centro,Presencial,2,3,REM-CEL-XXL,1,13673.12,34182.8,,34182.8
1383,2025-04-08 09:47:00,34552283,Centro,Presencial,2,3,JOG-ÍND-S,1,16544.66,33916.56,10.0,33916.56
1384,2024-08-17 12:19:00,38133707,Centro,Presencial,2,4,JOG-AZU-unico,1,16544.66,41361.66,,41361.66
1384,2024-08-17 12:19:00,38133707,Centro,Presencial,2,4,GOR-GRI-S,1,11486.7,28716.74,,28716.74
1384,2024-08-17 12:19:00,38133707,Centro,Presencial,2,4,MUS-AZU-XXL,1,12928.22,32320.56,,32320.56
1384,2024-08-17 12:19:00,38133707,Centro,Presencial,2,4,CHU-ÍND-XXL,1,13529.35,33823.38,,33823.38
1384,2024-08-17 12:19:00,38133707,Centro,Presencial,2,4,GOR-ROJ-unico,1,11486.7,28716.74,,28716.74
1385,2024-12-14 05:36:00,20915531,Tienda Online,Web,9,2,JOG-AZU-XXL,1,16544.66,41361.66,,41361.66
1385,2024-12-14 05:36:00,20915531,Tienda Online,Web,9,2,JOG-CEL-unico,1,16544.66,41361.66,,41361.66
1386,2024-05-24 09:27:00,25086706,Norte,Presencial,5,2,JOG-AZU-unico,1,16544.66,41361.66,,41361.66
1386,2024-05-24 09:27:00,25086706,Norte,Presencial,5,2,SWE-AZU-S,1,13010.13,32525.33,,32525.33
1386,2024-05-24 09:27:00,25086706,Norte,Presencial,5,2,CHU-NEG-S,2,13529.35,33023.38,12.0,66046.76
1386,2024-05-24 09:27:00,25086706,Norte,Presencial,5,2,GOR-GRI-XXL,1,11486.7,28716.74,,28716.74
1387,2025-03-06 05:56:00,17471301,Tienda Online,Web,10,3,GOR-GRI-unico,1,11486.7,28716.74,,28716.74
1387,2025-03-06 05:56:00,17471301,Tienda Online,Web,10,3,CIN-MAR-S,1,13257.96,33144.89,,33144.89
1387,2025-03-06 05:56:00,17471301,Tienda Online,Web,10,3,MUS-AZU-M,1,12928.22,32320.56,,32320.56
1387,2025-03-06 05:56:00,17471301,Tienda Online,Web,10,3,CAM-BEI-unico,1,14680.23,22020.35,7.0,22020.35
1388,2025-01-03 16:50:00,40793026,Centro,Presencial,2,5,GOR-ROJ-S,1,11486.7,28716.74,,28716.74
1388,2025-01-03 16:50:00,40793026,Centro,Presencial,2,5,MUS-AZU-M,1,12928.22,32320.56,,32320.56
1388,2025-01-03 16:50:00,40793026,Centro,Presencial,2,5,CIN-MAR-XL,1,13257.96,33144.89,,33144.89
1388,2025-01-03 16:50:00,40793026,Centro,Presencial,2,5,JEA-LAV-unico,1,8748.58,21871.44,,21871.44
1389,2024-04-30 15:45:00,30028290,Norte,Presencial,5,3,JOG-AZU-unico,1,16544.66,41361.66,,41361.66
1389,2024-04-30 15:45:00,30028290,Norte,Presencial,5,3,CIN-MAR-XL,1,13257.96,33144.89,,33144.89
1389,2024-04-30 15:45:00,30028290,Norte,Presencial,5,3,CHU-NEG-M,1,13529.35,33823.38,,33823.38
1389,2024-04-30 15:45:00,30028290,Norte,Presencial,5,3,CIN-TUR-XL,1,13257.96,33144.89,,33144.89
1389,2024-04-30 15:45:00,30028290,Norte,Presencial,5,3,GOR-GRI-XXL,2,11486.7,28716.74,,57433.48
1390,2024-12-27 08:48:00,14041987,Tienda Online,Web,9,4,CAM-CEL-XL,1,14680.23,36700.58,,36700.58
1390,2024-12-27 08:48:00,14041987,Tienda Online,Web,9,4,MUS-AZU-unico,1,12928.22,32320.56,,32320.56
1390,2024-12-27 08:48:00,14041987,Tienda Online,Web,9,4,JEA-NEG-unico,2,8748.58,21871.44,,43742.88
1391,2024-05-08 05:30:00,38902901,Tienda Online,Web,9,5,CAM-CEL-XL,1,14680.23,35900.58,12.0,35900.58
1392,2025-04-24 23:23:00,31925749,Tienda Online,Web,9,2,CHU-NEG-S,1,13529.35,27735.17,10.0,27735.17
1392,2025-04-24 23:23:00,31925749,Tienda Online,Web,9,2,JEA-LAV-L,1,8748.58,17934.58,10.0,17934.58
1392,2025-04-24 23:23:00,31925749,Tienda Online,Web,9,2,JEA-NEG-unico,1,8748.58,21871.44,,21871.44
1393,2025-08-15 08:21:00,16100827,Tienda Online,Web,9,1,SWE-AZU-S,1,13010.13,32525.33,,32525.33
1393,2025-08-15 08:21:00,16100827,Tienda Online,Web,9,1,GOR-GRI-L,1,11486.7,28716.74,,28716.74
1393,2025-08-15 08:21:00,16100827,Tienda Online,Web,9,1,CHU-NEG-S,1,13529.35,33823.38,,33823.38
1394,2024-06-16 19:04:00,18494838,Tienda Online,Web,10,1,REM-TUR-XXL,1,13673.12,34182.8,,34182.8
1394,2024-06-16 19:04:00,18494838,Tienda Online,Web,10,1,MUS-AZU-M,1,12928.22,32320.56,,32320.56
1395,2025-04-19 17:40:00,32494103,Norte,Presencial,4,4,CIN-ROS-unico,1,13257.96,33144.89,,33144.89
1395,2025-04-19 17:40:00,32494103,Norte,Presencial,4,4,CHU-NEG-M,1,13529.35,33823.38,,33823.38
1395,2025-04-19 17:40:00,32494103,Norte,Presencial,4,4,GOR-GRI-XXL,1,11486.7,28716.74,,28716.74
1395,2025-04-19 17:40:00,32494103,Norte,Presencial,4,4,JEA-NEG-M,1,8748.58,21871.44,,21871.44
1395,2025-04-19 17:40:00,32494103,Norte,Presencial,4,4,CIN-MAR-XL,1,13257.96,27178.81,10.0,27178.81
1396,2024-07-06 10:19:00,12675011,Shopping,Presencial,7,3,REM-CEL-XXL,1,13673.12,34182.8,,34182.8
1396,2024-07-06 10:19:00,12675011,Shopping,Presencial,7,3,CIN-MAR-M,1,13257.96,33144.89,,33144.89
1396,2024-07-06 10:19:00,12675011,Shopping,Presencial,7,3,CAM-BEI-L,1,14680.23,36700.58,,36700.58
1397,2024-11-30 17:28:00,32199028,Norte,Presencial,4,2,REM-TUR-S,1,13673.12,34182.8,,34182.8
1397,2024-11-30 17:28:00,32199028,Norte,Presencial,4,2,REM-TUR-XXL,1,13673.12,34182.8,,34182.8
1397,2024-11-30 17:28:00,32199028,Norte,Presencial,4,2,CAM-CEL-XL,2,14680.23,36700.58,,73401.16
1397,2024-11-30 17:28:00,32199028,Norte,Presencial,4,2,GOR-GRI-M,1,11486.7,28716.74,,28716.74
1398,2025-04-12 03:16:00,36913358,Tienda Online,Web,9,1,REM-VIO-M,2,13071.19,32677.97,,65355.94
1398,2025-04-12 03:16:00,36913358,Tienda Online,Web,9,1,GOR-GRI-L,1,11486.7,28716.74,,28716.74
1398,2025-04-12 03:16:00,36913358,Tienda Online,Web,9,1,BUZ-AZU-M,1,11827.69,29569.23,,29569.23
1399,2024-10-25 19:19:00,10934065,Tienda Online,Web,9,4,JEA-LAV-L,1,8748.58,21871.44,,21871.44
1400,2024-06-18 20:32:00,14695862,Tienda Online,Web,10,2,REM-CEL-XXL,1,13673.12,34182.8,,34182.8
1400,2024-06-18 20:32:00,14695862,Tienda Online,Web,10,2,CAM-CEL-XL,1,14680.23,36700.58,,36700.58
1400,2024-06-18 20:32:00,14695862,Tienda Online,Web,10,2,GOR-GRI-XXL,1,11486.7,28716.74,,28716.74
1400,2024-06-18 20:32:00,14695862,Tienda Online,Web,10,2,GOR-GRI-unico,1,11486.7,28716.74,,28716.74
1401,2025-07-26 12:32:00,32279787,Centro,Presencial,1,5,MUS-CEL-M,1,12928.22,32320.56,,32320.56
1401,2025-07-26 12:32:00,32279787,Centro,Presencial,1,5,SWE-AZU-M,1,13010.13,32525.33,,32525.33
1402,2025-04-29 18:52:00,19179099,Shopping,Presencial,7,3,REM-BLA-XL,1,13071.19,26795.94,10.0,26795.94
1402,2025-04-29 18:52:00,19179099,Shopping,Presencial,7,3,CHU-VER-L,1,13529.35,33823.38,,33823.38
1403,2024-07-11 13:49:00,34929174,Norte,Presencial,6,3,REM-BLA-XL,1,13071.19,32677.97,,32677.97
1404,2024-12-05 14:13:00,20226206,Shopping,Presencial,7,5,JOG-ÍND-S,1,16544.66,41361.66,,41361.66
1404,2024-12-05 14:13:00,20226206,Shopping,Presencial,7,5,CAM-BEI-unico,1,14680.23,36700.58,,36700.58
1404,2024-12-05 14:13:00,20226206,Shopping,Presencial,7,5,CHU-NEG-M,1,13529.35,33823.38,,33823.38
1404,2024-12-05 14:13:00,20226206,Shopping,Presencial,7,5,REM-VIO-XL,1,13071.19,32677.97,,32677.97
1405,2024-11-11 09:34:00,41854862,Norte,Presencial,4,3,CAM-CEL-XL,1,14680.23,36700.58,,36700.58
1406,2024-12-06 09:38:00,11433274,Centro,Presencial,1,4,CAM-CEL-XL,1,14680.23,36700.58,,36700.58
1406,2024-12-06 09:38:00,11433274,Centro,Presencial,1,4,CAM-BEI-L,1,14680.23,36700.58,,36700.58
1406,2024-12-06 09:38:00,11433274,Centro,Presencial,1,4,MUS-AZU-M,1,12928.22,32320.56,,32320.56
1406,2024-12-06 09:38:00,11433274,Centro,Presencial,1,4,GOR-ROJ-S,1,11486.7,28716.74,,28716.74
1406,2024-12-06 09:38:00,11433274,Centro,Presencial,1,4,MUS-AZU-unico,1,12928.22,32320.56,,32320.56
1407,2024-06-06 15:19:00,39559360,Norte,Presencial,5,4,CHU-ÍND-L,1,13529.35,33823.38,,33823.38
1408,2024-05-17 16:03:00,42528458,Shopping,Presencial,7,2,JOG-AZU-unico,2,16544.66,41361.66,,82723.32
1408,2024-05-17 16:03:00,42528458,Shopping,Presencial,7,2,CAM-CEL-XL,2,14680.23,36700.58,,73401.16
1408,2024-05-17 16:03:00,42528458,Shopping,Presencial,7,2,CIN-MAR-M,1,13257.96,33144.89,,33144.89
1409,2024-09-10 09:36:00,13463607,Tienda Online,Web,9,4,JOG-ÍND-M,1,16544.66,41361.66,,41361.66
1409,2024-09-10 09:36:00,13463607,Tienda Online,Web,9,4,JOG-CEL-unico,1,16544.66,41361.66,,41361.66
1409,2024-09-10 09:36:00,13463607,Tienda Online,Web,9,4,JOG-AZU-unico,1,16544.66,41361.66,,41361.66
1410,2025-06-23 10:25:00,12929120,Tienda Online,Web,10,1,JOG-AZU-unico,1,16544.66,41361.66,,41361.66
1410,2025-06-23 10:25:00,12929120,Tienda Online,Web,10,1,JOG-AZU-unico,1,16544.66,41361.66,,41361.66
1410,2025-06-23 10:25:00,12929120,Tienda Online,Web,10,1,JOG-AZU-XXL,1,16544.66,41361.66,,41361.66
1410,2025-06-23 10:25:00,12929120,Tienda Online,Web,10,1,GOR-GRI-S,1,11486.7,28716.74,,28716.74
1410,2025-06-23 10:25:00,12929120,Tienda Online,Web,10,1,JOG-ÍND-M,1,16544.66,41361.66,,41361.66
1411,2025-06-08 18:34:00,23707602,Shopping,Presencial,7,2,CAM-BLA-S,1,14680.23,36700.58,,36700.58
1412,2024-12-09 12:43:00,19104260,Shopping,Presencial,7,5,CHU-ÍND-XXL,1,13529.35,33823.38,,33823.38
1413,2025-11-29 19:29:00,41561757,Tienda Online,Web,9,2,MUS-CEL-M,1,12928.22,32320.56,,32320.56
1413,2025-11-29 19:29:00,41561757,Tienda Online,Web,9,2,SWE-MAR-L,1,13010.13,32525.33,,32525.33
1414,2024-07-22 16:02:00,17019579,Centro,Presencial,1,3,JEA-LAV-L,1,8748.58,21871.44,,21871.44
1414,2024-07-22 16:02:00,17019579,Centro,Presencial,1,3,JEA-LAV-L,1,8748.58,21871.44,,21871.44
1414,2024-07-22 16:02:00,17019579,Centro,Presencial,1,3,REM-TUR-XXL,1,13673.12,34182.8,,34182.8
1414,2024-07-22 16:02:00,17019579,Centro,Presencial,1,3,JOG-AZU-unico,1,16544.66,41361.66,,41361.66
1414,2024-07-22 16:02:00,17019579,Centro,Presencial,1,3,JOG-ÍND-M,1,16544.66,41361.66,,41361.66
1415,2025-03-11 18:40:00,16100827,Shopping,Presencial,7,1,REM-VIO-XL,1,13071.19,19606.78,7.0,19606.78
1415,2025-03-11 18:40:00,16100827,Shopping,Presencial,7,1,CHU-NEG-XXL,1,13529.35,33823.38,,33823.38
1415,2025-03-11 18:40:00,16100827,Shopping,Presencial,7,1,CAM-BEI-L,1,14680.23,36700.58,,36700.58
1416,2025-03-25 17:02:00,28456905,Norte,Presencial,6,5,CAM-BLA-S,1,14680.23,36700.58,,36700.58
1417,2025-01-04 12:13:00,26431104,Norte,Presencial,6,3,JEA-NEG-M,1,8748.58,21871.44,,21871.44
1417,2025-01-04 12:13:00,26431104,Norte,Presencial,6,3,JEA-NEG-M,2,8748.58,21871.44,,43742.88
1417,2025-01-04 12:13:00,26431104,Norte,Presencial,6,3,SWE-MAR-unico,1,13010.13,32525.33,,32525.33
1417,2025-01-04 12:13:00,26431104,Norte,Presencial,6,3,JEA-NEG-unico,1,8748.58,21871.44,,21871.44
1418,2024-05-15 11:18:00,16859215,Norte,Presencial,4,2,GOR-GRI-M,1,11486.7,28716.74,,28716.74
1418,2024-05-15 11:18:00,16859215,Norte,Presencial,4,2,CHU-NEG-S,1,13529.35,33023.38,12.0,33023.38
1418,2024-05-15 11:18:00,16859215,Norte,Presencial,4,2,GOR-GRI-XXL,1,11486.7,28716.74,,28716.74
1419,2025-05-01 22:27:00,28124922,Tienda Online,Web,9,5,CAM-BEI-unico,1,14680.23,36700.58,,36700.58
1420,2025-04-12 04:48:00,27785377,Tienda Online,Web,10,3,REM-VIO-L,1,13071.19,32677.97,,32677.97
1420,2025-04-12 04:48:00,27785377,Tienda Online,Web,10,3,REM-VIO-XXL,1,13071.19,32677.97,,32677.97
1420,2025-04-12 04:48:00,27785377,Tienda Online,Web,10,3,JOG-AZU-XL,1,16544.66,33916.56,10.0,33916.56
1420,2025-04-12 04:48:00,27785377,Tienda Online,Web,10,3,MUS-CEL-S,2,12928.22,32320.56,,64641.12
1420,2025-04-12 04:48:00,27785377,Tienda Online,Web,10,3,CIN-ROS-unico,1,13257.96,27178.81,10.0,27178.81
1421,2024-05-18 19:05:00,39377500,Tienda Online,Web,10,3,BUZ-AZU-M,1,11827.69,29569.23,,29569.23
1421,2024-05-18 19:05:00,39377500,Tienda Online,Web,10,3,JEA-NEG-M,1,8748.58,21071.44,12.0,21071.44
1421,2024-05-18 19:05:00,39377500,Tienda Online,Web,10,3,JOG-CEL-unico,1,16544.66,40561.66,12.0,40561.66
1421,2024-05-18 19:05:00,39377500,Tienda Online,Web,10,3,GOR-GRI-unico,1,11486.7,27916.74,12.0,27916.74
1422,2024-06-17 07:29:00,30196404,Tienda Online,Web,10,3,SWE-MAR-L,1,13010.13,32525.33,,32525.33
1422,2024-06-17 07:29:00,30196404,Tienda Online,Web,10,3,MUS-CEL-S,1,12928.22,32320.56,,32320.56
1422,2024-06-17 07:29:00,30196404,Tienda Online,Web,10,3,SWE-MAR-unico,1,13010.13,32525.33,,32525.33
1422,2024-06-17 07:29:00,30196404,Tienda Online,Web,10,3,CAM-BEI-L,2,14680.23,36700.58,,73401.16
1423,2024-05-08 17:09:00,21756850,Norte,Presencial,6,5,JOG-AZU-unico,1,16544.66,40561.66,12.0,40561.66
1423,2024-05-08 17:09:00,21756850,Norte,Presencial,6,5,SWE-MAR-unico,1,13010.13,31725.33,12.0,31725.33
1423,2024-05-08 17:09:00,21756850,Norte,Presencial,6,5,JOG-CEL-unico,1,16544.66,41361.66,,41361.66
1424,2024-05-21 09:29:00,14616506,Norte,Presencial,5,3,REM-VIO-M,1,13071.19,32677.97,,32677.97
1424,2024-05-21 09:29:00,14616506,Norte,Presencial,5,3,MUS-AZU-M,2,12928.22,32320.56,,64641.12
1425,2025-06-26 00:33:00,26069372,Tienda Online,Web,9,4,JEA-NEG-unico,1,8748.58,21871.44,,21871.44
1425,2025-06-26 00:33:00,26069372,Tienda Online,Web,9,4,SWE-AZU-M,1,13010.13,32525.33,,32525.33
1426,2025-05-23 08:50:00,19179099,Tienda Online,Web,10,5,CIN-TUR-unico,1,13257.96,33144.89,,33144.89
1427,2024-11-01 19:37:00,26654221,Norte,Presencial,4,3,JOG-ÍND-S,1,16544.66,41361.66,,41361.66
1427,2024-11-01 19:37:00,26654221,Norte,Presencial,4,3,CHU-ÍND-XXL,1,13529.35,33823.38,,33823.38
1427,2024-11-01 19:37:00,26654221,Norte,Presencial,4,3,CAM-BLA-M,1,14680.23,36700.58,,36700.58
1427,2024-11-01 19:37:00,26654221,Norte,Presencial,4,3,CIN-TUR-XL,1,13257.96,33144.89,,33144.89
1428,2025-08-21 10:05:00,14598388,Shopping,Presencial,7,2,REM-VIO-XXL,1,13071.19,32677.97,,32677.97
1428,2025-08-21 10:05:00,14598388,Shopping,Presencial,7,2,CAM-BLA-M,1,14680.23,36700.58,,36700.58
1428,2025-08-21 10:05:00,14598388,Shopping,Presencial,7,2,CIN-TUR-unico,1,13257.96,33144.89,,33144.89
1428,2025-08-21 10:05:00,14598388,Shopping,Presencial,7,2,JOG-CEL-unico,2,16544.66,41361.66,,82723.32
1428,2025-08-21 10:05:00,14598388,Shopping,Presencial,7,2,JEA-NEG-unico,2,8748.58,21871.44,,43742.88
1429,2024-05-29 18:47:00,19604467,Shopping,Presencial,7,1,JEA-LAV-L,1,8748.58,21871.44,,21871.44
1430,2025-11-04 09:42:00,20431932,Norte,Presencial,5,3,SWE-AZU-M,1,13010.13,32525.33,,32525.33
1430,2025-11-04 09:42:00,20431932,Norte,Presencial,5,3,REM-VIO-XL,1,13071.19,32677.97,,32677.97
1430,2025-11-04 09:42:00,20431932,Norte,Presencial,5,3,REM-BLA-S,1,13071.19,26795.94,9.0,26795.94
1430,2025-11-04 09:42:00,20431932,Norte,Presencial,5,3,JOG-AZU-L,1,16544.66,41361.66,,41361.66
1430,2025-11-04 09:42:00,20431932,Norte,Presencial,5,3,CHU-VER-L,1,13529.35,33823.38,,33823.38
1431,2025-03-15 15:03:00,23663184,Shopping,Presencial,7,5,JOG-ÍND-XL,1,16544.66,24817.0,7.0,24817.0
1432,2025-06-03 08:31:00,20002863,Tienda Online,Web,10,5,CHU-ÍND-L,1,13529.35,33823.38,,33823.38
1432,2025-06-03 08:31:00,20002863,Tienda Online,Web,10,5,CAM-BEI-unico,1,14680.23,36700.58,,36700.58
1433,2024-10-03 14:28:00,20254587,Centro,Presencial,1,5,JEA-NEG-M,1,8748.58,21871.44,,21871.44
1433,2024-10-03 14:28:00,20254587,Centro,Presencial,1,5,REM-TUR-XXL,1,13673.12,34182.8,,34182.8
1434,2024-06-05 09:53:00,26654221,Tienda Online,Web,10,3,CAM-CEL-XL,1,14680.23,36700.58,,36700.58
1435,2025-03-01 14:38:00,38153498,Shopping,Presencial,7,3,CIN-TUR-unico,1,13257.96,33144.89,,33144.89
1436,2024-10-03 17:19:00,18474473,Tienda Online,Web,10,1,CIN-MAR-S,1,13257.96,33144.89,,33144.89
1436,2024-10-03 17:19:00,18474473,Tienda Online,Web,10,1,CHU-NEG-M,1,13529.35,33823.38,,33823.38
1437,2024-10-18 21:39:00,18363463,Tienda Online,Web,10,2,CHU-ÍND-XXL,1,13529.35,33823.38,,33823.38
1437,2024-10-18 21:39:00,18363463,Tienda Online,Web,10,2,CAM-BLA-M,2,14680.23,36700.58,,73401.16
1437,2024-10-18 21:39:00,18363463,Tienda Online,Web,10,2,BUZ-AZU-unico,1,11827.69,29569.23,,29569.23
1437,2024-10-18 21:39:00,18363463,Tienda Online,Web,10,2,JEA-LAV-L,1,8748.58,21871.44,,21871.44
1438,2024-01-22 10:22:00,15745388,Centro,Presencial,2,3,CIN-MAR-M,1,13257.96,33144.89,,33144.89
1438,2024-01-22 10:22:00,15745388,Centro,Presencial,2,3,REM-TUR-XXL,1,13673.12,34182.8,,34182.8
1439,2024-05-11 13:52:00,42789774,Centro,Presencial,1,1,CHU-NEG-S,1,13529.35,33823.38,,33823.38
1439,2024-05-11 13:52:00,42789774,Centro,Presencial,1,1,CAM-BEI-L,1,14680.23,36700.58,,36700.58
1439,2024-05-11 13:52:00,42789774,Centro,Presencial,1,1,GOR-GRI-unico,1,11486.7,28716.74,,28716.74
1439,2024-05-11 13:52:00,42789774,Centro,Presencial,1,1,JEA-LAV-unico,1,8748.58,21071.44,12.0,21071.44
1440,2025-10-25 01:27:00,25047294,Tienda Online,Web,9,4,CHU-NEG-XL,1,13529.35,33823.38,,33823.38
1440,2025-10-25 01:27:00,25047294,Tienda Online,Web,9,4,REM-VIO-L,1,13071.19,32677.97,,32677.97
1440,2025-10-25 01:27:00,25047294,Tienda Online,Web,9,4,CIN-ROS-L,1,13257.96,33144.89,,33144.89
1441,2024-04-16 18:11:00,10934065,Shopping,Presencial,7,1,CIN-MAR-M,1,13257.96,33144.89,,33144.89
1441,2024-04-16 18:11:00,10934065,Shopping,Presencial,7,1,JOG-AZU-unico,1,16544.66,41361.66,,41361.66
1441,2024-04-16 18:11:00,10934065,Shopping,Presencial,7,1,CHU-VER-XL,1,13529.35,33823.38,,33823.38
1442,2024-05-24 05:10:00,27675739,Tienda Online,Web,9,2,CAM-CEL-XL,1,14680.23,36700.58,,36700.58
1442,2024-05-24 05:10:00,27675739,Tienda Online,Web,9,2,MUS-CEL-S,1,12928.22,32320.56,,32320.56
1442,2024-05-24 05:10:00,27675739,Tienda Online,Web,9,2,GOR-GRI-S,1,11486.7,28716.74,,28716.74
1443,2024-07-31 00:17:00,29142751,Tienda Online,Web,9,5,JOG-AZU-XXL,1,16544.66,41361.66,,41361.66
1443,2024-07-31 00:17:00,29142751,Tienda Online,Web,9,5,GOR-GRI-unico,1,11486.7,28716.74,,28716.74
1443,2024-07-31 00:17:00,29142751,Tienda Online,Web,9,5,JOG-AZU-unico,2,16544.66,41361.66,,82723.32
1443,2024-07-31 00:17:00,29142751,Tienda Online,Web,9,5,MUS-CEL-S,1,12928.22,32320.56,,32320.56
1443,2024-07-31 00:17:00,29142751,Tienda Online,Web,9,5,CIN-MAR-L,1,13257.96,33144.89,,33144.89
1444,2024-05-24 17:09:00,16381102,Tienda Online,Web,10,4,CIN-ROS-XXL,1,13257.96,33144.89,,33144.89
1444,2024-05-24 17:09:00,16381102,Tienda Online,Web,10,4,CAM-BEI-L,1,14680.23,36700.58,,36700.58
1444,2024-05-24 17:09:00,16381102,Tienda Online,Web,10,4,GOR-GRI-unico,1,11486.7,28716.74,,28716.74
1444,2024-05-24 17:09:00,16381102,Tienda Online,Web,10,4,CAM-BEI-unico,1,14680.23,35900.58,12.0,35900.58
1444,2024-05-24 17:09:00,16381102,Tienda Online,Web,10,4,JEA-LAV-L,1,8748.58,21871.44,,21871.44
1445,2025-05-19 16:26:00,36200760,Centro,Presencial,2,2,MUS-AZU-XXL,1,12928.22,32320.56,,32320.56
1445,2025-05-19 16:26:00,36200760,Centro,Presencial,2,2,SWE-AZU-S,1,13010.13,32525.33,,32525.33
1446,2024-06-28 12:42:00,38133707,Shopping,Presencial,7,3,GOR-GRI-M,1,11486.7,28716.74,,28716.74
1446,2024-06-28 12:42:00,38133707,Shopping,Presencial,7,3,MUS-CEL-S,1,12928.22,32320.56,,32320.56
1446,2024-06-28 12:42:00,38133707,Shopping,Presencial,7,3,CIN-TUR-XL,1,13257.96,33144.89,,33144.89
1446,2024-06-28 12:42:00,38133707,Shopping,Presencial,7,3,BUZ-AZU-M,1,11827.69,29569.23,,29569.23
1446,2024-06-28 12:42:00,38133707,Shopping,Presencial,7,3,CIN-TUR-unico,2,13257.96,33144.89,,66289.78
1447,2024-12-25 11:44:00,29687578,Shopping,Presencial,7,2,REM-TUR-XXL,1,13673.12,34182.8,,34182.8
1447,2024-12-25 11:44:00,29687578,Shopping,Presencial,7,2,JOG-ÍND-XL,1,16544.66,41361.66,,41361.66
1447,2024-12-25 11:44:00,29687578,Shopping,Presencial,7,2,REM-TUR-XXL,1,13673.12,34182.8,,34182.8
1447,2024-12-25 11:44:00,29687578,Shopping,Presencial,7,2,CIN-TUR-XL,1,13257.96,33144.89,,33144.89
1447,2024-12-25 11:44:00,29687578,Shopping,Presencial,7,2,REM-TUR-S,1,13673.12,34182.8,,34182.8
1448,2025-06-03 18:12:00,15407475,Centro,Presencial,1,2,MUS-CEL-S,1,12928.22,32320.56,,32320.56
1448,2025-06-03 18:12:00,15407475,Centro,Presencial,1,2,REM-VIO-XXL,1,13071.19,32677.97,,32677.97
1449,2025-09-01 13:00:00,29368328,Centro,Presencial,1,1,JEA-NEG-M,2,8748.58,21871.44,,43742.88
1449,2025-09-01 13:00:00,29368328,Centro,Presencial,1,1,CHU-ÍND-XXL,1,13529.35,33823.38,,33823.38
1449,2025-09-01 13:00:00,29368328,Centro,Presencial,1,1,REM-BLA-unico,1,13071.19,32677.97,,32677.97
1449,2025-09-01 13:00:00,29368328,Centro,Presencial,1,1,SWE-MAR-S,1,13010.13,32525.33,,32525.33
1449,2025-09-01 13:00:00,29368328,Centro,Presencial,1,1,SWE-MAR-S,2,13010.13,32525.33,,65050.66
1450,2025-11-25 12:31:00,10190290,Shopping,Presencial,7,5,CHU-VER-S,1,13529.35,33823.38,,33823.38
1450,2025-11-25 12:31:00,10190290,Shopping,Presencial,7,5,MUS-AZU-M,1,12928.22,32320.56,,32320.56
1451,2025-11-01 13:44:00,21048610,Tienda Online,Web,10,4,CHU-NEG-M,1,13529.35,33823.38,,33823.38
1452,2024-01-02 02:32:00,27715659,Tienda Online,Web,9,2,CHU-VER-XL,1,13529.35,33823.38,,33823.38
1452,2024-01-02 02:32:00,27715659,Tienda Online,Web,9,2,JEA-LAV-L,1,8748.58,21871.44,,21871.44
1453,2025-05-26 12:49:00,11310767,Shopping,Presencial,7,2,REM-BLA-S,1,13071.19,32677.97,,32677.97
1453,2025-05-26 12:49:00,11310767,Shopping,Presencial,7,2,CAM-BLA-XL,1,14680.23,36700.58,,36700.58
1453,2025-05-26 12:49:00,11310767,Shopping,Presencial,7,2,REM-CEL-XXL,1,13673.12,34182.8,,34182.8
1453,2025-05-26 12:49:00,11310767,Shopping,Presencial,7,2,CIN-TUR-XL,1,13257.96,33144.89,,33144.89
1453,2025-05-26 12:49:00,11310767,Shopping,Presencial,7,2,MUS-CEL-S,1,12928.22,32320.56,,32320.56
1454,2025-05-23 18:55:00,31231220,Shopping,Presencial,7,1,JOG-AZU-XXL,1,16544.66,41361.66,,41361.66
1454,2025-05-23 18:55:00,31231220,Shopping,Presencial,7,1,CIN-ROS-unico,1,13257.96,33144.89,,33144.89
1454,2025-05-23 18:55:00,31231220,Shopping,Presencial,7,1,JEA-LAV-L,1,8748.58,21871.44,,21871.44
1455,2024-11-05 18:06:00,10372106,Shopping,Presencial,7,5,CIN-ROS-XXL,1,13257.96,33144.89,,33144.89
1455,2024-11-05 18:06:00,10372106,Shopping,Presencial,7,5,CIN-MAR-M,1,13257.96,33144.89,,33144.89
1455,2024-11-05 18:06:00,10372106,Shopping,Presencial,7,5,CIN-MAR-S,1,13257.96,33144.89,,33144.89
1456,2024-10-03 15:48:00,20369856,Norte,Presencial,4,4,JOG-ÍND-S,1,16544.66,41361.66,,41361.66
1456,2024-10-03 15:48:00,20369856,Norte,Presencial,4,4,MUS-AZU-unico,1,12928.22,32320.56,,32320.56
1456,2024-10-03 15:48:00,20369856,Norte,Presencial,4,4,BUZ-AZU-M,1,11827.69,29569.23,,29569.23
1456,2024-10-03 15:48:00,20369856,Norte,Presencial,4,4,GOR-GRI-M,1,11486.7,28716.74,,28716.74
1456,2024-10-03 15:48:00,20369856,Norte,Presencial,4,4,GOR-GRI-L,1,11486.7,28716.74,,28716.74
1457,2024-06-14 13:39:00,37011889,Norte,Presencial,5,4,GOR-ROJ-unico,1,11486.7,28716.74,,28716.74
1458,2025-02-07 20:44:00,16859215,Tienda Online,Web,10,4,MUS-AZU-unico,1,12928.22,32320.56,,32320.56
1458,2025-02-07 20:44:00,16859215,Tienda Online,Web,10,4,JOG-AZU-XXL,1,16544.66,41361.66,,41361.66
1458,2025-02-07 20:44:00,16859215,Tienda Online,Web,10,4,CHU-VER-XL,1,13529.35,33823.38,,33823.38
1458,2025-02-07 20:44:00,16859215,Tienda Online,Web,10,4,JOG-ÍND-S,1,16544.66,41361.66,,41361.66
1459,2025-01-17 18:26:00,24855701,Centro,Presencial,1,4,CHU-ÍND-XL,1,13529.35,33823.38,,33823.38
1459,2025-01-17 18:26:00,24855701,Centro,Presencial,1,4,GOR-GRI-XXL,1,11486.7,28716.74,,28716.74
1459,2025-01-17 18:26:00,24855701,Centro,Presencial,1,4,SWE-MAR-M,1,13010.13,32525.33,,32525.33
1459,2025-01-17 18:26:00,24855701,Centro,Presencial,1,4,CHU-ÍND-L,1,13529.35,33823.38,,33823.38
1460,2025-06-28 14:09:00,11411585,Shopping,Presencial,7,4,JOG-ÍND-XL,1,16544.66,41361.66,,41361.66
1460,2025-06-28 14:09:00,11411585,Shopping,Presencial,7,4,CIN-MAR-M,2,13257.96,33144.89,,66289.78
1461,2025-05-27 18:09:00,17019579,Norte,Presencial,6,1,REM-VIO-L,1,13071.19,32677.97,,32677.97
1461,2025-05-27 18:09:00,17019579,Norte,Presencial,6,1,CAM-BLA-S,1,14680.23,36700.58,,36700.58
1461,2025-05-27 18:09:00,17019579,Norte,Presencial,6,1,CHU-VER-XL,1,13529.35,33823.38,,33823.38
1462,2025-08-23 14:34:00,14090793,Norte,Presencial,4,1,SWE-AZU-XXL,1,13010.13,32525.33,,32525.33
1462,2025-08-23 14:34:00,14090793,Norte,Presencial,4,1,GOR-ROJ-S,1,11486.7,28716.74,,28716.74
1463,2025-03-04 10:02:00,32833825,Shopping,Presencial,7,5,CAM-BLA-M,1,14680.23,36700.58,,36700.58
1463,2025-03-04 10:02:00,32833825,Shopping,Presencial,7,5,REM-VIO-XL,1,13071.19,19606.78,7.0,19606.78
1463,2025-03-04 10:02:00,32833825,Shopping,Presencial,7,5,CIN-MAR-M,1,13257.96,19886.93,7.0,19886.93
1464,2025-01-03 19:33:00,34898161,Shopping,Presencial,7,4,SWE-MAR-unico,1,13010.13,32525.33,,32525.33
1465,2024-06-20 05:05:00,32012128,Tienda Online,Web,9,3,REM-TUR-XXL,1,13673.12,34182.8,,34182.8
1466,2025-05-22 23:10:00,32899636,Tienda Online,Web,10,1,REM-CEL-XXL,2,13673.12,34182.8,,68365.6
1466,2025-05-22 23:10:00,32899636,Tienda Online,Web,10,1,SWE-MAR-M,1,13010.13,32525.33,,32525.33
1467,2024-05-31 14:57:00,26127866,Tienda Online,Web,10,3,CIN-MAR-L,1,13257.96,33144.89,,33144.89
1467,2024-05-31 14:57:00,26127866,Tienda Online,Web,10,3,REM-CEL-XXL,1,13673.12,34182.8,,34182.8
1467,2024-05-31 14:57:00,26127866,Tienda Online,Web,10,3,JEA-NEG-M,1,8748.58,21871.44,,21871.44
1467,2024-05-31 14:57:00,26127866,Tienda Online,Web,10,3,REM-VIO-M,1,13071.19,32677.97,,32677.97
1468,2025-09-03 11:05:00,26428983,Norte,Presencial,6,2,JOG-ÍND-M,2,16544.66,41361.66,,82723.32
1468,2025-09-03 11:05:00,26428983,Norte,Presencial,6,2,CIN-MAR-XL,1,13257.96,29167.5,6.0,29167.5
1468,2025-09-03 11:05:00,26428983,Norte,Presencial,6,2,JOG-AZU-L,1,16544.66,41361.66,,41361.66
1469,2025-07-09 15:23:00,20565131,Norte,Presencial,4,3,JEA-NEG-M,1,8748.58,10935.72,11.0,10935.72
1469,2025-07-09 15:23:00,20565131,Norte,Presencial,4,3,BUZ-AZU-M,1,11827.69,29569.23,,29569.23
1469,2025-07-09 15:23:00,20565131,Norte,Presencial,4,3,CIN-ROS-XXL,1,13257.96,33144.89,,33144.89
1469,2025-07-09 15:23:00,20565131,Norte,Presencial,4,3,CHU-VER-XL,1,13529.35,33823.38,,33823.38
1470,2024-08-27 12:40:00,30873468,Centro,Presencial,2,4,SWE-MAR-unico,1,13010.13,32525.33,,32525.33
1470,2024-08-27 12:40:00,30873468,Centro,Presencial,2,4,CAM-CEL-XL,1,14680.23,36700.58,,36700.58
1470,2024-08-27 12:40:00,30873468,Centro,Presencial,2,4,JOG-CEL-unico,1,16544.66,41361.66,,41361.66
1471,2024-06-14 16:27:00,40890427,Shopping,Presencial,7,2,CIN-ROS-XXL,1,13257.96,33144.89,,33144.89
1471,2024-06-14 16:27:00,40890427,Shopping,Presencial,7,2,REM-TUR-XXL,1,13673.12,34182.8,,34182.8
1472,2024-07-23 14:56:00,19888757,Centro,Presencial,2,1,REM-BLA-XL,1,13071.19,32677.97,,32677.97
1472,2024-07-23 14:56:00,19888757,Centro,Presencial,2,1,CHU-NEG-M,1,13529.35,33823.38,,33823.38
1472,2024-07-23 14:56:00,19888757,Centro,Presencial,2,1,CIN-MAR-L,1,13257.96,33144.89,,33144.89
1472,2024-07-23 14:56:00,19888757,Centro,Presencial,2,1,MUS-AZU-unico,2,12928.22,32320.56,,64641.12
1472,2024-07-23 14:56:00,19888757,Centro,Presencial,2,1,MUS-AZU-M,2,12928.22,32320.56,,64641.12
1473,2024-06-20 21:50:00,28567695,Tienda Online,Web,10,4,SWE-AZU-S,1,13010.13,32525.33,,32525.33
1473,2024-06-20 21:50:00,28567695,Tienda Online,Web,10,4,GOR-GRI-XXL,1,11486.7,28716.74,,28716.74
1474,2025-03-15 18:58:00,24800101,Tienda Online,Web,10,3,MUS-AZU-XXL,1,12928.22,32320.56,,32320.56
1474,2025-03-15 18:58:00,24800101,Tienda Online,Web,10,3,GOR-ROJ-S,1,11486.7,17230.04,7.0,17230.04
1475,2025-11-13 14:35:00,43172347,Centro,Presencial,2,3,REM-BLA-XL,1,13071.19,32677.97,,32677.97
1475,2025-11-13 14:35:00,43172347,Centro,Presencial,2,3,GOR-GRI-S,1,11486.7,23547.73,9.0,23547.73
1475,2025-11-13 14:35:00,43172347,Centro,Presencial,2,3,CIN-MAR-S,1,13257.96,33144.89,,33144.89
1475,2025-11-13 14:35:00,43172347,Centro,Presencial,2,3,JOG-AZU-XXL,1,16544.66,41361.66,,41361.66
1476,2024-09-16 11:24:00,26297346,Centro,Presencial,1,4,BUZ-AZU-unico,1,11827.69,29569.23,,29569.23
1477,2025-06-29 18:44:00,30549138,Shopping,Presencial,7,2,CHU-NEG-unico,1,13529.35,33823.38,,33823.38
1477,2025-06-29 18:44:00,30549138,Shopping,Presencial,7,2,CHU-NEG-XL,1,13529.35,33823.38,,33823.38
1477,2025-06-29 18:44:00,30549138,Shopping,Presencial,7,2,REM-VIO-L,1,13071.19,32677.97,,32677.97
1478,2024-11-07 10:10:00,17740453,Centro,Presencial,2,2,REM-CEL-XXL,1,13673.12,34182.8,,34182.8
1478,2024-11-07 10:10:00,17740453,Centro,Presencial,2,2,SWE-AZU-S,1,13010.13,32525.33,,32525.33
1478,2024-11-07 10:10:00,17740453,Centro,Presencial,2,2,JEA-LAV-L,1,8748.58,21871.44,,21871.44
1478,2024-11-07 10:10:00,17740453,Centro,Presencial,2,2,GOR-ROJ-S,1,11486.7,28716.74,,28716.74
1479,2024-12-10 16:13:00,17254174,Tienda Online,Web,10,1,JOG-ÍND-XL,1,16544.66,41361.66,,41361.66
1479,2024-12-10 16:13:00,17254174,Tienda Online,Web,10,1,GOR-GRI-M,1,11486.7,28716.74,,28716.74
1479,2024-12-10 16:13:00,17254174,Tienda Online,Web,10,1,JEA-LAV-L,1,8748.58,21871.44,,21871.44
1479,2024-12-10 16:13:00,17254174,Tienda Online,Web,10,1,CIN-ROS-XXL,1,13257.96,33144.89,,33144.89
1479,2024-12-10 16:13:00,17254174,Tienda Online,Web,10,1,CHU-NEG-M,1,13529.35,33823.38,,33823.38
1480,2025-05-25 17:14:00,12675011,Norte,Presencial,4,1,MUS-CEL-M,1,12928.22,32320.56,,32320.56
1480,2025-05-25 17:14:00,12675011,Norte,Presencial,4,1,CIN-TUR-XL,1,13257.96,33144.89,,33144.89
1480,2025-05-25 17:14:00,12675011,Norte,Presencial,4,1,CAM-CEL-XL,1,14680.23,36700.58,,36700.58
1480,2025-05-25 17:14:00,12675011,Norte,Presencial,4,1,CIN-MAR-L,1,13257.96,33144.89,,33144.89
1480,2025-05-25 17:14:00,12675011,Norte,Presencial,4,1,CIN-TUR-XL,1,13257.96,33144.89,,33144.89
1481,2025-02-22 15:47:00,21787005,Centro,Presencial,1,1,JEA-LAV-unico,1,8748.58,21871.44,,21871.44
1481,2025-02-22 15:47:00,21787005,Centro,Presencial,1,1,MUS-AZU-M,1,12928.22,32320.56,,32320.56
1482,2025-03-26 16:20:00,31625779,Norte,Presencial,4,3,CAM-BLA-XL,1,14680.23,36700.58,,36700.58
1482,2025-03-26 16:20:00,31625779,Norte,Presencial,4,3,GOR-ROJ-S,1,11486.7,17230.04,7.0,17230.04
1482,2025-03-26 16:20:00,31625779,Norte,Presencial,4,3,JOG-ÍND-S,1,16544.66,24817.0,7.0,24817.0
1482,2025-03-26 16:20:00,31625779,Norte,Presencial,4,3,CIN-TUR-unico,2,13257.96,33144.89,,66289.78
1482,2025-03-26 16:20:00,31625779,Norte,Presencial,4,3,MUS-AZU-unico,1,12928.22,19392.34,7.0,19392.34
1483,2024-07-26 09:48:00,26654221,Tienda Online,Web,10,3,GOR-ROJ-unico,1,11486.7,28716.74,,28716.74
1483,2024-07-26 09:48:00,26654221,Tienda Online,Web,10,3,JOG-AZU-XXL,1,16544.66,41361.66,,41361.66
1483,2024-07-26 09:48:00,26654221,Tienda Online,Web,10,3,CIN-MAR-L,1,13257.96,33144.89,,33144.89
1484,2024-11-20 18:34:00,16884540,Norte,Presencial,6,4,JOG-AZU-XXL,1,16544.66,41361.66,,41361.66
1484,2024-11-20 18:34:00,16884540,Norte,Presencial,6,4,MUS-AZU-unico,2,12928.22,32320.56,,64641.12
1484,2024-11-20 18:34:00,16884540,Norte,Presencial,6,4,CIN-MAR-M,1,13257.96,33144.89,,33144.89
1484,2024-11-20 18:34:00,16884540,Norte,Presencial,6,4,GOR-GRI-unico,1,11486.7,28716.74,,28716.74
1484,2024-11-20 18:34:00,16884540,Norte,Presencial,6,4,MUS-AZU-XXL,1,12928.22,32320.56,,32320.56
1485,2024-12-04 18:23:00,12910178,Tienda Online,Web,9,1,SWE-AZU-S,1,13010.13,32525.33,,32525.33
1485,2024-12-04 18:23:00,12910178,Tienda Online,Web,9,1,GOR-GRI-S,1,11486.7,28716.74,,28716.74
1485,2024-12-04 18:23:00,12910178,Tienda Online,Web,9,1,CAM-BEI-unico,1,14680.23,36700.58,,36700.58
1486,2025-06-05 18:01:00,32494103,Norte,Presencial,6,3,JOG-ÍND-S,1,16544.66,41361.66,,41361.66
1487,2025-06-09 11:43:00,39377500,Norte,Presencial,5,4,MUS-AZU-unico,1,12928.22,32320.56,,32320.56
1488,2024-06-08 17:34:00,23222803,Centro,Presencial,2,4,CIN-MAR-S,1,13257.96,33144.89,,33144.89
1489,2024-12-13 18:23:00,18439645,Tienda Online,Web,10,3,REM-TUR-S,1,13673.12,34182.8,,34182.8
1489,2024-12-13 18:23:00,18439645,Tienda Online,Web,10,3,REM-TUR-XXL,1,13673.12,34182.8,,34182.8
1489,2024-12-13 18:23:00,18439645,Tienda Online,Web,10,3,GOR-ROJ-unico,1,11486.7,28716.74,,28716.74
1489,2024-12-13 18:23:00,18439645,Tienda Online,Web,10,3,CIN-TUR-unico,1,13257.96,33144.89,,33144.89
1489,2024-12-13 18:23:00,18439645,Tienda Online,Web,10,3,MUS-CEL-S,1,12928.22,32320.56,,32320.56
1490,2024-02-27 14:23:00,26764226,Shopping,Presencial,7,5,BUZ-AZU-M,1,11827.69,29569.23,,29569.23
1490,2024-02-27 14:23:00,26764226,Shopping,Presencial,7,5,CIN-TUR-XL,1,13257.96,33144.89,,33144.89
1490,2024-02-27 14:23:00,26764226,Shopping,Presencial,7,5,REM-BLA-XL,1,13071.19,32677.97,,32677.97
1490,2024-02-27 14:23:00,26764226,Shopping,Presencial,7,5,GOR-GRI-L,1,11486.7,28716.74,,28716.74
1491,2025-06-06 16:55:00,18723624,Centro,Presencial,1,1,JEA-NEG-unico,1,8748.58,21871.44,,21871.44
1491,2025-06-06 16:55:00,18723624,Centro,Presencial,1,1,REM-CEL-XXL,1,13673.12,34182.8,,34182.8
1492,2024-06-22 18:58:00,13950951,Shopping,Presencial,7,1,JEA-LAV-L,1,8748.58,21871.44,,21871.44
1492,2024-06-22 18:58:00,13950951,Shopping,Presencial,7,1,SWE-MAR-L,1,13010.13,32525.33,,32525.33
1492,2024-06-22 18:58:00,13950951,Shopping,Presencial,7,1,CIN-MAR-L,1,13257.96,33144.89,,33144.89
1492,2024-06-22 18:58:00,13950951,Shopping,Presencial,7,1,CAM-CEL-XL,1,14680.23,36700.58,,36700.58
1492,2024-06-22 18:58:00,13950951,Shopping,Presencial,7,1,BUZ-AZU-unico,1,11827.69,29569.23,,29569.23
1493,2024-08-24 18:07:00,26764226,Shopping,Presencial,7,5,JOG-CEL-unico,1,16544.66,41361.66,,41361.66
1494,2024-08-02 15:44:00,21678777,Tienda Online,Web,9,4,CIN-MAR-M,1,13257.96,33144.89,,33144.89
1494,2024-08-02 15:44:00,21678777,Tienda Online,Web,9,4,GOR-ROJ-unico,1,11486.7,28716.74,,28716.74
1494,2024-08-02 15:44:00,21678777,Tienda Online,Web,9,4,CAM-CEL-XL,1,14680.23,36700.58,,36700.58
1495,2024-03-23 14:57:00,13659179,Norte,Presencial,6,5,JOG-ÍND-XL,1,16544.66,41361.66,,41361.66
1495,2024-03-23 14:57:00,13659179,Norte,Presencial,6,5,JOG-ÍND-XL,1,16544.66,41361.66,,41361.66
1495,2024-03-23 14:57:00,13659179,Norte,Presencial,6,5,MUS-AZU-unico,1,12928.22,32320.56,,32320.56
1495,2024-03-23 14:57:00,13659179,Norte,Presencial,6,5,SWE-MAR-L,1,13010.13,32525.33,,32525.33
1495,2024-03-23 14:57:00,13659179,Norte,Presencial,6,5,CIN-TUR-unico,1,13257.96,33144.89,,33144.89
1496,2024-07-26 22:43:00,11310767,Tienda Online,Web,10,1,CAM-BEI-unico,1,14680.23,36700.58,,36700.58
1496,2024-07-26 22:43:00,11310767,Tienda Online,Web,10,1,SWE-MAR-L,1,13010.13,32525.33,,32525.33
1496,2024-07-26 22:43:00,11310767,Tienda Online,Web,10,1,JOG-ÍND-XL,1,16544.66,41361.66,,41361.66
1496,2024-07-26 22:43:00,11310767,Tienda Online,Web,10,1,MUS-CEL-S,1,12928.22,32320.56,,32320.56
1497,2025-10-27 19:28:00,40427850,Norte,Presencial,5,2,SWE-MAR-L,1,13010.13,32525.33,,32525.33
1497,2025-10-27 19:28:00,40427850,Norte,Presencial,5,2,SWE-MAR-unico,1,13010.13,32525.33,,32525.33
1498,2024-11-08 15:27:00,39677512,Shopping,Presencial,7,1,CHU-NEG-M,1,13529.35,33823.38,,33823.38
1498,2024-11-08 15:27:00,39677512,Shopping,Presencial,7,1,REM-VIO-XL,1,13071.19,32677.97,,32677.97
1499,2025-07-07 16:02:00,32828789,Centro,Presencial,2,1,GOR-GRI-XXL,2,11486.7,28716.74,,57433.48
1499,2025-07-07 16:02:00,32828789,Centro,Presencial,2,1,CHU-NEG-unico,1,13529.35,33823.38,,33823.38
1499,2025-07-07 16:02:00,32828789,Centro,Presencial,2,1,CAM-BEI-unico,1,14680.23,36700.58,,36700.58
1499,2025-07-07 16:02:00,32828789,Centro,Presencial,2,1,SWE-AZU-M,2,13010.13,16262.67,11.0,32525.34
1499,2025-07-07 16:02:00,32828789,Centro,Presencial,2,1,JEA-NEG-XL,1,8748.58,21871.44,,21871.44
1500,2024-11-06 16:12:00,30132463,Norte,Presencial,4,5,GOR-GRI-XXL,1,11486.7,28716.74,,28716.74
1500,2024-11-06 16:12:00,30132463,Norte,Presencial,4,5,CHU-VER-XL,1,13529.35,33823.38,,33823.38
1500,2024-11-06 16:12:00,30132463,Norte,Presencial,4,5,SWE-MAR-unico,1,13010.13,32525.33,,32525.33
1501,2025-06-24 09:22:00,18792148,Norte,Presencial,5,4,GOR-ROJ-S,1,11486.7,28716.74,,28716.74
1502,2025-08-11 19:41:00,26783807,Shopping,Presencial,7,1,CIN-ROS-XXL,1,13257.96,33144.89,,33144.89
1502,2025-08-11 19:41:00,26783807,Shopping,Presencial,7,1,JOG-ÍND-M,2,16544.66,41361.66,,82723.32
1503,2025-08-20 14:59:00,38396306,Norte,Presencial,6,2,GOR-ROJ-S,1,11486.7,28716.74,,28716.74
1503,2025-08-20 14:59:00,38396306,Norte,Presencial,6,2,GOR-GRI-L,1,11486.7,28716.74,,28716.74
1503,2025-08-20 14:59:00,38396306,Norte,Presencial,6,2,JOG-AZU-XL,1,16544.66,41361.66,,41361.66
1503,2025-08-20 14:59:00,38396306,Norte,Presencial,6,2,REM-CEL-XXL,1,13673.12,34182.8,,34182.8
1503,2025-08-20 14:59:00,38396306,Norte,Presencial,6,2,SWE-MAR-unico,1,13010.13,32525.33,,32525.33
1504,2025-11-19 03:36:00,10630650,Tienda Online,Web,10,4,CHU-VER-M,1,13529.35,33823.38,,33823.38
1505,2025-09-13 17:39:00,40450329,Shopping,Presencial,7,2,CAM-BLA-M,2,14680.23,36700.58,,73401.16
1505,2025-09-13 17:39:00,40450329,Shopping,Presencial,7,2,CHU-NEG-XXL,1,13529.35,33823.38,,33823.38
1505,2025-09-13 17:39:00,40450329,Shopping,Presencial,7,2,CHU-VER-L,1,13529.35,33823.38,,33823.38
1505,2025-09-13 17:39:00,40450329,Shopping,Presencial,7,2,GOR-ROJ-S,1,11486.7,28716.74,,28716.74
1506,2024-04-05 00:17:00,43250363,Tienda Online,Web,9,1,CHU-NEG-S,1,13529.35,33823.38,,33823.38
1506,2024-04-05 00:17:00,43250363,Tienda Online,Web,9,1,GOR-GRI-M,2,11486.7,28716.74,,57433.48
1506,2024-04-05 00:17:00,43250363,Tienda Online,Web,9,1,CHU-NEG-M,1,13529.35,33823.38,,33823.38
1507,2024-07-05 11:50:00,38330675,Norte,Presencial,4,3,CHU-NEG-M,1,13529.35,33823.38,,33823.38
1507,2024-07-05 11:50:00,38330675,Norte,Presencial,4,3,CIN-TUR-XL,1,13257.96,33144.89,,33144.89
1508,2024-11-30 04:34:00,12132899,Tienda Online,Web,10,3,REM-TUR-XXL,1,13673.12,34182.8,,34182.8
1509,2025-05-08 09:17:00,40298722,Tienda Online,Web,9,5,JEA-NEG-M,1,8748.58,21871.44,,21871.44
1509,2025-05-08 09:17:00,40298722,Tienda Online,Web,9,5,GOR-GRI-L,1,11486.7,28716.74,,28716.74
1510,2024-03-09 17:14:00,32012128,Centro,Presencial,1,5,CHU-VER-XL,1,13529.35,33823.38,,33823.38
1511,2024-02-03 18:31:00,30390056,Norte,Presencial,5,2,CHU-NEG-S,1,13529.35,33823.38,,33823.38
1511,2024-02-03 18:31:00,30390056,Norte,Presencial,5,2,SWE-MAR-L,1,13010.13,32525.33,,32525.33
1511,2024-02-03 18:31:00,30390056,Norte,Presencial,5,2,JEA-LAV-unico,1,8748.58,21871.44,,21871.44
1511,2024-02-03 18:31:00,30390056,Norte,Presencial,5,2,MUS-AZU-unico,2,12928.22,32320.56,,64641.12
1512,2025-06-24 06:19:00,22874170,Tienda Online,Web,10,1,CHU-VER-XL,1,13529.35,33823.38,,33823.38
1512,2025-06-24 06:19:00,22874170,Tienda Online,Web,10,1,MUS-CEL-M,1,12928.22,32320.56,,32320.56
1513,2024-02-13 10:25:00,30873468,Tienda Online,Web,10,5,GOR-GRI-M,1,11486.7,28716.74,,28716.74
1514,2024-05-11 15:48:00,20226206,Centro,Presencial,2,2,REM-VIO-M,1,13071.19,32677.97,,32677.97
1514,2024-05-11 15:48:00,20226206,Centro,Presencial,2,2,JOG-AZU-unico,1,16544.66,41361.66,,41361.66
1515,2024-03-16 12:18:00,10524999,Tienda Online,Web,9,4,SWE-MAR-L,1,13010.13,32525.33,,32525.33
1516,2024-02-07 03:16:00,27826293,Tienda Online,Web,9,2,CIN-MAR-S,1,13257.96,33144.89,,33144.89
1516,2024-02-07 03:16:00,27826293,Tienda Online,Web,9,2,REM-TUR-XXL,1,13673.12,34182.8,,34182.8
1516,2024-02-07 03:16:00,27826293,Tienda Online,Web,9,2,CAM-BEI-unico,1,14680.23,36700.58,,36700.58
1517,2025-06-06 09:35:00,17157379,Centro,Presencial,2,4,MUS-AZU-XXL,1,12928.22,32320.56,,32320.56
1517,2025-06-06 09:35:00,17157379,Centro,Presencial,2,4,SWE-MAR-XXL,1,13010.13,32525.33,,32525.33
1518,2024-12-07 02:34:00,35526737,Tienda Online,Web,9,4,MUS-AZU-M,1,12928.22,32320.56,,32320.56
1518,2024-12-07 02:34:00,35526737,Tienda Online,Web,9,4,CHU-ÍND-XL,1,13529.35,33823.38,,33823.38
1519,2025-06-14 13:54:00,25333944,Tienda Online,Web,10,1,CHU-ÍND-L,1,13529.35,33823.38,,33823.38
1520,2024-12-02 14:13:00,30831897,Centro,Presencial,2,4,JEA-NEG-M,1,8748.58,21871.44,,21871.44
1520,2024-12-02 14:13:00,30831897,Centro,Presencial,2,4,CHU-VER-XL,1,13529.35,33823.38,,33823.38
1521,2024-05-03 12:18:00,13950951,Tienda Online,Web,10,1,JEA-NEG-M,1,8748.58,21871.44,,21871.44
1522,2024-05-08 09:17:00,41453788,Centro,Presencial,1,3,CIN-ROS-XXL,1,13257.96,33144.89,,33144.89
1522,2024-05-08 09:17:00,41453788,Centro,Presencial,1,3,REM-CEL-XXL,1,13673.12,33382.8,12.0,33382.8
1522,2024-05-08 09:17:00,41453788,Centro,Presencial,1,3,CAM-BEI-L,1,14680.23,36700.58,,36700.58
1522,2024-05-08 09:17:00,41453788,Centro,Presencial,1,3,CIN-ROS-XXL,1,13257.96,33144.89,,33144.89
1523,2024-08-02 19:01:00,15354748,Tienda Online,Web,10,2,CIN-MAR-M,1,13257.96,33144.89,,33144.89
1523,2024-08-02 19:01:00,15354748,Tienda Online,Web,10,2,GOR-GRI-unico,1,11486.7,28716.74,,28716.74
1523,2024-08-02 19:01:00,15354748,Tienda Online,Web,10,2,CAM-CEL-XL,1,14680.23,36700.58,,36700.58
1524,2025-04-25 14:27:00,30854088,Shopping,Presencial,7,5,GOR-GRI-M,1,11486.7,28716.74,,28716.74
1524,2025-04-25 14:27:00,30854088,Shopping,Presencial,7,5,GOR-GRI-L,1,11486.7,28716.74,,28716.74
1525,2025-08-30 08:42:00,32199028,Tienda Online,Web,10,5,SWE-AZU-XXL,1,13010.13,32525.33,,32525.33
1525,2025-08-30 08:42:00,32199028,Tienda Online,Web,10,5,GOR-ROJ-XXL,1,11486.7,28716.74,,28716.74
1525,2025-08-30 08:42:00,32199028,Tienda Online,Web,10,5,REM-BLA-unico,2,13071.19,32677.97,,65355.94
1525,2025-08-30 08:42:00,32199028,Tienda Online,Web,10,5,GOR-GRI-L,1,11486.7,28716.74,,28716.74
1525,2025-08-30 08:42:00,32199028,Tienda Online,Web,10,5,JOG-ÍND-S,1,16544.66,41361.66,,41361.66
1526,2024-06-17 18:30:00,16604711,Shopping,Presencial,7,5,REM-VIO-M,1,13071.19,32677.97,,32677.97
1526,2024-06-17 18:30:00,16604711,Shopping,Presencial,7,5,CIN-MAR-L,1,13257.96,33144.89,,33144.89
1526,2024-06-17 18:30:00,16604711,Shopping,Presencial,7,5,JEA-LAV-L,1,8748.58,21871.44,,21871.44
1526,2024-06-17 18:30:00,16604711,Shopping,Presencial,7,5,JOG-ÍND-S,1,16544.66,41361.66,,41361.66
1526,2024-06-17 18:30:00,16604711,Shopping,Presencial,7,5,BUZ-AZU-M,1,11827.69,29569.23,,29569.23
1527,2024-12-25 06:52:00,36891021,Tienda Online,Web,9,5,CIN-MAR-M,1,13257.96,33144.89,,33144.89
1527,2024-12-25 06:52:00,36891021,Tienda Online,Web,9,5,JEA-NEG-M,1,8748.58,21871.44,,21871.44
1528,2024-07-09 09:40:00,17678198,Norte,Presencial,4,2,GOR-GRI-M,2,11486.7,28716.74,,57433.48
1528,2024-07-09 09:40:00,17678198,Norte,Presencial,4,2,BUZ-AZU-M,1,11827.69,29569.23,,29569.23
1529,2025-05-19 09:09:00,23707602,Centro,Presencial,2,1,SWE-MAR-L,1,13010.13,32525.33,,32525.33
1529,2025-05-19 09:09:00,23707602,Centro,Presencial,2,1,SWE-AZU-M,2,13010.13,32525.33,,65050.66
1530,2024-09-18 14:36:00,17471301,Centro,Presencial,2,2,REM-VIO-XL,1,13071.19,32677.97,,32677.97
1531,2024-06-26 13:58:00,16065254,Norte,Presencial,4,4,MUS-CEL-S,1,12928.22,32320.56,,32320.56
1531,2024-06-26 13:58:00,16065254,Norte,Presencial,4,4,REM-TUR-XXL,1,13673.12,34182.8,,34182.8
1531,2024-06-26 13:58:00,16065254,Norte,Presencial,4,4,GOR-GRI-M,1,11486.7,28716.74,,28716.74
1531,2024-06-26 13:58:00,16065254,Norte,Presencial,4,4,GOR-GRI-M,2,11486.7,28716.74,,57433.48
1531,2024-06-26 13:58:00,16065254,Norte,Presencial,4,4,MUS-CEL-S,1,12928.22,32320.56,,32320.56
1532,2024-01-28 10:34:00,43172347,Centro,Presencial,2,5,JEA-LAV-L,1,8748.58,21871.44,,21871.44
1532,2024-01-28 10:34:00,43172347,Centro,Presencial,2,5,JEA-NEG-M,2,8748.58,21871.44,,43742.88
1533,2025-02-08 18:09:00,12645604,Tienda Online,Web,9,4,REM-TUR-S,1,13673.12,34182.8,,34182.8
1533,2025-02-08 18:09:00,12645604,Tienda Online,Web,9,4,GOR-GRI-M,1,11486.7,28716.74,,28716.74
1533,2025-02-08 18:09:00,12645604,Tienda Online,Web,9,4,BUZ-AZU-M,2,11827.69,29569.23,,59138.46
1533,2025-02-08 18:09:00,12645604,Tienda Online,Web,9,4,REM-VIO-XXL,2,13071.19,32677.97,,65355.94
1534,2024-12-31 16:23:00,14887419,Tienda Online,Web,9,4,REM-VIO-L,1,13071.19,32677.97,,32677.97
1535,2024-12-21 12:44:00,29044583,Shopping,Presencial,7,4,CIN-TUR-unico,1,13257.96,33144.89,,33144.89
1536,2024-03-28 03:16:00,39559360,Tienda Online,Web,10,1,GOR-GRI-S,1,11486.7,28716.74,,28716.74
1537,2025-06-08 14:16:00,42659965,Centro,Presencial,2,1,REM-TUR-XXL,1,13673.12,34182.8,,34182.8
1537,2025-06-08 14:16:00,42659965,Centro,Presencial,2,1,CHU-NEG-unico,1,13529.35,33823.38,,33823.38
1537,2025-06-08 14:16:00,42659965,Centro,Presencial,2,1,JOG-CEL-unico,1,16544.66,41361.66,,41361.66
1538,2024-08-19 18:48:00,20254587,Norte,Presencial,5,3,CAM-BEI-unico,1,14680.23,36700.58,,36700.58
1538,2024-08-19 18:48:00,20254587,Norte,Presencial,5,3,JEA-LAV-L,1,8748.58,21871.44,,21871.44
1538,2024-08-19 18:48:00,20254587,Norte,Presencial,5,3,MUS-AZU-unico,1,12928.22,32320.56,,32320.56
1539,2025-05-22 11:22:00,19104260,Shopping,Presencial,7,5,CHU-ÍND-XL,2,13529.35,33823.38,,67646.76
1539,2025-05-22 11:22:00,19104260,Shopping,Presencial,7,5,CIN-MAR-XL,1,13257.96,33144.89,,33144.89
1539,2025-05-22 11:22:00,19104260,Shopping,Presencial,7,5,CAM-BEI-unico,2,14680.23,25690.41,5.0,51380.82
1539,2025-05-22 11:22:00,19104260,Shopping,Presencial,7,5,CHU-ÍND-XXL,1,13529.35,33823.38,,33823.38
1539,2025-05-22 11:22:00,19104260,Shopping,Presencial,7,5,REM-BLA-S,1,13071.19,32677.97,,32677.97
1540,2024-12-06 12:14:00,20905308,Tienda Online,Web,10,4,JEA-NEG-M,1,8748.58,21871.44,,21871.44
1540,2024-12-06 12:14:00,20905308,Tienda Online,Web,10,4,CAM-BEI-L,1,14680.23,36700.58,,36700.58
1541,2025-03-18 18:33:00,14090793,Centro,Presencial,1,5,CAM-BLA-M,1,14680.23,36700.58,,36700.58
1542,2025-06-20 14:35:00,25519695,Centro,Presencial,2,5,SWE-MAR-unico,1,13010.13,32525.33,,32525.33
1542,2025-06-20 14:35:00,25519695,Centro,Presencial,2,5,REM-VIO-M,1,13071.19,32677.97,,32677.97
1542,2025-06-20 14:35:00,25519695,Centro,Presencial,2,5,CHU-VER-XL,1,13529.35,33823.38,,33823.38
1543,2024-01-29 10:27:00,32770212,Norte,Presencial,4,5,JEA-LAV-L,1,8748.58,21871.44,,21871.44
1543,2024-01-29 10:27:00,32770212,Norte,Presencial,4,5,REM-TUR-XXL,1,13673.12,34182.8,,34182.8
1543,2024-01-29 10:27:00,32770212,Norte,Presencial,4,5,CIN-TUR-XL,2,13257.96,33144.89,,66289.78
1543,2024-01-29 10:27:00,32770212,Norte,Presencial,4,5,JEA-NEG-M,2,8748.58,21871.44,,43742.88
1543,2024-01-29 10:27:00,32770212,Norte,Presencial,4,5,JEA-LAV-L,1,8748.58,21871.44,,21871.44
1544,2025-03-24 02:20:00,21260138,Tienda Online,Web,9,1,SWE-MAR-unico,2,13010.13,32525.33,,65050.66
1545,2024-01-14 14:39:00,39559360,Tienda Online,Web,9,3,JOG-CEL-unico,1,16544.66,41361.66,,41361.66
1545,2024-01-14 14:39:00,39559360,Tienda Online,Web,9,3,REM-BLA-XL,2,13071.19,32677.97,,65355.94
1545,2024-01-14 14:39:00,39559360,Tienda Online,Web,9,3,JOG-CEL-unico,1,16544.66,41361.66,,41361.66
1546,2025-11-14 14:18:00,14616506,Tienda Online,Web,10,3,MUS-CEL-S,1,12928.22,32320.56,,32320.56
1547,2025-05-21 19:40:00,26852461,Norte,Presencial,6,3,JOG-ÍND-XL,1,16544.66,41361.66,,41361.66
1547,2025-05-21 19:40:00,26852461,Norte,Presencial,6,3,GOR-GRI-L,1,11486.7,28716.74,,28716.74
1548,2025-10-14 10:43:00,25442983,Centro,Presencial,1,2,BUZ-AZU-M,1,11827.69,19220.0,8.0,19220.0
1548,2025-10-14 10:43:00,25442983,Centro,Presencial,1,2,SWE-AZU-M,1,13010.13,32525.33,,32525.33
1549,2025-06-19 11:36:00,32770212,Shopping,Presencial,7,3,GOR-GRI-L,1,11486.7,28716.74,,28716.74
1549,2025-06-19 11:36:00,32770212,Shopping,Presencial,7,3,SWE-MAR-L,1,13010.13,32525.33,,32525.33
1549,2025-06-19 11:36:00,32770212,Shopping,Presencial,7,3,GOR-GRI-L,1,11486.7,28716.74,,28716.74
1549,2025-06-19 11:36:00,32770212,Shopping,Presencial,7,3,JOG-ÍND-M,1,16544.66,41361.66,,41361.66
1549,2025-06-19 11:36:00,32770212,Shopping,Presencial,7,3,CAM-CEL-XL,1,14680.23,36700.58,,36700.58
1550,2025-04-21 19:44:00,35821297,Tienda Online,Web,10,2,REM-CEL-XXL,1,13673.12,34182.8,,34182.8
1551,2024-08-03 19:18:00,32012128,Tienda Online,Web,9,3,CHU-VER-XL,1,13529.35,33823.38,,33823.38
1551,2024-08-03 19:18:00,32012128,Tienda Online,Web,9,3,CHU-NEG-S,1,13529.35,33823.38,,33823.38
1552,2025-05-24 15:27:00,22588451,Norte,Presencial,4,2,MUS-AZU-XXL,1,12928.22,32320.56,,32320.56
1552,2025-05-24 15:27:00,22588451,Norte,Presencial,4,2,JOG-ÍND-M,1,16544.66,41361.66,,41361.66
1553,2025-02-01 11:56:00,20714555,Norte,Presencial,5,4,CIN-MAR-S,1,13257.96,33144.89,,33144.89
1553,2025-02-01 11:56:00,20714555,Norte,Presencial,5,4,CIN-MAR-L,1,13257.96,33144.89,,33144.89
1553,2025-02-01 11:56:00,20714555,Norte,Presencial,5,4,REM-BLA-XL,1,13071.19,32677.97,,32677.97
1554,2024-12-14 06:40:00,12645604,Tienda Online,Web,9,5,MUS-AZU-XXL,1,12928.22,32320.56,,32320.56
1554,2024-12-14 06:40:00,12645604,Tienda Online,Web,9,5,REM-TUR-S,1,13673.12,34182.8,,34182.8
1554,2024-12-14 06:40:00,12645604,Tienda Online,Web,9,5,JOG-ÍND-XL,1,16544.66,41361.66,,41361.66
1554,2024-12-14 06:40:00,12645604,Tienda Online,Web,9,5,JEA-NEG-M,1,8748.58,21871.44,,21871.44
1554,2024-12-14 06:40:00,12645604,Tienda Online,Web,9,5,SWE-MAR-L,1,13010.13,32525.33,,32525.33
1555,2025-06-29 10:06:00,14792233,Shopping,Presencial,7,5,GOR-ROJ-S,1,11486.7,28716.74,,28716.74
1555,2025-06-29 10:06:00,14792233,Shopping,Presencial,7,5,SWE-MAR-M,1,13010.13,32525.33,,32525.33
1555,2025-06-29 10:06:00,14792233,Shopping,Presencial,7,5,REM-CEL-XXL,1,13673.12,34182.8,,34182.8
1555,2025-06-29 10:06:00,14792233,Shopping,Presencial,7,5,MUS-CEL-S,1,12928.22,32320.56,,32320.56
1555,2025-06-29 10:06:00,14792233,Shopping,Presencial,7,5,REM-VIO-XXL,1,13071.19,32677.97,,32677.97
1556,2024-08-10 13:45:00,13950951,Norte,Presencial,4,2,MUS-AZU-XXL,1,12928.22,32320.56,,32320.56
1557,2025-06-01 18:00:00,22203066,Shopping,Presencial,7,1,CHU-ÍND-XXL,1,13529.35,33823.38,,33823.38
1557,2025-06-01 18:00:00,22203066,Shopping,Presencial,7,1,CIN-MAR-L,1,13257.96,33144.89,,33144.89
1557,2025-06-01 18:00:00,22203066,Shopping,Presencial,7,1,REM-BLA-XL,1,13071.19,32677.97,,32677.97
1557,2025-06-01 18:00:00,22203066,Shopping,Presencial,7,1,REM-BLA-XL,2,13071.19,32677.97,,65355.94
1558,2024-11-27 19:06:00,39766964,Shopping,Presencial,7,1,CHU-ÍND-L,1,13529.35,33823.38,,33823.38
1559,2025-09-27 17:06:00,28514090,Norte,Presencial,4,1,GOR-ROJ-L,1,11486.7,28716.74,,28716.74
1560,2025-01-08 09:46:00,41341494,Shopping,Presencial,7,4,GOR-GRI-XXL,1,11486.7,28716.74,,28716.74
1560,2025-01-08 09:46:00,41341494,Shopping,Presencial,7,4,CIN-MAR-S,2,13257.96,33144.89,,66289.78
1560,2025-01-08 09:46:00,41341494,Shopping,Presencial,7,4,CIN-TUR-unico,1,13257.96,33144.89,,33144.89
1561,2024-07-20 19:51:00,18293899,Shopping,Presencial,7,5,REM-TUR-XXL,1,13673.12,34182.8,,34182.8
1561,2024-07-20 19:51:00,18293899,Shopping,Presencial,7,5,MUS-AZU-M,1,12928.22,32320.56,,32320.56
1561,2024-07-20 19:51:00,18293899,Shopping,Presencial,7,5,SWE-AZU-S,1,13010.13,32525.33,,32525.33
1562,2025-05-16 09:23:00,35526737,Centro,Presencial,1,2,SWE-MAR-L,1,13010.13,32525.33,,32525.33
1562,2025-05-16 09:23:00,35526737,Centro,Presencial,1,2,REM-BLA-S,1,13071.19,32677.97,,32677.97
1562,2025-05-16 09:23:00,35526737,Centro,Presencial,1,2,CAM-BLA-M,1,14680.23,36700.58,,36700.58
1562,2025-05-16 09:23:00,35526737,Centro,Presencial,1,2,SWE-MAR-unico,1,13010.13,32525.33,,32525.33
1562,2025-05-16 09:23:00,35526737,Centro,Presencial,1,2,REM-BLA-XL,2,13071.19,32677.97,,65355.94
1563,2025-01-04 17:44:00,40105945,Centro,Presencial,1,5,MUS-AZU-unico,1,12928.22,32320.56,,32320.56
1563,2025-01-04 17:44:00,40105945,Centro,Presencial,1,5,GOR-GRI-XXL,1,11486.7,28716.74,,28716.74
1564,2025-03-29 13:06:00,44032415,Tienda Online,Web,10,4,CAM-BEI-L,1,14680.23,36700.58,,36700.58
1565,2025-08-25 18:33:00,42614267,Norte,Presencial,4,1,CIN-MAR-S,1,13257.96,33144.89,,33144.89
1565,2025-08-25 18:33:00,42614267,Norte,Presencial,4,1,CIN-MAR-S,1,13257.96,33144.89,,33144.89
1565,2025-08-25 18:33:00,42614267,Norte,Presencial,4,1,CAM-BLA-XL,1,14680.23,36700.58,,36700.58
1566,2024-02-09 05:47:00,17728908,Tienda Online,Web,10,3,CIN-MAR-S,1,13257.96,33144.89,,33144.89
1566,2024-02-09 05:47:00,17728908,Tienda Online,Web,10,3,JEA-NEG-M,1,8748.58,21871.44,,21871.44
1567,2024-05-17 04:08:00,26373518,Tienda Online,Web,9,5,SWE-MAR-L,1,13010.13,32525.33,,32525.33
1567,2024-05-17 04:08:00,26373518,Tienda Online,Web,9,5,JOG-ÍND-M,1,16544.66,41361.66,,41361.66
1567,2024-05-17 04:08:00,26373518,Tienda Online,Web,9,5,SWE-MAR-L,1,13010.13,32525.33,,32525.33
1567,2024-05-17 04:08:00,26373518,Tienda Online,Web,9,5,SWE-AZU-S,1,13010.13,32525.33,,32525.33
1568,2025-08-02 15:13:00,36562073,Shopping,Presencial,7,2,REM-BLA-unico,1,13071.19,32677.97,,32677.97
1568,2025-08-02 15:13:00,36562073,Shopping,Presencial,7,2,SWE-MAR-unico,1,13010.13,32525.33,,32525.33
1568,2025-08-02 15:13:00,36562073,Shopping,Presencial,7,2,JEA-NEG-XL,1,8748.58,21871.44,,21871.44
1569,2024-06-11 15:12:00,16778091,Centro,Presencial,1,5,JOG-ÍND-S,1,16544.66,41361.66,,41361.66
1569,2024-06-11 15:12:00,16778091,Centro,Presencial,1,5,MUS-CEL-S,1,12928.22,32320.56,,32320.56
1570,2025-02-05 09:50:00,29687578,Tienda Online,Web,9,3,REM-TUR-XXL,1,13673.12,34182.8,,34182.8
1570,2025-02-05 09:50:00,29687578,Tienda Online,Web,9,3,REM-VIO-XL,1,13071.19,32677.97,,32677.97
1571,2025-07-02 00:31:00,32494103,Tienda Online,Web,9,2,MUS-CEL-S,1,12928.22,16160.28,11.0,16160.28
1571,2025-07-02 00:31:00,32494103,Tienda Online,Web,9,2,BUZ-AZU-unico,1,11827.69,29569.23,,29569.23
1572,2025-05-11 13:47:00,10190290,Tienda Online,Web,9,2,CIN-ROS-unico,1,13257.96,33144.89,,33144.89
1572,2025-05-11 13:47:00,10190290,Tienda Online,Web,9,2,CHU-ÍND-XL,1,13529.35,33823.38,,33823.38
1572,2025-05-11 13:47:00,10190290,Tienda Online,Web,9,2,REM-VIO-XXL,1,13071.19,32677.97,,32677.97
1572,2025-05-11 13:47:00,10190290,Tienda Online,Web,9,2,REM-TUR-XXL,1,13673.12,34182.8,,34182.8
1572,2025-05-11 13:47:00,10190290,Tienda Online,Web,9,2,CIN-TUR-unico,1,13257.96,33144.89,,33144.89
1573,2024-11-07 05:18:00,27044130,Tienda Online,Web,10,5,JOG-CEL-unico,1,16544.66,41361.66,,41361.66
1574,2025-06-01 10:53:00,39738000,Norte,Presencial,4,5,CIN-MAR-S,1,13257.96,33144.89,,33144.89
1574,2025-06-01 10:53:00,39738000,Norte,Presencial,4,5,MUS-CEL-S,1,12928.22,32320.56,,32320.56
1574,2025-06-01 10:53:00,39738000,Norte,Presencial,4,5,SWE-AZU-S,1,13010.13,32525.33,,32525.33
1574,2025-06-01 10:53:00,39738000,Norte,Presencial,4,5,CIN-MAR-S,1,13257.96,33144.89,,33144.89
1575,2024-05-14 19:54:00,16778091,Norte,Presencial,6,5,JOG-CEL-unico,1,16544.66,40561.66,12.0,40561.66
1575,2024-05-14 19:54:00,16778091,Norte,Presencial,6,5,CAM-CEL-XL,1,14680.23,36700.58,,36700.58
1576,2025-06-14 14:25:00,12910178,Tienda Online,Web,10,4,REM-VIO-M,1,13071.19,32677.97,,32677.97
1576,2025-06-14 14:25:00,12910178,Tienda Online,Web,10,4,REM-VIO-L,1,13071.19,29410.17,3.0,29410.17
1577,2025-06-29 17:12:00,41453788,Norte,Presencial,6,2,CHU-NEG-M,1,13529.35,33823.38,,33823.38
1578,2024-12-26 12:10:00,32132749,Centro,Presencial,2,3,BUZ-AZU-M,1,11827.69,29569.23,,29569.23
1578,2024-12-26 12:10:00,32132749,Centro,Presencial,2,3,CIN-ROS-XXL,1,13257.96,33144.89,,33144.89
1578,2024-12-26 12:10:00,32132749,Centro,Presencial,2,3,JEA-LAV-L,1,8748.58,21871.44,,21871.44
1579,2024-08-28 15:43:00,25636276,Centro,Presencial,2,4,JEA-NEG-unico,1,8748.58,21871.44,,21871.44
1579,2024-08-28 15:43:00,25636276,Centro,Presencial,2,4,JOG-AZU-unico,2,16544.66,41361.66,,82723.32
1579,2024-08-28 15:43:00,25636276,Centro,Presencial,2,4,BUZ-AZU-M,1,11827.69,29569.23,,29569.23
1579,2024-08-28 15:43:00,25636276,Centro,Presencial,2,4,CHU-NEG-M,1,13529.35,33823.38,,33823.38
1580,2025-05-05 11:27:00,41535292,Norte,Presencial,5,1,CIN-MAR-XL,1,13257.96,33144.89,,33144.89
1580,2025-05-05 11:27:00,41535292,Norte,Presencial,5,1,GOR-ROJ-S,1,11486.7,28716.74,,28716.74
1581,2024-12-08 23:36:00,38133707,Tienda Online,Web,9,3,BUZ-AZU-unico,1,11827.69,29569.23,,29569.23
1581,2024-12-08 23:36:00,38133707,Tienda Online,Web,9,3,BUZ-AZU-M,1,11827.69,29569.23,,29569.23
1582,2024-10-26 22:55:00,15354748,Tienda Online,Web,10,3,CIN-TUR-XL,1,13257.96,33144.89,,33144.89
1582,2024-10-26 22:55:00,15354748,Tienda Online,Web,10,3,REM-VIO-M,1,13071.19,32677.97,,32677.97
1582,2024-10-26 22:55:00,15354748,Tienda Online,Web,10,3,JOG-ÍND-S,1,16544.66,41361.66,,41361.66
1582,2024-10-26 22:55:00,15354748,Tienda Online,Web,10,3,CHU-VER-XL,1,13529.35,33823.38,,33823.38
1582,2024-10-26 22:55:00,15354748,Tienda Online,Web,10,3,REM-CEL-XXL,1,13673.12,34182.8,,34182.8
1583,2025-03-06 04:56:00,16123174,Tienda Online,Web,10,2,CHU-VER-L,1,13529.35,33823.38,,33823.38
1584,2025-06-16 10:43:00,30090967,Tienda Online,Web,10,3,REM-BLA-XL,1,13071.19,32677.97,,32677.97
1584,2025-06-16 10:43:00,30090967,Tienda Online,Web,10,3,GOR-GRI-M,1,11486.7,28716.74,,28716.74
1584,2025-06-16 10:43:00,30090967,Tienda Online,Web,10,3,JOG-AZU-XL,1,16544.66,41361.66,,41361.66
1584,2025-06-16 10:43:00,30090967,Tienda Online,Web,10,3,REM-VIO-L,1,13071.19,32677.97,,32677.97
1585,2024-12-09 15:52:00,13836296,Centro,Presencial,2,4,REM-VIO-L,1,13071.19,32677.97,,32677.97
1585,2024-12-09 15:52:00,13836296,Centro,Presencial,2,4,JEA-LAV-L,2,8748.58,21871.44,,43742.88
1586,2024-04-15 10:16:00,17245195,Centro,Presencial,1,4,GOR-GRI-M,1,11486.7,28716.74,,28716.74
1586,2024-04-15 10:16:00,17245195,Centro,Presencial,1,4,CIN-MAR-S,1,13257.96,33144.89,,33144.89
1586,2024-04-15 10:16:00,17245195,Centro,Presencial,1,4,CHU-VER-XL,1,13529.35,33823.38,,33823.38
1586,2024-04-15 10:16:00,17245195,Centro,Presencial,1,4,CAM-BEI-unico,1,14680.23,36700.58,,36700.58
1587,2024-09-28 09:51:00,33606133,Tienda Online,Web,10,5,GOR-GRI-unico,1,11486.7,28716.74,,28716.74
1587,2024-09-28 09:51:00,33606133,Tienda Online,Web,10,5,JOG-ÍND-XL,1,16544.66,41361.66,,41361.66
1587,2024-09-28 09:51:00,33606133,Tienda Online,Web,10,5,MUS-AZU-unico,1,12928.22,32320.56,,32320.56
1587,2024-09-28 09:51:00,33606133,Tienda Online,Web,10,5,GOR-GRI-S,1,11486.7,28716.74,,28716.74
1587,2024-09-28 09:51:00,33606133,Tienda Online,Web,10,5,GOR-GRI-S,1,11486.7,28716.74,,28716.74
1588,2025-09-11 16:03:00,11735763,Centro,Presencial,2,5,JOG-AZU-unico,1,16544.66,41361.66,,41361.66
1589,2025-07-18 10:02:00,18123867,Norte,Presencial,4,5,GOR-GRI-unico,1,11486.7,28716.74,,28716.74
1590,2024-01-26 07:22:00,20256869,Tienda Online,Web,9,4,CIN-MAR-S,1,13257.96,33144.89,,33144.89
1590,2024-01-26 07:22:00,20256869,Tienda Online,Web,9,4,JOG-AZU-unico,1,16544.66,41361.66,,41361.66
1590,2024-01-26 07:22:00,20256869,Tienda Online,Web,9,4,REM-BLA-XL,1,13071.19,32677.97,,32677.97
1590,2024-01-26 07:22:00,20256869,Tienda Online,Web,9,4,JEA-NEG-M,1,8748.58,21871.44,,21871.44
1591,2024-05-27 13:46:00,32494103,Norte,Presencial,4,5,GOR-GRI-L,1,11486.7,28716.74,,28716.74
1592,2025-09-25 09:05:00,29955030,Centro,Presencial,2,2,JOG-ÍND-XL,1,16544.66,26885.08,8.0,26885.08
1592,2025-09-25 09:05:00,29955030,Centro,Presencial,2,2,CIN-ROS-XXL,1,13257.96,33144.89,,33144.89
1592,2025-09-25 09:05:00,29955030,Centro,Presencial,2,2,CHU-NEG-XXL,1,13529.35,33823.38,,33823.38
1592,2025-09-25 09:05:00,29955030,Centro,Presencial,2,2,SWE-MAR-L,1,13010.13,32525.33,,32525.33
1593,2025-08-12 11:43:00,32132749,Shopping,Presencial,7,1,CAM-BLA-XL,1,14680.23,36700.58,,36700.58
1593,2025-08-12 11:43:00,32132749,Shopping,Presencial,7,1,CAM-CEL-XL,2,14680.23,36700.58,,73401.16
1594,2024-03-09 16:20:00,30279639,Norte,Presencial,6,4,SWE-MAR-L,1,13010.13,32525.33,,32525.33
1594,2024-03-09 16:20:00,30279639,Norte,Presencial,6,4,CIN-MAR-S,1,13257.96,33144.89,,33144.89
1594,2024-03-09 16:20:00,30279639,Norte,Presencial,6,4,BUZ-AZU-M,1,11827.69,29569.23,,29569.23
1594,2024-03-09 16:20:00,30279639,Norte,Presencial,6,4,JOG-AZU-unico,1,16544.66,41361.66,,41361.66
1595,2025-03-22 15:22:00,16859215,Shopping,Presencial,7,4,CIN-TUR-XL,1,13257.96,33144.89,,33144.89
1595,2025-03-22 15:22:00,16859215,Shopping,Presencial,7,4,REM-TUR-S,1,13673.12,34182.8,,34182.8
1595,2025-03-22 15:22:00,16859215,Shopping,Presencial,7,4,CHU-NEG-M,1,13529.35,33823.38,,33823.38
1595,2025-03-22 15:22:00,16859215,Shopping,Presencial,7,4,REM-TUR-XXL,1,13673.12,34182.8,,34182.8
1595,2025-03-22 15:22:00,16859215,Shopping,Presencial,7,4,SWE-MAR-M,1,13010.13,19515.2,7.0,19515.2
1596,2024-05-28 10:19:00,38250184,Centro,Presencial,1,3,REM-VIO-M,1,13071.19,32677.97,,32677.97
1596,2024-05-28 10:19:00,38250184,Centro,Presencial,1,3,REM-VIO-M,1,13071.19,31877.97,12.0,31877.97
1597,2024-06-25 11:57:00,24672546,Centro,Presencial,2,2,MUS-AZU-M,1,12928.22,32320.56,,32320.56
1597,2024-06-25 11:57:00,24672546,Centro,Presencial,2,2,CAM-BEI-unico,2,14680.23,36700.58,,73401.16
1597,2024-06-25 11:57:00,24672546,Centro,Presencial,2,2,JOG-ÍND-XL,1,16544.66,41361.66,,41361.66
1598,2024-04-20 07:43:00,44304306,Tienda Online,Web,10,3,JOG-AZU-unico,1,16544.66,41361.66,,41361.66
1599,2025-07-01 13:51:00,26819279,Shopping,Presencial,7,2,CHU-VER-L,1,13529.35,33823.38,,33823.38
1599,2025-07-01 13:51:00,26819279,Shopping,Presencial,7,2,JOG-AZU-unico,1,16544.66,20680.83,11.0,20680.83
1600,2024-02-02 18:37:00,22588451,Shopping,Presencial,7,2,CIN-MAR-M,2,13257.96,33144.89,,66289.78
1600,2024-02-02 18:37:00,22588451,Shopping,Presencial,7,2,CHU-NEG-S,1,13529.35,33823.38,,33823.38
1601,2024-03-08 14:41:00,11730076,Shopping,Presencial,7,5,JEA-NEG-M,2,8748.58,21871.44,,43742.88
1601,2024-03-08 14:41:00,11730076,Shopping,Presencial,7,5,JEA-LAV-unico,1,8748.58,21871.44,,21871.44
1601,2024-03-08 14:41:00,11730076,Shopping,Presencial,7,5,CIN-MAR-M,1,13257.96,33144.89,,33144.89
1602,2024-08-09 15:20:00,21260138,Norte,Presencial,4,2,CAM-CEL-XL,1,14680.23,36700.58,,36700.58
1603,2024-07-06 03:10:00,44304306,Tienda Online,Web,10,4,MUS-AZU-XXL,1,12928.22,32320.56,,32320.56
1603,2024-07-06 03:10:00,44304306,Tienda Online,Web,10,4,JEA-NEG-M,1,8748.58,21871.44,,21871.44
1603,2024-07-06 03:10:00,44304306,Tienda Online,Web,10,4,MUS-AZU-M,1,12928.22,32320.56,,32320.56
1603,2024-07-06 03:10:00,44304306,Tienda Online,Web,10,4,MUS-AZU-XXL,1,12928.22,32320.56,,32320.56
1603,2024-07-06 03:10:00,44304306,Tienda Online,Web,10,4,CHU-NEG-M,1,13529.35,33823.38,,33823.38
1604,2025-08-07 13:40:00,32199028,Norte,Presencial,4,3,SWE-MAR-S,1,13010.13,32525.33,,32525.33
1604,2025-08-07 13:40:00,32199028,Norte,Presencial,4,3,MUS-CEL-S,1,12928.22,32320.56,,32320.56
1604,2025-08-07 13:40:00,32199028,Norte,Presencial,4,3,JEA-NEG-XL,1,8748.58,21871.44,,21871.44
1604,2025-08-07 13:40:00,32199028,Norte,Presencial,4,3,SWE-MAR-L,1,13010.13,32525.33,,32525.33
1604,2025-08-07 13:40:00,32199028,Norte,Presencial,4,3,CHU-NEG-S,1,13529.35,33823.38,,33823.38
1605,2025-04-19 18:05:00,22874170,Centro,Presencial,2,3,REM-VIO-L,1,13071.19,32677.97,,32677.97
1605,2025-04-19 18:05:00,22874170,Centro,Presencial,2,3,REM-VIO-M,1,13071.19,32677.97,,32677.97
1605,2025-04-19 18:05:00,22874170,Centro,Presencial,2,3,CHU-VER-L,1,13529.35,33823.38,,33823.38
1606,2025-06-14 10:42:00,41690133,Shopping,Presencial,7,1,REM-VIO-XL,1,13071.19,32677.97,,32677.97
1606,2025-06-14 10:42:00,41690133,Shopping,Presencial,7,1,GOR-GRI-M,1,11486.7,28716.74,,28716.74
1607,2024-05-01 23:38:00,24697145,Tienda Online,Web,9,3,MUS-AZU-XXL,1,12928.22,32320.56,,32320.56
1607,2024-05-01 23:38:00,24697145,Tienda Online,Web,9,3,JOG-ÍND-XL,1,16544.66,41361.66,,41361.66
1608,2024-12-28 03:44:00,34898161,Tienda Online,Web,9,2,CIN-MAR-L,1,13257.96,33144.89,,33144.89
1608,2024-12-28 03:44:00,34898161,Tienda Online,Web,9,2,CAM-BLA-M,1,14680.23,36700.58,,36700.58
1608,2024-12-28 03:44:00,34898161,Tienda Online,Web,9,2,CAM-BLA-M,1,14680.23,36700.58,,36700.58
1609,2024-06-02 07:07:00,11433274,Tienda Online,Web,9,2,CIN-MAR-L,2,13257.96,33144.89,,66289.78
1609,2024-06-02 07:07:00,11433274,Tienda Online,Web,9,2,GOR-ROJ-unico,1,11486.7,28716.74,,28716.74
1609,2024-06-02 07:07:00,11433274,Tienda Online,Web,9,2,CAM-BLA-M,1,14680.23,36700.58,,36700.58
1609,2024-06-02 07:07:00,11433274,Tienda Online,Web,9,2,REM-BLA-XL,1,13071.19,32677.97,,32677.97
1609,2024-06-02 07:07:00,11433274,Tienda Online,Web,9,2,GOR-GRI-L,1,11486.7,28716.74,,28716.74
1610,2025-10-31 09:23:00,14441842,Tienda Online,Web,10,5,CAM-BEI-S,1,14680.23,36700.58,,36700.58
1610,2025-10-31 09:23:00,14441842,Tienda Online,Web,10,5,GOR-GRI-S,1,11486.7,28716.74,,28716.74
1610,2025-10-31 09:23:00,14441842,Tienda Online,Web,10,5,GOR-GRI-M,1,11486.7,28716.74,,28716.74
1610,2025-10-31 09:23:00,14441842,Tienda Online,Web,10,5,JOG-ÍND-S,1,16544.66,41361.66,,41361.66
1610,2025-10-31 09:23:00,14441842,Tienda Online,Web,10,5,GOR-ROJ-XXL,1,11486.7,28716.74,,28716.74
1611,2024-01-23 17:20:00,21678777,Tienda Online,Web,10,4,CIN-TUR-unico,1,13257.96,33144.89,,33144.89
1611,2024-01-23 17:20:00,21678777,Tienda Online,Web,10,4,JEA-LAV-unico,1,8748.58,21871.44,,21871.44
1612,2025-08-13 21:45:00,39672841,Tienda Online,Web,9,3,SWE-AZU-S,1,13010.13,32525.33,,32525.33
1612,2025-08-13 21:45:00,39672841,Tienda Online,Web,9,3,JEA-NEG-M,1,8748.58,21871.44,,21871.44
1612,2025-08-13 21:45:00,39672841,Tienda Online,Web,9,3,CAM-BLA-S,1,14680.23,36700.58,,36700.58
1612,2025-08-13 21:45:00,39672841,Tienda Online,Web,9,3,MUS-CEL-S,1,12928.22,32320.56,,32320.56
1612,2025-08-13 21:45:00,39672841,Tienda Online,Web,9,3,CAM-BLA-XL,1,14680.23,36700.58,,36700.58
1613,2025-03-31 05:44:00,26591977,Tienda Online,Web,9,4,JOG-AZU-unico,1,16544.66,41361.66,,41361.66
1613,2025-03-31 05:44:00,26591977,Tienda Online,Web,9,4,CIN-MAR-L,1,13257.96,19886.93,7.0,19886.93
1613,2025-03-31 05:44:00,26591977,Tienda Online,Web,9,4,GOR-GRI-M,1,11486.7,28716.74,,28716.74
1613,2025-03-31 05:44:00,26591977,Tienda Online,Web,9,4,REM-VIO-XXL,1,13071.19,32677.97,,32677.97
1613,2025-03-31 05:44:00,26591977,Tienda Online,Web,9,4,BUZ-AZU-M,1,11827.69,17741.54,7.0,17741.54
1614,2024-11-23 11:17:00,11735763,Shopping,Presencial,7,4,JOG-AZU-unico,1,16544.66,41361.66,,41361.66
1614,2024-11-23 11:17:00,11735763,Shopping,Presencial,7,4,REM-VIO-L,2,13071.19,32677.97,,65355.94
1614,2024-11-23 11:17:00,11735763,Shopping,Presencial,7,4,JOG-ÍND-M,1,16544.66,41361.66,,41361.66
1615,2025-07-23 09:40:00,20714555,Norte,Presencial,5,2,REM-VIO-XL,1,13071.19,32677.97,,32677.97
1616,2024-06-24 12:25:00,17740453,Centro,Presencial,2,2,SWE-MAR-unico,1,13010.13,32525.33,,32525.33
1616,2024-06-24 12:25:00,17740453,Centro,Presencial,2,2,CIN-ROS-XXL,1,13257.96,33144.89,,33144.89
1616,2024-06-24 12:25:00,17740453,Centro,Presencial,2,2,REM-TUR-XXL,1,13673.12,34182.8,,34182.8
1617,2025-10-07 11:27:00,32899636,Centro,Presencial,2,4,BUZ-AZU-unico,1,11827.69,19220.0,8.0,19220.0
1617,2025-10-07 11:27:00,32899636,Centro,Presencial,2,4,REM-BLA-unico,1,13071.19,32677.97,,32677.97
1617,2025-10-07 11:27:00,32899636,Centro,Presencial,2,4,JEA-LAV-L,1,8748.58,21871.44,,21871.44
1618,2024-01-13 18:46:00,41561757,Norte,Presencial,6,2,JEA-NEG-M,1,8748.58,21871.44,,21871.44
1618,2024-01-13 18:46:00,41561757,Norte,Presencial,6,2,MUS-AZU-unico,1,12928.22,32320.56,,32320.56
1619,2025-08-09 10:53:00,10524999,Centro,Presencial,1,2,REM-TUR-XXL,1,13673.12,34182.8,,34182.8
1620,2024-06-29 03:10:00,34552283,Tienda Online,Web,9,3,MUS-AZU-XXL,1,12928.22,32320.56,,32320.56
1620,2024-06-29 03:10:00,34552283,Tienda Online,Web,9,3,JOG-AZU-unico,1,16544.66,41361.66,,41361.66
1621,2024-06-01 12:02:00,26594901,Shopping,Presencial,7,4,BUZ-AZU-M,1,11827.69,29569.23,,29569.23
1621,2024-06-01 12:02:00,26594901,Shopping,Presencial,7,4,SWE-MAR-L,1,13010.13,32525.33,,32525.33
1621,2024-06-01 12:02:00,26594901,Shopping,Presencial,7,4,REM-VIO-M,1,13071.19,32677.97,,32677.97
1621,2024-06-01 12:02:00,26594901,Shopping,Presencial,7,4,CHU-NEG-M,1,13529.35,33823.38,,33823.38
1621,2024-06-01 12:02:00,26594901,Shopping,Presencial,7,4,CIN-MAR-M,1,13257.96,33144.89,,33144.89
1622,2024-02-24 09:28:00,43172347,Tienda Online,Web,10,1,CIN-MAR-L,1,13257.96,33144.89,,33144.89
1622,2024-02-24 09:28:00,43172347,Tienda Online,Web,10,1,CAM-BEI-L,1,14680.23,36700.58,,36700.58
1622,2024-02-24 09:28:00,43172347,Tienda Online,Web,10,1,REM-TUR-XXL,2,13673.12,34182.8,,68365.6
1623,2024-12-14 21:00:00,34546748,Tienda Online,Web,9,2,GOR-GRI-M,1,11486.7,28716.74,,28716.74
1623,2024-12-14 21:00:00,34546748,Tienda Online,Web,9,2,MUS-CEL-S,1,12928.22,32320.56,,32320.56
1623,2024-12-14 21:00:00,34546748,Tienda Online,Web,9,2,JEA-NEG-M,1,8748.58,21871.44,,21871.44
1624,2024-03-23 17:28:00,42659965,Norte,Presencial,6,2,CIN-TUR-unico,1,13257.96,33144.89,,33144.89
1624,2024-03-23 17:28:00,42659965,Norte,Presencial,6,2,JOG-CEL-unico,1,16544.66,41361.66,,41361.66
1624,2024-03-23 17:28:00,42659965,Norte,Presencial,6,2,GOR-GRI-XXL,1,11486.7,28716.74,,28716.74
1625,2024-05-18 14:00:00,18818897,Centro,Presencial,1,5,SWE-MAR-L,1,13010.13,31725.33,12.0,31725.33
1625,2024-05-18 14:00:00,18818897,Centro,Presencial,1,5,JOG-ÍND-XL,1,16544.66,40561.66,12.0,40561.66
1626,2024-07-05 22:17:00,20714555,Tienda Online,Web,10,1,GOR-GRI-unico,1,11486.7,28716.74,,28716.74
1626,2024-07-05 22:17:00,20714555,Tienda Online,Web,10,1,CIN-MAR-S,1,13257.96,33144.89,,33144.89
1627,2024-05-23 15:40:00,42745601,Norte,Presencial,4,3,REM-CEL-XXL,1,13673.12,33382.8,12.0,33382.8
1627,2024-05-23 15:40:00,42745601,Norte,Presencial,4,3,CIN-ROS-XXL,1,13257.96,33144.89,,33144.89
1627,2024-05-23 15:40:00,42745601,Norte,Presencial,4,3,GOR-GRI-S,1,11486.7,28716.74,,28716.74
1628,2024-10-29 03:12:00,24627352,Tienda Online,Web,10,2,SWE-MAR-L,1,13010.13,32525.33,,32525.33
1628,2024-10-29 03:12:00,24627352,Tienda Online,Web,10,2,JEA-NEG-M,1,8748.58,21871.44,,21871.44
1628,2024-10-29 03:12:00,24627352,Tienda Online,Web,10,2,CAM-CEL-XL,1,14680.23,36700.58,,36700.58
1628,2024-10-29 03:12:00,24627352,Tienda Online,Web,10,2,REM-BLA-XL,1,13071.19,32677.97,,32677.97
1628,2024-10-29 03:12:00,24627352,Tienda Online,Web,10,2,CAM-BLA-M,1,14680.23,36700.58,,36700.58
1629,2024-09-12 14:11:00,29174891,Tienda Online,Web,10,4,CIN-MAR-S,1,13257.96,33144.89,,33144.89
1629,2024-09-12 14:11:00,29174891,Tienda Online,Web,10,4,CHU-ÍND-L,1,13529.35,33823.38,,33823.38
1630,2025-09-13 02:17:00,26591977,Tienda Online,Web,9,3,CAM-BLA-XL,1,14680.23,36700.58,,36700.58
1630,2025-09-13 02:17:00,26591977,Tienda Online,Web,9,3,CIN-MAR-S,1,13257.96,33144.89,,33144.89
1630,2025-09-13 02:17:00,26591977,Tienda Online,Web,9,3,REM-BLA-unico,1,13071.19,32677.97,,32677.97
1630,2025-09-13 02:17:00,26591977,Tienda Online,Web,9,3,GOR-ROJ-S,2,11486.7,28716.74,,57433.48
1630,2025-09-13 02:17:00,26591977,Tienda Online,Web,9,3,CHU-ÍND-XXL,1,13529.35,33823.38,,33823.38
1631,2024-08-09 09:41:00,29812600,Shopping,Presencial,7,5,JOG-CEL-unico,2,16544.66,41361.66,,82723.32
1632,2024-02-10 09:37:00,12807087,Norte,Presencial,6,2,CAM-CEL-XL,1,14680.23,36700.58,,36700.58
1632,2024-02-10 09:37:00,12807087,Norte,Presencial,6,2,CHU-VER-XL,1,13529.35,33823.38,,33823.38
1632,2024-02-10 09:37:00,12807087,Norte,Presencial,6,2,JOG-ÍND-XL,1,16544.66,41361.66,,41361.66
1633,2024-01-27 15:54:00,41535292,Centro,Presencial,2,1,CIN-TUR-XL,1,13257.96,33144.89,,33144.89
1633,2024-01-27 15:54:00,41535292,Centro,Presencial,2,1,CAM-BEI-unico,1,14680.23,36700.58,,36700.58
1634,2025-04-05 10:23:00,26819279,Shopping,Presencial,7,1,SWE-MAR-unico,1,13010.13,32525.33,,32525.33
1634,2025-04-05 10:23:00,26819279,Shopping,Presencial,7,1,CAM-CEL-XL,1,14680.23,36700.58,,36700.58
1634,2025-04-05 10:23:00,26819279,Shopping,Presencial,7,1,CIN-ROS-XXL,1,13257.96,33144.89,,33144.89
1634,2025-04-05 10:23:00,26819279,Shopping,Presencial,7,1,GOR-GRI-S,1,11486.7,28716.74,,28716.74
1634,2025-04-05 10:23:00,26819279,Shopping,Presencial,7,1,CHU-ÍND-L,1,13529.35,27735.17,10.0,27735.17
1635,2024-01-30 10:44:00,32012128,Tienda Online,Web,9,3,GOR-GRI-L,1,11486.7,28716.74,,28716.74
1635,2024-01-30 10:44:00,32012128,Tienda Online,Web,9,3,CIN-MAR-M,1,13257.96,33144.89,,33144.89
1635,2024-01-30 10:44:00,32012128,Tienda Online,Web,9,3,CAM-BEI-L,1,14680.23,36700.58,,36700.58
1636,2025-01-16 23:53:00,42789774,Tienda Online,Web,10,5,REM-TUR-XXL,1,13673.12,34182.8,,34182.8
1636,2025-01-16 23:53:00,42789774,Tienda Online,Web,10,5,JEA-NEG-unico,1,8748.58,21871.44,,21871.44
1636,2025-01-16 23:53:00,42789774,Tienda Online,Web,10,5,REM-VIO-L,1,13071.19,32677.97,,32677.97
1636,2025-01-16 23:53:00,42789774,Tienda Online,Web,10,5,JOG-ÍND-M,1,16544.66,41361.66,,41361.66
1637,2025-09-09 09:15:00,44670267,Shopping,Presencial,7,2,MUS-AZU-M,1,12928.22,32320.56,,32320.56
1637,2025-09-09 09:15:00,44670267,Shopping,Presencial,7,2,CIN-TUR-XL,1,13257.96,33144.89,,33144.89
1637,2025-09-09 09:15:00,44670267,Shopping,Presencial,7,2,JEA-NEG-M,1,8748.58,21871.44,,21871.44
1637,2025-09-09 09:15:00,44670267,Shopping,Presencial,7,2,CIN-TUR-unico,1,13257.96,33144.89,,33144.89
1637,2025-09-09 09:15:00,44670267,Shopping,Presencial,7,2,CAM-CEL-XL,2,14680.23,36700.58,,73401.16
1638,2025-06-14 07:57:00,34218318,Tienda Online,Web,10,1,GOR-ROJ-unico,1,11486.7,28716.74,,28716.74
1639,2025-02-15 11:41:00,15354748,Norte,Presencial,5,2,BUZ-AZU-M,1,11827.69,29569.23,,29569.23
1639,2025-02-15 11:41:00,15354748,Norte,Presencial,5,2,GOR-GRI-unico,1,11486.7,28716.74,,28716.74
1639,2025-02-15 11:41:00,15354748,Norte,Presencial,5,2,REM-VIO-XXL,1,13071.19,32677.97,,32677.97
1639,2025-02-15 11:41:00,15354748,Norte,Presencial,5,2,JEA-NEG-M,2,8748.58,21871.44,,43742.88
1639,2025-02-15 11:41:00,15354748,Norte,Presencial,5,2,CHU-VER-XL,1,13529.35,33823.38,,33823.38
1640,2025-05-09 03:51:00,39672841,Tienda Online,Web,10,3,REM-TUR-XXL,2,13673.12,34182.8,,68365.6
1640,2025-05-09 03:51:00,39672841,Tienda Online,Web,10,3,CAM-BLA-S,1,14680.23,36700.58,,36700.58
1640,2025-05-09 03:51:00,39672841,Tienda Online,Web,10,3,CAM-BLA-XL,1,14680.23,36700.58,,36700.58
1640,2025-05-09 03:51:00,39672841,Tienda Online,Web,10,3,CAM-CEL-XL,1,14680.23,36700.58,,36700.58
1641,2025-11-28 18:03:00,41341494,Norte,Presencial,4,3,GOR-ROJ-L,1,11486.7,28716.74,,28716.74
1641,2025-11-28 18:03:00,41341494,Norte,Presencial,4,3,CHU-NEG-M,1,13529.35,33823.38,,33823.38
1641,2025-11-28 18:03:00,41341494,Norte,Presencial,4,3,REM-BLA-S,1,13071.19,32677.97,,32677.97
1641,2025-11-28 18:03:00,41341494,Norte,Presencial,4,3,BUZ-AZU-unico,1,11827.69,29569.23,,29569.23
1641,2025-11-28 18:03:00,41341494,Norte,Presencial,4,3,REM-TUR-S,1,13673.12,34182.8,,34182.8
1642,2025-04-22 23:08:00,24377188,Tienda Online,Web,9,3,CHU-NEG-M,1,13529.35,33823.38,,33823.38
1643,2025-09-27 22:27:00,41720415,Tienda Online,Web,9,5,REM-TUR-S,1,13673.12,34182.8,,34182.8
1643,2025-09-27 22:27:00,41720415,Tienda Online,Web,9,5,REM-VIO-XXL,1,13071.19,21240.68,8.0,21240.68
1643,2025-09-27 22:27:00,41720415,Tienda Online,Web,9,5,SWE-AZU-M,1,13010.13,21141.46,8.0,21141.46
1644,2025-03-26 09:32:00,17614246,Shopping,Presencial,7,1,JOG-CEL-unico,1,16544.66,24817.0,7.0,24817.0
1644,2025-03-26 09:32:00,17614246,Shopping,Presencial,7,1,CAM-BLA-M,1,14680.23,36700.58,,36700.58
1645,2025-07-28 14:34:00,17792713,Norte,Presencial,5,1,GOR-GRI-unico,1,11486.7,28716.74,,28716.74
1646,2025-11-04 18:38:00,29911725,Shopping,Presencial,7,4,REM-BLA-S,1,13071.19,26795.94,9.0,26795.94
1647,2025-08-30 13:08:00,41895660,Tienda Online,Web,10,2,BUZ-AZU-unico,1,11827.69,29569.23,,29569.23
1647,2025-08-30 13:08:00,41895660,Tienda Online,Web,10,2,CIN-TUR-unico,1,13257.96,33144.89,,33144.89
1647,2025-08-30 13:08:00,41895660,Tienda Online,Web,10,2,JEA-LAV-unico,1,8748.58,21871.44,,21871.44
1647,2025-08-30 13:08:00,41895660,Tienda Online,Web,10,2,CHU-NEG-M,1,13529.35,33823.38,,33823.38
1648,2025-06-07 11:59:00,28011719,Shopping,Presencial,7,2,JOG-ÍND-S,1,16544.66,41361.66,,41361.66
1648,2025-06-07 11:59:00,28011719,Shopping,Presencial,7,2,SWE-MAR-XXL,1,13010.13,32525.33,,32525.33
1648,2025-06-07 11:59:00,28011719,Shopping,Presencial,7,2,CHU-VER-L,1,13529.35,33823.38,,33823.38
1649,2025-05-03 17:16:00,12132899,Shopping,Presencial,7,1,GOR-ROJ-unico,1,11486.7,28716.74,,28716.74
1650,2025-10-06 04:52:00,17740453,Tienda Online,Web,10,2,SWE-AZU-M,1,13010.13,32525.33,,32525.33
1650,2025-10-06 04:52:00,17740453,Tienda Online,Web,10,2,JEA-NEG-XL,2,8748.58,21871.44,,43742.88
1651,2025-01-03 13:32:00,19446043,Centro,Presencial,1,4,CHU-ÍND-XXL,1,13529.35,33823.38,,33823.38
1652,2024-11-29 04:30:00,40514355,Tienda Online,Web,10,2,MUS-AZU-unico,1,12928.22,32320.56,,32320.56
1652,2024-11-29 04:30:00,40514355,Tienda Online,Web,10,2,CIN-TUR-unico,1,13257.96,33144.89,,33144.89
1652,2024-11-29 04:30:00,40514355,Tienda Online,Web,10,2,JOG-AZU-unico,1,16544.66,41361.66,,41361.66
1653,2024-11-09 17:06:00,38396306,Tienda Online,Web,10,5,CHU-VER-XL,1,13529.35,33823.38,,33823.38
1653,2024-11-09 17:06:00,38396306,Tienda Online,Web,10,5,CHU-ÍND-XXL,1,13529.35,33823.38,,33823.38
1653,2024-11-09 17:06:00,38396306,Tienda Online,Web,10,5,CIN-TUR-XL,1,13257.96,33144.89,,33144.89
1654,2024-12-19 05:00:00,42590824,Tienda Online,Web,10,3,CHU-ÍND-XXL,1,13529.35,33823.38,,33823.38
1654,2024-12-19 05:00:00,42590824,Tienda Online,Web,10,3,CHU-ÍND-L,2,13529.35,33823.38,,67646.76
1654,2024-12-19 05:00:00,42590824,Tienda Online,Web,10,3,JOG-ÍND-M,1,16544.66,41361.66,,41361.66
1654,2024-12-19 05:00:00,42590824,Tienda Online,Web,10,3,JEA-LAV-unico,2,8748.58,21871.44,,43742.88
1655,2024-10-05 16:54:00,19104260,Centro,Presencial,1,4,REM-BLA-XL,1,13071.19,32677.97,,32677.97
1655,2024-10-05 16:54:00,19104260,Centro,Presencial,1,4,GOR-GRI-S,1,11486.7,28716.74,,28716.74
1655,2024-10-05 16:54:00,19104260,Centro,Presencial,1,4,SWE-MAR-unico,2,13010.13,32525.33,,65050.66
1655,2024-10-05 16:54:00,19104260,Centro,Presencial,1,4,CIN-TUR-XL,2,13257.96,33144.89,,66289.78
1655,2024-10-05 16:54:00,19104260,Centro,Presencial,1,4,MUS-CEL-S,1,12928.22,32320.56,,32320.56
1656,2024-05-28 17:54:00,26431104,Tienda Online,Web,9,2,CIN-MAR-L,1,13257.96,32344.89,12.0,32344.89
1656,2024-05-28 17:54:00,26431104,Tienda Online,Web,9,2,SWE-MAR-L,1,13010.13,32525.33,,32525.33
1656,2024-05-28 17:54:00,26431104,Tienda Online,Web,9,2,CIN-MAR-L,1,13257.96,32344.89,12.0,32344.89
1656,2024-05-28 17:54:00,26431104,Tienda Online,Web,9,2,SWE-MAR-unico,1,13010.13,32525.33,,32525.33
1657,2025-03-03 05:16:00,12645604,Tienda Online,Web,9,5,CHU-VER-L,1,13529.35,33823.38,,33823.38
1657,2025-03-03 05:16:00,12645604,Tienda Online,Web,9,5,CIN-MAR-M,2,13257.96,33144.89,,66289.78
1658,2024-11-30 12:11:00,13659179,Norte,Presencial,4,4,MUS-AZU-M,1,12928.22,32320.56,,32320.56
1658,2024-11-30 12:11:00,13659179,Norte,Presencial,4,4,SWE-AZU-S,1,13010.13,32525.33,,32525.33
1658,2024-11-30 12:11:00,13659179,Norte,Presencial,4,4,SWE-AZU-S,2,13010.13,32525.33,,65050.66
1659,2025-09-08 08:25:00,21989124,Tienda Online,Web,9,3,GOR-GRI-M,1,11486.7,28716.74,,28716.74
1659,2025-09-08 08:25:00,21989124,Tienda Online,Web,9,3,CIN-MAR-XL,1,13257.96,33144.89,,33144.89
1659,2025-09-08 08:25:00,21989124,Tienda Online,Web,9,3,JEA-LAV-L,1,8748.58,21871.44,,21871.44
1659,2025-09-08 08:25:00,21989124,Tienda Online,Web,9,3,REM-VIO-L,1,13071.19,32677.97,,32677.97
1659,2025-09-08 08:25:00,21989124,Tienda Online,Web,9,3,REM-BLA-XL,1,13071.19,32677.97,,32677.97
1660,2025-05-11 15:48:00,29911725,Shopping,Presencial,7,5,GOR-ROJ-S,1,11486.7,28716.74,,28716.74
1660,2025-05-11 15:48:00,29911725,Shopping,Presencial,7,5,JEA-LAV-L,1,8748.58,21871.44,,21871.44
1660,2025-05-11 15:48:00,29911725,Shopping,Presencial,7,5,CIN-ROS-unico,1,13257.96,33144.89,,33144.89
1661,2024-03-17 10:15:00,23499019,Tienda Online,Web,9,1,CIN-MAR-M,1,13257.96,33144.89,,33144.89
1661,2024-03-17 10:15:00,23499019,Tienda Online,Web,9,1,CIN-MAR-L,1,13257.96,33144.89,,33144.89
1661,2024-03-17 10:15:00,23499019,Tienda Online,Web,9,1,CIN-TUR-unico,1,13257.96,33144.89,,33144.89
1661,2024-03-17 10:15:00,23499019,Tienda Online,Web,9,1,GOR-GRI-XXL,1,11486.7,28716.74,,28716.74
1661,2024-03-17 10:15:00,23499019,Tienda Online,Web,9,1,JEA-NEG-M,1,8748.58,21871.44,,21871.44
1662,2025-11-07 11:34:00,31169695,Shopping,Presencial,7,5,CAM-CEL-XL,1,14680.23,30094.48,9.0,30094.48
1662,2025-11-07 11:34:00,31169695,Shopping,Presencial,7,5,SWE-AZU-S,1,13010.13,32525.33,,32525.33
1663,2025-01-11 19:35:00,25145607,Norte,Presencial,5,2,REM-CEL-XXL,1,13673.12,34182.8,,34182.8
1663,2025-01-11 19:35:00,25145607,Norte,Presencial,5,2,JOG-AZU-unico,1,16544.66,41361.66,,41361.66
1663,2025-01-11 19:35:00,25145607,Norte,Presencial,5,2,MUS-AZU-unico,1,12928.22,32320.56,,32320.56
1663,2025-01-11 19:35:00,25145607,Norte,Presencial,5,2,REM-VIO-XL,1,13071.19,32677.97,,32677.97
1663,2025-01-11 19:35:00,25145607,Norte,Presencial,5,2,JOG-AZU-unico,1,16544.66,41361.66,,41361.66
1664,2024-11-29 13:56:00,12675011,Tienda Online,Web,10,1,JOG-CEL-unico,2,16544.66,41361.66,,82723.32
1664,2024-11-29 13:56:00,12675011,Tienda Online,Web,10,1,MUS-AZU-XXL,1,12928.22,32320.56,,32320.56
1664,2024-11-29 13:56:00,12675011,Tienda Online,Web,10,1,GOR-GRI-XXL,2,11486.7,28716.74,,57433.48
1664,2024-11-29 13:56:00,12675011,Tienda Online,Web,10,1,GOR-GRI-XXL,2,11486.7,28716.74,,57433.48
1664,2024-11-29 13:56:00,12675011,Tienda Online,Web,10,1,CHU-VER-XL,1,13529.35,33823.38,,33823.38
1665,2025-06-25 14:14:00,13597644,Centro,Presencial,2,3,CAM-BEI-L,1,14680.23,36700.58,,36700.58
1665,2025-06-25 14:14:00,13597644,Centro,Presencial,2,3,MUS-AZU-M,1,12928.22,32320.56,,32320.56
1666,2024-08-15 15:54:00,22313673,Shopping,Presencial,7,1,SWE-MAR-unico,1,13010.13,32525.33,,32525.33
1666,2024-08-15 15:54:00,22313673,Shopping,Presencial,7,1,CIN-TUR-XL,1,13257.96,33144.89,,33144.89
1666,2024-08-15 15:54:00,22313673,Shopping,Presencial,7,1,SWE-MAR-unico,2,13010.13,32525.33,,65050.66
1666,2024-08-15 15:54:00,22313673,Shopping,Presencial,7,1,JOG-ÍND-S,1,16544.66,41361.66,,41361.66
1667,2025-06-09 12:03:00,31169695,Shopping,Presencial,7,2,MUS-AZU-M,1,12928.22,32320.56,,32320.56
1667,2025-06-09 12:03:00,31169695,Shopping,Presencial,7,2,CIN-MAR-M,1,13257.96,33144.89,,33144.89
1667,2025-06-09 12:03:00,31169695,Shopping,Presencial,7,2,CHU-NEG-unico,1,13529.35,33823.38,,33823.38
1667,2025-06-09 12:03:00,31169695,Shopping,Presencial,7,2,CHU-VER-L,1,13529.35,33823.38,,33823.38
1667,2025-06-09 12:03:00,31169695,Shopping,Presencial,7,2,CHU-VER-S,1,13529.35,33823.38,,33823.38
1668,2024-08-10 15:18:00,26297346,Tienda Online,Web,9,5,SWE-MAR-unico,1,13010.13,32525.33,,32525.33
1668,2024-08-10 15:18:00,26297346,Tienda Online,Web,9,5,BUZ-AZU-M,1,11827.69,29569.23,,29569.23
1668,2024-08-10 15:18:00,26297346,Tienda Online,Web,9,5,GOR-GRI-unico,1,11486.7,28716.74,,28716.74
1669,2024-08-14 10:07:00,19364231,Centro,Presencial,1,4,REM-BLA-XL,1,13071.19,32677.97,,32677.97
1669,2024-08-14 10:07:00,19364231,Centro,Presencial,1,4,GOR-GRI-M,1,11486.7,28716.74,,28716.74
1669,2024-08-14 10:07:00,19364231,Centro,Presencial,1,4,SWE-AZU-S,1,13010.13,32525.33,,32525.33
1670,2025-05-07 12:11:00,18439645,Tienda Online,Web,9,4,CIN-TUR-unico,1,13257.96,33144.89,,33144.89
1670,2025-05-07 12:11:00,18439645,Tienda Online,Web,9,4,CHU-VER-L,1,13529.35,33823.38,,33823.38
1671,2025-11-08 09:37:00,31630635,Centro,Presencial,1,1,REM-TUR-S,1,13673.12,34182.8,,34182.8
1671,2025-11-08 09:37:00,31630635,Centro,Presencial,1,1,MUS-AZU-M,1,12928.22,32320.56,,32320.56
1671,2025-11-08 09:37:00,31630635,Centro,Presencial,1,1,JOG-ÍND-S,1,16544.66,41361.66,,41361.66
1671,2025-11-08 09:37:00,31630635,Centro,Presencial,1,1,JOG-CEL-unico,1,16544.66,41361.66,,41361.66
1671,2025-11-08 09:37:00,31630635,Centro,Presencial,1,1,CAM-BEI-L,1,14680.23,36700.58,,36700.58
1672,2024-02-26 16:47:00,42494017,Tienda Online,Web,9,1,REM-TUR-XXL,1,13673.12,34182.8,,34182.8
1672,2024-02-26 16:47:00,42494017,Tienda Online,Web,9,1,CIN-MAR-M,1,13257.96,33144.89,,33144.89
1672,2024-02-26 16:47:00,42494017,Tienda Online,Web,9,1,REM-TUR-XXL,1,13673.12,34182.8,,34182.8
1673,2024-04-24 13:42:00,38153498,Norte,Presencial,5,2,JEA-NEG-M,1,8748.58,21871.44,,21871.44
1673,2024-04-24 13:42:00,38153498,Norte,Presencial,5,2,CIN-MAR-M,1,13257.96,33144.89,,33144.89
1673,2024-04-24 13:42:00,38153498,Norte,Presencial,5,2,JOG-CEL-unico,1,16544.66,41361.66,,41361.66
1673,2024-04-24 13:42:00,38153498,Norte,Presencial,5,2,GOR-GRI-L,1,11486.7,28716.74,,28716.74
1673,2024-04-24 13:42:00,38153498,Norte,Presencial,5,2,REM-BLA-XL,1,13071.19,32677.97,,32677.97
1674,2025-01-08 13:45:00,27808512,Shopping,Presencial,7,1,SWE-AZU-S,1,13010.13,32525.33,,32525.33
1674,2025-01-08 13:45:00,27808512,Shopping,Presencial,7,1,JOG-ÍND-M,1,16544.66,41361.66,,41361.66
1674,2025-01-08 13:45:00,27808512,Shopping,Presencial,7,1,GOR-ROJ-S,1,11486.7,28716.74,,28716.74
1674,2025-01-08 13:45:00,27808512,Shopping,Presencial,7,1,REM-VIO-XL,2,13071.19,32677.97,,65355.94
1674,2025-01-08 13:45:00,27808512,Shopping,Presencial,7,1,JOG-AZU-XXL,1,16544.66,41361.66,,41361.66
1675,2024-06-07 12:28:00,17614246,Shopping,Presencial,7,2,JEA-LAV-L,1,8748.58,21871.44,,21871.44
1675,2024-06-07 12:28:00,17614246,Shopping,Presencial,7,2,CHU-VER-XL,1,13529.35,33823.38,,33823.38
1675,2024-06-07 12:28:00,17614246,Shopping,Presencial,7,2,GOR-GRI-L,1,11486.7,28716.74,,28716.74
1675,2024-06-07 12:28:00,17614246,Shopping,Presencial,7,2,REM-CEL-XXL,1,13673.12,34182.8,,34182.8
1676,2025-06-09 16:22:00,25145607,Centro,Presencial,1,1,CHU-ÍND-L,1,13529.35,33823.38,,33823.38
1677,2024-04-25 23:52:00,32132749,Tienda Online,Web,10,1,MUS-AZU-XXL,1,12928.22,32320.56,,32320.56
1677,2024-04-25 23:52:00,32132749,Tienda Online,Web,10,1,JEA-NEG-M,1,8748.58,21871.44,,21871.44
1678,2024-08-30 13:42:00,39766964,Centro,Presencial,2,3,JEA-LAV-unico,1,8748.58,21871.44,,21871.44
1678,2024-08-30 13:42:00,39766964,Centro,Presencial,2,3,CHU-VER-XL,1,13529.35,33823.38,,33823.38
1678,2024-08-30 13:42:00,39766964,Centro,Presencial,2,3,MUS-AZU-XXL,1,12928.22,32320.56,,32320.56
1679,2024-02-09 15:31:00,20369856,Tienda Online,Web,9,2,JOG-AZU-unico,1,16544.66,41361.66,,41361.66
1680,2025-05-02 16:14:00,41535292,Tienda Online,Web,10,3,CHU-ÍND-XXL,1,13529.35,33823.38,,33823.38
1680,2025-05-02 16:14:00,41535292,Tienda Online,Web,10,3,SWE-MAR-M,2,13010.13,32525.33,,65050.66
1680,2025-05-02 16:14:00,41535292,Tienda Online,Web,10,3,REM-VIO-L,1,13071.19,32677.97,,32677.97
1681,2025-05-03 04:41:00,19179099,Tienda Online,Web,9,2,GOR-GRI-unico,1,11486.7,28716.74,,28716.74
1681,2025-05-03 04:41:00,19179099,Tienda Online,Web,9,2,CHU-NEG-unico,1,13529.35,33823.38,,33823.38
1681,2025-05-03 04:41:00,19179099,Tienda Online,Web,9,2,GOR-GRI-M,1,11486.7,28716.74,,28716.74
1681,2025-05-03 04:41:00,19179099,Tienda Online,Web,9,2,CHU-VER-XL,1,13529.35,33823.38,,33823.38
1682,2025-08-23 17:17:00,34041232,Norte,Presencial,6,4,SWE-MAR-XXL,1,13010.13,32525.33,,32525.33
1682,2025-08-23 17:17:00,34041232,Norte,Presencial,6,4,CAM-BEI-S,1,14680.23,36700.58,,36700.58
1683,2024-09-21 09:13:00,39406068,Centro,Presencial,2,4,JOG-AZU-unico,1,16544.66,41361.66,,41361.66
1683,2024-09-21 09:13:00,39406068,Centro,Presencial,2,4,JOG-ÍND-XL,1,16544.66,41361.66,,41361.66
1683,2024-09-21 09:13:00,39406068,Centro,Presencial,2,4,GOR-GRI-unico,2,11486.7,28716.74,,57433.48
1683,2024-09-21 09:13:00,39406068,Centro,Presencial,2,4,REM-TUR-XXL,1,13673.12,34182.8,,34182.8
1683,2024-09-21 09:13:00,39406068,Centro,Presencial,2,4,CAM-CEL-XL,1,14680.23,36700.58,,36700.58
1684,2024-10-15 09:42:00,39677512,Centro,Presencial,2,4,REM-TUR-XXL,1,13673.12,34182.8,,34182.8
1684,2024-10-15 09:42:00,39677512,Centro,Presencial,2,4,MUS-AZU-XXL,1,12928.22,32320.56,,32320.56
1684,2024-10-15 09:42:00,39677512,Centro,Presencial,2,4,CIN-ROS-XXL,1,13257.96,33144.89,,33144.89
1684,2024-10-15 09:42:00,39677512,Centro,Presencial,2,4,GOR-GRI-M,1,11486.7,28716.74,,28716.74
1685,2025-03-21 20:03:00,40105945,Tienda Online,Web,9,1,REM-CEL-XXL,1,13673.12,34182.8,,34182.8
1685,2025-03-21 20:03:00,40105945,Tienda Online,Web,9,1,REM-VIO-L,1,13071.19,32677.97,,32677.97
1685,2025-03-21 20:03:00,40105945,Tienda Online,Web,9,1,REM-TUR-XXL,1,13673.12,20509.68,7.0,20509.68
1685,2025-03-21 20:03:00,40105945,Tienda Online,Web,9,1,CHU-VER-L,1,13529.35,33823.38,,33823.38
1685,2025-03-21 20:03:00,40105945,Tienda Online,Web,9,1,JOG-ÍND-M,1,16544.66,41361.66,,41361.66
1686,2024-09-24 03:49:00,22960720,Tienda Online,Web,9,4,GOR-GRI-M,1,11486.7,28716.74,,28716.74
1687,2025-08-14 16:54:00,26723413,Centro,Presencial,1,4,JOG-CEL-unico,1,16544.66,41361.66,,41361.66
1687,2025-08-14 16:54:00,26723413,Centro,Presencial,1,4,JEA-LAV-unico,1,8748.58,21871.44,,21871.44
1687,2025-08-14 16:54:00,26723413,Centro,Presencial,1,4,JOG-ÍND-M,1,16544.66,41361.66,,41361.66
1688,2024-07-19 09:44:00,25145607,Tienda Online,Web,9,2,GOR-GRI-XXL,1,11486.7,28716.74,,28716.74
1689,2024-12-31 15:38:00,35433541,Shopping,Presencial,7,3,CHU-VER-XL,1,13529.35,33823.38,,33823.38
1689,2024-12-31 15:38:00,35433541,Shopping,Presencial,7,3,JOG-ÍND-M,2,16544.66,41361.66,,82723.32
1689,2024-12-31 15:38:00,35433541,Shopping,Presencial,7,3,MUS-CEL-S,1,12928.22,32320.56,,32320.56
1690,2024-09-27 11:06:00,21787005,Shopping,Presencial,7,5,JOG-AZU-XXL,1,16544.66,41361.66,,41361.66
1691,2025-11-07 15:58:00,20256869,Centro,Presencial,2,4,GOR-GRI-M,1,11486.7,28716.74,,28716.74
1691,2025-11-07 15:58:00,20256869,Centro,Presencial,2,4,JOG-AZU-L,1,16544.66,41361.66,,41361.66
1691,2025-11-07 15:58:00,20256869,Centro,Presencial,2,4,SWE-AZU-M,2,13010.13,32525.33,,65050.66
1692,2025-06-27 10:04:00,38120042,Norte,Presencial,6,5,MUS-AZU-M,1,12928.22,32320.56,,32320.56
1693,2024-03-15 12:55:00,25442983,Centro,Presencial,1,1,JEA-LAV-L,1,8748.58,21871.44,,21871.44
1693,2024-03-15 12:55:00,25442983,Centro,Presencial,1,1,MUS-AZU-unico,1,12928.22,32320.56,,32320.56
1693,2024-03-15 12:55:00,25442983,Centro,Presencial,1,1,CIN-TUR-XL,1,13257.96,33144.89,,33144.89
1693,2024-03-15 12:55:00,25442983,Centro,Presencial,1,1,GOR-GRI-S,1,11486.7,28716.74,,28716.74
1694,2024-06-07 19:04:00,17740453,Centro,Presencial,1,3,JOG-AZU-unico,1,16544.66,41361.66,,41361.66
1694,2024-06-07 19:04:00,17740453,Centro,Presencial,1,3,SWE-AZU-S,2,13010.13,32525.33,,65050.66
1694,2024-06-07 19:04:00,17740453,Centro,Presencial,1,3,BUZ-AZU-M,1,11827.69,29569.23,,29569.23
1694,2024-06-07 19:04:00,17740453,Centro,Presencial,1,3,CAM-BEI-unico,1,14680.23,36700.58,,36700.58
1694,2024-06-07 19:04:00,17740453,Centro,Presencial,1,3,GOR-GRI-L,1,11486.7,28716.74,,28716.74
1695,2024-04-27 10:21:00,17728908,Norte,Presencial,5,5,CIN-MAR-M,1,13257.96,33144.89,,33144.89
1695,2024-04-27 10:21:00,17728908,Norte,Presencial,5,5,CAM-BEI-L,1,14680.23,36700.58,,36700.58
1695,2024-04-27 10:21:00,17728908,Norte,Presencial,5,5,GOR-GRI-L,1,11486.7,28716.74,,28716.74
1695,2024-04-27 10:21:00,17728908,Norte,Presencial,5,5,GOR-GRI-XXL,1,11486.7,28716.74,,28716.74
1695,2024-04-27 10:21:00,17728908,Norte,Presencial,5,5,JEA-LAV-L,1,8748.58,21871.44,,21871.44
1696,2025-05-18 17:26:00,22755970,Norte,Presencial,6,5,CAM-BEI-unico,2,14680.23,36700.58,,73401.16
1696,2025-05-18 17:26:00,22755970,Norte,Presencial,6,5,CHU-NEG-XXL,1,13529.35,33823.38,,33823.38
1696,2025-05-18 17:26:00,22755970,Norte,Presencial,6,5,REM-VIO-L,1,13071.19,32677.97,,32677.97
1696,2025-05-18 17:26:00,22755970,Norte,Presencial,6,5,CIN-MAR-XL,1,13257.96,33144.89,,33144.89
1697,2024-12-09 16:10:00,11411585,Tienda Online,Web,10,5,REM-TUR-S,1,13673.12,34182.8,,34182.8
1697,2024-12-09 16:10:00,11411585,Tienda Online,Web,10,5,REM-BLA-XL,1,13071.19,32677.97,,32677.97
1698,2024-09-19 17:20:00,26373518,Shopping,Presencial,7,2,CIN-MAR-L,1,13257.96,33144.89,,33144.89
1698,2024-09-19 17:20:00,26373518,Shopping,Presencial,7,2,CIN-MAR-L,1,13257.96,33144.89,,33144.89
1699,2024-05-04 19:18:00,39766964,Tienda Online,Web,10,4,REM-BLA-XL,1,13071.19,32677.97,,32677.97
1699,2024-05-04 19:18:00,39766964,Tienda Online,Web,10,4,JEA-LAV-unico,1,8748.58,21871.44,,21871.44
1699,2024-05-04 19:18:00,39766964,Tienda Online,Web,10,4,GOR-GRI-L,2,11486.7,28716.74,,57433.48
1700,2025-08-09 12:11:00,26654221,Shopping,Presencial,7,2,CHU-NEG-XL,1,13529.35,33823.38,,33823.38
1700,2025-08-09 12:11:00,26654221,Shopping,Presencial,7,2,CHU-ÍND-XXL,1,13529.35,33823.38,,33823.38
1700,2025-08-09 12:11:00,26654221,Shopping,Presencial,7,2,CIN-MAR-S,1,13257.96,33144.89,,33144.89
1700,2025-08-09 12:11:00,26654221,Shopping,Presencial,7,2,JEA-NEG-XL,1,8748.58,21871.44,,21871.44
1701,2024-01-27 10:36:00,21983483,Centro,Presencial,2,1,GOR-GRI-S,1,11486.7,28716.74,,28716.74
1701,2024-01-27 10:36:00,21983483,Centro,Presencial,2,1,CIN-MAR-S,1,13257.96,33144.89,,33144.89
1701,2024-01-27 10:36:00,21983483,Centro,Presencial,2,1,SWE-AZU-S,1,13010.13,32525.33,,32525.33
1701,2024-01-27 10:36:00,21983483,Centro,Presencial,2,1,JEA-LAV-L,1,8748.58,21871.44,,21871.44
1702,2024-03-16 19:05:00,25145607,Shopping,Presencial,7,2,SWE-MAR-L,1,13010.13,32525.33,,32525.33
1702,2024-03-16 19:05:00,25145607,Shopping,Presencial,7,2,MUS-CEL-S,1,12928.22,32320.56,,32320.56
1702,2024-03-16 19:05:00,25145607,Shopping,Presencial,7,2,CAM-BEI-unico,1,14680.23,36700.58,,36700.58
1702,2024-03-16 19:05:00,25145607,Shopping,Presencial,7,2,JEA-NEG-M,1,8748.58,21871.44,,21871.44
1703,2024-08-21 18:42:00,42789774,Norte,Presencial,5,2,MUS-AZU-XXL,1,12928.22,32320.56,,32320.56
1703,2024-08-21 18:42:00,42789774,Norte,Presencial,5,2,CIN-MAR-XL,1,13257.96,33144.89,,33144.89
1704,2025-11-19 07:17:00,28349234,Tienda Online,Web,9,2,JEA-NEG-XL,2,8748.58,21871.44,,43742.88
1704,2025-11-19 07:17:00,28349234,Tienda Online,Web,9,2,SWE-MAR-M,1,13010.13,32525.33,,32525.33
1704,2025-11-19 07:17:00,28349234,Tienda Online,Web,9,2,REM-BLA-S,1,13071.19,32677.97,,32677.97
1704,2025-11-19 07:17:00,28349234,Tienda Online,Web,9,2,REM-VIO-M,2,13071.19,32677.97,,65355.94
1705,2024-02-03 16:33:00,17471301,Norte,Presencial,5,2,REM-BLA-XL,1,13071.19,32677.97,,32677.97
1705,2024-02-03 16:33:00,17471301,Norte,Presencial,5,2,CIN-MAR-S,1,13257.96,33144.89,,33144.89
1705,2024-02-03 16:33:00,17471301,Norte,Presencial,5,2,GOR-GRI-L,1,11486.7,28716.74,,28716.74
1706,2025-06-25 04:37:00,36674654,Tienda Online,Web,9,3,CIN-ROS-XXL,1,13257.96,33144.89,,33144.89
1707,2024-05-03 17:27:00,17254174,Centro,Presencial,1,1,SWE-MAR-L,1,13010.13,32525.33,,32525.33
1707,2024-05-03 17:27:00,17254174,Centro,Presencial,1,1,GOR-GRI-S,1,11486.7,28716.74,,28716.74
1707,2024-05-03 17:27:00,17254174,Centro,Presencial,1,1,REM-TUR-XXL,1,13673.12,34182.8,,34182.8
1707,2024-05-03 17:27:00,17254174,Centro,Presencial,1,1,CHU-VER-XL,1,13529.35,33023.38,12.0,33023.38
1708,2025-04-21 15:05:00,21787005,Shopping,Presencial,7,4,GOR-ROJ-unico,1,11486.7,28716.74,,28716.74
1708,2025-04-21 15:05:00,21787005,Shopping,Presencial,7,4,CHU-ÍND-XXL,1,13529.35,33823.38,,33823.38
1708,2025-04-21 15:05:00,21787005,Shopping,Presencial,7,4,CAM-BLA-S,1,14680.23,36700.58,,36700.58
1708,2025-04-21 15:05:00,21787005,Shopping,Presencial,7,4,JEA-LAV-L,2,8748.58,21871.44,,43742.88
1709,2025-06-03 18:14:00,41156466,Norte,Presencial,5,3,JOG-AZU-XXL,1,16544.66,41361.66,,41361.66
1710,2024-11-11 20:06:00,32899636,Tienda Online,Web,9,3,GOR-GRI-L,1,11486.7,28716.74,,28716.74
1710,2024-11-11 20:06:00,32899636,Tienda Online,Web,9,3,CIN-ROS-XXL,1,13257.96,33144.89,,33144.89
1710,2024-11-11 20:06:00,32899636,Tienda Online,Web,9,3,CAM-CEL-XL,1,14680.23,36700.58,,36700.58
1711,2024-05-02 12:47:00,39377500,Centro,Presencial,1,3,JEA-LAV-unico,1,8748.58,21871.44,,21871.44
1712,2025-06-29 10:16:00,26161813,Shopping,Presencial,7,1,JOG-ÍND-XL,1,16544.66,41361.66,,41361.66
1712,2025-06-29 10:16:00,26161813,Shopping,Presencial,7,1,CAM-BLA-XL,1,14680.23,36700.58,,36700.58
1712,2025-06-29 10:16:00,26161813,Shopping,Presencial,7,1,REM-CEL-XXL,1,13673.12,34182.8,,34182.8
1712,2025-06-29 10:16:00,26161813,Shopping,Presencial,7,1,MUS-AZU-M,1,12928.22,32320.56,,32320.56
1712,2025-06-29 10:16:00,26161813,Shopping,Presencial,7,1,GOR-GRI-S,1,11486.7,28716.74,,28716.74
1713,2025-09-27 05:34:00,28688292,Tienda Online,Web,10,2,JOG-AZU-XXL,1,16544.66,41361.66,,41361.66
1713,2025-09-27 05:34:00,28688292,Tienda Online,Web,10,2,JEA-NEG-M,1,8748.58,21871.44,,21871.44
1713,2025-09-27 05:34:00,28688292,Tienda Online,Web,10,2,GOR-GRI-unico,1,11486.7,18665.88,8.0,18665.88
1713,2025-09-27 05:34:00,28688292,Tienda Online,Web,10,2,JEA-LAV-L,1,8748.58,21871.44,,21871.44
1714,2024-03-08 18:19:00,37406784,Norte,Presencial,6,1,MUS-AZU-unico,1,12928.22,32320.56,,32320.56
1714,2024-03-08 18:19:00,37406784,Norte,Presencial,6,1,MUS-AZU-XXL,2,12928.22,32320.56,,64641.12
1714,2024-03-08 18:19:00,37406784,Norte,Presencial,6,1,JOG-CEL-unico,1,16544.66,41361.66,,41361.66
1714,2024-03-08 18:19:00,37406784,Norte,Presencial,6,1,CAM-CEL-XL,1,14680.23,36700.58,,36700.58
1714,2024-03-08 18:19:00,37406784,Norte,Presencial,6,1,GOR-GRI-S,1,11486.7,28716.74,,28716.74
1715,2025-03-01 13:37:00,34764543,Shopping,Presencial,7,1,JOG-AZU-XXL,1,16544.66,41361.66,,41361.66
1715,2025-03-01 13:37:00,34764543,Shopping,Presencial,7,1,BUZ-AZU-M,1,11827.69,29569.23,,29569.23
1715,2025-03-01 13:37:00,34764543,Shopping,Presencial,7,1,CIN-MAR-XL,1,13257.96,33144.89,,33144.89
1715,2025-03-01 13:37:00,34764543,Shopping,Presencial,7,1,REM-TUR-S,1,13673.12,34182.8,,34182.8
1715,2025-03-01 13:37:00,34764543,Shopping,Presencial,7,1,JOG-ÍND-M,1,16544.66,41361.66,,41361.66
1716,2024-03-08 11:24:00,18123867,Shopping,Presencial,7,1,JEA-NEG-M,1,8748.58,21871.44,,21871.44
1716,2024-03-08 11:24:00,18123867,Shopping,Presencial,7,1,CIN-ROS-XXL,1,13257.96,33144.89,,33144.89
1716,2024-03-08 11:24:00,18123867,Shopping,Presencial,7,1,SWE-AZU-S,1,13010.13,32525.33,,32525.33
1716,2024-03-08 11:24:00,18123867,Shopping,Presencial,7,1,CIN-MAR-XL,1,13257.96,33144.89,,33144.89
1717,2025-04-24 17:55:00,35433541,Norte,Presencial,6,3,CIN-MAR-S,1,13257.96,27178.81,10.0,27178.81
1717,2025-04-24 17:55:00,35433541,Norte,Presencial,6,3,JEA-NEG-M,1,8748.58,21871.44,,21871.44
1717,2025-04-24 17:55:00,35433541,Norte,Presencial,6,3,REM-TUR-S,1,13673.12,34182.8,,34182.8
1718,2025-07-01 11:15:00,37406784,Norte,Presencial,6,1,GOR-ROJ-S,1,11486.7,28716.74,,28716.74
1719,2025-09-05 14:09:00,20371898,Centro,Presencial,1,1,REM-TUR-S,1,13673.12,34182.8,,34182.8
1719,2025-09-05 14:09:00,20371898,Centro,Presencial,1,1,CHU-VER-XL,1,13529.35,33823.38,,33823.38
1719,2025-09-05 14:09:00,20371898,Centro,Presencial,1,1,CIN-ROS-L,2,13257.96,29167.5,6.0,58335.0
1720,2025-07-11 01:25:00,25691522,Tienda Online,Web,10,1,JOG-AZU-unico,1,16544.66,20680.83,11.0,20680.83
1721,2024-07-06 07:14:00,38902901,Tienda Online,Web,9,1,JOG-ÍND-XL,1,16544.66,41361.66,,41361.66
1722,2024-12-27 09:31:00,10190290,Shopping,Presencial,7,3,CHU-ÍND-L,1,13529.35,33823.38,,33823.38
1722,2024-12-27 09:31:00,10190290,Shopping,Presencial,7,3,REM-TUR-S,1,13673.12,34182.8,,34182.8
1723,2025-07-12 17:07:00,41690133,Centro,Presencial,1,4,JOG-ÍND-M,1,16544.66,20680.83,11.0,20680.83
1723,2025-07-12 17:07:00,41690133,Centro,Presencial,1,4,JEA-LAV-L,1,8748.58,21871.44,,21871.44
1724,2024-08-01 09:43:00,21787005,Centro,Presencial,1,2,CIN-MAR-M,1,13257.96,33144.89,,33144.89
1724,2024-08-01 09:43:00,21787005,Centro,Presencial,1,2,SWE-MAR-L,2,13010.13,32525.33,,65050.66
1724,2024-08-01 09:43:00,21787005,Centro,Presencial,1,2,REM-TUR-XXL,1,13673.12,34182.8,,34182.8
1724,2024-08-01 09:43:00,21787005,Centro,Presencial,1,2,SWE-MAR-unico,1,13010.13,32525.33,,32525.33
1725,2025-01-31 23:06:00,32833825,Tienda Online,Web,9,3,GOR-GRI-unico,2,11486.7,28716.74,,57433.48
1725,2025-01-31 23:06:00,32833825,Tienda Online,Web,9,3,REM-TUR-S,1,13673.12,34182.8,,34182.8
1726,2024-07-09 22:12:00,41410296,Tienda Online,Web,9,2,GOR-GRI-L,1,11486.7,28716.74,,28716.74
1726,2024-07-09 22:12:00,41410296,Tienda Online,Web,9,2,JEA-LAV-L,1,8748.58,21871.44,,21871.44
1726,2024-07-09 22:12:00,41410296,Tienda Online,Web,9,2,JOG-AZU-unico,1,16544.66,41361.66,,41361.66
1727,2024-12-06 10:39:00,39406068,Tienda Online,Web,9,1,GOR-ROJ-S,1,11486.7,28716.74,,28716.74
1728,2024-12-07 18:10:00,36873895,Tienda Online,Web,10,4,JOG-AZU-XXL,2,16544.66,41361.66,,82723.32
1728,2024-12-07 18:10:00,36873895,Tienda Online,Web,10,4,MUS-AZU-M,1,12928.22,32320.56,,32320.56
1728,2024-12-07 18:10:00,36873895,Tienda Online,Web,10,4,REM-VIO-M,1,13071.19,32677.97,,32677.97
1728,2024-12-07 18:10:00,36873895,Tienda Online,Web,10,4,CAM-CEL-XL,1,14680.23,36700.58,,36700.58
1728,2024-12-07 18:10:00,36873895,Tienda Online,Web,10,4,CIN-ROS-XXL,1,13257.96,33144.89,,33144.89
1729,2024-12-16 11:12:00,10190290,Centro,Presencial,1,3,CIN-MAR-XL,2,13257.96,33144.89,,66289.78
1729,2024-12-16 11:12:00,10190290,Centro,Presencial,1,3,REM-BLA-XL,1,13071.19,32677.97,,32677.97
1729,2024-12-16 11:12:00,10190290,Centro,Presencial,1,3,MUS-CEL-S,1,12928.22,32320.56,,32320.56
1729,2024-12-16 11:12:00,10190290,Centro,Presencial,1,3,CIN-MAR-L,1,13257.96,33144.89,,33144.89
1729,2024-12-16 11:12:00,10190290,Centro,Presencial,1,3,JOG-ÍND-XL,1,16544.66,41361.66,,41361.66
1730,2025-05-23 12:51:00,24580721,Tienda Online,Web,10,5,CIN-ROS-XXL,1,13257.96,33144.89,,33144.89
1730,2025-05-23 12:51:00,24580721,Tienda Online,Web,10,5,CHU-NEG-S,1,13529.35,33823.38,,33823.38
1731,2024-10-08 12:06:00,37406784,Centro,Presencial,1,1,GOR-ROJ-S,2,11486.7,28716.74,,57433.48
1732,2024-04-03 18:27:00,22425195,Tienda Online,Web,10,2,GOR-GRI-S,1,11486.7,28716.74,,28716.74
1732,2024-04-03 18:27:00,22425195,Tienda Online,Web,10,2,SWE-AZU-S,1,13010.13,32525.33,,32525.33
1733,2025-02-22 09:23:00,35526737,Shopping,Presencial,7,2,JOG-ÍND-XL,1,16544.66,41361.66,,41361.66
1733,2025-02-22 09:23:00,35526737,Shopping,Presencial,7,2,JEA-NEG-unico,1,8748.58,21871.44,,21871.44
1734,2024-12-17 18:53:00,34268915,Shopping,Presencial,7,2,CAM-BEI-L,1,14680.23,36700.58,,36700.58
1734,2024-12-17 18:53:00,34268915,Shopping,Presencial,7,2,SWE-MAR-M,1,13010.13,32525.33,,32525.33
1735,2025-06-25 14:37:00,26431104,Tienda Online,Web,10,3,JOG-ÍND-S,1,16544.66,41361.66,,41361.66
1736,2025-02-08 08:51:00,30028290,Tienda Online,Web,10,4,CHU-VER-L,1,13529.35,33823.38,,33823.38
1736,2025-02-08 08:51:00,30028290,Tienda Online,Web,10,4,SWE-MAR-unico,1,13010.13,32525.33,,32525.33
1736,2025-02-08 08:51:00,30028290,Tienda Online,Web,10,4,CIN-MAR-L,1,13257.96,33144.89,,33144.89
1736,2025-02-08 08:51:00,30028290,Tienda Online,Web,10,4,BUZ-AZU-M,1,11827.69,29569.23,,29569.23
1737,2025-07-28 07:10:00,37274929,Tienda Online,Web,9,5,REM-BLA-XL,1,13071.19,32677.97,,32677.97
1737,2025-07-28 07:10:00,37274929,Tienda Online,Web,9,5,REM-BLA-unico,1,13071.19,32677.97,,32677.97
1737,2025-07-28 07:10:00,37274929,Tienda Online,Web,9,5,CAM-CEL-XL,1,14680.23,36700.58,,36700.58
1738,2025-06-09 21:24:00,24627352,Tienda Online,Web,10,2,CHU-NEG-unico,1,13529.35,33823.38,,33823.38
1738,2025-06-09 21:24:00,24627352,Tienda Online,Web,10,2,CIN-MAR-L,1,13257.96,33144.89,,33144.89
1738,2025-06-09 21:24:00,24627352,Tienda Online,Web,10,2,CHU-NEG-unico,1,13529.35,33823.38,,33823.38
1738,2025-06-09 21:24:00,24627352,Tienda Online,Web,10,2,CHU-ÍND-XXL,2,13529.35,33823.38,,67646.76
1738,2025-06-09 21:24:00,24627352,Tienda Online,Web,10,2,CIN-ROS-unico,1,13257.96,33144.89,,33144.89
1739,2024-10-19 10:51:00,26654221,Shopping,Presencial,7,1,CIN-MAR-XL,1,13257.96,33144.89,,33144.89
1739,2024-10-19 10:51:00,26654221,Shopping,Presencial,7,1,GOR-ROJ-S,1,11486.7,28716.74,,28716.74
1739,2024-10-19 10:51:00,26654221,Shopping,Presencial,7,1,GOR-GRI-unico,1,11486.7,28716.74,,28716.74
1740,2024-10-11 10:40:00,19446043,Shopping,Presencial,7,2,REM-TUR-XXL,2,13673.12,34182.8,,68365.6
1740,2024-10-11 10:40:00,19446043,Shopping,Presencial,7,2,JOG-ÍND-XL,1,16544.66,41361.66,,41361.66
1740,2024-10-11 10:40:00,19446043,Shopping,Presencial,7,2,GOR-GRI-S,1,11486.7,28716.74,,28716.74
1740,2024-10-11 10:40:00,19446043,Shopping,Presencial,7,2,MUS-AZU-unico,1,12928.22,32320.56,,32320.56
1741,2024-12-10 11:30:00,40515566,Centro,Presencial,2,5,SWE-MAR-unico,1,13010.13,32525.33,,32525.33
1741,2024-12-10 11:30:00,40515566,Centro,Presencial,2,5,JEA-NEG-M,1,8748.58,21871.44,,21871.44
1741,2024-12-10 11:30:00,40515566,Centro,Presencial,2,5,CIN-TUR-unico,1,13257.96,33144.89,,33144.89
1741,2024-12-10 11:30:00,40515566,Centro,Presencial,2,5,JOG-ÍND-XL,1,16544.66,41361.66,,41361.66
1742,2024-12-01 01:34:00,32494103,Tienda Online,Web,9,3,BUZ-AZU-M,1,11827.69,29569.23,,29569.23
1742,2024-12-01 01:34:00,32494103,Tienda Online,Web,9,3,BUZ-AZU-unico,1,11827.69,29569.23,,29569.23
1742,2024-12-01 01:34:00,32494103,Tienda Online,Web,9,3,SWE-AZU-S,1,13010.13,32525.33,,32525.33
1742,2024-12-01 01:34:00,32494103,Tienda Online,Web,9,3,JEA-NEG-M,2,8748.58,21871.44,,43742.88
1743,2025-05-08 09:13:00,27826293,Norte,Presencial,4,4,GOR-GRI-L,1,11486.7,28716.74,,28716.74
1744,2025-09-12 07:26:00,20256869,Tienda Online,Web,10,3,REM-VIO-XXL,1,13071.19,32677.97,,32677.97
1744,2025-09-12 07:26:00,20256869,Tienda Online,Web,10,3,JOG-ÍND-XL,1,16544.66,41361.66,,41361.66
1744,2025-09-12 07:26:00,20256869,Tienda Online,Web,10,3,REM-VIO-M,1,13071.19,32677.97,,32677.97
1745,2024-12-24 21:05:00,23771113,Tienda Online,Web,10,2,CHU-ÍND-XL,1,13529.35,33823.38,,33823.38
1745,2024-12-24 21:05:00,23771113,Tienda Online,Web,10,2,JOG-AZU-unico,2,16544.66,41361.66,,82723.32
1745,2024-12-24 21:05:00,23771113,Tienda Online,Web,10,2,SWE-AZU-S,1,13010.13,32525.33,,32525.33
1746,2024-08-10 10:31:00,10934065,Tienda Online,Web,9,1,CHU-ÍND-L,2,13529.35,33823.38,,67646.76
1746,2024-08-10 10:31:00,10934065,Tienda Online,Web,9,1,JOG-AZU-XXL,1,16544.66,41361.66,,41361.66
1747,2025-11-22 10:56:00,14695862,Shopping,Presencial,7,4,CIN-TUR-unico,1,13257.96,33144.89,,33144.89
1748,2024-12-28 11:25:00,44032415,Norte,Presencial,5,3,JOG-CEL-unico,1,16544.66,41361.66,,41361.66
1748,2024-12-28 11:25:00,44032415,Norte,Presencial,5,3,CHU-VER-XL,1,13529.35,33823.38,,33823.38
1748,2024-12-28 11:25:00,44032415,Norte,Presencial,5,3,CAM-BEI-L,1,14680.23,36700.58,,36700.58
1749,2025-07-10 16:13:00,27593354,Centro,Presencial,1,4,REM-BLA-S,1,13071.19,32677.97,,32677.97
1750,2024-12-10 17:01:00,37652324,Tienda Online,Web,9,2,GOR-ROJ-S,2,11486.7,28716.74,,57433.48
1750,2024-12-10 17:01:00,37652324,Tienda Online,Web,9,2,JOG-AZU-unico,1,16544.66,41361.66,,41361.66
1750,2024-12-10 17:01:00,37652324,Tienda Online,Web,9,2,MUS-CEL-S,1,12928.22,32320.56,,32320.56
1751,2024-05-10 14:59:00,27715659,Tienda Online,Web,10,1,CHU-NEG-S,1,13529.35,33023.38,12.0,33023.38
1751,2024-05-10 14:59:00,27715659,Tienda Online,Web,10,1,BUZ-AZU-M,1,11827.69,29569.23,,29569.23
1751,2024-05-10 14:59:00,27715659,Tienda Online,Web,10,1,CAM-BEI-unico,1,14680.23,36700.58,,36700.58
1751,2024-05-10 14:59:00,27715659,Tienda Online,Web,10,1,JOG-CEL-unico,1,16544.66,41361.66,,41361.66
1751,2024-05-10 14:59:00,27715659,Tienda Online,Web,10,1,SWE-MAR-L,1,13010.13,32525.33,,32525.33
1752,2025-03-24 13:20:00,22660246,Norte,Presencial,5,2,CIN-ROS-XXL,1,13257.96,33144.89,,33144.89
1752,2025-03-24 13:20:00,22660246,Norte,Presencial,5,2,CIN-MAR-XL,1,13257.96,33144.89,,33144.89
1752,2025-03-24 13:20:00,22660246,Norte,Presencial,5,2,CHU-NEG-S,1,13529.35,33823.38,,33823.38
1752,2025-03-24 13:20:00,22660246,Norte,Presencial,5,2,CHU-NEG-S,1,13529.35,20294.03,7.0,20294.03
1753,2024-03-27 19:42:00,32199028,Shopping,Presencial,7,3,MUS-AZU-XXL,1,12928.22,32320.56,,32320.56
1753,2024-03-27 19:42:00,32199028,Shopping,Presencial,7,3,SWE-MAR-L,1,13010.13,32525.33,,32525.33
1753,2024-03-27 19:42:00,32199028,Shopping,Presencial,7,3,CHU-NEG-M,1,13529.35,33823.38,,33823.38
1753,2024-03-27 19:42:00,32199028,Shopping,Presencial,7,3,MUS-AZU-XXL,1,12928.22,32320.56,,32320.56
1754,2025-01-04 13:53:00,24377188,Shopping,Presencial,7,2,GOR-GRI-S,1,11486.7,28716.74,,28716.74
1754,2025-01-04 13:53:00,24377188,Shopping,Presencial,7,2,GOR-GRI-M,1,11486.7,28716.74,,28716.74
1754,2025-01-04 13:53:00,24377188,Shopping,Presencial,7,2,CIN-ROS-XXL,1,13257.96,33144.89,,33144.89
1755,2024-06-05 16:37:00,31925749,Tienda Online,Web,10,4,JEA-LAV-L,1,8748.58,21871.44,,21871.44
1756,2024-05-01 13:49:00,28696734,Tienda Online,Web,9,2,JEA-NEG-M,1,8748.58,21871.44,,21871.44
1757,2024-02-06 18:59:00,34306027,Shopping,Presencial,7,2,CIN-MAR-XL,1,13257.96,33144.89,,33144.89
1757,2024-02-06 18:59:00,34306027,Shopping,Presencial,7,2,JOG-ÍND-XL,1,16544.66,41361.66,,41361.66
1757,2024-02-06 18:59:00,34306027,Shopping,Presencial,7,2,MUS-AZU-XXL,1,12928.22,32320.56,,32320.56
1757,2024-02-06 18:59:00,34306027,Shopping,Presencial,7,2,JOG-ÍND-XL,2,16544.66,41361.66,,82723.32
1757,2024-02-06 18:59:00,34306027,Shopping,Presencial,7,2,CAM-CEL-XL,1,14680.23,36700.58,,36700.58
1758,2025-11-28 15:43:00,39766964,Centro,Presencial,1,2,REM-VIO-M,1,13071.19,32677.97,,32677.97
1758,2025-11-28 15:43:00,39766964,Centro,Presencial,1,2,JEA-LAV-L,1,8748.58,21871.44,,21871.44
1759,2025-02-17 09:40:00,44068679,Shopping,Presencial,7,2,BUZ-AZU-unico,1,11827.69,29569.23,,29569.23
1759,2025-02-17 09:40:00,44068679,Shopping,Presencial,7,2,JOG-AZU-XXL,1,16544.66,41361.66,,41361.66
1759,2025-02-17 09:40:00,44068679,Shopping,Presencial,7,2,SWE-MAR-L,1,13010.13,32525.33,,32525.33
1759,2025-02-17 09:40:00,44068679,Shopping,Presencial,7,2,REM-VIO-XL,1,13071.19,32677.97,,32677.97
1760,2024-08-23 19:50:00,28011719,Centro,Presencial,1,3,CHU-NEG-S,1,13529.35,33823.38,,33823.38
1761,2024-06-08 11:57:00,31117675,Tienda Online,Web,10,4,BUZ-AZU-M,1,11827.69,29569.23,,29569.23
1761,2024-06-08 11:57:00,31117675,Tienda Online,Web,10,4,CAM-CEL-XL,1,14680.23,36700.58,,36700.58
1761,2024-06-08 11:57:00,31117675,Tienda Online,Web,10,4,SWE-AZU-S,1,13010.13,32525.33,,32525.33
1761,2024-06-08 11:57:00,31117675,Tienda Online,Web,10,4,MUS-CEL-S,1,12928.22,32320.56,,32320.56
1762,2024-10-04 10:08:00,12090484,Centro,Presencial,1,5,GOR-GRI-M,1,11486.7,28716.74,,28716.74
1762,2024-10-04 10:08:00,12090484,Centro,Presencial,1,5,JOG-ÍND-S,1,16544.66,41361.66,,41361.66
1762,2024-10-04 10:08:00,12090484,Centro,Presencial,1,5,JEA-LAV-unico,1,8748.58,21871.44,,21871.44
1762,2024-10-04 10:08:00,12090484,Centro,Presencial,1,5,SWE-MAR-unico,1,13010.13,32525.33,,32525.33
1763,2025-07-04 14:05:00,42859207,Norte,Presencial,4,1,CAM-BLA-M,1,14680.23,18350.29,11.0,18350.29
1763,2025-07-04 14:05:00,42859207,Norte,Presencial,4,1,CAM-BLA-XL,1,14680.23,36700.58,,36700.58
1764,2025-06-18 13:21:00,32132749,Norte,Presencial,6,4,CHU-VER-S,1,13529.35,33823.38,,33823.38
1764,2025-06-18 13:21:00,32132749,Norte,Presencial,6,4,REM-TUR-S,1,13673.12,34182.8,,34182.8
1765,2024-03-15 12:19:00,21983483,Tienda Online,Web,9,4,CIN-MAR-L,1,13257.96,33144.89,,33144.89
1765,2024-03-15 12:19:00,21983483,Tienda Online,Web,9,4,JOG-CEL-unico,1,16544.66,41361.66,,41361.66
1765,2024-03-15 12:19:00,21983483,Tienda Online,Web,9,4,MUS-CEL-S,1,12928.22,32320.56,,32320.56
1766,2025-02-17 17:57:00,35314138,Tienda Online,Web,10,4,REM-VIO-M,1,13071.19,32677.97,,32677.97
1766,2025-02-17 17:57:00,35314138,Tienda Online,Web,10,4,GOR-GRI-S,1,11486.7,28716.74,,28716.74
1767,2024-07-20 16:31:00,11730076,Norte,Presencial,6,4,GOR-GRI-unico,1,11486.7,28716.74,,28716.74
1768,2025-06-28 17:08:00,43502842,Tienda Online,Web,9,1,CIN-ROS-unico,2,13257.96,33144.89,,66289.78
1768,2025-06-28 17:08:00,43502842,Tienda Online,Web,9,1,MUS-AZU-unico,1,12928.22,32320.56,,32320.56
1768,2025-06-28 17:08:00,43502842,Tienda Online,Web,9,1,MUS-AZU-unico,1,12928.22,32320.56,,32320.56
1768,2025-06-28 17:08:00,43502842,Tienda Online,Web,9,1,REM-BLA-S,1,13071.19,32677.97,,32677.97
1768,2025-06-28 17:08:00,43502842,Tienda Online,Web,9,1,GOR-GRI-unico,1,11486.7,28716.74,,28716.74
1769,2024-04-13 09:15:00,15745388,Shopping,Presencial,7,5,CIN-TUR-unico,1,13257.96,33144.89,,33144.89
1769,2024-04-13 09:15:00,15745388,Shopping,Presencial,7,5,GOR-GRI-S,1,11486.7,28716.74,,28716.74
1769,2024-04-13 09:15:00,15745388,Shopping,Presencial,7,5,BUZ-AZU-M,1,11827.69,29569.23,,29569.23
1769,2024-04-13 09:15:00,15745388,Shopping,Presencial,7,5,JEA-LAV-unico,1,8748.58,21871.44,,21871.44
1769,2024-04-13 09:15:00,15745388,Shopping,Presencial,7,5,CIN-TUR-unico,1,13257.96,33144.89,,33144.89
1770,2025-04-12 09:02:00,29911725,Shopping,Presencial,7,4,CIN-MAR-XL,1,13257.96,27178.81,10.0,27178.81
1770,2025-04-12 09:02:00,29911725,Shopping,Presencial,7,4,MUS-AZU-XXL,1,12928.22,26502.86,10.0,26502.86
1771,2024-06-01 12:09:00,20267062,Centro,Presencial,1,4,REM-CEL-XXL,1,13673.12,34182.8,,34182.8
1771,2024-06-01 12:09:00,20267062,Centro,Presencial,1,4,JEA-LAV-L,1,8748.58,21871.44,,21871.44
1771,2024-06-01 12:09:00,20267062,Centro,Presencial,1,4,MUS-AZU-XXL,1,12928.22,32320.56,,32320.56
1772,2024-02-03 13:57:00,25145607,Tienda Online,Web,9,1,MUS-AZU-unico,1,12928.22,32320.56,,32320.56
1772,2024-02-03 13:57:00,25145607,Tienda Online,Web,9,1,CIN-TUR-unico,1,13257.96,33144.89,,33144.89
1772,2024-02-03 13:57:00,25145607,Tienda Online,Web,9,1,JEA-LAV-L,1,8748.58,21871.44,,21871.44
1773,2024-10-22 08:31:00,23222803,Tienda Online,Web,9,5,MUS-AZU-XXL,1,12928.22,32320.56,,32320.56
1773,2024-10-22 08:31:00,23222803,Tienda Online,Web,9,5,CHU-NEG-M,1,13529.35,33823.38,,33823.38
1774,2024-06-18 20:02:00,10524999,Tienda Online,Web,9,2,CAM-BEI-L,1,14680.23,36700.58,,36700.58
1775,2024-04-06 22:38:00,36669833,Tienda Online,Web,9,5,JEA-LAV-L,1,8748.58,21871.44,,21871.44
1776,2024-06-07 18:49:00,27675739,Norte,Presencial,4,2,BUZ-AZU-M,1,11827.69,29569.23,,29569.23
1776,2024-06-07 18:49:00,27675739,Norte,Presencial,4,2,SWE-AZU-S,2,13010.13,32525.33,,65050.66
1777,2024-05-16 19:12:00,17507729,Centro,Presencial,1,3,BUZ-AZU-M,1,11827.69,29569.23,,29569.23
1777,2024-05-16 19:12:00,17507729,Centro,Presencial,1,3,CIN-TUR-XL,1,13257.96,33144.89,,33144.89
1777,2024-05-16 19:12:00,17507729,Centro,Presencial,1,3,CAM-BEI-unico,1,14680.23,36700.58,,36700.58
1778,2025-02-12 16:20:00,27753960,Norte,Presencial,6,2,CIN-ROS-XXL,1,13257.96,33144.89,,33144.89
1778,2025-02-12 16:20:00,27753960,Norte,Presencial,6,2,CIN-MAR-S,1,13257.96,33144.89,,33144.89
1779,2025-06-04 19:51:00,26819279,Norte,Presencial,5,4,JOG-ÍND-XL,1,16544.66,41361.66,,41361.66
1779,2025-06-04 19:51:00,26819279,Norte,Presencial,5,4,SWE-AZU-M,1,13010.13,32525.33,,32525.33
1780,2024-09-14 10:34:00,26871415,Centro,Presencial,1,2,JOG-ÍND-XL,1,16544.66,41361.66,,41361.66
1780,2024-09-14 10:34:00,26871415,Centro,Presencial,1,2,GOR-GRI-L,1,11486.7,28716.74,,28716.74
1780,2024-09-14 10:34:00,26871415,Centro,Presencial,1,2,CHU-NEG-S,1,13529.35,33823.38,,33823.38
1780,2024-09-14 10:34:00,26871415,Centro,Presencial,1,2,CAM-CEL-XL,2,14680.23,36700.58,,73401.16
1781,2025-08-21 17:43:00,27632290,Centro,Presencial,1,5,JOG-ÍND-XL,1,16544.66,41361.66,,41361.66
1781,2025-08-21 17:43:00,27632290,Centro,Presencial,1,5,GOR-ROJ-L,1,11486.7,28716.74,,28716.74
1781,2025-08-21 17:43:00,27632290,Centro,Presencial,1,5,BUZ-AZU-L,1,11827.69,29569.23,,29569.23
1781,2025-08-21 17:43:00,27632290,Centro,Presencial,1,5,SWE-AZU-XXL,1,13010.13,32525.33,,32525.33
1782,2024-05-16 15:04:00,28289000,Tienda Online,Web,10,3,CAM-BEI-L,1,14680.23,36700.58,,36700.58
1782,2024-05-16 15:04:00,28289000,Tienda Online,Web,10,3,CIN-MAR-M,1,13257.96,33144.89,,33144.89
1782,2024-05-16 15:04:00,28289000,Tienda Online,Web,10,3,GOR-GRI-L,1,11486.7,28716.74,,28716.74
1782,2024-05-16 15:04:00,28289000,Tienda Online,Web,10,3,CIN-MAR-XL,1,13257.96,33144.89,,33144.89
1783,2024-06-05 15:37:00,26297346,Norte,Presencial,4,5,MUS-AZU-XXL,1,12928.22,32320.56,,32320.56
1783,2024-06-05 15:37:00,26297346,Norte,Presencial,4,5,MUS-AZU-unico,1,12928.22,32320.56,,32320.56
1783,2024-06-05 15:37:00,26297346,Norte,Presencial,4,5,GOR-GRI-L,1,11486.7,28716.74,,28716.74
1784,2024-11-04 06:42:00,19104260,Tienda Online,Web,10,2,JEA-NEG-unico,2,8748.58,21871.44,,43742.88
1784,2024-11-04 06:42:00,19104260,Tienda Online,Web,10,2,CHU-NEG-M,1,13529.35,33823.38,,33823.38
1784,2024-11-04 06:42:00,19104260,Tienda Online,Web,10,2,JOG-AZU-unico,1,16544.66,41361.66,,41361.66
1785,2025-02-05 16:02:00,14755156,Shopping,Presencial,7,4,SWE-AZU-S,1,13010.13,32525.33,,32525.33
1785,2025-02-05 16:02:00,14755156,Shopping,Presencial,7,4,GOR-ROJ-S,1,11486.7,28716.74,,28716.74
1785,2025-02-05 16:02:00,14755156,Shopping,Presencial,7,4,SWE-MAR-M,1,13010.13,32525.33,,32525.33
1786,2025-06-21 02:38:00,32899636,Tienda Online,Web,10,1,CIN-MAR-S,1,13257.96,33144.89,,33144.89
1786,2025-06-21 02:38:00,32899636,Tienda Online,Web,10,1,SWE-MAR-unico,1,13010.13,32525.33,,32525.33
1787,2025-05-10 10:30:00,25293994,Centro,Presencial,2,2,GOR-GRI-S,1,11486.7,28716.74,,28716.74
1787,2025-05-10 10:30:00,25293994,Centro,Presencial,2,2,REM-BLA-S,1,13071.19,32677.97,,32677.97
1787,2025-05-10 10:30:00,25293994,Centro,Presencial,2,2,JOG-AZU-XXL,1,16544.66,41361.66,,41361.66
1787,2025-05-10 10:30:00,25293994,Centro,Presencial,2,2,GOR-GRI-unico,1,11486.7,28716.74,,28716.74
1788,2024-07-12 19:28:00,17157379,Centro,Presencial,2,4,JEA-LAV-L,1,8748.58,21871.44,,21871.44
1788,2024-07-12 19:28:00,17157379,Centro,Presencial,2,4,JOG-AZU-unico,1,16544.66,41361.66,,41361.66
1788,2024-07-12 19:28:00,17157379,Centro,Presencial,2,4,MUS-CEL-S,1,12928.22,32320.56,,32320.56
1788,2024-07-12 19:28:00,17157379,Centro,Presencial,2,4,MUS-CEL-S,2,12928.22,32320.56,,64641.12
1788,2024-07-12 19:28:00,17157379,Centro,Presencial,2,4,CAM-BLA-M,1,14680.23,36700.58,,36700.58
1789,2025-06-19 16:32:00,17686170,Norte,Presencial,6,2,JEA-NEG-M,1,8748.58,21871.44,,21871.44
1789,2025-06-19 16:32:00,17686170,Norte,Presencial,6,2,CHU-ÍND-L,1,13529.35,33823.38,,33823.38
1789,2025-06-19 16:32:00,17686170,Norte,Presencial,6,2,CAM-CEL-XL,1,14680.23,36700.58,,36700.58
1790,2025-02-28 16:51:00,13836296,Centro,Presencial,1,5,JEA-LAV-unico,1,8748.58,21871.44,,21871.44
1791,2025-08-01 10:21:00,38902901,Shopping,Presencial,7,1,SWE-AZU-S,1,13010.13,32525.33,,32525.33
1791,2025-08-01 10:21:00,38902901,Shopping,Presencial,7,1,GOR-GRI-unico,1,11486.7,28716.74,,28716.74
1791,2025-08-01 10:21:00,38902901,Shopping,Presencial,7,1,SWE-MAR-unico,1,13010.13,32525.33,,32525.33
1791,2025-08-01 10:21:00,38902901,Shopping,Presencial,7,1,REM-VIO-L,1,13071.19,32677.97,,32677.97
1792,2024-06-14 11:13:00,12667017,Tienda Online,Web,9,5,MUS-AZU-XXL,2,12928.22,32320.56,,64641.12
1793,2025-06-20 18:44:00,34268915,Norte,Presencial,6,1,JOG-ÍND-M,1,16544.66,41361.66,,41361.66
1793,2025-06-20 18:44:00,34268915,Norte,Presencial,6,1,REM-VIO-M,1,13071.19,32677.97,,32677.97
1794,2024-06-18 13:38:00,23048327,Centro,Presencial,1,4,CHU-VER-XL,2,13529.35,33823.38,,67646.76
1794,2024-06-18 13:38:00,23048327,Centro,Presencial,1,4,JOG-AZU-unico,1,16544.66,41361.66,,41361.66
1794,2024-06-18 13:38:00,23048327,Centro,Presencial,1,4,MUS-AZU-XXL,1,12928.22,32320.56,,32320.56
1794,2024-06-18 13:38:00,23048327,Centro,Presencial,1,4,CIN-TUR-unico,1,13257.96,33144.89,,33144.89
1795,2024-04-01 02:07:00,10770478,Tienda Online,Web,10,4,JOG-AZU-unico,1,16544.66,41361.66,,41361.66
1795,2024-04-01 02:07:00,10770478,Tienda Online,Web,10,4,CAM-CEL-XL,2,14680.23,36700.58,,73401.16
1795,2024-04-01 02:07:00,10770478,Tienda Online,Web,10,4,MUS-CEL-S,1,12928.22,32320.56,,32320.56
1795,2024-04-01 02:07:00,10770478,Tienda Online,Web,10,4,REM-TUR-XXL,2,13673.12,34182.8,,68365.6
1795,2024-04-01 02:07:00,10770478,Tienda Online,Web,10,4,MUS-CEL-S,1,12928.22,32320.56,,32320.56
1796,2025-04-17 11:45:00,26428983,Norte,Presencial,5,2,CIN-ROS-unico,1,13257.96,33144.89,,33144.89
1796,2025-04-17 11:45:00,26428983,Norte,Presencial,5,2,CIN-MAR-XL,1,13257.96,33144.89,,33144.89
1796,2025-04-17 11:45:00,26428983,Norte,Presencial,5,2,REM-CEL-XXL,1,13673.12,28029.9,10.0,28029.9
1796,2025-04-17 11:45:00,26428983,Norte,Presencial,5,2,JEA-NEG-unico,1,8748.58,17934.58,10.0,17934.58
1796,2025-04-17 11:45:00,26428983,Norte,Presencial,5,2,JEA-NEG-M,1,8748.58,21871.44,,21871.44
1797,2024-07-02 11:39:00,20256869,Shopping,Presencial,7,2,MUS-AZU-M,1,12928.22,32320.56,,32320.56
1797,2024-07-02 11:39:00,20256869,Shopping,Presencial,7,2,SWE-MAR-L,1,13010.13,32525.33,,32525.33
1798,2024-12-12 20:11:00,33776507,Tienda Online,Web,10,2,REM-VIO-XL,1,13071.19,32677.97,,32677.97
1799,2025-08-30 17:27:00,36775919,Shopping,Presencial,7,2,CIN-MAR-L,1,13257.96,33144.89,,33144.89
1800,2025-07-07 04:37:00,10027242,Tienda Online,Web,9,4,CIN-MAR-L,1,13257.96,33144.89,,33144.89
1800,2025-07-07 04:37:00,10027242,Tienda Online,Web,9,4,CAM-CEL-XL,1,14680.23,18350.29,11.0,18350.29
1801,2024-08-02 04:39:00,30279639,Tienda Online,Web,9,1,SWE-AZU-S,1,13010.13,32525.33,,32525.33
1801,2024-08-02 04:39:00,30279639,Tienda Online,Web,9,1,JOG-ÍND-XL,1,16544.66,41361.66,,41361.66
1801,2024-08-02 04:39:00,30279639,Tienda Online,Web,9,1,JOG-CEL-unico,1,16544.66,41361.66,,41361.66
1801,2024-08-02 04:39:00,30279639,Tienda Online,Web,9,1,JEA-NEG-M,1,8748.58,21871.44,,21871.44
1802,2024-02-16 19:52:00,30390056,Centro,Presencial,2,3,MUS-AZU-XXL,1,12928.22,32320.56,,32320.56
1802,2024-02-16 19:52:00,30390056,Centro,Presencial,2,3,CHU-NEG-S,1,13529.35,33823.38,,33823.38
1802,2024-02-16 19:52:00,30390056,Centro,Presencial,2,3,GOR-GRI-L,1,11486.7,28716.74,,28716.74
1802,2024-02-16 19:52:00,30390056,Centro,Presencial,2,3,JOG-AZU-unico,1,16544.66,41361.66,,41361.66
1803,2024-06-21 14:43:00,26373518,Shopping,Presencial,7,3,CIN-TUR-unico,1,13257.96,33144.89,,33144.89
1803,2024-06-21 14:43:00,26373518,Shopping,Presencial,7,3,CIN-MAR-M,1,13257.96,33144.89,,33144.89
1803,2024-06-21 14:43:00,26373518,Shopping,Presencial,7,3,MUS-AZU-M,1,12928.22,32320.56,,32320.56
1803,2024-06-21 14:43:00,26373518,Shopping,Presencial,7,3,JOG-CEL-unico,1,16544.66,41361.66,,41361.66
1804,2024-05-24 17:28:00,38902901,Norte,Presencial,4,3,JEA-LAV-L,1,8748.58,21871.44,,21871.44
1805,2024-03-14 15:55:00,43250363,Tienda Online,Web,10,5,GOR-GRI-L,1,11486.7,28716.74,,28716.74
1805,2024-03-14 15:55:00,43250363,Tienda Online,Web,10,5,CAM-BEI-L,1,14680.23,36700.58,,36700.58
1805,2024-03-14 15:55:00,43250363,Tienda Online,Web,10,5,JOG-ÍND-M,2,16544.66,41361.66,,82723.32
1805,2024-03-14 15:55:00,43250363,Tienda Online,Web,10,5,REM-CEL-XXL,1,13673.12,34182.8,,34182.8
1805,2024-03-14 15:55:00,43250363,Tienda Online,Web,10,5,SWE-MAR-L,1,13010.13,32525.33,,32525.33
1806,2025-09-26 12:33:00,43875089,Shopping,Presencial,7,3,CHU-ÍND-L,1,13529.35,33823.38,,33823.38
1806,2025-09-26 12:33:00,43875089,Shopping,Presencial,7,3,SWE-MAR-M,1,13010.13,32525.33,,32525.33
1807,2024-09-20 12:31:00,25293994,Tienda Online,Web,10,3,SWE-AZU-S,1,13010.13,32525.33,,32525.33
1808,2025-08-09 13:41:00,23499019,Norte,Presencial,4,2,CIN-ROS-unico,1,13257.96,33144.89,,33144.89
1808,2025-08-09 13:41:00,23499019,Norte,Presencial,4,2,SWE-MAR-M,1,13010.13,32525.33,,32525.33
1808,2025-08-09 13:41:00,23499019,Norte,Presencial,4,2,JOG-AZU-XL,1,16544.66,41361.66,,41361.66
1808,2025-08-09 13:41:00,23499019,Norte,Presencial,4,2,CIN-ROS-unico,1,13257.96,33144.89,,33144.89
1809,2025-08-23 00:07:00,41740898,Tienda Online,Web,10,4,REM-BLA-unico,1,13071.19,32677.97,,32677.97
1809,2025-08-23 00:07:00,41740898,Tienda Online,Web,10,4,MUS-AZU-XXL,1,12928.22,32320.56,,32320.56
1809,2025-08-23 00:07:00,41740898,Tienda Online,Web,10,4,CIN-TUR-unico,1,13257.96,33144.89,,33144.89
1809,2025-08-23 00:07:00,41740898,Tienda Online,Web,10,4,GOR-ROJ-L,1,11486.7,28716.74,,28716.74
1809,2025-08-23 00:07:00,41740898,Tienda Online,Web,10,4,CHU-VER-XL,1,13529.35,33823.38,,33823.38
1810,2025-08-19 11:45:00,41341494,Norte,Presencial,4,2,JEA-NEG-unico,1,8748.58,21871.44,,21871.44
1810,2025-08-19 11:45:00,41341494,Norte,Presencial,4,2,CIN-MAR-L,1,13257.96,33144.89,,33144.89
1810,2025-08-19 11:45:00,41341494,Norte,Presencial,4,2,REM-TUR-XXL,1,13673.12,34182.8,,34182.8
1810,2025-08-19 11:45:00,41341494,Norte,Presencial,4,2,GOR-ROJ-L,1,11486.7,28716.74,,28716.74
1810,2025-08-19 11:45:00,41341494,Norte,Presencial,4,2,JEA-NEG-XL,1,8748.58,21871.44,,21871.44
1811,2025-02-21 14:04:00,16778091,Shopping,Presencial,7,1,REM-CEL-XXL,1,13673.12,34182.8,,34182.8
1812,2025-03-07 10:58:00,44185636,Norte,Presencial,4,3,JEA-NEG-M,1,8748.58,13122.86,7.0,13122.86
1813,2025-10-04 11:48:00,27244970,Norte,Presencial,5,5,REM-TUR-S,1,13673.12,34182.8,,34182.8
1813,2025-10-04 11:48:00,27244970,Norte,Presencial,5,5,MUS-CEL-XXL,1,12928.22,32320.56,,32320.56
1814,2025-01-10 09:41:00,34898161,Norte,Presencial,5,4,REM-TUR-XXL,1,13673.12,34182.8,,34182.8
1814,2025-01-10 09:41:00,34898161,Norte,Presencial,5,4,SWE-AZU-S,1,13010.13,32525.33,,32525.33
1815,2024-04-12 13:54:00,25442983,Norte,Presencial,4,3,MUS-AZU-unico,1,12928.22,32320.56,,32320.56
1815,2024-04-12 13:54:00,25442983,Norte,Presencial,4,3,JEA-LAV-unico,1,8748.58,21871.44,,21871.44
1815,2024-04-12 13:54:00,25442983,Norte,Presencial,4,3,CIN-MAR-L,1,13257.96,33144.89,,33144.89
1816,2024-07-03 17:00:00,16744926,Shopping,Presencial,7,4,GOR-GRI-XXL,1,11486.7,28716.74,,28716.74
1816,2024-07-03 17:00:00,16744926,Shopping,Presencial,7,4,MUS-AZU-unico,1,12928.22,32320.56,,32320.56
1817,2025-10-03 07:37:00,24449461,Tienda Online,Web,9,4,GOR-ROJ-L,2,11486.7,28716.74,,57433.48
1817,2025-10-03 07:37:00,24449461,Tienda Online,Web,9,4,REM-VIO-L,1,13071.19,32677.97,,32677.97
1817,2025-10-03 07:37:00,24449461,Tienda Online,Web,9,4,CIN-ROS-unico,1,13257.96,21544.18,8.0,21544.18
1818,2025-03-19 16:35:00,37406784,Shopping,Presencial,7,2,CAM-BLA-XL,1,14680.23,36700.58,,36700.58
1818,2025-03-19 16:35:00,37406784,Shopping,Presencial,7,2,CAM-BLA-M,1,14680.23,36700.58,,36700.58
1818,2025-03-19 16:35:00,37406784,Shopping,Presencial,7,2,JOG-ÍND-XL,1,16544.66,41361.66,,41361.66
1818,2025-03-19 16:35:00,37406784,Shopping,Presencial,7,2,CHU-ÍND-L,1,13529.35,20294.03,7.0,20294.03
1818,2025-03-19 16:35:00,37406784,Shopping,Presencial,7,2,MUS-AZU-XXL,1,12928.22,32320.56,,32320.56
1819,2025-03-05 14:40:00,30075901,Tienda Online,Web,10,1,MUS-AZU-unico,1,12928.22,32320.56,,32320.56
1819,2025-03-05 14:40:00,30075901,Tienda Online,Web,10,1,JOG-AZU-XXL,1,16544.66,24817.0,7.0,24817.0
1819,2025-03-05 14:40:00,30075901,Tienda Online,Web,10,1,JOG-CEL-unico,1,16544.66,41361.66,,41361.66
1820,2024-09-27 09:44:00,35059825,Norte,Presencial,6,4,BUZ-AZU-M,1,11827.69,29569.23,,29569.23
1820,2024-09-27 09:44:00,35059825,Norte,Presencial,6,4,CHU-ÍND-L,1,13529.35,33823.38,,33823.38
1821,2025-02-15 18:25:00,41410296,Norte,Presencial,6,2,GOR-ROJ-S,1,11486.7,28716.74,,28716.74
1821,2025-02-15 18:25:00,41410296,Norte,Presencial,6,2,CHU-ÍND-XL,1,13529.35,33823.38,,33823.38
1822,2025-03-15 05:29:00,34898161,Tienda Online,Web,10,5,CHU-ÍND-XXL,1,13529.35,33823.38,,33823.38
1822,2025-03-15 05:29:00,34898161,Tienda Online,Web,10,5,JOG-ÍND-XL,1,16544.66,24817.0,7.0,24817.0
1822,2025-03-15 05:29:00,34898161,Tienda Online,Web,10,5,CAM-BEI-L,1,14680.23,22020.35,7.0,22020.35
1823,2024-05-23 10:17:00,28540070,Tienda Online,Web,9,1,MUS-AZU-unico,1,12928.22,31520.56,12.0,31520.56
1823,2024-05-23 10:17:00,28540070,Tienda Online,Web,9,1,BUZ-AZU-M,1,11827.69,29569.23,,29569.23
1823,2024-05-23 10:17:00,28540070,Tienda Online,Web,9,1,GOR-GRI-unico,1,11486.7,28716.74,,28716.74
1824,2024-07-19 18:58:00,26428983,Norte,Presencial,4,4,GOR-GRI-M,1,11486.7,28716.74,,28716.74
1824,2024-07-19 18:58:00,26428983,Norte,Presencial,4,4,REM-TUR-XXL,1,13673.12,34182.8,,34182.8
1824,2024-07-19 18:58:00,26428983,Norte,Presencial,4,4,JEA-NEG-unico,1,8748.58,21871.44,,21871.44
1824,2024-07-19 18:58:00,26428983,Norte,Presencial,4,4,REM-BLA-XL,1,13071.19,32677.97,,32677.97
1825,2024-06-14 04:55:00,16884540,Tienda Online,Web,10,3,CHU-ÍND-L,2,13529.35,33823.38,,67646.76
1825,2024-06-14 04:55:00,16884540,Tienda Online,Web,10,3,MUS-AZU-unico,1,12928.22,32320.56,,32320.56
1825,2024-06-14 04:55:00,16884540,Tienda Online,Web,10,3,CIN-ROS-XXL,2,13257.96,33144.89,,66289.78
1826,2024-06-15 13:46:00,15354748,Norte,Presencial,5,2,SWE-AZU-S,1,13010.13,32525.33,,32525.33
1826,2024-06-15 13:46:00,15354748,Norte,Presencial,5,2,CIN-MAR-M,1,13257.96,33144.89,,33144.89
1826,2024-06-15 13:46:00,15354748,Norte,Presencial,5,2,GOR-ROJ-unico,1,11486.7,28716.74,,28716.74
1826,2024-06-15 13:46:00,15354748,Norte,Presencial,5,2,GOR-GRI-S,1,11486.7,28716.74,,28716.74
1827,2025-07-18 09:27:00,22874170,Centro,Presencial,1,1,CIN-MAR-XL,2,13257.96,33144.89,,66289.78
1827,2025-07-18 09:27:00,22874170,Centro,Presencial,1,1,CHU-ÍND-L,2,13529.35,33823.38,,67646.76
1827,2025-07-18 09:27:00,22874170,Centro,Presencial,1,1,BUZ-AZU-M,1,11827.69,29569.23,,29569.23
1827,2025-07-18 09:27:00,22874170,Centro,Presencial,1,1,CHU-ÍND-L,1,13529.35,33823.38,,33823.38
1828,2024-12-08 09:05:00,14041987,Centro,Presencial,2,2,CIN-MAR-L,1,13257.96,33144.89,,33144.89
1828,2024-12-08 09:05:00,14041987,Centro,Presencial,2,2,JEA-NEG-unico,1,8748.58,21871.44,,21871.44
1828,2024-12-08 09:05:00,14041987,Centro,Presencial,2,2,JEA-NEG-M,1,8748.58,21871.44,,21871.44
1829,2024-12-26 15:06:00,12132899,Norte,Presencial,4,2,JOG-ÍND-S,1,16544.66,41361.66,,41361.66
1830,2025-02-01 19:58:00,21678777,Centro,Presencial,1,2,JEA-NEG-unico,1,8748.58,21871.44,,21871.44
1830,2025-02-01 19:58:00,21678777,Centro,Presencial,1,2,CAM-BEI-unico,1,14680.23,36700.58,,36700.58
1830,2025-02-01 19:58:00,21678777,Centro,Presencial,1,2,REM-VIO-L,1,13071.19,32677.97,,32677.97
1830,2025-02-01 19:58:00,21678777,Centro,Presencial,1,2,GOR-ROJ-unico,1,11486.7,28716.74,,28716.74
1830,2025-02-01 19:58:00,21678777,Centro,Presencial,1,2,GOR-GRI-XXL,1,11486.7,28716.74,,28716.74
1831,2024-10-02 12:08:00,42494017,Centro,Presencial,1,4,REM-BLA-XL,1,13071.19,32677.97,,32677.97
1831,2024-10-02 12:08:00,42494017,Centro,Presencial,1,4,JOG-ÍND-XL,1,16544.66,41361.66,,41361.66
1831,2024-10-02 12:08:00,42494017,Centro,Presencial,1,4,GOR-GRI-XXL,1,11486.7,28716.74,,28716.74
1831,2024-10-02 12:08:00,42494017,Centro,Presencial,1,4,CIN-MAR-XL,1,13257.96,33144.89,,33144.89
1832,2025-07-04 04:52:00,17507729,Tienda Online,Web,10,1,CHU-NEG-M,1,13529.35,33823.38,,33823.38
1832,2025-07-04 04:52:00,17507729,Tienda Online,Web,10,1,SWE-MAR-XXL,1,13010.13,32525.33,,32525.33
1832,2025-07-04 04:52:00,17507729,Tienda Online,Web,10,1,CIN-MAR-XL,1,13257.96,33144.89,,33144.89
1833,2025-05-28 13:10:00,34764543,Norte,Presencial,5,1,CAM-BEI-unico,2,14680.23,36700.58,,73401.16
1834,2025-03-14 10:46:00,10038379,Shopping,Presencial,7,4,JOG-AZU-XL,1,16544.66,41361.66,,41361.66
1834,2025-03-14 10:46:00,10038379,Shopping,Presencial,7,4,CHU-NEG-M,1,13529.35,33823.38,,33823.38
1834,2025-03-14 10:46:00,10038379,Shopping,Presencial,7,4,GOR-GRI-M,1,11486.7,17230.04,7.0,17230.04
1834,2025-03-14 10:46:00,10038379,Shopping,Presencial,7,4,CAM-BLA-XL,1,14680.23,36700.58,,36700.58
1835,2024-03-05 10:15:00,40515566,Shopping,Presencial,7,5,JEA-NEG-M,1,8748.58,21871.44,,21871.44
1835,2024-03-05 10:15:00,40515566,Shopping,Presencial,7,5,JEA-LAV-unico,1,8748.58,21871.44,,21871.44
1836,2025-05-03 15:04:00,29674861,Tienda Online,Web,10,4,MUS-CEL-M,1,12928.22,32320.56,,32320.56
1836,2025-05-03 15:04:00,29674861,Tienda Online,Web,10,4,REM-BLA-S,1,13071.19,32677.97,,32677.97
1836,2025-05-03 15:04:00,29674861,Tienda Online,Web,10,4,SWE-MAR-unico,1,13010.13,32525.33,,32525.33
1836,2025-05-03 15:04:00,29674861,Tienda Online,Web,10,4,CAM-CEL-XL,1,14680.23,36700.58,,36700.58
1837,2024-10-04 19:51:00,18293899,Centro,Presencial,1,3,CHU-ÍND-L,2,13529.35,33823.38,,67646.76
1837,2024-10-04 19:51:00,18293899,Centro,Presencial,1,3,MUS-AZU-M,1,12928.22,32320.56,,32320.56
1837,2024-10-04 19:51:00,18293899,Centro,Presencial,1,3,JEA-LAV-L,1,8748.58,21871.44,,21871.44
1837,2024-10-04 19:51:00,18293899,Centro,Presencial,1,3,JEA-NEG-M,1,8748.58,21871.44,,21871.44
1838,2024-06-24 14:44:00,41366021,Shopping,Presencial,7,5,MUS-AZU-M,1,12928.22,32320.56,,32320.56
1838,2024-06-24 14:44:00,41366021,Shopping,Presencial,7,5,JOG-CEL-unico,1,16544.66,41361.66,,41361.66
1839,2024-12-17 15:29:00,10949480,Shopping,Presencial,7,5,CAM-BEI-L,1,14680.23,36700.58,,36700.58
1839,2024-12-17 15:29:00,10949480,Shopping,Presencial,7,5,SWE-AZU-S,1,13010.13,32525.33,,32525.33
1840,2025-01-06 17:28:00,41535292,Shopping,Presencial,7,3,JEA-NEG-unico,2,8748.58,21871.44,,43742.88
1840,2025-01-06 17:28:00,41535292,Shopping,Presencial,7,3,MUS-AZU-unico,1,12928.22,32320.56,,32320.56
1840,2025-01-06 17:28:00,41535292,Shopping,Presencial,7,3,REM-BLA-XL,1,13071.19,32677.97,,32677.97
1841,2024-02-07 13:14:00,13495405,Tienda Online,Web,10,2,JOG-CEL-unico,1,16544.66,41361.66,,41361.66
1841,2024-02-07 13:14:00,13495405,Tienda Online,Web,10,2,CAM-BEI-unico,1,14680.23,36700.58,,36700.58
1841,2024-02-07 13:14:00,13495405,Tienda Online,Web,10,2,CIN-MAR-XL,1,13257.96,33144.89,,33144.89
1841,2024-02-07 13:14:00,13495405,Tienda Online,Web,10,2,CIN-MAR-XL,1,13257.96,33144.89,,33144.89
1842,2024-12-12 09:32:00,21260138,Tienda Online,Web,9,3,CAM-BLA-M,2,14680.23,36700.58,,73401.16
1842,2024-12-12 09:32:00,21260138,Tienda Online,Web,9,3,JOG-AZU-unico,1,16544.66,41361.66,,41361.66
1843,2025-03-14 16:00:00,31625779,Norte,Presencial,6,5,CHU-ÍND-L,1,13529.35,20294.03,7.0,20294.03
1843,2025-03-14 16:00:00,31625779,Norte,Presencial,6,5,CIN-TUR-XL,1,13257.96,33144.89,,33144.89
1843,2025-03-14 16:00:00,31625779,Norte,Presencial,6,5,CHU-NEG-S,1,13529.35,20294.03,7.0,20294.03
1843,2025-03-14 16:00:00,31625779,Norte,Presencial,6,5,SWE-MAR-M,1,13010.13,19515.2,7.0,19515.2
1843,2025-03-14 16:00:00,31625779,Norte,Presencial,6,5,BUZ-AZU-unico,1,11827.69,29569.23,,29569.23
1844,2025-10-04 10:52:00,37317331,Shopping,Presencial,7,1,SWE-MAR-unico,1,13010.13,32525.33,,32525.33
1844,2025-10-04 10:52:00,37317331,Shopping,Presencial,7,1,CHU-ÍND-XL,1,13529.35,33823.38,,33823.38
1845,2025-03-14 18:58:00,26654221,Centro,Presencial,1,3,REM-VIO-M,1,13071.19,19606.78,7.0,19606.78
1845,2025-03-14 18:58:00,26654221,Centro,Presencial,1,3,CIN-MAR-M,1,13257.96,33144.89,,33144.89
1846,2025-06-21 13:59:00,17949149,Centro,Presencial,2,4,BUZ-AZU-M,2,11827.69,29569.23,,59138.46
1846,2025-06-21 13:59:00,17949149,Centro,Presencial,2,4,GOR-GRI-M,1,11486.7,28716.74,,28716.74
1846,2025-06-21 13:59:00,17949149,Centro,Presencial,2,4,JEA-NEG-XL,1,8748.58,21871.44,,21871.44
1847,2024-07-26 22:22:00,27906335,Tienda Online,Web,9,4,CHU-VER-XL,1,13529.35,33823.38,,33823.38
1847,2024-07-26 22:22:00,27906335,Tienda Online,Web,9,4,GOR-GRI-unico,1,11486.7,28716.74,,28716.74
1848,2025-05-03 11:27:00,28696734,Shopping,Presencial,7,2,SWE-MAR-M,1,13010.13,32525.33,,32525.33
1848,2025-05-03 11:27:00,28696734,Shopping,Presencial,7,2,CAM-BEI-L,1,14680.23,36700.58,,36700.58
1849,2025-05-21 15:44:00,16659452,Centro,Presencial,1,4,GOR-ROJ-S,1,11486.7,28716.74,,28716.74
1850,2025-08-02 17:45:00,12756102,Tienda Online,Web,9,2,REM-BLA-XL,2,13071.19,32677.97,,65355.94
1851,2025-07-14 00:55:00,14441842,Tienda Online,Web,10,5,JOG-ÍND-M,1,16544.66,41361.66,,41361.66
1851,2025-07-14 00:55:00,14441842,Tienda Online,Web,10,5,CHU-NEG-unico,1,13529.35,33823.38,,33823.38
1851,2025-07-14 00:55:00,14441842,Tienda Online,Web,10,5,GOR-ROJ-unico,1,11486.7,28716.74,,28716.74
1851,2025-07-14 00:55:00,14441842,Tienda Online,Web,10,5,SWE-AZU-S,1,13010.13,32525.33,,32525.33
1851,2025-07-14 00:55:00,14441842,Tienda Online,Web,10,5,CHU-ÍND-L,2,13529.35,33823.38,,67646.76
1852,2024-12-15 21:46:00,23499019,Tienda Online,Web,10,2,CHU-NEG-S,1,13529.35,33823.38,,33823.38
1853,2025-09-05 19:13:00,28688292,Norte,Presencial,5,1,SWE-AZU-XXL,1,13010.13,32525.33,,32525.33
1853,2025-09-05 19:13:00,28688292,Norte,Presencial,5,1,REM-VIO-XL,1,13071.19,28756.61,6.0,28756.61
1853,2025-09-05 19:13:00,28688292,Norte,Presencial,5,1,CAM-BLA-XL,1,14680.23,32296.51,6.0,32296.51
1854,2025-11-07 09:00:00,38330675,Shopping,Presencial,7,1,BUZ-AZU-M,1,11827.69,29569.23,,29569.23
1854,2025-11-07 09:00:00,38330675,Shopping,Presencial,7,1,GOR-GRI-S,1,11486.7,28716.74,,28716.74
1854,2025-11-07 09:00:00,38330675,Shopping,Presencial,7,1,REM-BLA-unico,1,13071.19,26795.94,9.0,26795.94
1855,2024-03-15 13:48:00,16100827,Shopping,Presencial,7,3,GOR-GRI-L,1,11486.7,28716.74,,28716.74
1856,2024-09-03 23:27:00,22874170,Tienda Online,Web,9,3,CIN-TUR-unico,1,13257.96,33144.89,,33144.89
1856,2024-09-03 23:27:00,22874170,Tienda Online,Web,9,3,CHU-NEG-S,1,13529.35,33823.38,,33823.38
1856,2024-09-03 23:27:00,22874170,Tienda Online,Web,9,3,CHU-ÍND-XXL,1,13529.35,33823.38,,33823.38
1856,2024-09-03 23:27:00,22874170,Tienda Online,Web,9,3,BUZ-AZU-unico,1,11827.69,29569.23,,29569.23
1856,2024-09-03 23:27:00,22874170,Tienda Online,Web,9,3,SWE-MAR-L,1,13010.13,32525.33,,32525.33
1857,2024-01-15 15:52:00,13463607,Shopping,Presencial,7,3,BUZ-AZU-M,1,11827.69,29569.23,,29569.23
1857,2024-01-15 15:52:00,13463607,Shopping,Presencial,7,3,CIN-MAR-XL,1,13257.96,33144.89,,33144.89
1857,2024-01-15 15:52:00,13463607,Shopping,Presencial,7,3,GOR-GRI-L,1,11486.7,28716.74,,28716.74
1858,2024-02-16 16:53:00,28289000,Shopping,Presencial,7,1,CAM-BEI-L,1,14680.23,36700.58,,36700.58
1858,2024-02-16 16:53:00,28289000,Shopping,Presencial,7,1,GOR-GRI-L,1,11486.7,28716.74,,28716.74
1858,2024-02-16 16:53:00,28289000,Shopping,Presencial,7,1,CAM-BEI-unico,1,14680.23,36700.58,,36700.58
1858,2024-02-16 16:53:00,28289000,Shopping,Presencial,7,1,JOG-ÍND-XL,1,16544.66,41361.66,,41361.66
1858,2024-02-16 16:53:00,28289000,Shopping,Presencial,7,1,JOG-AZU-unico,1,16544.66,41361.66,,41361.66
1859,2025-11-14 10:55:00,17687437,Shopping,Presencial,7,5,SWE-MAR-XXL,1,13010.13,32525.33,,32525.33
1859,2025-11-14 10:55:00,17687437,Shopping,Presencial,7,5,GOR-GRI-L,1,11486.7,23547.73,9.0,23547.73
1859,2025-11-14 10:55:00,17687437,Shopping,Presencial,7,5,REM-BLA-XL,1,13071.19,26795.94,9.0,26795.94
1859,2025-11-14 10:55:00,17687437,Shopping,Presencial,7,5,REM-VIO-L,1,13071.19,32677.97,,32677.97
1860,2024-06-28 19:59:00,18439645,Centro,Presencial,1,5,JOG-ÍND-S,1,16544.66,41361.66,,41361.66
1860,2024-06-28 19:59:00,18439645,Centro,Presencial,1,5,JEA-LAV-unico,1,8748.58,21871.44,,21871.44
1860,2024-06-28 19:59:00,18439645,Centro,Presencial,1,5,CHU-NEG-S,1,13529.35,33823.38,,33823.38
1860,2024-06-28 19:59:00,18439645,Centro,Presencial,1,5,CHU-NEG-S,2,13529.35,33823.38,,67646.76
1861,2025-06-13 17:41:00,26523232,Shopping,Presencial,7,3,SWE-MAR-M,1,13010.13,29272.8,3.0,29272.8
1861,2025-06-13 17:41:00,26523232,Shopping,Presencial,7,3,CAM-BLA-S,1,14680.23,33030.52,3.0,33030.52
1861,2025-06-13 17:41:00,26523232,Shopping,Presencial,7,3,JOG-ÍND-M,2,16544.66,41361.66,,82723.32
1861,2025-06-13 17:41:00,26523232,Shopping,Presencial,7,3,CIN-TUR-unico,1,13257.96,33144.89,,33144.89
1862,2025-06-16 00:13:00,29911725,Tienda Online,Web,10,5,CHU-ÍND-XL,2,13529.35,33823.38,,67646.76
1862,2025-06-16 00:13:00,29911725,Tienda Online,Web,10,5,CIN-ROS-unico,1,13257.96,33144.89,,33144.89
1863,2024-06-14 14:24:00,31117675,Shopping,Presencial,7,3,CAM-CEL-XL,1,14680.23,36700.58,,36700.58
1863,2024-06-14 14:24:00,31117675,Shopping,Presencial,7,3,GOR-GRI-M,1,11486.7,28716.74,,28716.74
1864,2025-11-06 09:04:00,27593354,Centro,Presencial,1,5,REM-TUR-S,1,13673.12,34182.8,,34182.8
1864,2025-11-06 09:04:00,27593354,Centro,Presencial,1,5,SWE-MAR-L,1,13010.13,32525.33,,32525.33
1865,2025-06-11 12:49:00,17779366,Norte,Presencial,6,2,CIN-ROS-XXL,1,13257.96,33144.89,,33144.89
1865,2025-06-11 12:49:00,17779366,Norte,Presencial,6,2,JEA-LAV-L,1,8748.58,21871.44,,21871.44
1865,2025-06-11 12:49:00,17779366,Norte,Presencial,6,2,CAM-CEL-XL,1,14680.23,33030.52,3.0,33030.52
1865,2025-06-11 12:49:00,17779366,Norte,Presencial,6,2,CIN-MAR-S,2,13257.96,29830.4,3.0,59660.8
1866,2024-05-10 09:49:00,23771113,Centro,Presencial,1,2,CHU-NEG-M,1,13529.35,33823.38,,33823.38
1866,2024-05-10 09:49:00,23771113,Centro,Presencial,1,2,CHU-NEG-S,1,13529.35,33823.38,,33823.38
1867,2024-12-11 16:37:00,14684875,Shopping,Presencial,7,1,GOR-GRI-M,1,11486.7,28716.74,,28716.74
1868,2024-04-17 12:27:00,17157379,Tienda Online,Web,10,5,GOR-GRI-L,1,11486.7,28716.74,,28716.74
1868,2024-04-17 12:27:00,17157379,Tienda Online,Web,10,5,CIN-ROS-XXL,1,13257.96,33144.89,,33144.89
1868,2024-04-17 12:27:00,17157379,Tienda Online,Web,10,5,REM-BLA-XL,1,13071.19,32677.97,,32677.97
1869,2024-10-03 08:00:00,44185636,Tienda Online,Web,10,3,REM-CEL-XXL,1,13673.12,34182.8,,34182.8
1870,2025-10-11 13:48:00,28688292,Centro,Presencial,1,4,SWE-MAR-unico,1,13010.13,32525.33,,32525.33
1870,2025-10-11 13:48:00,28688292,Centro,Presencial,1,4,CHU-ÍND-L,1,13529.35,30441.04,2.0,30441.04
1871,2024-06-23 21:17:00,20714555,Tienda Online,Web,9,4,JOG-AZU-XXL,1,16544.66,41361.66,,41361.66
1871,2024-06-23 21:17:00,20714555,Tienda Online,Web,9,4,CHU-NEG-S,1,13529.35,33823.38,,33823.38
1871,2024-06-23 21:17:00,20714555,Tienda Online,Web,9,4,MUS-CEL-S,1,12928.22,32320.56,,32320.56
1872,2025-02-15 02:49:00,12701677,Tienda Online,Web,9,1,REM-VIO-M,1,13071.19,32677.97,,32677.97
1873,2024-05-12 00:18:00,32833825,Tienda Online,Web,9,5,GOR-GRI-unico,1,11486.7,28716.74,,28716.74
1873,2024-05-12 00:18:00,32833825,Tienda Online,Web,9,5,CHU-NEG-S,1,13529.35,33823.38,,33823.38
1874,2025-02-28 18:59:00,16898363,Tienda Online,Web,10,2,CAM-BEI-unico,1,14680.23,36700.58,,36700.58
1874,2025-02-28 18:59:00,16898363,Tienda Online,Web,10,2,JEA-LAV-unico,1,8748.58,21871.44,,21871.44
1874,2025-02-28 18:59:00,16898363,Tienda Online,Web,10,2,REM-VIO-XXL,1,13071.19,32677.97,,32677.97
1875,2024-10-23 18:43:00,14755156,Shopping,Presencial,7,3,CIN-MAR-L,1,13257.96,33144.89,,33144.89
1875,2024-10-23 18:43:00,14755156,Shopping,Presencial,7,3,CAM-BEI-unico,2,14680.23,36700.58,,73401.16
1876,2025-05-03 13:05:00,26523232,Norte,Presencial,4,1,CIN-MAR-XL,2,13257.96,33144.89,,66289.78
1877,2025-07-08 15:57:00,32899636,Centro,Presencial,2,3,JEA-NEG-M,1,8748.58,21871.44,,21871.44
1877,2025-07-08 15:57:00,32899636,Centro,Presencial,2,3,JOG-AZU-XXL,1,16544.66,41361.66,,41361.66
1877,2025-07-08 15:57:00,32899636,Centro,Presencial,2,3,CHU-ÍND-L,2,13529.35,33823.38,,67646.76
1877,2025-07-08 15:57:00,32899636,Centro,Presencial,2,3,JEA-NEG-unico,1,8748.58,10935.72,11.0,10935.72
1877,2025-07-08 15:57:00,32899636,Centro,Presencial,2,3,JEA-NEG-M,1,8748.58,21871.44,,21871.44
1878,2025-04-25 15:26:00,20714555,Norte,Presencial,4,3,REM-TUR-XXL,1,13673.12,34182.8,,34182.8
1878,2025-04-25 15:26:00,20714555,Norte,Presencial,4,3,JEA-LAV-L,1,8748.58,21871.44,,21871.44
1878,2025-04-25 15:26:00,20714555,Norte,Presencial,4,3,REM-BLA-XL,1,13071.19,32677.97,,32677.97
1878,2025-04-25 15:26:00,20714555,Norte,Presencial,4,3,GOR-ROJ-unico,1,11486.7,28716.74,,28716.74
1878,2025-04-25 15:26:00,20714555,Norte,Presencial,4,3,GOR-ROJ-unico,1,11486.7,28716.74,,28716.74
1879,2025-07-30 07:24:00,24800101,Tienda Online,Web,9,5,MUS-AZU-unico,2,12928.22,32320.56,,64641.12
1880,2025-02-19 17:58:00,17728908,Centro,Presencial,2,5,BUZ-AZU-M,1,11827.69,29569.23,,29569.23
1881,2025-07-02 14:17:00,29368328,Centro,Presencial,2,1,CHU-NEG-XL,1,13529.35,33823.38,,33823.38
1881,2025-07-02 14:17:00,29368328,Centro,Presencial,2,1,REM-BLA-S,1,13071.19,32677.97,,32677.97
1881,2025-07-02 14:17:00,29368328,Centro,Presencial,2,1,CHU-VER-S,1,13529.35,16911.69,11.0,16911.69
1881,2025-07-02 14:17:00,29368328,Centro,Presencial,2,1,REM-VIO-XL,2,13071.19,32677.97,,65355.94
1881,2025-07-02 14:17:00,29368328,Centro,Presencial,2,1,GOR-GRI-L,1,11486.7,14358.37,11.0,14358.37
1882,2025-09-25 09:25:00,10949480,Shopping,Presencial,7,1,SWE-AZU-XXL,1,13010.13,32525.33,,32525.33
1882,2025-09-25 09:25:00,10949480,Shopping,Presencial,7,1,CIN-TUR-XL,1,13257.96,33144.89,,33144.89
1883,2024-06-29 15:37:00,28456905,Tienda Online,Web,9,3,MUS-AZU-unico,1,12928.22,32320.56,,32320.56
1884,2025-10-18 13:10:00,12132899,Shopping,Presencial,7,5,CHU-VER-M,1,13529.35,33823.38,,33823.38
1884,2025-10-18 13:10:00,12132899,Shopping,Presencial,7,5,JOG-AZU-L,2,16544.66,37225.49,2.0,74450.98
1884,2025-10-18 13:10:00,12132899,Shopping,Presencial,7,5,JOG-AZU-XXL,1,16544.66,41361.66,,41361.66
1884,2025-10-18 13:10:00,12132899,Shopping,Presencial,7,5,CHU-NEG-XXL,1,13529.35,33823.38,,33823.38
1885,2025-04-10 03:32:00,15745388,Tienda Online,Web,10,4,SWE-MAR-L,1,13010.13,32525.33,,32525.33
1885,2025-04-10 03:32:00,15745388,Tienda Online,Web,10,4,JOG-ÍND-M,1,16544.66,41361.66,,41361.66
1885,2025-04-10 03:32:00,15745388,Tienda Online,Web,10,4,SWE-MAR-unico,1,13010.13,32525.33,,32525.33
1885,2025-04-10 03:32:00,15745388,Tienda Online,Web,10,4,JEA-LAV-L,1,8748.58,21871.44,,21871.44
1886,2025-04-25 09:25:00,15285296,Shopping,Presencial,7,4,CIN-MAR-XL,1,13257.96,33144.89,,33144.89
1886,2025-04-25 09:25:00,15285296,Shopping,Presencial,7,4,MUS-AZU-XXL,1,12928.22,32320.56,,32320.56
1886,2025-04-25 09:25:00,15285296,Shopping,Presencial,7,4,JOG-ÍND-XL,1,16544.66,41361.66,,41361.66
1886,2025-04-25 09:25:00,15285296,Shopping,Presencial,7,4,CAM-BLA-M,1,14680.23,30094.48,10.0,30094.48
1887,2025-11-22 14:32:00,40105945,Norte,Presencial,5,2,GOR-GRI-XXL,2,11486.7,23547.73,9.0,47095.46
1887,2025-11-22 14:32:00,40105945,Norte,Presencial,5,2,CIN-TUR-unico,1,13257.96,33144.89,,33144.89
1887,2025-11-22 14:32:00,40105945,Norte,Presencial,5,2,CIN-ROS-XXL,1,13257.96,27178.81,9.0,27178.81
1887,2025-11-22 14:32:00,40105945,Norte,Presencial,5,2,CIN-MAR-XL,1,13257.96,33144.89,,33144.89
1887,2025-11-22 14:32:00,40105945,Norte,Presencial,5,2,SWE-AZU-XXL,1,13010.13,32525.33,,32525.33
1888,2024-02-01 12:12:00,29586497,Norte,Presencial,5,3,REM-TUR-XXL,1,13673.12,34182.8,,34182.8
1888,2024-02-01 12:12:00,29586497,Norte,Presencial,5,3,MUS-AZU-unico,2,12928.22,32320.56,,64641.12
1888,2024-02-01 12:12:00,29586497,Norte,Presencial,5,3,JOG-CEL-unico,1,16544.66,41361.66,,41361.66
1888,2024-02-01 12:12:00,29586497,Norte,Presencial,5,3,CAM-BEI-L,1,14680.23,36700.58,,36700.58
1888,2024-02-01 12:12:00,29586497,Norte,Presencial,5,3,CIN-MAR-S,1,13257.96,33144.89,,33144.89
1889,2024-05-29 10:11:00,27244970,Shopping,Presencial,7,2,BUZ-AZU-M,1,11827.69,29569.23,,29569.23
1889,2024-05-29 10:11:00,27244970,Shopping,Presencial,7,2,GOR-GRI-L,1,11486.7,27916.74,12.0,27916.74
1889,2024-05-29 10:11:00,27244970,Shopping,Presencial,7,2,CIN-TUR-unico,1,13257.96,32344.89,12.0,32344.89
1889,2024-05-29 10:11:00,27244970,Shopping,Presencial,7,2,REM-VIO-M,1,13071.19,32677.97,,32677.97
1890,2025-05-14 12:05:00,17019579,Shopping,Presencial,7,4,CAM-BLA-XL,1,14680.23,36700.58,,36700.58
1890,2025-05-14 12:05:00,17019579,Shopping,Presencial,7,4,REM-VIO-L,1,13071.19,32677.97,,32677.97
1890,2025-05-14 12:05:00,17019579,Shopping,Presencial,7,4,BUZ-AZU-M,1,11827.69,29569.23,,29569.23
1891,2024-01-23 10:44:00,41996735,Centro,Presencial,2,3,GOR-GRI-M,1,11486.7,28716.74,,28716.74
1892,2024-02-14 09:23:00,41996735,Tienda Online,Web,9,5,GOR-GRI-S,1,11486.7,28716.74,,28716.74
1892,2024-02-14 09:23:00,41996735,Tienda Online,Web,9,5,JOG-AZU-unico,1,16544.66,41361.66,,41361.66
1892,2024-02-14 09:23:00,41996735,Tienda Online,Web,9,5,JEA-LAV-L,1,8748.58,21871.44,,21871.44
1892,2024-02-14 09:23:00,41996735,Tienda Online,Web,9,5,CIN-MAR-L,1,13257.96,33144.89,,33144.89
1893,2025-07-11 21:38:00,32132749,Tienda Online,Web,10,1,REM-VIO-XXL,1,13071.19,32677.97,,32677.97
1893,2025-07-11 21:38:00,32132749,Tienda Online,Web,10,1,CHU-NEG-XXL,1,13529.35,16911.69,11.0,16911.69
1894,2025-09-16 22:13:00,29302634,Tienda Online,Web,9,4,CIN-MAR-S,1,13257.96,33144.89,,33144.89
1894,2025-09-16 22:13:00,29302634,Tienda Online,Web,9,4,JOG-AZU-XL,2,16544.66,41361.66,,82723.32
1894,2025-09-16 22:13:00,29302634,Tienda Online,Web,9,4,CAM-CEL-XL,1,14680.23,36700.58,,36700.58
1895,2025-06-10 14:12:00,21260138,Shopping,Presencial,7,5,CIN-TUR-XL,1,13257.96,33144.89,,33144.89
1895,2025-06-10 14:12:00,21260138,Shopping,Presencial,7,5,CIN-TUR-XL,1,13257.96,33144.89,,33144.89
1895,2025-06-10 14:12:00,21260138,Shopping,Presencial,7,5,CAM-BEI-unico,1,14680.23,36700.58,,36700.58
1895,2025-06-10 14:12:00,21260138,Shopping,Presencial,7,5,JOG-AZU-XL,1,16544.66,37225.49,3.0,37225.49
1896,2025-09-09 18:18:00,27785377,Tienda Online,Web,10,4,CHU-VER-XL,1,13529.35,33823.38,,33823.38
1896,2025-09-09 18:18:00,27785377,Tienda Online,Web,10,4,JOG-AZU-unico,1,16544.66,41361.66,,41361.66
1896,2025-09-09 18:18:00,27785377,Tienda Online,Web,10,4,JOG-AZU-XXL,1,16544.66,41361.66,,41361.66
1896,2025-09-09 18:18:00,27785377,Tienda Online,Web,10,4,CHU-NEG-unico,1,13529.35,33823.38,,33823.38
1896,2025-09-09 18:18:00,27785377,Tienda Online,Web,10,4,CAM-BLA-M,1,14680.23,36700.58,,36700.58
1897,2025-03-27 14:12:00,43250363,Tienda Online,Web,10,2,CIN-TUR-unico,1,13257.96,33144.89,,33144.89
1897,2025-03-27 14:12:00,43250363,Tienda Online,Web,10,2,MUS-AZU-M,1,12928.22,32320.56,,32320.56
1897,2025-03-27 14:12:00,43250363,Tienda Online,Web,10,2,JOG-ÍND-M,1,16544.66,41361.66,,41361.66
1897,2025-03-27 14:12:00,43250363,Tienda Online,Web,10,2,REM-TUR-S,2,13673.12,34182.8,,68365.6
1898,2025-06-14 15:58:00,24867952,Centro,Presencial,2,5,CAM-BEI-unico,1,14680.23,36700.58,,36700.58
1898,2025-06-14 15:58:00,24867952,Centro,Presencial,2,5,GOR-GRI-unico,2,11486.7,28716.74,,57433.48
1898,2025-06-14 15:58:00,24867952,Centro,Presencial,2,5,REM-VIO-M,1,13071.19,32677.97,,32677.97
1899,2024-08-17 02:02:00,27826293,Tienda Online,Web,9,1,CHU-NEG-S,1,13529.35,33823.38,,33823.38
1899,2024-08-17 02:02:00,27826293,Tienda Online,Web,9,1,JEA-LAV-unico,1,8748.58,21871.44,,21871.44
1899,2024-08-17 02:02:00,27826293,Tienda Online,Web,9,1,REM-TUR-XXL,1,13673.12,34182.8,,34182.8
1899,2024-08-17 02:02:00,27826293,Tienda Online,Web,9,1,JEA-NEG-M,1,8748.58,21871.44,,21871.44
1899,2024-08-17 02:02:00,27826293,Tienda Online,Web,9,1,GOR-GRI-M,1,11486.7,28716.74,,28716.74
1900,2024-12-06 12:52:00,35501998,Shopping,Presencial,7,2,GOR-GRI-S,1,11486.7,28716.74,,28716.74
1900,2024-12-06 12:52:00,35501998,Shopping,Presencial,7,2,JOG-AZU-unico,1,16544.66,41361.66,,41361.66
1900,2024-12-06 12:52:00,35501998,Shopping,Presencial,7,2,CIN-ROS-XXL,1,13257.96,33144.89,,33144.89
1901,2024-03-12 11:21:00,26373518,Centro,Presencial,1,5,GOR-GRI-L,1,11486.7,28716.74,,28716.74
1902,2025-03-31 14:07:00,35442729,Shopping,Presencial,7,1,REM-VIO-XL,1,13071.19,32677.97,,32677.97
1902,2025-03-31 14:07:00,35442729,Shopping,Presencial,7,1,CIN-MAR-L,1,13257.96,33144.89,,33144.89
1902,2025-03-31 14:07:00,35442729,Shopping,Presencial,7,1,BUZ-AZU-M,1,11827.69,29569.23,,29569.23
1902,2025-03-31 14:07:00,35442729,Shopping,Presencial,7,1,SWE-MAR-L,1,13010.13,32525.33,,32525.33
1902,2025-03-31 14:07:00,35442729,Shopping,Presencial,7,1,GOR-GRI-S,1,11486.7,28716.74,,28716.74
1903,2024-05-29 03:25:00,10038379,Tienda Online,Web,9,2,CIN-MAR-L,1,13257.96,33144.89,,33144.89
1903,2024-05-29 03:25:00,10038379,Tienda Online,Web,9,2,JEA-NEG-M,1,8748.58,21071.44,12.0,21071.44
1903,2024-05-29 03:25:00,10038379,Tienda Online,Web,9,2,JOG-AZU-unico,1,16544.66,41361.66,,41361.66
1904,2025-09-17 22:47:00,19888757,Tienda Online,Web,9,1,CAM-BLA-S,1,14680.23,36700.58,,36700.58
1904,2025-09-17 22:47:00,19888757,Tienda Online,Web,9,1,CIN-ROS-unico,1,13257.96,33144.89,,33144.89
1904,2025-09-17 22:47:00,19888757,Tienda Online,Web,9,1,JOG-AZU-XXL,1,16544.66,26885.08,8.0,26885.08
1904,2025-09-17 22:47:00,19888757,Tienda Online,Web,9,1,REM-VIO-XXL,1,13071.19,32677.97,,32677.97
1904,2025-09-17 22:47:00,19888757,Tienda Online,Web,9,1,MUS-AZU-M,1,12928.22,32320.56,,32320.56
1905,2025-09-13 14:11:00,26431104,Shopping,Presencial,7,3,SWE-MAR-L,1,13010.13,32525.33,,32525.33
1905,2025-09-13 14:11:00,26431104,Shopping,Presencial,7,3,SWE-AZU-XXL,1,13010.13,32525.33,,32525.33
1906,2024-11-02 12:24:00,10372106,Centro,Presencial,1,4,MUS-AZU-M,2,12928.22,32320.56,,64641.12
1906,2024-11-02 12:24:00,10372106,Centro,Presencial,1,4,MUS-AZU-XXL,1,12928.22,32320.56,,32320.56
1906,2024-11-02 12:24:00,10372106,Centro,Presencial,1,4,CIN-TUR-unico,1,13257.96,33144.89,,33144.89
1906,2024-11-02 12:24:00,10372106,Centro,Presencial,1,4,BUZ-AZU-unico,1,11827.69,29569.23,,29569.23
1907,2025-06-10 11:50:00,27808512,Shopping,Presencial,7,4,CHU-VER-XL,1,13529.35,30441.04,3.0,30441.04
1908,2025-11-12 16:32:00,15407475,Shopping,Presencial,7,2,CIN-MAR-XL,2,13257.96,33144.89,,66289.78
1908,2025-11-12 16:32:00,15407475,Shopping,Presencial,7,2,CHU-NEG-XXL,1,13529.35,33823.38,,33823.38
1908,2025-11-12 16:32:00,15407475,Shopping,Presencial,7,2,CHU-NEG-unico,1,13529.35,33823.38,,33823.38
1908,2025-11-12 16:32:00,15407475,Shopping,Presencial,7,2,CIN-MAR-XL,1,13257.96,33144.89,,33144.89
1908,2025-11-12 16:32:00,15407475,Shopping,Presencial,7,2,SWE-AZU-XXL,1,13010.13,32525.33,,32525.33
1909,2025-05-17 19:30:00,39548449,Centro,Presencial,2,5,CIN-TUR-XL,1,13257.96,33144.89,,33144.89
1909,2025-05-17 19:30:00,39548449,Centro,Presencial,2,5,SWE-MAR-M,1,13010.13,32525.33,,32525.33
1910,2025-10-20 12:40:00,17254174,Centro,Presencial,2,2,GOR-ROJ-L,1,11486.7,28716.74,,28716.74
1910,2025-10-20 12:40:00,17254174,Centro,Presencial,2,2,JOG-AZU-L,1,16544.66,37225.49,2.0,37225.49
1910,2025-10-20 12:40:00,17254174,Centro,Presencial,2,2,CIN-MAR-M,1,13257.96,33144.89,,33144.89
1911,2024-05-10 11:59:00,10934065,Shopping,Presencial,7,2,JOG-ÍND-M,1,16544.66,41361.66,,41361.66
1911,2024-05-10 11:59:00,10934065,Shopping,Presencial,7,2,SWE-MAR-unico,1,13010.13,32525.33,,32525.33
1912,2024-03-12 11:18:00,37406784,Tienda Online,Web,9,5,CAM-CEL-XL,1,14680.23,36700.58,,36700.58
1912,2024-03-12 11:18:00,37406784,Tienda Online,Web,9,5,MUS-CEL-S,1,12928.22,32320.56,,32320.56
1912,2024-03-12 11:18:00,37406784,Tienda Online,Web,9,5,JOG-CEL-unico,1,16544.66,41361.66,,41361.66
1913,2024-09-28 10:26:00,31169695,Shopping,Presencial,7,2,MUS-AZU-XXL,1,12928.22,32320.56,,32320.56
1913,2024-09-28 10:26:00,31169695,Shopping,Presencial,7,2,MUS-AZU-unico,1,12928.22,32320.56,,32320.56
1913,2024-09-28 10:26:00,31169695,Shopping,Presencial,7,2,CAM-BEI-L,1,14680.23,36700.58,,36700.58
1913,2024-09-28 10:26:00,31169695,Shopping,Presencial,7,2,GOR-GRI-S,1,11486.7,28716.74,,28716.74
1914,2024-12-06 04:19:00,35526737,Tienda Online,Web,9,3,JEA-NEG-unico,1,8748.58,21871.44,,21871.44
1914,2024-12-06 04:19:00,35526737,Tienda Online,Web,9,3,BUZ-AZU-unico,1,11827.69,29569.23,,29569.23
1914,2024-12-06 04:19:00,35526737,Tienda Online,Web,9,3,CAM-CEL-XL,1,14680.23,36700.58,,36700.58
1914,2024-12-06 04:19:00,35526737,Tienda Online,Web,9,3,GOR-GRI-L,1,11486.7,28716.74,,28716.74
1915,2024-12-13 19:33:00,30301581,Shopping,Presencial,7,2,SWE-MAR-unico,1,13010.13,32525.33,,32525.33
1915,2024-12-13 19:33:00,30301581,Shopping,Presencial,7,2,SWE-MAR-M,1,13010.13,32525.33,,32525.33
1915,2024-12-13 19:33:00,30301581,Shopping,Presencial,7,2,CIN-MAR-M,1,13257.96,33144.89,,33144.89
1915,2024-12-13 19:33:00,30301581,Shopping,Presencial,7,2,JEA-NEG-unico,1,8748.58,21871.44,,21871.44
1915,2024-12-13 19:33:00,30301581,Shopping,Presencial,7,2,JOG-ÍND-XL,1,16544.66,41361.66,,41361.66
1916,2024-09-18 18:38:00,30279639,Centro,Presencial,1,4,BUZ-AZU-M,1,11827.69,29569.23,,29569.23
1917,2025-05-31 10:22:00,13495405,Shopping,Presencial,7,2,JOG-ÍND-XL,1,16544.66,41361.66,,41361.66
1917,2025-05-31 10:22:00,13495405,Shopping,Presencial,7,2,REM-TUR-XXL,1,13673.12,34182.8,,34182.8
1917,2025-05-31 10:22:00,13495405,Shopping,Presencial,7,2,CHU-VER-S,1,13529.35,33823.38,,33823.38
1918,2024-10-03 17:46:00,26373518,Tienda Online,Web,10,5,GOR-GRI-M,1,11486.7,28716.74,,28716.74
1918,2024-10-03 17:46:00,26373518,Tienda Online,Web,10,5,CHU-ÍND-XXL,1,13529.35,33823.38,,33823.38
1918,2024-10-03 17:46:00,26373518,Tienda Online,Web,10,5,JOG-AZU-unico,1,16544.66,41361.66,,41361.66
1918,2024-10-03 17:46:00,26373518,Tienda Online,Web,10,5,REM-VIO-XL,1,13071.19,32677.97,,32677.97
1918,2024-10-03 17:46:00,26373518,Tienda Online,Web,10,5,JOG-AZU-XXL,1,16544.66,41361.66,,41361.66
1919,2024-02-27 09:48:00,17740453,Norte,Presencial,5,1,JEA-NEG-M,1,8748.58,21871.44,,21871.44
1919,2024-02-27 09:48:00,17740453,Norte,Presencial,5,1,GOR-GRI-S,1,11486.7,28716.74,,28716.74
1920,2024-03-16 11:29:00,16898363,Shopping,Presencial,7,4,MUS-AZU-XXL,1,12928.22,32320.56,,32320.56
1921,2025-04-24 15:14:00,14616506,Tienda Online,Web,9,1,REM-VIO-XL,1,13071.19,32677.97,,32677.97
1921,2025-04-24 15:14:00,14616506,Tienda Online,Web,9,1,REM-VIO-L,1,13071.19,32677.97,,32677.97
1921,2025-04-24 15:14:00,14616506,Tienda Online,Web,9,1,MUS-AZU-M,1,12928.22,32320.56,,32320.56
1922,2024-05-20 08:03:00,36913358,Tienda Online,Web,9,1,SWE-MAR-L,1,13010.13,32525.33,,32525.33
1923,2024-06-14 00:18:00,14868286,Tienda Online,Web,9,5,JOG-CEL-unico,1,16544.66,41361.66,,41361.66
1923,2024-06-14 00:18:00,14868286,Tienda Online,Web,9,5,CIN-MAR-L,1,13257.96,33144.89,,33144.89
1923,2024-06-14 00:18:00,14868286,Tienda Online,Web,9,5,GOR-GRI-XXL,1,11486.7,28716.74,,28716.74
1923,2024-06-14 00:18:00,14868286,Tienda Online,Web,9,5,JOG-ÍND-XL,1,16544.66,41361.66,,41361.66
1924,2024-02-24 09:23:00,20254587,Centro,Presencial,2,2,GOR-GRI-XXL,1,11486.7,28716.74,,28716.74
1924,2024-02-24 09:23:00,20254587,Centro,Presencial,2,2,CIN-TUR-unico,1,13257.96,33144.89,,33144.89
1924,2024-02-24 09:23:00,20254587,Centro,Presencial,2,2,CAM-BEI-unico,2,14680.23,36700.58,,73401.16
1925,2024-06-22 18:34:00,22588451,Norte,Presencial,5,1,CIN-TUR-unico,1,13257.96,33144.89,,33144.89
1925,2024-06-22 18:34:00,22588451,Norte,Presencial,5,1,JEA-NEG-M,1,8748.58,21871.44,,21871.44
1925,2024-06-22 18:34:00,22588451,Norte,Presencial,5,1,REM-TUR-XXL,1,13673.12,34182.8,,34182.8
1925,2024-06-22 18:34:00,22588451,Norte,Presencial,5,1,MUS-AZU-unico,1,12928.22,32320.56,,32320.56
1925,2024-06-22 18:34:00,22588451,Norte,Presencial,5,1,CIN-ROS-XXL,1,13257.96,33144.89,,33144.89
1926,2025-06-26 10:22:00,35526938,Tienda Online,Web,10,3,CIN-ROS-XXL,1,13257.96,33144.89,,33144.89
1926,2025-06-26 10:22:00,35526938,Tienda Online,Web,10,3,SWE-MAR-unico,1,13010.13,32525.33,,32525.33
1926,2025-06-26 10:22:00,35526938,Tienda Online,Web,10,3,SWE-MAR-XXL,1,13010.13,32525.33,,32525.33
1926,2025-06-26 10:22:00,35526938,Tienda Online,Web,10,3,CHU-VER-S,1,13529.35,33823.38,,33823.38
1927,2024-11-22 10:59:00,30075901,Centro,Presencial,1,5,CAM-BEI-unico,1,14680.23,36700.58,,36700.58
1927,2024-11-22 10:59:00,30075901,Centro,Presencial,1,5,JOG-AZU-XXL,1,16544.66,41361.66,,41361.66
1928,2025-06-11 15:30:00,17245195,Norte,Presencial,5,4,REM-VIO-L,1,13071.19,32677.97,,32677.97
1928,2025-06-11 15:30:00,17245195,Norte,Presencial,5,4,GOR-GRI-XXL,1,11486.7,28716.74,,28716.74
1929,2024-12-09 09:46:00,40793026,Tienda Online,Web,9,2,GOR-GRI-M,1,11486.7,28716.74,,28716.74
1929,2024-12-09 09:46:00,40793026,Tienda Online,Web,9,2,CIN-TUR-unico,1,13257.96,33144.89,,33144.89
1930,2025-10-31 14:09:00,32223091,Norte,Presencial,6,4,GOR-ROJ-unico,1,11486.7,28716.74,,28716.74
1930,2025-10-31 14:09:00,32223091,Norte,Presencial,6,4,CHU-VER-S,1,13529.35,33823.38,,33823.38
1931,2024-04-19 15:36:00,41561757,Tienda Online,Web,10,1,MUS-CEL-S,1,12928.22,32320.56,,32320.56
1931,2024-04-19 15:36:00,41561757,Tienda Online,Web,10,1,CAM-BEI-unico,1,14680.23,36700.58,,36700.58
1932,2025-11-22 16:11:00,26523232,Norte,Presencial,6,4,REM-VIO-L,1,13071.19,32677.97,,32677.97
1932,2025-11-22 16:11:00,26523232,Norte,Presencial,6,4,CAM-BLA-S,1,14680.23,36700.58,,36700.58
1932,2025-11-22 16:11:00,26523232,Norte,Presencial,6,4,CIN-TUR-XL,1,13257.96,33144.89,,33144.89
1932,2025-11-22 16:11:00,26523232,Norte,Presencial,6,4,REM-CEL-XXL,1,13673.12,34182.8,,34182.8
1933,2024-06-18 00:57:00,35433541,Tienda Online,Web,9,5,CIN-MAR-S,2,13257.96,33144.89,,66289.78
1933,2024-06-18 00:57:00,35433541,Tienda Online,Web,9,5,CHU-NEG-M,1,13529.35,33823.38,,33823.38
1933,2024-06-18 00:57:00,35433541,Tienda Online,Web,9,5,CHU-NEG-M,1,13529.35,33823.38,,33823.38
1933,2024-06-18 00:57:00,35433541,Tienda Online,Web,9,5,MUS-AZU-unico,1,12928.22,32320.56,,32320.56
1934,2025-06-03 11:28:00,24429953,Centro,Presencial,2,5,CIN-TUR-unico,2,13257.96,33144.89,,66289.78
1934,2025-06-03 11:28:00,24429953,Centro,Presencial,2,5,SWE-MAR-unico,1,13010.13,32525.33,,32525.33
1935,2024-02-23 13:30:00,31169695,Centro,Presencial,2,4,MUS-AZU-XXL,1,12928.22,32320.56,,32320.56
1935,2024-02-23 13:30:00,31169695,Centro,Presencial,2,4,CAM-CEL-XL,1,14680.23,36700.58,,36700.58
1935,2024-02-23 13:30:00,31169695,Centro,Presencial,2,4,CAM-BEI-L,1,14680.23,36700.58,,36700.58
1935,2024-02-23 13:30:00,31169695,Centro,Presencial,2,4,CAM-BEI-unico,1,14680.23,36700.58,,36700.58
1935,2024-02-23 13:30:00,31169695,Centro,Presencial,2,4,JEA-LAV-unico,1,8748.58,21871.44,,21871.44
1936,2025-05-10 15:50:00,21787005,Norte,Presencial,6,1,SWE-AZU-S,1,13010.13,32525.33,,32525.33
1936,2025-05-10 15:50:00,21787005,Norte,Presencial,6,1,CAM-BLA-XL,1,14680.23,36700.58,,36700.58
1936,2025-05-10 15:50:00,21787005,Norte,Presencial,6,1,GOR-GRI-M,1,11486.7,28716.74,,28716.74
1937,2025-07-19 16:17:00,22755970,Tienda Online,Web,10,5,REM-BLA-unico,1,13071.19,32677.97,,32677.97
1937,2025-07-19 16:17:00,22755970,Tienda Online,Web,10,5,JEA-NEG-unico,1,8748.58,21871.44,,21871.44
1937,2025-07-19 16:17:00,22755970,Tienda Online,Web,10,5,JEA-LAV-L,1,8748.58,21871.44,,21871.44
1937,2025-07-19 16:17:00,22755970,Tienda Online,Web,10,5,CIN-MAR-XL,1,13257.96,33144.89,,33144.89
1937,2025-07-19 16:17:00,22755970,Tienda Online,Web,10,5,CAM-BLA-M,2,14680.23,36700.58,,73401.16
1938,2024-04-06 19:34:00,39559360,Shopping,Presencial,7,1,MUS-AZU-unico,1,12928.22,32320.56,,32320.56
1938,2024-04-06 19:34:00,39559360,Shopping,Presencial,7,1,BUZ-AZU-M,1,11827.69,29569.23,,29569.23
1938,2024-04-06 19:34:00,39559360,Shopping,Presencial,7,1,JOG-ÍND-M,1,16544.66,41361.66,,41361.66
1938,2024-04-06 19:34:00,39559360,Shopping,Presencial,7,1,GOR-GRI-M,1,11486.7,28716.74,,28716.74
1939,2024-12-04 15:15:00,26127866,Shopping,Presencial,7,4,REM-BLA-XL,1,13071.19,32677.97,,32677.97
1939,2024-12-04 15:15:00,26127866,Shopping,Presencial,7,4,CHU-NEG-M,1,13529.35,33823.38,,33823.38
1939,2024-12-04 15:15:00,26127866,Shopping,Presencial,7,4,JEA-NEG-unico,1,8748.58,21871.44,,21871.44
1939,2024-12-04 15:15:00,26127866,Shopping,Presencial,7,4,SWE-MAR-L,1,13010.13,32525.33,,32525.33
1940,2024-12-24 19:04:00,30279639,Centro,Presencial,2,5,BUZ-AZU-unico,2,11827.69,29569.23,,59138.46
1940,2024-12-24 19:04:00,30279639,Centro,Presencial,2,5,MUS-CEL-S,1,12928.22,32320.56,,32320.56
1940,2024-12-24 19:04:00,30279639,Centro,Presencial,2,5,MUS-AZU-M,1,12928.22,32320.56,,32320.56
1940,2024-12-24 19:04:00,30279639,Centro,Presencial,2,5,GOR-GRI-L,1,11486.7,28716.74,,28716.74
1941,2025-11-23 14:56:00,21048610,Norte,Presencial,4,2,CHU-VER-L,1,13529.35,33823.38,,33823.38
1941,2025-11-23 14:56:00,21048610,Norte,Presencial,4,2,BUZ-AZU-unico,2,11827.69,29569.23,,59138.46
1941,2025-11-23 14:56:00,21048610,Norte,Presencial,4,2,CHU-NEG-unico,1,13529.35,33823.38,,33823.38
1941,2025-11-23 14:56:00,21048610,Norte,Presencial,4,2,GOR-GRI-L,1,11486.7,28716.74,,28716.74
1942,2024-02-24 23:31:00,28981002,Tienda Online,Web,9,1,GOR-GRI-S,1,11486.7,28716.74,,28716.74
1942,2024-02-24 23:31:00,28981002,Tienda Online,Web,9,1,JOG-AZU-unico,1,16544.66,41361.66,,41361.66
1942,2024-02-24 23:31:00,28981002,Tienda Online,Web,9,1,JOG-AZU-unico,1,16544.66,41361.66,,41361.66
1942,2024-02-24 23:31:00,28981002,Tienda Online,Web,9,1,JOG-CEL-unico,1,16544.66,41361.66,,41361.66
1943,2025-09-15 13:00:00,42745601,Norte,Presencial,5,5,MUS-CEL-XXL,1,12928.22,32320.56,,32320.56
1943,2025-09-15 13:00:00,42745601,Norte,Presencial,5,5,CHU-VER-L,1,13529.35,21985.2,8.0,21985.2
1943,2025-09-15 13:00:00,42745601,Norte,Presencial,5,5,CAM-BEI-S,1,14680.23,36700.58,,36700.58
1943,2025-09-15 13:00:00,42745601,Norte,Presencial,5,5,REM-BLA-XL,1,13071.19,32677.97,,32677.97
1943,2025-09-15 13:00:00,42745601,Norte,Presencial,5,5,CHU-ÍND-L,1,13529.35,33823.38,,33823.38
1944,2025-07-28 13:20:00,18474473,Shopping,Presencial,7,4,CHU-VER-XL,1,13529.35,33823.38,,33823.38
1945,2024-04-27 18:15:00,20254587,Centro,Presencial,1,2,JOG-ÍND-XL,1,16544.66,41361.66,,41361.66
1945,2024-04-27 18:15:00,20254587,Centro,Presencial,1,2,JOG-CEL-unico,1,16544.66,41361.66,,41361.66
1945,2024-04-27 18:15:00,20254587,Centro,Presencial,1,2,CIN-MAR-XL,1,13257.96,33144.89,,33144.89
1946,2024-10-12 09:53:00,26373518,Norte,Presencial,6,1,CAM-CEL-XL,1,14680.23,36700.58,,36700.58
1946,2024-10-12 09:53:00,26373518,Norte,Presencial,6,1,CIN-MAR-XL,1,13257.96,33144.89,,33144.89
1946,2024-10-12 09:53:00,26373518,Norte,Presencial,6,1,GOR-GRI-XXL,1,11486.7,28716.74,,28716.74
1946,2024-10-12 09:53:00,26373518,Norte,Presencial,6,1,GOR-GRI-L,1,11486.7,28716.74,,28716.74
1946,2024-10-12 09:53:00,26373518,Norte,Presencial,6,1,CIN-TUR-unico,1,13257.96,33144.89,,33144.89
1947,2025-02-07 15:51:00,14090793,Tienda Online,Web,9,3,CIN-ROS-XXL,1,13257.96,33144.89,,33144.89
1947,2025-02-07 15:51:00,14090793,Tienda Online,Web,9,3,MUS-CEL-S,1,12928.22,32320.56,,32320.56
1947,2025-02-07 15:51:00,14090793,Tienda Online,Web,9,3,JOG-ÍND-XL,1,16544.66,41361.66,,41361.66
1947,2025-02-07 15:51:00,14090793,Tienda Online,Web,9,3,CIN-TUR-unico,1,13257.96,33144.89,,33144.89
1947,2025-02-07 15:51:00,14090793,Tienda Online,Web,9,3,CHU-NEG-XXL,1,13529.35,33823.38,,33823.38
1948,2024-04-05 13:40:00,42494017,Tienda Online,Web,9,1,JOG-CEL-unico,2,16544.66,41361.66,,82723.32
1948,2024-04-05 13:40:00,42494017,Tienda Online,Web,9,1,CIN-MAR-S,1,13257.96,33144.89,,33144.89
1949,2024-12-09 11:19:00,36200760,Centro,Presencial,2,4,REM-TUR-S,1,13673.12,34182.8,,34182.8
1949,2024-12-09 11:19:00,36200760,Centro,Presencial,2,4,JEA-LAV-L,1,8748.58,21871.44,,21871.44
1949,2024-12-09 11:19:00,36200760,Centro,Presencial,2,4,GOR-GRI-S,1,11486.7,28716.74,,28716.74
1950,2024-04-05 19:31:00,18474473,Norte,Presencial,4,2,JOG-ÍND-M,1,16544.66,41361.66,,41361.66
1950,2024-04-05 19:31:00,18474473,Norte,Presencial,4,2,JOG-ÍND-M,1,16544.66,41361.66,,41361.66
1950,2024-04-05 19:31:00,18474473,Norte,Presencial,4,2,CAM-BEI-L,2,14680.23,36700.58,,73401.16
1950,2024-04-05 19:31:00,18474473,Norte,Presencial,4,2,MUS-CEL-S,1,12928.22,32320.56,,32320.56
1951,2024-07-25 11:52:00,22203066,Norte,Presencial,6,5,CIN-MAR-L,2,13257.96,33144.89,,66289.78
1951,2024-07-25 11:52:00,22203066,Norte,Presencial,6,5,REM-CEL-XXL,1,13673.12,34182.8,,34182.8
1952,2024-01-11 19:15:00,29174891,Norte,Presencial,6,4,CIN-TUR-XL,1,13257.96,33144.89,,33144.89
1952,2024-01-11 19:15:00,29174891,Norte,Presencial,6,4,MUS-AZU-unico,1,12928.22,32320.56,,32320.56
1952,2024-01-11 19:15:00,29174891,Norte,Presencial,6,4,CIN-MAR-S,1,13257.96,33144.89,,33144.89
1953,2025-11-14 14:13:00,20905308,Tienda Online,Web,10,1,JOG-AZU-XXL,1,16544.66,33916.56,9.0,33916.56
1954,2024-12-06 10:55:00,24627352,Tienda Online,Web,10,2,REM-VIO-XL,1,13071.19,32677.97,,32677.97
1954,2024-12-06 10:55:00,24627352,Tienda Online,Web,10,2,GOR-GRI-L,1,11486.7,28716.74,,28716.74
1954,2024-12-06 10:55:00,24627352,Tienda Online,Web,10,2,JEA-LAV-L,1,8748.58,21871.44,,21871.44
1955,2024-02-03 12:24:00,26591977,Centro,Presencial,1,4,CHU-NEG-S,1,13529.35,33823.38,,33823.38
1955,2024-02-03 12:24:00,26591977,Centro,Presencial,1,4,SWE-MAR-L,1,13010.13,32525.33,,32525.33
1955,2024-02-03 12:24:00,26591977,Centro,Presencial,1,4,JEA-LAV-unico,1,8748.58,21871.44,,21871.44
1955,2024-02-03 12:24:00,26591977,Centro,Presencial,1,4,JEA-LAV-unico,1,8748.58,21871.44,,21871.44
1955,2024-02-03 12:24:00,26591977,Centro,Presencial,1,4,JOG-ÍND-XL,1,16544.66,41361.66,,41361.66
1956,2025-10-11 16:13:00,22179530,Shopping,Presencial,7,2,CAM-BEI-unico,1,14680.23,36700.58,,36700.58
1956,2025-10-11 16:13:00,22179530,Shopping,Presencial,7,2,MUS-AZU-unico,1,12928.22,29088.5,2.0,29088.5
1956,2025-10-11 16:13:00,22179530,Shopping,Presencial,7,2,GOR-GRI-M,1,11486.7,25845.07,2.0,25845.07
1956,2025-10-11 16:13:00,22179530,Shopping,Presencial,7,2,CHU-NEG-XXL,1,13529.35,33823.38,,33823.38
1956,2025-10-11 16:13:00,22179530,Shopping,Presencial,7,2,JOG-CEL-L,1,16544.66,41361.66,,41361.66
1957,2024-11-09 12:01:00,12645604,Norte,Presencial,6,2,JEA-LAV-unico,1,8748.58,21871.44,,21871.44
1957,2024-11-09 12:01:00,12645604,Norte,Presencial,6,2,CHU-NEG-S,1,13529.35,33823.38,,33823.38
1957,2024-11-09 12:01:00,12645604,Norte,Presencial,6,2,SWE-MAR-L,1,13010.13,32525.33,,32525.33
1957,2024-11-09 12:01:00,12645604,Norte,Presencial,6,2,CHU-ÍND-XXL,1,13529.35,33823.38,,33823.38
1958,2025-10-13 17:59:00,29174891,Centro,Presencial,1,4,GOR-ROJ-L,1,11486.7,28716.74,,28716.74
1959,2024-05-24 08:30:00,12409147,Tienda Online,Web,9,5,JEA-LAV-L,1,8748.58,21871.44,,21871.44
1959,2024-05-24 08:30:00,12409147,Tienda Online,Web,9,5,GOR-GRI-XXL,1,11486.7,28716.74,,28716.74
1959,2024-05-24 08:30:00,12409147,Tienda Online,Web,9,5,REM-CEL-XXL,1,13673.12,34182.8,,34182.8
1959,2024-05-24 08:30:00,12409147,Tienda Online,Web,9,5,CIN-MAR-M,1,13257.96,33144.89,,33144.89
1960,2025-11-22 20:46:00,19938405,Tienda Online,Web,9,4,CIN-ROS-XXL,1,13257.96,33144.89,,33144.89
1960,2025-11-22 20:46:00,19938405,Tienda Online,Web,9,4,SWE-AZU-S,1,13010.13,32525.33,,32525.33
1961,2025-07-25 16:03:00,26594901,Tienda Online,Web,9,3,GOR-GRI-unico,1,11486.7,28716.74,,28716.74
1961,2025-07-25 16:03:00,26594901,Tienda Online,Web,9,3,CIN-MAR-XL,1,13257.96,33144.89,,33144.89
1961,2025-07-25 16:03:00,26594901,Tienda Online,Web,9,3,REM-TUR-S,1,13673.12,34182.8,,34182.8
1962,2024-09-03 11:19:00,24867952,Shopping,Presencial,7,5,CHU-NEG-S,2,13529.35,33823.38,,67646.76
1962,2024-09-03 11:19:00,24867952,Shopping,Presencial,7,5,CIN-ROS-XXL,1,13257.96,33144.89,,33144.89
1963,2024-12-21 14:48:00,21756850,Tienda Online,Web,10,4,REM-TUR-XXL,1,13673.12,34182.8,,34182.8
1963,2024-12-21 14:48:00,21756850,Tienda Online,Web,10,4,REM-BLA-XL,1,13071.19,32677.97,,32677.97
1963,2024-12-21 14:48:00,21756850,Tienda Online,Web,10,4,GOR-GRI-L,1,11486.7,28716.74,,28716.74
1963,2024-12-21 14:48:00,21756850,Tienda Online,Web,10,4,JOG-ÍND-XL,1,16544.66,41361.66,,41361.66
1964,2025-03-20 10:24:00,10038379,Norte,Presencial,4,1,JEA-NEG-M,1,8748.58,21871.44,,21871.44
1964,2025-03-20 10:24:00,10038379,Norte,Presencial,4,1,JOG-AZU-XXL,1,16544.66,41361.66,,41361.66
1964,2025-03-20 10:24:00,10038379,Norte,Presencial,4,1,CIN-TUR-unico,1,13257.96,33144.89,,33144.89
1964,2025-03-20 10:24:00,10038379,Norte,Presencial,4,1,CHU-VER-XL,1,13529.35,33823.38,,33823.38
1964,2025-03-20 10:24:00,10038379,Norte,Presencial,4,1,CAM-BEI-L,1,14680.23,36700.58,,36700.58
1965,2024-10-08 13:59:00,29174891,Centro,Presencial,2,5,JOG-CEL-unico,1,16544.66,41361.66,,41361.66
1965,2024-10-08 13:59:00,29174891,Centro,Presencial,2,5,JOG-ÍND-XL,1,16544.66,41361.66,,41361.66
1966,2024-11-16 17:39:00,28011719,Tienda Online,Web,10,1,CIN-MAR-XL,2,13257.96,33144.89,,66289.78
1966,2024-11-16 17:39:00,28011719,Tienda Online,Web,10,1,GOR-GRI-M,1,11486.7,28716.74,,28716.74
1966,2024-11-16 17:39:00,28011719,Tienda Online,Web,10,1,CAM-CEL-XL,1,14680.23,36700.58,,36700.58
1967,2025-06-22 07:49:00,17656258,Tienda Online,Web,10,3,JEA-NEG-XL,1,8748.58,21871.44,,21871.44
1968,2024-07-05 06:04:00,31925749,Tienda Online,Web,10,1,CIN-ROS-XXL,1,13257.96,33144.89,,33144.89
1968,2024-07-05 06:04:00,31925749,Tienda Online,Web,10,1,JOG-ÍND-XL,1,16544.66,41361.66,,41361.66
1968,2024-07-05 06:04:00,31925749,Tienda Online,Web,10,1,MUS-CEL-S,1,12928.22,32320.56,,32320.56
1968,2024-07-05 06:04:00,31925749,Tienda Online,Web,10,1,REM-VIO-M,1,13071.19,32677.97,,32677.97
1968,2024-07-05 06:04:00,31925749,Tienda Online,Web,10,1,JOG-ÍND-XL,1,16544.66,41361.66,,41361.66
1969,2025-08-09 18:23:00,32494103,Tienda Online,Web,10,4,SWE-AZU-M,1,13010.13,32525.33,,32525.33
1969,2025-08-09 18:23:00,32494103,Tienda Online,Web,10,4,CAM-CEL-XL,1,14680.23,36700.58,,36700.58
1970,2025-03-26 08:30:00,30854088,Tienda Online,Web,9,3,CIN-MAR-S,1,13257.96,19886.93,7.0,19886.93
1970,2025-03-26 08:30:00,30854088,Tienda Online,Web,9,3,MUS-CEL-S,1,12928.22,32320.56,,32320.56
1970,2025-03-26 08:30:00,30854088,Tienda Online,Web,9,3,REM-TUR-XXL,1,13673.12,20509.68,7.0,20509.68
1970,2025-03-26 08:30:00,30854088,Tienda Online,Web,9,3,CIN-TUR-XL,1,13257.96,33144.89,,33144.89
1971,2024-08-29 19:25:00,18363463,Shopping,Presencial,7,1,JOG-ÍND-XL,1,16544.66,41361.66,,41361.66
1971,2024-08-29 19:25:00,18363463,Shopping,Presencial,7,1,CIN-MAR-XL,1,13257.96,33144.89,,33144.89
1971,2024-08-29 19:25:00,18363463,Shopping,Presencial,7,1,JOG-ÍND-S,1,16544.66,41361.66,,41361.66
1971,2024-08-29 19:25:00,18363463,Shopping,Presencial,7,1,SWE-AZU-S,1,13010.13,32525.33,,32525.33
1971,2024-08-29 19:25:00,18363463,Shopping,Presencial,7,1,CHU-ÍND-XXL,1,13529.35,33823.38,,33823.38
1972,2025-10-18 16:12:00,18889009,Centro,Presencial,1,3,CHU-VER-S,1,13529.35,33823.38,,33823.38
1972,2025-10-18 16:12:00,18889009,Centro,Presencial,1,3,GOR-GRI-unico,1,11486.7,28716.74,,28716.74
1972,2025-10-18 16:12:00,18889009,Centro,Presencial,1,3,CHU-NEG-M,1,13529.35,33823.38,,33823.38
1973,2024-05-11 07:35:00,19888757,Tienda Online,Web,10,4,CIN-ROS-XXL,1,13257.96,33144.89,,33144.89
1974,2025-07-25 16:37:00,22874170,Centro,Presencial,1,3,GOR-GRI-L,1,11486.7,28716.74,,28716.74
1974,2025-07-25 16:37:00,22874170,Centro,Presencial,1,3,CHU-ÍND-L,1,13529.35,33823.38,,33823.38
1974,2025-07-25 16:37:00,22874170,Centro,Presencial,1,3,JEA-NEG-unico,1,8748.58,21871.44,,21871.44
1974,2025-07-25 16:37:00,22874170,Centro,Presencial,1,3,SWE-MAR-XXL,1,13010.13,32525.33,,32525.33
1975,2024-12-19 18:27:00,25636276,Centro,Presencial,1,4,CIN-MAR-M,1,13257.96,33144.89,,33144.89
1975,2024-12-19 18:27:00,25636276,Centro,Presencial,1,4,CIN-MAR-L,1,13257.96,33144.89,,33144.89
1975,2024-12-19 18:27:00,25636276,Centro,Presencial,1,4,GOR-ROJ-unico,1,11486.7,28716.74,,28716.74
1976,2025-10-15 17:34:00,29687578,Centro,Presencial,2,3,CAM-BEI-S,1,14680.23,36700.58,,36700.58
1976,2025-10-15 17:34:00,29687578,Centro,Presencial,2,3,SWE-MAR-unico,1,13010.13,32525.33,,32525.33
1976,2025-10-15 17:34:00,29687578,Centro,Presencial,2,3,REM-VIO-L,2,13071.19,32677.97,,65355.94
1976,2025-10-15 17:34:00,29687578,Centro,Presencial,2,3,SWE-MAR-L,1,13010.13,32525.33,,32525.33
1976,2025-10-15 17:34:00,29687578,Centro,Presencial,2,3,SWE-MAR-L,1,13010.13,32525.33,,32525.33
1977,2024-11-07 15:03:00,23499019,Norte,Presencial,5,3,JOG-AZU-XXL,1,16544.66,41361.66,,41361.66
1977,2024-11-07 15:03:00,23499019,Norte,Presencial,5,3,REM-VIO-XL,1,13071.19,32677.97,,32677.97
1977,2024-11-07 15:03:00,23499019,Norte,Presencial,5,3,CIN-MAR-XL,1,13257.96,33144.89,,33144.89
1977,2024-11-07 15:03:00,23499019,Norte,Presencial,5,3,JEA-NEG-unico,1,8748.58,21871.44,,21871.44
1978,2025-02-17 09:33:00,18723624,Shopping,Presencial,7,1,CIN-TUR-XL,1,13257.96,33144.89,,33144.89
1979,2024-12-18 13:07:00,38195354,Shopping,Presencial,7,3,BUZ-AZU-unico,2,11827.69,29569.23,,59138.46
1979,2024-12-18 13:07:00,38195354,Shopping,Presencial,7,3,CIN-MAR-XL,1,13257.96,33144.89,,33144.89
1980,2024-09-23 11:40:00,17254174,Tienda Online,Web,9,2,CAM-BLA-M,2,14680.23,36700.58,,73401.16
1980,2024-09-23 11:40:00,17254174,Tienda Online,Web,9,2,CIN-ROS-XXL,1,13257.96,33144.89,,33144.89
1980,2024-09-23 11:40:00,17254174,Tienda Online,Web,9,2,CIN-TUR-XL,1,13257.96,33144.89,,33144.89
1980,2024-09-23 11:40:00,17254174,Tienda Online,Web,9,2,REM-VIO-M,1,13071.19,32677.97,,32677.97
1981,2025-05-29 10:11:00,16100827,Shopping,Presencial,7,2,SWE-AZU-M,1,13010.13,32525.33,,32525.33
1981,2025-05-29 10:11:00,16100827,Shopping,Presencial,7,2,MUS-AZU-M,1,12928.22,32320.56,,32320.56
1981,2025-05-29 10:11:00,16100827,Shopping,Presencial,7,2,CIN-MAR-L,1,13257.96,33144.89,,33144.89
1981,2025-05-29 10:11:00,16100827,Shopping,Presencial,7,2,SWE-MAR-L,1,13010.13,32525.33,,32525.33
1981,2025-05-29 10:11:00,16100827,Shopping,Presencial,7,2,MUS-AZU-unico,1,12928.22,32320.56,,32320.56
1982,2024-12-17 16:38:00,42520755,Norte,Presencial,6,4,CHU-NEG-XXL,1,13529.35,33823.38,,33823.38
1983,2025-10-01 17:42:00,19706758,Norte,Presencial,5,4,REM-TUR-S,1,13673.12,34182.8,,34182.8
1983,2025-10-01 17:42:00,19706758,Norte,Presencial,5,4,CIN-MAR-S,1,13257.96,33144.89,,33144.89
1983,2025-10-01 17:42:00,19706758,Norte,Presencial,5,4,BUZ-AZU-M,1,11827.69,19220.0,8.0,19220.0
1983,2025-10-01 17:42:00,19706758,Norte,Presencial,5,4,CAM-BLA-S,1,14680.23,36700.58,,36700.58
1984,2025-02-14 09:17:00,27785377,Shopping,Presencial,7,5,GOR-GRI-XXL,1,11486.7,28716.74,,28716.74
1984,2025-02-14 09:17:00,27785377,Shopping,Presencial,7,5,JEA-NEG-unico,1,8748.58,21871.44,,21871.44
1984,2025-02-14 09:17:00,27785377,Shopping,Presencial,7,5,REM-TUR-S,1,13673.12,34182.8,,34182.8
1985,2024-12-14 13:52:00,20714555,Centro,Presencial,1,3,GOR-GRI-XXL,1,11486.7,28716.74,,28716.74
1985,2024-12-14 13:52:00,20714555,Centro,Presencial,1,3,SWE-AZU-S,1,13010.13,32525.33,,32525.33
1985,2024-12-14 13:52:00,20714555,Centro,Presencial,1,3,MUS-AZU-XXL,1,12928.22,32320.56,,32320.56
1985,2024-12-14 13:52:00,20714555,Centro,Presencial,1,3,REM-VIO-L,1,13071.19,32677.97,,32677.97
1986,2024-12-26 15:25:00,16778091,Centro,Presencial,1,3,CAM-CEL-XL,1,14680.23,36700.58,,36700.58
1986,2024-12-26 15:25:00,16778091,Centro,Presencial,1,3,JEA-NEG-unico,1,8748.58,21871.44,,21871.44
1986,2024-12-26 15:25:00,16778091,Centro,Presencial,1,3,REM-VIO-XL,1,13071.19,32677.97,,32677.97
1987,2024-12-16 05:43:00,23048327,Tienda Online,Web,10,4,MUS-AZU-unico,1,12928.22,32320.56,,32320.56
1987,2024-12-16 05:43:00,23048327,Tienda Online,Web,10,4,CHU-NEG-M,1,13529.35,33823.38,,33823.38
1987,2024-12-16 05:43:00,23048327,Tienda Online,Web,10,4,CHU-VER-XL,1,13529.35,33823.38,,33823.38
1988,2025-06-02 22:56:00,31231220,Tienda Online,Web,10,2,BUZ-AZU-unico,2,11827.69,29569.23,,59138.46
1988,2025-06-02 22:56:00,31231220,Tienda Online,Web,10,2,GOR-ROJ-S,1,11486.7,28716.74,,28716.74
1989,2025-08-15 16:21:00,44032415,Tienda Online,Web,9,1,CHU-VER-L,2,13529.35,33823.38,,67646.76
1990,2024-05-29 11:24:00,22874170,Shopping,Presencial,7,5,JOG-ÍND-M,2,16544.66,41361.66,,82723.32
1990,2024-05-29 11:24:00,22874170,Shopping,Presencial,7,5,CAM-BEI-unico,1,14680.23,35900.58,12.0,35900.58
1991,2025-10-10 18:21:00,26723413,Tienda Online,Web,9,2,CIN-ROS-XXL,1,13257.96,33144.89,,33144.89
1991,2025-10-10 18:21:00,26723413,Tienda Online,Web,9,2,REM-BLA-unico,1,13071.19,32677.97,,32677.97
1991,2025-10-10 18:21:00,26723413,Tienda Online,Web,9,2,REM-BLA-S,2,13071.19,32677.97,,65355.94
1991,2025-10-10 18:21:00,26723413,Tienda Online,Web,9,2,CIN-ROS-XXL,2,13257.96,33144.89,,66289.78
1992,2025-07-25 03:46:00,33606133,Tienda Online,Web,10,4,CHU-ÍND-L,1,13529.35,33823.38,,33823.38
1992,2025-07-25 03:46:00,33606133,Tienda Online,Web,10,4,CHU-NEG-XXL,2,13529.35,33823.38,,67646.76
1992,2025-07-25 03:46:00,33606133,Tienda Online,Web,10,4,MUS-AZU-XXL,1,12928.22,32320.56,,32320.56
1992,2025-07-25 03:46:00,33606133,Tienda Online,Web,10,4,CAM-BEI-unico,1,14680.23,36700.58,,36700.58
1992,2025-07-25 03:46:00,33606133,Tienda Online,Web,10,4,MUS-AZU-unico,1,12928.22,32320.56,,32320.56
1993,2024-02-19 01:53:00,10524999,Tienda Online,Web,9,5,CIN-MAR-L,1,13257.96,33144.89,,33144.89
1993,2024-02-19 01:53:00,10524999,Tienda Online,Web,9,5,CHU-VER-XL,1,13529.35,33823.38,,33823.38
1993,2024-02-19 01:53:00,10524999,Tienda Online,Web,9,5,SWE-MAR-L,2,13010.13,32525.33,,65050.66
1994,2024-04-12 19:22:00,10372106,Centro,Presencial,1,5,MUS-AZU-M,1,12928.22,32320.56,,32320.56
1994,2024-04-12 19:22:00,10372106,Centro,Presencial,1,5,MUS-CEL-S,1,12928.22,32320.56,,32320.56
1995,2024-12-07 12:17:00,41366021,Centro,Presencial,2,1,CIN-MAR-S,1,13257.96,33144.89,,33144.89
1995,2024-12-07 12:17:00,41366021,Centro,Presencial,2,1,JEA-LAV-unico,1,8748.58,21871.44,,21871.44
1995,2024-12-07 12:17:00,41366021,Centro,Presencial,2,1,JOG-CEL-unico,1,16544.66,41361.66,,41361.66
1996,2025-08-02 10:04:00,29044583,Centro,Presencial,2,2,REM-BLA-unico,1,13071.19,32677.97,,32677.97
1996,2025-08-02 10:04:00,29044583,Centro,Presencial,2,2,JOG-ÍND-XL,1,16544.66,41361.66,,41361.66
1997,2025-04-29 10:42:00,40793026,Centro,Presencial,1,5,CAM-BLA-XL,1,14680.23,36700.58,,36700.58
1997,2025-04-29 10:42:00,40793026,Centro,Presencial,1,5,CHU-ÍND-L,1,13529.35,33823.38,,33823.38
1997,2025-04-29 10:42:00,40793026,Centro,Presencial,1,5,CIN-ROS-XXL,1,13257.96,33144.89,,33144.89
1998,2024-08-23 10:21:00,38133707,Tienda Online,Web,9,5,GOR-GRI-XXL,1,11486.7,28716.74,,28716.74
1998,2024-08-23 10:21:00,38133707,Tienda Online,Web,9,5,CAM-BEI-L,2,14680.23,36700.58,,73401.16
1998,2024-08-23 10:21:00,38133707,Tienda Online,Web,9,5,GOR-GRI-M,1,11486.7,28716.74,,28716.74
1998,2024-08-23 10:21:00,38133707,Tienda Online,Web,9,5,JEA-LAV-L,1,8748.58,21871.44,,21871.44
1998,2024-08-23 10:21:00,38133707,Tienda Online,Web,9,5,JOG-AZU-unico,1,16544.66,41361.66,,41361.66
1999,2025-09-26 03:30:00,24449461,Tienda Online,Web,9,4,CAM-BLA-XL,1,14680.23,23855.38,8.0,23855.38
1999,2025-09-26 03:30:00,24449461,Tienda Online,Web,9,4,GOR-GRI-XXL,1,11486.7,18665.88,8.0,18665.88
1999,2025-09-26 03:30:00,24449461,Tienda Online,Web,9,4,JEA-LAV-unico,1,8748.58,14216.44,8.0,14216.44
1999,2025-09-26 03:30:00,24449461,Tienda Online,Web,9,4,SWE-AZU-S,1,13010.13,32525.33,,32525.33
2000,2025-03-28 17:31:00,30873468,Centro,Presencial,2,4,CIN-TUR-unico,1,13257.96,33144.89,,33144.89
2000,2025-03-28 17:31:00,30873468,Centro,Presencial,2,4,MUS-AZU-M,1,12928.22,19392.34,7.0,19392.34
2000,2025-03-28 17:31:00,30873468,Centro,Presencial,2,4,JOG-ÍND-XL,1,16544.66,41361.66,,41361.66
2000,2025-03-28 17:31:00,30873468,Centro,Presencial,2,4,REM-VIO-XXL,1,13071.19,19606.78,7.0,19606.78
2001,2025-03-29 19:48:00,21260138,Shopping,Presencial,7,4,CAM-BLA-M,1,14680.23,22020.35,7.0,22020.35
2001,2025-03-29 19:48:00,21260138,Shopping,Presencial,7,4,MUS-AZU-unico,1,12928.22,19392.34,7.0,19392.34
2002,2024-07-06 11:35:00,12910178,Tienda Online,Web,10,2,GOR-GRI-XXL,1,11486.7,28716.74,,28716.74
2002,2024-07-06 11:35:00,12910178,Tienda Online,Web,10,2,MUS-CEL-S,1,12928.22,32320.56,,32320.56
2003,2024-08-30 09:45:00,32199028,Norte,Presencial,5,5,CIN-MAR-XL,2,13257.96,33144.89,,66289.78
2004,2025-10-20 13:38:00,28669062,Tienda Online,Web,9,4,CIN-ROS-L,1,13257.96,33144.89,,33144.89
2004,2025-10-20 13:38:00,28669062,Tienda Online,Web,9,4,CHU-ÍND-L,1,13529.35,33823.38,,33823.38
2004,2025-10-20 13:38:00,28669062,Tienda Online,Web,9,4,CAM-BEI-S,1,14680.23,36700.58,,36700.58
2005,2025-05-09 19:21:00,33606133,Norte,Presencial,5,1,REM-TUR-XXL,1,13673.12,34182.8,,34182.8
2005,2025-05-09 19:21:00,33606133,Norte,Presencial,5,1,REM-VIO-XXL,1,13071.19,32677.97,,32677.97
2005,2025-05-09 19:21:00,33606133,Norte,Presencial,5,1,SWE-MAR-L,1,13010.13,32525.33,,32525.33
2005,2025-05-09 19:21:00,33606133,Norte,Presencial,5,1,CHU-VER-XL,1,13529.35,33823.38,,33823.38
2005,2025-05-09 19:21:00,33606133,Norte,Presencial,5,1,CIN-MAR-XL,1,13257.96,33144.89,,33144.89
2006,2025-09-12 14:37:00,41690133,Centro,Presencial,1,3,CHU-NEG-XXL,1,13529.35,33823.38,,33823.38
2006,2025-09-12 14:37:00,41690133,Centro,Presencial,1,3,GOR-ROJ-L,1,11486.7,28716.74,,28716.74
2007,2024-11-23 13:00:00,26127866,Tienda Online,Web,9,4,JEA-NEG-unico,1,8748.58,21871.44,,21871.44
2008,2024-11-02 04:22:00,24304543,Tienda Online,Web,9,5,MUS-AZU-M,1,12928.22,32320.56,,32320.56
2009,2025-01-10 00:18:00,28427922,Tienda Online,Web,10,4,REM-VIO-XL,1,13071.19,32677.97,,32677.97
2009,2025-01-10 00:18:00,28427922,Tienda Online,Web,10,4,GOR-ROJ-unico,1,11486.7,28716.74,,28716.74
2009,2025-01-10 00:18:00,28427922,Tienda Online,Web,10,4,BUZ-AZU-M,1,11827.69,29569.23,,29569.23
2009,2025-01-10 00:18:00,28427922,Tienda Online,Web,10,4,CHU-NEG-S,1,13529.35,33823.38,,33823.38
2010,2024-06-29 17:47:00,14041987,Tienda Online,Web,9,2,JOG-AZU-XXL,1,16544.66,41361.66,,41361.66
2010,2024-06-29 17:47:00,14041987,Tienda Online,Web,9,2,CIN-ROS-XXL,1,13257.96,33144.89,,33144.89
2010,2024-06-29 17:47:00,14041987,Tienda Online,Web,9,2,MUS-CEL-S,1,12928.22,32320.56,,32320.56
2010,2024-06-29 17:47:00,14041987,Tienda Online,Web,9,2,GOR-GRI-M,1,11486.7,28716.74,,28716.74
2010,2024-06-29 17:47:00,14041987,Tienda Online,Web,9,2,CAM-BEI-unico,1,14680.23,36700.58,,36700.58
2011,2024-06-21 15:07:00,26764226,Shopping,Presencial,7,4,CIN-MAR-S,1,13257.96,33144.89,,33144.89
2011,2024-06-21 15:07:00,26764226,Shopping,Presencial,7,4,GOR-GRI-M,1,11486.7,28716.74,,28716.74
2012,2025-05-26 17:25:00,24672546,Shopping,Presencial,7,5,GOR-ROJ-S,1,11486.7,28716.74,,28716.74
2012,2025-05-26 17:25:00,24672546,Shopping,Presencial,7,5,GOR-ROJ-unico,1,11486.7,28716.74,,28716.74
2012,2025-05-26 17:25:00,24672546,Shopping,Presencial,7,5,BUZ-AZU-M,1,11827.69,29569.23,,29569.23
2012,2025-05-26 17:25:00,24672546,Shopping,Presencial,7,5,CHU-ÍND-XL,1,13529.35,33823.38,,33823.38
2012,2025-05-26 17:25:00,24672546,Shopping,Presencial,7,5,CHU-VER-XL,1,13529.35,33823.38,,33823.38
2013,2025-04-21 22:38:00,27748007,Tienda Online,Web,9,2,CIN-MAR-L,1,13257.96,33144.89,,33144.89
2013,2025-04-21 22:38:00,27748007,Tienda Online,Web,9,2,CAM-CEL-XL,1,14680.23,36700.58,,36700.58
2013,2025-04-21 22:38:00,27748007,Tienda Online,Web,9,2,JEA-LAV-L,1,8748.58,21871.44,,21871.44
2013,2025-04-21 22:38:00,27748007,Tienda Online,Web,9,2,JOG-ÍND-XL,1,16544.66,41361.66,,41361.66
2013,2025-04-21 22:38:00,27748007,Tienda Online,Web,9,2,CHU-ÍND-L,1,13529.35,33823.38,,33823.38
2014,2025-04-03 17:34:00,32833825,Norte,Presencial,6,5,CHU-VER-XL,1,13529.35,33823.38,,33823.38
2014,2025-04-03 17:34:00,32833825,Norte,Presencial,6,5,CHU-ÍND-XXL,1,13529.35,33823.38,,33823.38
2014,2025-04-03 17:34:00,32833825,Norte,Presencial,6,5,CIN-TUR-unico,1,13257.96,33144.89,,33144.89
2015,2025-03-31 10:23:00,12675011,Norte,Presencial,6,3,BUZ-AZU-M,1,11827.69,29569.23,,29569.23
2015,2025-03-31 10:23:00,12675011,Norte,Presencial,6,3,GOR-ROJ-S,1,11486.7,28716.74,,28716.74
2015,2025-03-31 10:23:00,12675011,Norte,Presencial,6,3,GOR-ROJ-unico,1,11486.7,28716.74,,28716.74
2016,2024-03-13 21:42:00,37406784,Tienda Online,Web,10,5,CIN-TUR-unico,1,13257.96,33144.89,,33144.89
2016,2024-03-13 21:42:00,37406784,Tienda Online,Web,10,5,JEA-LAV-unico,1,8748.58,21871.44,,21871.44
2017,2025-06-22 21:07:00,17949149,Tienda Online,Web,10,4,CHU-NEG-S,1,13529.35,33823.38,,33823.38
2017,2025-06-22 21:07:00,17949149,Tienda Online,Web,10,4,SWE-MAR-L,1,13010.13,32525.33,,32525.33
2017,2025-06-22 21:07:00,17949149,Tienda Online,Web,10,4,CAM-BEI-L,1,14680.23,36700.58,,36700.58
2018,2024-11-18 10:54:00,12675011,Shopping,Presencial,7,4,CIN-MAR-L,1,13257.96,33144.89,,33144.89
2018,2024-11-18 10:54:00,12675011,Shopping,Presencial,7,4,REM-VIO-L,1,13071.19,32677.97,,32677.97
2019,2024-12-17 12:08:00,32828789,Shopping,Presencial,7,1,REM-CEL-XXL,1,13673.12,34182.8,,34182.8
2019,2024-12-17 12:08:00,32828789,Shopping,Presencial,7,1,CIN-TUR-XL,1,13257.96,33144.89,,33144.89
2020,2024-05-14 13:47:00,33776507,Shopping,Presencial,7,2,CHU-NEG-S,1,13529.35,33823.38,,33823.38
2020,2024-05-14 13:47:00,33776507,Shopping,Presencial,7,2,JEA-NEG-M,1,8748.58,21871.44,,21871.44
2020,2024-05-14 13:47:00,33776507,Shopping,Presencial,7,2,REM-BLA-XL,1,13071.19,32677.97,,32677.97
2020,2024-05-14 13:47:00,33776507,Shopping,Presencial,7,2,JOG-ÍND-M,1,16544.66,41361.66,,41361.66
2020,2024-05-14 13:47:00,33776507,Shopping,Presencial,7,2,MUS-AZU-unico,1,12928.22,32320.56,,32320.56
2021,2024-07-12 06:57:00,22874170,Tienda Online,Web,9,3,JOG-ÍND-XL,1,16544.66,41361.66,,41361.66
2022,2024-09-30 17:59:00,17019579,Centro,Presencial,1,4,JOG-ÍND-S,1,16544.66,41361.66,,41361.66
2023,2024-09-06 18:59:00,16194045,Centro,Presencial,2,4,CAM-BLA-M,1,14680.23,36700.58,,36700.58
2023,2024-09-06 18:59:00,16194045,Centro,Presencial,2,4,CHU-NEG-S,2,13529.35,33823.38,,67646.76
2023,2024-09-06 18:59:00,16194045,Centro,Presencial,2,4,CAM-BEI-unico,1,14680.23,36700.58,,36700.58
2023,2024-09-06 18:59:00,16194045,Centro,Presencial,2,4,MUS-CEL-S,1,12928.22,32320.56,,32320.56
2023,2024-09-06 18:59:00,16194045,Centro,Presencial,2,4,REM-VIO-XL,1,13071.19,32677.97,,32677.97
2024,2024-10-17 23:46:00,11723249,Tienda Online,Web,9,5,GOR-GRI-S,1,11486.7,28716.74,,28716.74
2025,2025-07-11 11:54:00,30873468,Tienda Online,Web,9,4,BUZ-AZU-unico,1,11827.69,14784.61,11.0,14784.61
2025,2025-07-11 11:54:00,30873468,Tienda Online,Web,9,4,BUZ-AZU-L,2,11827.69,29569.23,,59138.46
2025,2025-07-11 11:54:00,30873468,Tienda Online,Web,9,4,CHU-NEG-M,1,13529.35,33823.38,,33823.38
2025,2025-07-11 11:54:00,30873468,Tienda Online,Web,9,4,CIN-TUR-unico,1,13257.96,33144.89,,33144.89
2025,2025-07-11 11:54:00,30873468,Tienda Online,Web,9,4,JEA-NEG-XL,1,8748.58,10935.72,11.0,10935.72
2026,2025-10-16 15:19:00,35526938,Centro,Presencial,1,4,BUZ-AZU-M,1,11827.69,29569.23,,29569.23
2026,2025-10-16 15:19:00,35526938,Centro,Presencial,1,4,REM-CEL-XXL,1,13673.12,34182.8,,34182.8
2026,2025-10-16 15:19:00,35526938,Centro,Presencial,1,4,MUS-AZU-M,1,12928.22,32320.56,,32320.56
2027,2025-10-11 20:43:00,32199028,Tienda Online,Web,10,1,CAM-BLA-M,1,14680.23,23855.38,8.0,23855.38
2027,2025-10-11 20:43:00,32199028,Tienda Online,Web,10,1,JOG-AZU-XL,1,16544.66,41361.66,,41361.66
2027,2025-10-11 20:43:00,32199028,Tienda Online,Web,10,1,CHU-ÍND-XXL,1,13529.35,33823.38,,33823.38
2027,2025-10-11 20:43:00,32199028,Tienda Online,Web,10,1,SWE-AZU-S,2,13010.13,32525.33,,65050.66
2028,2025-06-08 17:49:00,31616558,Shopping,Presencial,7,3,GOR-GRI-L,1,11486.7,28716.74,,28716.74
2028,2025-06-08 17:49:00,31616558,Shopping,Presencial,7,3,BUZ-AZU-M,1,11827.69,29569.23,,29569.23
2028,2025-06-08 17:49:00,31616558,Shopping,Presencial,7,3,CAM-BEI-L,1,14680.23,36700.58,,36700.58
2029,2024-09-20 14:10:00,38195354,Centro,Presencial,1,2,CAM-BLA-M,1,14680.23,36700.58,,36700.58
2029,2024-09-20 14:10:00,38195354,Centro,Presencial,1,2,CIN-TUR-XL,1,13257.96,33144.89,,33144.89
2030,2025-06-27 11:58:00,10990382,Norte,Presencial,5,1,REM-VIO-XL,1,13071.19,32677.97,,32677.97
2030,2025-06-27 11:58:00,10990382,Norte,Presencial,5,1,JOG-CEL-unico,1,16544.66,41361.66,,41361.66
2030,2025-06-27 11:58:00,10990382,Norte,Presencial,5,1,JEA-LAV-L,1,8748.58,21871.44,,21871.44
2031,2024-12-06 09:52:00,16100827,Norte,Presencial,4,1,GOR-GRI-XXL,1,11486.7,28716.74,,28716.74
2031,2024-12-06 09:52:00,16100827,Norte,Presencial,4,1,CAM-BEI-L,1,14680.23,36700.58,,36700.58
2031,2024-12-06 09:52:00,16100827,Norte,Presencial,4,1,CIN-MAR-XL,1,13257.96,33144.89,,33144.89
2032,2024-06-22 02:26:00,11723249,Tienda Online,Web,10,5,JEA-NEG-M,1,8748.58,21871.44,,21871.44
2032,2024-06-22 02:26:00,11723249,Tienda Online,Web,10,5,CAM-BEI-unico,1,14680.23,36700.58,,36700.58
2033,2024-06-28 12:48:00,12675011,Norte,Presencial,5,3,JOG-ÍND-M,1,16544.66,41361.66,,41361.66
2033,2024-06-28 12:48:00,12675011,Norte,Presencial,5,3,GOR-GRI-S,1,11486.7,28716.74,,28716.74
2033,2024-06-28 12:48:00,12675011,Norte,Presencial,5,3,CIN-MAR-L,1,13257.96,33144.89,,33144.89
2033,2024-06-28 12:48:00,12675011,Norte,Presencial,5,3,CHU-VER-XL,1,13529.35,33823.38,,33823.38
2034,2025-08-11 18:09:00,25519695,Centro,Presencial,1,3,REM-CEL-XXL,1,13673.12,34182.8,,34182.8
2034,2025-08-11 18:09:00,25519695,Centro,Presencial,1,3,CAM-BLA-XL,1,14680.23,36700.58,,36700.58
2034,2025-08-11 18:09:00,25519695,Centro,Presencial,1,3,CAM-CEL-XL,1,14680.23,36700.58,,36700.58
2034,2025-08-11 18:09:00,25519695,Centro,Presencial,1,3,BUZ-AZU-L,2,11827.69,29569.23,,59138.46
2034,2025-08-11 18:09:00,25519695,Centro,Presencial,1,3,MUS-AZU-XXL,1,12928.22,32320.56,,32320.56
2035,2025-06-21 18:03:00,27808512,Centro,Presencial,2,3,SWE-MAR-L,1,13010.13,32525.33,,32525.33
2035,2025-06-21 18:03:00,27808512,Centro,Presencial,2,3,CHU-NEG-M,1,13529.35,33823.38,,33823.38
2036,2025-10-31 10:18:00,27196223,Tienda Online,Web,10,1,SWE-MAR-M,1,13010.13,32525.33,,32525.33
2037,2025-11-28 16:35:00,39677512,Shopping,Presencial,7,1,CIN-TUR-unico,1,13257.96,33144.89,,33144.89
2037,2025-11-28 16:35:00,39677512,Shopping,Presencial,7,1,CHU-NEG-M,2,13529.35,27735.17,9.0,55470.34
2037,2025-11-28 16:35:00,39677512,Shopping,Presencial,7,1,JOG-AZU-XXL,1,16544.66,41361.66,,41361.66
2037,2025-11-28 16:35:00,39677512,Shopping,Presencial,7,1,GOR-GRI-unico,1,11486.7,28716.74,,28716.74
2038,2025-06-12 09:37:00,41720415,Shopping,Presencial,7,4,SWE-MAR-XXL,1,13010.13,29272.8,3.0,29272.8
2038,2025-06-12 09:37:00,41720415,Shopping,Presencial,7,4,REM-VIO-L,1,13071.19,29410.17,3.0,29410.17
2039,2025-10-14 16:51:00,25086706,Centro,Presencial,2,3,GOR-GRI-M,1,11486.7,28716.74,,28716.74
2039,2025-10-14 16:51:00,25086706,Centro,Presencial,2,3,GOR-GRI-S,1,11486.7,28716.74,,28716.74
2039,2025-10-14 16:51:00,25086706,Centro,Presencial,2,3,BUZ-AZU-M,2,11827.69,19220.0,8.0,38440.0
2039,2025-10-14 16:51:00,25086706,Centro,Presencial,2,3,CIN-TUR-XL,1,13257.96,33144.89,,33144.89
2040,2024-11-09 15:51:00,10372106,Shopping,Presencial,7,3,BUZ-AZU-unico,2,11827.69,29569.23,,59138.46
2040,2024-11-09 15:51:00,10372106,Shopping,Presencial,7,3,JOG-ÍND-M,1,16544.66,41361.66,,41361.66
2040,2024-11-09 15:51:00,10372106,Shopping,Presencial,7,3,JOG-AZU-XXL,1,16544.66,41361.66,,41361.66
2040,2024-11-09 15:51:00,10372106,Shopping,Presencial,7,3,GOR-GRI-L,1,11486.7,28716.74,,28716.74
2041,2024-05-02 18:06:00,13659179,Norte,Presencial,6,2,JOG-CEL-unico,1,16544.66,41361.66,,41361.66
2042,2025-03-12 10:16:00,19888757,Centro,Presencial,2,2,JOG-ÍND-S,2,16544.66,41361.66,,82723.32
2042,2025-03-12 10:16:00,19888757,Centro,Presencial,2,2,CAM-CEL-XL,1,14680.23,36700.58,,36700.58
2042,2025-03-12 10:16:00,19888757,Centro,Presencial,2,2,JEA-NEG-unico,1,8748.58,21871.44,,21871.44
2042,2025-03-12 10:16:00,19888757,Centro,Presencial,2,2,JEA-NEG-unico,1,8748.58,21871.44,,21871.44
2042,2025-03-12 10:16:00,19888757,Centro,Presencial,2,2,GOR-GRI-S,1,11486.7,28716.74,,28716.74
2043,2024-03-11 23:42:00,28731761,Tienda Online,Web,9,5,REM-TUR-XXL,1,13673.12,34182.8,,34182.8
2043,2024-03-11 23:42:00,28731761,Tienda Online,Web,9,5,CIN-MAR-S,1,13257.96,33144.89,,33144.89
2044,2025-06-14 16:27:00,11947822,Norte,Presencial,4,5,REM-VIO-L,1,13071.19,32677.97,,32677.97
2044,2025-06-14 16:27:00,11947822,Norte,Presencial,4,5,CAM-BLA-XL,1,14680.23,36700.58,,36700.58
2044,2025-06-14 16:27:00,11947822,Norte,Presencial,4,5,GOR-ROJ-S,1,11486.7,28716.74,,28716.74
2044,2025-06-14 16:27:00,11947822,Norte,Presencial,4,5,JOG-AZU-XXL,1,16544.66,41361.66,,41361.66
2045,2025-08-15 17:55:00,11947822,Shopping,Presencial,7,4,JEA-LAV-L,1,8748.58,21871.44,,21871.44
2046,2025-06-26 05:40:00,39176602,Tienda Online,Web,9,3,CHU-ÍND-XL,1,13529.35,33823.38,,33823.38
2046,2025-06-26 05:40:00,39176602,Tienda Online,Web,9,3,MUS-AZU-unico,2,12928.22,32320.56,,64641.12
2046,2025-06-26 05:40:00,39176602,Tienda Online,Web,9,3,CIN-TUR-unico,1,13257.96,33144.89,,33144.89
2047,2025-07-28 19:33:00,35444008,Centro,Presencial,1,4,JOG-AZU-XL,1,16544.66,41361.66,,41361.66
2047,2025-07-28 19:33:00,35444008,Centro,Presencial,1,4,JOG-AZU-XXL,1,16544.66,41361.66,,41361.66
2047,2025-07-28 19:33:00,35444008,Centro,Presencial,1,4,BUZ-AZU-unico,1,11827.69,29569.23,,29569.23
2047,2025-07-28 19:33:00,35444008,Centro,Presencial,1,4,CHU-VER-XL,1,13529.35,33823.38,,33823.38
2048,2024-07-17 02:36:00,12667017,Tienda Online,Web,9,5,CIN-MAR-M,1,13257.96,33144.89,,33144.89
2048,2024-07-17 02:36:00,12667017,Tienda Online,Web,9,5,JOG-ÍND-XL,1,16544.66,41361.66,,41361.66
2048,2024-07-17 02:36:00,12667017,Tienda Online,Web,9,5,CAM-BEI-L,2,14680.23,36700.58,,73401.16
2048,2024-07-17 02:36:00,12667017,Tienda Online,Web,9,5,CHU-ÍND-L,1,13529.35,33823.38,,33823.38
2048,2024-07-17 02:36:00,12667017,Tienda Online,Web,9,5,REM-CEL-XXL,1,13673.12,34182.8,,34182.8
2049,2025-01-04 19:58:00,29812600,Centro,Presencial,2,1,CIN-TUR-unico,1,13257.96,33144.89,,33144.89
2049,2025-01-04 19:58:00,29812600,Centro,Presencial,2,1,CHU-NEG-XXL,1,13529.35,33823.38,,33823.38
2049,2025-01-04 19:58:00,29812600,Centro,Presencial,2,1,SWE-AZU-S,1,13010.13,32525.33,,32525.33
2049,2025-01-04 19:58:00,29812600,Centro,Presencial,2,1,CHU-ÍND-L,1,13529.35,33823.38,,33823.38
2050,2024-07-01 22:53:00,16951572,Tienda Online,Web,9,2,JOG-CEL-unico,1,16544.66,41361.66,,41361.66
2051,2024-08-21 10:01:00,32770212,Centro,Presencial,2,1,JEA-LAV-unico,1,8748.58,21871.44,,21871.44
2051,2024-08-21 10:01:00,32770212,Centro,Presencial,2,1,CAM-CEL-XL,1,14680.23,36700.58,,36700.58
2051,2024-08-21 10:01:00,32770212,Centro,Presencial,2,1,REM-TUR-XXL,1,13673.12,34182.8,,34182.8
2051,2024-08-21 10:01:00,32770212,Centro,Presencial,2,1,CAM-BEI-unico,2,14680.23,36700.58,,73401.16
2052,2024-02-24 18:46:00,24672546,Norte,Presencial,5,4,JOG-ÍND-XL,1,16544.66,41361.66,,41361.66
2052,2024-02-24 18:46:00,24672546,Norte,Presencial,5,4,BUZ-AZU-M,1,11827.69,29569.23,,29569.23
2052,2024-02-24 18:46:00,24672546,Norte,Presencial,5,4,CAM-CEL-XL,1,14680.23,36700.58,,36700.58
2052,2024-02-24 18:46:00,24672546,Norte,Presencial,5,4,GOR-GRI-M,1,11486.7,28716.74,,28716.74
2053,2025-04-15 10:07:00,28289000,Norte,Presencial,4,4,JOG-ÍND-S,1,16544.66,41361.66,,41361.66
2054,2024-10-17 09:50:00,11723249,Shopping,Presencial,7,1,CHU-ÍND-XXL,1,13529.35,33823.38,,33823.38
2054,2024-10-17 09:50:00,11723249,Shopping,Presencial,7,1,CIN-TUR-unico,1,13257.96,33144.89,,33144.89
2054,2024-10-17 09:50:00,11723249,Shopping,Presencial,7,1,JOG-CEL-unico,1,16544.66,41361.66,,41361.66
2054,2024-10-17 09:50:00,11723249,Shopping,Presencial,7,1,CAM-CEL-XL,1,14680.23,36700.58,,36700.58
2054,2024-10-17 09:50:00,11723249,Shopping,Presencial,7,1,CAM-BEI-L,1,14680.23,36700.58,,36700.58
2055,2024-03-28 09:37:00,21387796,Shopping,Presencial,7,2,CAM-CEL-XL,1,14680.23,36700.58,,36700.58
2055,2024-03-28 09:37:00,21387796,Shopping,Presencial,7,2,REM-BLA-XL,2,13071.19,32677.97,,65355.94
2055,2024-03-28 09:37:00,21387796,Shopping,Presencial,7,2,CIN-MAR-M,1,13257.96,33144.89,,33144.89
2055,2024-03-28 09:37:00,21387796,Shopping,Presencial,7,2,JOG-ÍND-M,1,16544.66,41361.66,,41361.66
2056,2025-11-29 19:10:00,25047294,Shopping,Presencial,7,1,REM-BLA-XL,1,13071.19,32677.97,,32677.97
2056,2025-11-29 19:10:00,25047294,Shopping,Presencial,7,1,CIN-ROS-XXL,1,13257.96,33144.89,,33144.89
2056,2025-11-29 19:10:00,25047294,Shopping,Presencial,7,1,GOR-GRI-XXL,1,11486.7,28716.74,,28716.74
2056,2025-11-29 19:10:00,25047294,Shopping,Presencial,7,1,REM-TUR-XXL,1,13673.12,28029.9,9.0,28029.9
2056,2025-11-29 19:10:00,25047294,Shopping,Presencial,7,1,CHU-NEG-M,1,13529.35,33823.38,,33823.38
2057,2025-05-25 11:38:00,31084522,Tienda Online,Web,9,4,CHU-VER-L,1,13529.35,33823.38,,33823.38
2057,2025-05-25 11:38:00,31084522,Tienda Online,Web,9,4,REM-VIO-L,1,13071.19,32677.97,,32677.97
2058,2025-06-23 17:46:00,11780798,Norte,Presencial,5,2,CHU-NEG-XXL,1,13529.35,33823.38,,33823.38
2058,2025-06-23 17:46:00,11780798,Norte,Presencial,5,2,SWE-AZU-M,1,13010.13,32525.33,,32525.33
2059,2025-07-16 06:33:00,23369226,Tienda Online,Web,9,5,SWE-MAR-M,1,13010.13,32525.33,,32525.33
2060,2025-08-04 17:11:00,10027242,Norte,Presencial,6,3,CHU-NEG-unico,1,13529.35,33823.38,,33823.38
2060,2025-08-04 17:11:00,10027242,Norte,Presencial,6,3,CAM-BLA-XL,1,14680.23,36700.58,,36700.58
2060,2025-08-04 17:11:00,10027242,Norte,Presencial,6,3,CHU-ÍND-XXL,1,13529.35,33823.38,,33823.38
2060,2025-08-04 17:11:00,10027242,Norte,Presencial,6,3,CAM-CEL-XL,1,14680.23,36700.58,,36700.58
2061,2024-04-01 18:32:00,16898363,Tienda Online,Web,9,2,SWE-MAR-L,1,13010.13,32525.33,,32525.33
2061,2024-04-01 18:32:00,16898363,Tienda Online,Web,9,2,CIN-MAR-L,1,13257.96,33144.89,,33144.89
2061,2024-04-01 18:32:00,16898363,Tienda Online,Web,9,2,REM-TUR-XXL,2,13673.12,34182.8,,68365.6
2061,2024-04-01 18:32:00,16898363,Tienda Online,Web,9,2,SWE-MAR-L,1,13010.13,32525.33,,32525.33
2061,2024-04-01 18:32:00,16898363,Tienda Online,Web,9,2,CIN-MAR-S,1,13257.96,33144.89,,33144.89
2062,2024-03-26 16:35:00,31925749,Tienda Online,Web,9,1,GOR-GRI-L,1,11486.7,28716.74,,28716.74
2063,2025-09-06 14:10:00,20736210,Centro,Presencial,1,2,REM-TUR-S,1,13673.12,34182.8,,34182.8
2063,2025-09-06 14:10:00,20736210,Centro,Presencial,1,2,CHU-NEG-XL,1,13529.35,33823.38,,33823.38
2063,2025-09-06 14:10:00,20736210,Centro,Presencial,1,2,CIN-TUR-unico,1,13257.96,33144.89,,33144.89
2063,2025-09-06 14:10:00,20736210,Centro,Presencial,1,2,SWE-MAR-M,1,13010.13,32525.33,,32525.33
2064,2024-12-01 13:46:00,19706758,Tienda Online,Web,10,4,REM-TUR-S,1,13673.12,34182.8,,34182.8
2065,2025-10-16 19:01:00,30279639,Norte,Presencial,5,4,MUS-AZU-M,1,12928.22,32320.56,,32320.56
2065,2025-10-16 19:01:00,30279639,Norte,Presencial,5,4,CHU-NEG-unico,1,13529.35,33823.38,,33823.38
2066,2025-06-03 16:42:00,28427922,Norte,Presencial,6,4,JEA-LAV-L,1,8748.58,21871.44,,21871.44
2066,2025-06-03 16:42:00,28427922,Norte,Presencial,6,4,CAM-BEI-S,1,14680.23,36700.58,,36700.58
2066,2025-06-03 16:42:00,28427922,Norte,Presencial,6,4,REM-VIO-XXL,1,13071.19,32677.97,,32677.97
2067,2025-11-17 07:24:00,37388193,Tienda Online,Web,9,1,CAM-BLA-XL,1,14680.23,36700.58,,36700.58
2067,2025-11-17 07:24:00,37388193,Tienda Online,Web,9,1,JOG-AZU-L,1,16544.66,33916.56,9.0,33916.56
2067,2025-11-17 07:24:00,37388193,Tienda Online,Web,9,1,CIN-TUR-unico,1,13257.96,33144.89,,33144.89
2068,2024-04-13 09:52:00,44670267,Centro,Presencial,1,5,CAM-BEI-L,1,14680.23,36700.58,,36700.58
2068,2024-04-13 09:52:00,44670267,Centro,Presencial,1,5,SWE-MAR-L,1,13010.13,32525.33,,32525.33
2068,2024-04-13 09:52:00,44670267,Centro,Presencial,1,5,SWE-MAR-unico,1,13010.13,32525.33,,32525.33
2068,2024-04-13 09:52:00,44670267,Centro,Presencial,1,5,CIN-TUR-unico,1,13257.96,33144.89,,33144.89
2069,2024-05-12 15:36:00,29586497,Norte,Presencial,4,5,CIN-TUR-XL,1,13257.96,33144.89,,33144.89
2069,2024-05-12 15:36:00,29586497,Norte,Presencial,4,5,REM-CEL-XXL,1,13673.12,34182.8,,34182.8
2069,2024-05-12 15:36:00,29586497,Norte,Presencial,4,5,CIN-TUR-XL,1,13257.96,33144.89,,33144.89
2070,2025-05-31 09:11:00,37274929,Norte,Presencial,5,4,CHU-VER-L,2,13529.35,33823.38,,67646.76
2070,2025-05-31 09:11:00,37274929,Norte,Presencial,5,4,GOR-ROJ-S,1,11486.7,28716.74,,28716.74
2070,2025-05-31 09:11:00,37274929,Norte,Presencial,5,4,CIN-MAR-XL,1,13257.96,33144.89,,33144.89
2070,2025-05-31 09:11:00,37274929,Norte,Presencial,5,4,GOR-ROJ-S,1,11486.7,28716.74,,28716.74
2070,2025-05-31 09:11:00,37274929,Norte,Presencial,5,4,CIN-ROS-unico,1,13257.96,33144.89,,33144.89
2071,2024-11-23 15:02:00,44107468,Tienda Online,Web,10,4,REM-CEL-XXL,1,13673.12,34182.8,,34182.8
2071,2024-11-23 15:02:00,44107468,Tienda Online,Web,10,4,JEA-NEG-unico,1,8748.58,21871.44,,21871.44
2071,2024-11-23 15:02:00,44107468,Tienda Online,Web,10,4,CAM-CEL-XL,1,14680.23,36700.58,,36700.58
2071,2024-11-23 15:02:00,44107468,Tienda Online,Web,10,4,JEA-NEG-M,1,8748.58,21871.44,,21871.44
2072,2025-06-30 16:34:00,35821297,Shopping,Presencial,7,1,JOG-CEL-unico,2,16544.66,41361.66,,82723.32
2072,2025-06-30 16:34:00,35821297,Shopping,Presencial,7,1,JEA-LAV-unico,1,8748.58,21871.44,,21871.44
2072,2025-06-30 16:34:00,35821297,Shopping,Presencial,7,1,GOR-ROJ-S,1,11486.7,28716.74,,28716.74
2072,2025-06-30 16:34:00,35821297,Shopping,Presencial,7,1,REM-VIO-M,1,13071.19,32677.97,,32677.97
2073,2025-04-14 05:43:00,19888757,Tienda Online,Web,9,2,MUS-CEL-S,1,12928.22,32320.56,,32320.56
2073,2025-04-14 05:43:00,19888757,Tienda Online,Web,9,2,REM-VIO-L,1,13071.19,32677.97,,32677.97
2074,2024-06-27 15:28:00,16778091,Centro,Presencial,2,4,GOR-GRI-M,2,11486.7,28716.74,,57433.48
2074,2024-06-27 15:28:00,16778091,Centro,Presencial,2,4,JOG-CEL-unico,1,16544.66,41361.66,,41361.66
2074,2024-06-27 15:28:00,16778091,Centro,Presencial,2,4,CIN-MAR-XL,2,13257.96,33144.89,,66289.78
2074,2024-06-27 15:28:00,16778091,Centro,Presencial,2,4,CAM-BLA-M,1,14680.23,36700.58,,36700.58
2075,2024-05-31 14:56:00,15745388,Tienda Online,Web,10,4,CIN-MAR-XL,1,13257.96,32344.89,12.0,32344.89
2075,2024-05-31 14:56:00,15745388,Tienda Online,Web,10,4,JOG-CEL-unico,1,16544.66,41361.66,,41361.66
2076,2025-08-12 13:31:00,20371898,Norte,Presencial,5,5,JOG-ÍND-S,1,16544.66,41361.66,,41361.66
2076,2025-08-12 13:31:00,20371898,Norte,Presencial,5,5,CAM-BLA-S,1,14680.23,36700.58,,36700.58
2076,2025-08-12 13:31:00,20371898,Norte,Presencial,5,5,MUS-CEL-M,2,12928.22,32320.56,,64641.12
2077,2025-06-11 17:45:00,38870188,Tienda Online,Web,10,1,BUZ-AZU-unico,1,11827.69,29569.23,,29569.23
2077,2025-06-11 17:45:00,38870188,Tienda Online,Web,10,1,JEA-NEG-M,1,8748.58,19684.3,3.0,19684.3
2078,2024-10-29 10:19:00,31084522,Tienda Online,Web,10,3,BUZ-AZU-unico,1,11827.69,29569.23,,29569.23
2079,2024-11-09 18:05:00,41690133,Tienda Online,Web,10,5,CIN-TUR-unico,1,13257.96,33144.89,,33144.89
2080,2025-10-23 11:52:00,36775919,Shopping,Presencial,7,2,REM-VIO-M,2,13071.19,32677.97,,65355.94
2080,2025-10-23 11:52:00,36775919,Shopping,Presencial,7,2,MUS-AZU-unico,1,12928.22,32320.56,,32320.56
2080,2025-10-23 11:52:00,36775919,Shopping,Presencial,7,2,JOG-ÍND-S,1,16544.66,41361.66,,41361.66
2080,2025-10-23 11:52:00,36775919,Shopping,Presencial,7,2,SWE-AZU-M,2,13010.13,32525.33,,65050.66
2081,2025-06-16 22:35:00,40105945,Tienda Online,Web,10,5,CIN-MAR-XL,1,13257.96,29830.4,3.0,29830.4
2081,2025-06-16 22:35:00,40105945,Tienda Online,Web,10,5,CHU-NEG-XXL,1,13529.35,33823.38,,33823.38
2081,2025-06-16 22:35:00,40105945,Tienda Online,Web,10,5,JOG-AZU-XL,1,16544.66,41361.66,,41361.66
2081,2025-06-16 22:35:00,40105945,Tienda Online,Web,10,5,BUZ-AZU-unico,1,11827.69,26612.31,3.0,26612.31
2081,2025-06-16 22:35:00,40105945,Tienda Online,Web,10,5,CIN-ROS-XXL,2,13257.96,33144.89,,66289.78
2082,2024-11-11 13:00:00,22960720,Centro,Presencial,2,2,REM-TUR-S,1,13673.12,34182.8,,34182.8
2082,2024-11-11 13:00:00,22960720,Centro,Presencial,2,2,REM-VIO-XL,1,13071.19,32677.97,,32677.97
2082,2024-11-11 13:00:00,22960720,Centro,Presencial,2,2,JEA-LAV-L,1,8748.58,21871.44,,21871.44
2082,2024-11-11 13:00:00,22960720,Centro,Presencial,2,2,CHU-NEG-S,1,13529.35,33823.38,,33823.38
2083,2024-05-10 11:43:00,26783807,Centro,Presencial,2,1,SWE-MAR-unico,1,13010.13,32525.33,,32525.33
2083,2024-05-10 11:43:00,26783807,Centro,Presencial,2,1,MUS-AZU-M,1,12928.22,32320.56,,32320.56
2083,2024-05-10 11:43:00,26783807,Centro,Presencial,2,1,JEA-LAV-L,1,8748.58,21871.44,,21871.44
2083,2024-05-10 11:43:00,26783807,Centro,Presencial,2,1,REM-BLA-XL,1,13071.19,32677.97,,32677.97
2084,2024-08-17 09:18:00,22313673,Norte,Presencial,4,3,CIN-MAR-L,1,13257.96,33144.89,,33144.89
2084,2024-08-17 09:18:00,22313673,Norte,Presencial,4,3,BUZ-AZU-M,1,11827.69,29569.23,,29569.23
2084,2024-08-17 09:18:00,22313673,Norte,Presencial,4,3,JEA-LAV-unico,1,8748.58,21871.44,,21871.44
2084,2024-08-17 09:18:00,22313673,Norte,Presencial,4,3,CHU-ÍND-L,1,13529.35,33823.38,,33823.38
2085,2024-12-27 14:49:00,11310767,Norte,Presencial,4,5,REM-TUR-S,1,13673.12,34182.8,,34182.8
2085,2024-12-27 14:49:00,11310767,Norte,Presencial,4,5,JOG-AZU-unico,1,16544.66,41361.66,,41361.66
2086,2025-05-07 12:41:00,28124922,Centro,Presencial,2,5,REM-VIO-L,1,13071.19,32677.97,,32677.97
2086,2025-05-07 12:41:00,28124922,Centro,Presencial,2,5,CIN-TUR-unico,1,13257.96,33144.89,,33144.89
2086,2025-05-07 12:41:00,28124922,Centro,Presencial,2,5,JOG-AZU-unico,2,16544.66,41361.66,,82723.32
2086,2025-05-07 12:41:00,28124922,Centro,Presencial,2,5,MUS-AZU-M,1,12928.22,32320.56,,32320.56
2087,2024-07-06 18:04:00,12675011,Centro,Presencial,2,5,CIN-MAR-S,1,13257.96,33144.89,,33144.89
2087,2024-07-06 18:04:00,12675011,Centro,Presencial,2,5,MUS-AZU-XXL,1,12928.22,32320.56,,32320.56
2087,2024-07-06 18:04:00,12675011,Centro,Presencial,2,5,MUS-AZU-XXL,1,12928.22,32320.56,,32320.56
2087,2024-07-06 18:04:00,12675011,Centro,Presencial,2,5,GOR-ROJ-unico,1,11486.7,28716.74,,28716.74
2087,2024-07-06 18:04:00,12675011,Centro,Presencial,2,5,SWE-MAR-L,1,13010.13,32525.33,,32525.33
2088,2024-09-11 18:45:00,30132463,Centro,Presencial,2,1,JEA-LAV-L,1,8748.58,21871.44,,21871.44
2088,2024-09-11 18:45:00,30132463,Centro,Presencial,2,1,CIN-MAR-XL,1,13257.96,33144.89,,33144.89
2088,2024-09-11 18:45:00,30132463,Centro,Presencial,2,1,CHU-VER-XL,1,13529.35,33823.38,,33823.38
2088,2024-09-11 18:45:00,30132463,Centro,Presencial,2,1,JEA-LAV-L,2,8748.58,21871.44,,43742.88
2088,2024-09-11 18:45:00,30132463,Centro,Presencial,2,1,BUZ-AZU-M,1,11827.69,29569.23,,29569.23
2089,2025-02-01 06:44:00,18792148,Tienda Online,Web,10,5,MUS-AZU-XXL,1,12928.22,32320.56,,32320.56
2089,2025-02-01 06:44:00,18792148,Tienda Online,Web,10,5,REM-VIO-XL,1,13071.19,32677.97,,32677.97
2089,2025-02-01 06:44:00,18792148,Tienda Online,Web,10,5,GOR-ROJ-S,2,11486.7,28716.74,,57433.48
2089,2025-02-01 06:44:00,18792148,Tienda Online,Web,10,5,CHU-VER-L,1,13529.35,33823.38,,33823.38
2089,2025-02-01 06:44:00,18792148,Tienda Online,Web,10,5,REM-VIO-M,1,13071.19,32677.97,,32677.97
2090,2025-04-08 10:25:00,30831897,Shopping,Presencial,7,5,CIN-MAR-M,1,13257.96,33144.89,,33144.89
2091,2024-08-03 03:46:00,30549138,Tienda Online,Web,10,2,BUZ-AZU-unico,1,11827.69,29569.23,,29569.23
2091,2024-08-03 03:46:00,30549138,Tienda Online,Web,10,2,GOR-GRI-XXL,1,11486.7,28716.74,,28716.74
2091,2024-08-03 03:46:00,30549138,Tienda Online,Web,10,2,CAM-CEL-XL,1,14680.23,36700.58,,36700.58
2091,2024-08-03 03:46:00,30549138,Tienda Online,Web,10,2,GOR-GRI-M,1,11486.7,28716.74,,28716.74
2091,2024-08-03 03:46:00,30549138,Tienda Online,Web,10,2,GOR-GRI-unico,1,11486.7,28716.74,,28716.74
2092,2025-04-14 17:01:00,16381102,Norte,Presencial,4,4,GOR-ROJ-S,1,11486.7,28716.74,,28716.74
2092,2025-04-14 17:01:00,16381102,Norte,Presencial,4,4,CIN-MAR-S,1,13257.96,33144.89,,33144.89
2092,2025-04-14 17:01:00,16381102,Norte,Presencial,4,4,BUZ-AZU-unico,1,11827.69,29569.23,,29569.23
2092,2025-04-14 17:01:00,16381102,Norte,Presencial,4,4,CHU-VER-L,1,13529.35,33823.38,,33823.38
2093,2024-05-18 15:25:00,44304306,Norte,Presencial,4,4,GOR-GRI-unico,1,11486.7,28716.74,,28716.74
2093,2024-05-18 15:25:00,44304306,Norte,Presencial,4,4,JOG-CEL-unico,1,16544.66,41361.66,,41361.66
2093,2024-05-18 15:25:00,44304306,Norte,Presencial,4,4,REM-VIO-M,1,13071.19,32677.97,,32677.97
2094,2024-07-09 18:06:00,34268915,Centro,Presencial,2,3,SWE-MAR-L,1,13010.13,32525.33,,32525.33
2094,2024-07-09 18:06:00,34268915,Centro,Presencial,2,3,BUZ-AZU-M,2,11827.69,29569.23,,59138.46
2094,2024-07-09 18:06:00,34268915,Centro,Presencial,2,3,CIN-MAR-S,1,13257.96,33144.89,,33144.89
2095,2024-01-12 10:07:00,18494838,Norte,Presencial,6,3,SWE-AZU-S,1,13010.13,32525.33,,32525.33
2095,2024-01-12 10:07:00,18494838,Norte,Presencial,6,3,JOG-CEL-unico,1,16544.66,41361.66,,41361.66
2096,2025-06-17 11:21:00,41341494,Shopping,Presencial,7,3,CHU-ÍND-XXL,2,13529.35,33823.38,,67646.76
2096,2025-06-17 11:21:00,41341494,Shopping,Presencial,7,3,CHU-NEG-XL,1,13529.35,33823.38,,33823.38
2096,2025-06-17 11:21:00,41341494,Shopping,Presencial,7,3,JOG-ÍND-M,2,16544.66,41361.66,,82723.32
2096,2025-06-17 11:21:00,41341494,Shopping,Presencial,7,3,REM-BLA-XL,2,13071.19,32677.97,,65355.94
2096,2025-06-17 11:21:00,41341494,Shopping,Presencial,7,3,JEA-NEG-M,1,8748.58,19684.3,3.0,19684.3
2097,2024-05-27 06:13:00,23048327,Tienda Online,Web,9,3,GOR-GRI-M,2,11486.7,28716.74,,57433.48
2097,2024-05-27 06:13:00,23048327,Tienda Online,Web,9,3,CIN-MAR-L,2,13257.96,32344.89,12.0,64689.78
2097,2024-05-27 06:13:00,23048327,Tienda Online,Web,9,3,MUS-AZU-M,1,12928.22,31520.56,12.0,31520.56
2098,2025-03-11 13:39:00,25086706,Norte,Presencial,4,3,BUZ-AZU-M,1,11827.69,29569.23,,29569.23
2098,2025-03-11 13:39:00,25086706,Norte,Presencial,4,3,CIN-ROS-unico,2,13257.96,33144.89,,66289.78
2099,2025-05-05 17:12:00,41535292,Norte,Presencial,6,1,CIN-TUR-unico,1,13257.96,33144.89,,33144.89
2099,2025-05-05 17:12:00,41535292,Norte,Presencial,6,1,GOR-GRI-S,1,11486.7,28716.74,,28716.74
2100,2025-05-31 16:56:00,28514090,Centro,Presencial,1,2,REM-TUR-XXL,1,13673.12,34182.8,,34182.8
2100,2025-05-31 16:56:00,28514090,Centro,Presencial,1,2,CHU-NEG-unico,1,13529.35,33823.38,,33823.38
2100,2025-05-31 16:56:00,28514090,Centro,Presencial,1,2,REM-CEL-XXL,1,13673.12,34182.8,,34182.8
2101,2025-03-31 14:45:00,26591977,Tienda Online,Web,10,4,CIN-MAR-S,1,13257.96,33144.89,,33144.89
2102,2024-12-13 14:32:00,17686170,Shopping,Presencial,7,3,JEA-LAV-L,1,8748.58,21871.44,,21871.44
2102,2024-12-13 14:32:00,17686170,Shopping,Presencial,7,3,MUS-AZU-M,1,12928.22,32320.56,,32320.56
2102,2024-12-13 14:32:00,17686170,Shopping,Presencial,7,3,CAM-BLA-M,1,14680.23,36700.58,,36700.58
2103,2025-06-04 14:46:00,37138900,Tienda Online,Web,10,3,CHU-NEG-XL,1,13529.35,33823.38,,33823.38
2103,2025-06-04 14:46:00,37138900,Tienda Online,Web,10,3,CAM-BEI-L,2,14680.23,36700.58,,73401.16
2103,2025-06-04 14:46:00,37138900,Tienda Online,Web,10,3,SWE-MAR-L,1,13010.13,32525.33,,32525.33
2103,2025-06-04 14:46:00,37138900,Tienda Online,Web,10,3,JOG-ÍND-XL,1,16544.66,41361.66,,41361.66
2103,2025-06-04 14:46:00,37138900,Tienda Online,Web,10,3,CHU-NEG-S,1,13529.35,33823.38,,33823.38
2104,2025-08-15 23:30:00,44759556,Tienda Online,Web,10,2,CHU-NEG-unico,1,13529.35,33823.38,,33823.38
2104,2025-08-15 23:30:00,44759556,Tienda Online,Web,10,2,CHU-VER-S,1,13529.35,33823.38,,33823.38
2104,2025-08-15 23:30:00,44759556,Tienda Online,Web,10,2,GOR-GRI-M,1,11486.7,28716.74,,28716.74
2104,2025-08-15 23:30:00,44759556,Tienda Online,Web,10,2,CHU-NEG-unico,1,13529.35,33823.38,,33823.38
2104,2025-08-15 23:30:00,44759556,Tienda Online,Web,10,2,GOR-GRI-unico,1,11486.7,28716.74,,28716.74
2105,2025-09-11 12:33:00,35464823,Shopping,Presencial,7,2,JOG-ÍND-S,1,16544.66,41361.66,,41361.66
2105,2025-09-11 12:33:00,35464823,Shopping,Presencial,7,2,CHU-ÍND-XL,1,13529.35,33823.38,,33823.38
2105,2025-09-11 12:33:00,35464823,Shopping,Presencial,7,2,GOR-ROJ-S,2,11486.7,28716.74,,57433.48
2105,2025-09-11 12:33:00,35464823,Shopping,Presencial,7,2,REM-CEL-XXL,1,13673.12,34182.8,,34182.8
2106,2025-05-19 16:49:00,41996735,Centro,Presencial,2,1,CHU-VER-L,1,13529.35,33823.38,,33823.38
2106,2025-05-19 16:49:00,41996735,Centro,Presencial,2,1,CIN-TUR-XL,1,13257.96,33144.89,,33144.89
2107,2025-07-11 14:34:00,15285296,Centro,Presencial,1,1,BUZ-AZU-unico,2,11827.69,29569.23,,59138.46
2108,2024-03-04 20:03:00,28731761,Tienda Online,Web,10,1,CHU-VER-XL,1,13529.35,33823.38,,33823.38
2108,2024-03-04 20:03:00,28731761,Tienda Online,Web,10,1,BUZ-AZU-M,2,11827.69,29569.23,,59138.46
2109,2024-03-23 19:35:00,36913358,Centro,Presencial,1,3,JEA-NEG-M,1,8748.58,21871.44,,21871.44
2110,2025-10-15 17:49:00,38330675,Centro,Presencial,2,5,CAM-BEI-unico,2,14680.23,36700.58,,73401.16
2110,2025-10-15 17:49:00,38330675,Centro,Presencial,2,5,CHU-VER-L,1,13529.35,33823.38,,33823.38
2111,2025-10-07 02:20:00,17779366,Tienda Online,Web,9,4,GOR-ROJ-L,1,11486.7,28716.74,,28716.74
2111,2025-10-07 02:20:00,17779366,Tienda Online,Web,9,4,GOR-ROJ-L,2,11486.7,28716.74,,57433.48
2111,2025-10-07 02:20:00,17779366,Tienda Online,Web,9,4,BUZ-AZU-L,1,11827.69,29569.23,,29569.23
2112,2025-03-28 04:29:00,26431104,Tienda Online,Web,9,4,CIN-TUR-unico,1,13257.96,19886.93,7.0,19886.93
2113,2025-04-28 18:09:00,10934065,Centro,Presencial,1,3,CHU-ÍND-L,1,13529.35,33823.38,,33823.38
2113,2025-04-28 18:09:00,10934065,Centro,Presencial,1,3,REM-TUR-S,1,13673.12,34182.8,,34182.8
2114,2024-05-13 14:21:00,12675011,Norte,Presencial,5,5,CIN-TUR-XL,1,13257.96,33144.89,,33144.89
2114,2024-05-13 14:21:00,12675011,Norte,Presencial,5,5,GOR-GRI-L,1,11486.7,28716.74,,28716.74
2114,2024-05-13 14:21:00,12675011,Norte,Presencial,5,5,MUS-AZU-M,1,12928.22,32320.56,,32320.56
2114,2024-05-13 14:21:00,12675011,Norte,Presencial,5,5,GOR-GRI-S,1,11486.7,28716.74,,28716.74
2115,2024-02-16 09:45:00,39176602,Shopping,Presencial,7,3,CIN-MAR-L,1,13257.96,33144.89,,33144.89
2116,2024-12-12 17:45:00,17157379,Centro,Presencial,2,5,GOR-ROJ-S,1,11486.7,28716.74,,28716.74
2116,2024-12-12 17:45:00,17157379,Centro,Presencial,2,5,CHU-ÍND-L,1,13529.35,33823.38,,33823.38
2116,2024-12-12 17:45:00,17157379,Centro,Presencial,2,5,JOG-ÍND-M,1,16544.66,41361.66,,41361.66
2116,2024-12-12 17:45:00,17157379,Centro,Presencial,2,5,JOG-AZU-XXL,2,16544.66,41361.66,,82723.32
2116,2024-12-12 17:45:00,17157379,Centro,Presencial,2,5,SWE-MAR-unico,1,13010.13,32525.33,,32525.33
2117,2024-12-07 18:08:00,15745388,Shopping,Presencial,7,1,GOR-GRI-unico,1,11486.7,28716.74,,28716.74
2117,2024-12-07 18:08:00,15745388,Shopping,Presencial,7,1,JOG-AZU-unico,1,16544.66,41361.66,,41361.66
2117,2024-12-07 18:08:00,15745388,Shopping,Presencial,7,1,GOR-GRI-M,1,11486.7,28716.74,,28716.74
2117,2024-12-07 18:08:00,15745388,Shopping,Presencial,7,1,JOG-CEL-unico,2,16544.66,41361.66,,82723.32
2118,2024-12-27 05:28:00,34218318,Tienda Online,Web,9,4,REM-CEL-XXL,1,13673.12,34182.8,,34182.8
2118,2024-12-27 05:28:00,34218318,Tienda Online,Web,9,4,MUS-AZU-XXL,1,12928.22,32320.56,,32320.56
2118,2024-12-27 05:28:00,34218318,Tienda Online,Web,9,4,MUS-CEL-S,1,12928.22,32320.56,,32320.56
2118,2024-12-27 05:28:00,34218318,Tienda Online,Web,9,4,CIN-TUR-unico,1,13257.96,33144.89,,33144.89
2118,2024-12-27 05:28:00,34218318,Tienda Online,Web,9,4,SWE-MAR-unico,1,13010.13,32525.33,,32525.33
2119,2025-08-15 15:16:00,25863159,Tienda Online,Web,10,2,CAM-BLA-XL,1,14680.23,36700.58,,36700.58
2119,2025-08-15 15:16:00,25863159,Tienda Online,Web,10,2,REM-CEL-XXL,1,13673.12,34182.8,,34182.8
2120,2025-05-17 09:29:00,12462702,Shopping,Presencial,7,2,CAM-BLA-M,1,14680.23,36700.58,,36700.58
2120,2025-05-17 09:29:00,12462702,Shopping,Presencial,7,2,CIN-ROS-unico,1,13257.96,33144.89,,33144.89
2120,2025-05-17 09:29:00,12462702,Shopping,Presencial,7,2,CAM-BLA-M,1,14680.23,36700.58,,36700.58
2120,2025-05-17 09:29:00,12462702,Shopping,Presencial,7,2,CAM-BEI-S,1,14680.23,36700.58,,36700.58
2121,2024-09-07 09:41:00,17318490,Tienda Online,Web,10,2,MUS-AZU-M,1,12928.22,32320.56,,32320.56
2121,2024-09-07 09:41:00,17318490,Tienda Online,Web,10,2,SWE-AZU-S,1,13010.13,32525.33,,32525.33
2121,2024-09-07 09:41:00,17318490,Tienda Online,Web,10,2,REM-VIO-M,2,13071.19,32677.97,,65355.94
2121,2024-09-07 09:41:00,17318490,Tienda Online,Web,10,2,CAM-CEL-XL,1,14680.23,36700.58,,36700.58
2122,2024-11-29 02:20:00,17792713,Tienda Online,Web,10,3,REM-VIO-XL,1,13071.19,32677.97,,32677.97
2123,2024-09-12 19:22:00,25534107,Centro,Presencial,2,4,CHU-VER-XL,2,13529.35,33823.38,,67646.76
2123,2024-09-12 19:22:00,25534107,Centro,Presencial,2,4,MUS-AZU-M,1,12928.22,32320.56,,32320.56
2123,2024-09-12 19:22:00,25534107,Centro,Presencial,2,4,CIN-ROS-XXL,1,13257.96,33144.89,,33144.89
2124,2024-01-20 09:33:00,36913358,Centro,Presencial,1,3,JOG-AZU-unico,1,16544.66,41361.66,,41361.66
2124,2024-01-20 09:33:00,36913358,Centro,Presencial,1,3,JEA-NEG-M,1,8748.58,21871.44,,21871.44
2124,2024-01-20 09:33:00,36913358,Centro,Presencial,1,3,SWE-AZU-S,1,13010.13,32525.33,,32525.33
2124,2024-01-20 09:33:00,36913358,Centro,Presencial,1,3,SWE-AZU-S,1,13010.13,32525.33,,32525.33
2125,2024-04-10 17:27:00,38902901,Centro,Presencial,1,5,CHU-VER-XL,1,13529.35,33823.38,,33823.38
2126,2024-12-31 11:37:00,38153498,Norte,Presencial,4,1,GOR-GRI-S,1,11486.7,28716.74,,28716.74
2126,2024-12-31 11:37:00,38153498,Norte,Presencial,4,1,JOG-AZU-unico,2,16544.66,41361.66,,82723.32
2126,2024-12-31 11:37:00,38153498,Norte,Presencial,4,1,CHU-VER-XL,1,13529.35,33823.38,,33823.38
2127,2025-11-28 14:02:00,20504726,Centro,Presencial,2,1,CIN-TUR-unico,2,13257.96,33144.89,,66289.78
2127,2025-11-28 14:02:00,20504726,Centro,Presencial,2,1,CIN-ROS-S,1,13257.96,33144.89,,33144.89
2127,2025-11-28 14:02:00,20504726,Centro,Presencial,2,1,SWE-MAR-S,1,13010.13,32525.33,,32525.33
2127,2025-11-28 14:02:00,20504726,Centro,Presencial,2,1,JEA-LAV-unico,1,8748.58,17497.15,1.0,17497.15
2127,2025-11-28 14:02:00,20504726,Centro,Presencial,2,1,REM-TUR-XXL,1,13673.12,34182.8,,34182.8
2128,2024-06-13 10:00:00,32833825,Shopping,Presencial,7,1,CHU-NEG-S,1,13529.35,33823.38,,33823.38
2128,2024-06-13 10:00:00,32833825,Shopping,Presencial,7,1,CIN-MAR-M,1,13257.96,33144.89,,33144.89
2128,2024-06-13 10:00:00,32833825,Shopping,Presencial,7,1,CHU-NEG-S,2,13529.35,33823.38,,67646.76
2129,2024-07-15 16:28:00,16065254,Shopping,Presencial,7,3,CAM-BEI-L,1,14680.23,36700.58,,36700.58
2129,2024-07-15 16:28:00,16065254,Shopping,Presencial,7,3,CIN-TUR-XL,1,13257.96,33144.89,,33144.89
2129,2024-07-15 16:28:00,16065254,Shopping,Presencial,7,3,CHU-ÍND-L,1,13529.35,33823.38,,33823.38
2129,2024-07-15 16:28:00,16065254,Shopping,Presencial,7,3,GOR-GRI-L,1,11486.7,28716.74,,28716.74
2130,2024-08-31 16:43:00,16244704,Centro,Presencial,2,4,JEA-LAV-unico,1,8748.58,21871.44,,21871.44
2131,2025-09-09 13:53:00,16778091,Centro,Presencial,1,3,SWE-MAR-M,1,13010.13,32525.33,,32525.33
2131,2025-09-09 13:53:00,16778091,Centro,Presencial,1,3,MUS-CEL-S,1,12928.22,32320.56,,32320.56
2131,2025-09-09 13:53:00,16778091,Centro,Presencial,1,3,MUS-AZU-M,1,12928.22,32320.56,,32320.56
2131,2025-09-09 13:53:00,16778091,Centro,Presencial,1,3,GOR-GRI-XXL,1,11486.7,28716.74,,28716.74
2132,2024-04-12 17:48:00,18792148,Norte,Presencial,5,2,SWE-AZU-S,1,13010.13,32525.33,,32525.33
2133,2025-05-17 10:57:00,34798543,Centro,Presencial,2,2,JOG-ÍND-XL,1,16544.66,41361.66,,41361.66
2133,2025-05-17 10:57:00,34798543,Centro,Presencial,2,2,GOR-ROJ-unico,1,11486.7,28716.74,,28716.74
2133,2025-05-17 10:57:00,34798543,Centro,Presencial,2,2,CAM-BLA-XL,1,14680.23,36700.58,,36700.58
2133,2025-05-17 10:57:00,34798543,Centro,Presencial,2,2,CAM-BEI-L,1,14680.23,36700.58,,36700.58
2134,2024-11-02 11:08:00,14616506,Tienda Online,Web,10,4,JOG-AZU-unico,1,16544.66,41361.66,,41361.66
2134,2024-11-02 11:08:00,14616506,Tienda Online,Web,10,4,CHU-NEG-S,1,13529.35,33823.38,,33823.38
2134,2024-11-02 11:08:00,14616506,Tienda Online,Web,10,4,MUS-CEL-S,1,12928.22,32320.56,,32320.56
2134,2024-11-02 11:08:00,14616506,Tienda Online,Web,10,4,JEA-LAV-L,1,8748.58,21871.44,,21871.44
2134,2024-11-02 11:08:00,14616506,Tienda Online,Web,10,4,CHU-VER-XL,1,13529.35,33823.38,,33823.38
2135,2024-12-30 15:42:00,24097997,Shopping,Presencial,7,1,CHU-ÍND-XXL,1,13529.35,33823.38,,33823.38
2135,2024-12-30 15:42:00,24097997,Shopping,Presencial,7,1,CHU-NEG-XXL,1,13529.35,33823.38,,33823.38
2135,2024-12-30 15:42:00,24097997,Shopping,Presencial,7,1,JEA-NEG-M,2,8748.58,21871.44,,43742.88
2135,2024-12-30 15:42:00,24097997,Shopping,Presencial,7,1,MUS-AZU-M,2,12928.22,32320.56,,64641.12
2136,2024-10-05 15:29:00,12667017,Centro,Presencial,2,3,CHU-VER-XL,1,13529.35,33823.38,,33823.38
2136,2024-10-05 15:29:00,12667017,Centro,Presencial,2,3,CAM-BEI-L,1,14680.23,36700.58,,36700.58
2136,2024-10-05 15:29:00,12667017,Centro,Presencial,2,3,MUS-AZU-M,1,12928.22,32320.56,,32320.56
2136,2024-10-05 15:29:00,12667017,Centro,Presencial,2,3,BUZ-AZU-unico,2,11827.69,29569.23,,59138.46
2136,2024-10-05 15:29:00,12667017,Centro,Presencial,2,3,MUS-AZU-M,1,12928.22,32320.56,,32320.56
2137,2024-04-29 10:44:00,11433274,Shopping,Presencial,7,5,GOR-GRI-unico,2,11486.7,28716.74,,57433.48
2137,2024-04-29 10:44:00,11433274,Shopping,Presencial,7,5,JEA-NEG-M,1,8748.58,21871.44,,21871.44
2137,2024-04-29 10:44:00,11433274,Shopping,Presencial,7,5,CIN-TUR-XL,1,13257.96,33144.89,,33144.89
2138,2024-07-25 09:46:00,19888757,Centro,Presencial,2,3,MUS-AZU-unico,1,12928.22,32320.56,,32320.56
2138,2024-07-25 09:46:00,19888757,Centro,Presencial,2,3,MUS-AZU-M,1,12928.22,32320.56,,32320.56
2138,2024-07-25 09:46:00,19888757,Centro,Presencial,2,3,MUS-CEL-S,2,12928.22,32320.56,,64641.12
2139,2025-01-17 03:32:00,35441229,Tienda Online,Web,10,1,GOR-GRI-M,1,11486.7,28716.74,,28716.74
2140,2024-04-23 19:01:00,33160875,Shopping,Presencial,7,1,GOR-GRI-M,1,11486.7,28716.74,,28716.74
2140,2024-04-23 19:01:00,33160875,Shopping,Presencial,7,1,SWE-MAR-L,1,13010.13,32525.33,,32525.33
2140,2024-04-23 19:01:00,33160875,Shopping,Presencial,7,1,CAM-CEL-XL,1,14680.23,36700.58,,36700.58
2141,2025-09-13 15:28:00,20256869,Tienda Online,Web,10,3,CHU-VER-L,1,13529.35,33823.38,,33823.38
2141,2025-09-13 15:28:00,20256869,Tienda Online,Web,10,3,CHU-VER-XL,1,13529.35,33823.38,,33823.38
2141,2025-09-13 15:28:00,20256869,Tienda Online,Web,10,3,CAM-BLA-M,1,14680.23,36700.58,,36700.58
2141,2025-09-13 15:28:00,20256869,Tienda Online,Web,10,3,BUZ-AZU-L,1,11827.69,29569.23,,29569.23
2141,2025-09-13 15:28:00,20256869,Tienda Online,Web,10,3,GOR-ROJ-S,1,11486.7,28716.74,,28716.74
2142,2024-12-03 22:34:00,42859207,Tienda Online,Web,10,5,CAM-BEI-L,1,14680.23,36700.58,,36700.58
2143,2025-08-09 16:40:00,40890427,Centro,Presencial,1,3,CHU-NEG-S,1,13529.35,33823.38,,33823.38
2144,2024-10-15 19:29:00,26594901,Centro,Presencial,2,1,JOG-CEL-unico,1,16544.66,41361.66,,41361.66
2144,2024-10-15 19:29:00,26594901,Centro,Presencial,2,1,JOG-ÍND-XL,1,16544.66,41361.66,,41361.66
2144,2024-10-15 19:29:00,26594901,Centro,Presencial,2,1,JEA-LAV-L,1,8748.58,21871.44,,21871.44
2144,2024-10-15 19:29:00,26594901,Centro,Presencial,2,1,CAM-BLA-M,1,14680.23,36700.58,,36700.58
2145,2025-05-14 18:59:00,14441842,Tienda Online,Web,10,3,JEA-LAV-unico,1,8748.58,21871.44,,21871.44
2145,2025-05-14 18:59:00,14441842,Tienda Online,Web,10,3,GOR-GRI-XXL,1,11486.7,28716.74,,28716.74
2145,2025-05-14 18:59:00,14441842,Tienda Online,Web,10,3,REM-TUR-XXL,2,13673.12,34182.8,,68365.6
2145,2025-05-14 18:59:00,14441842,Tienda Online,Web,10,3,CAM-BLA-M,1,14680.23,36700.58,,36700.58
2146,2025-06-21 11:49:00,26373518,Norte,Presencial,6,2,SWE-MAR-XXL,2,13010.13,32525.33,,65050.66
2147,2024-11-22 17:53:00,37011889,Norte,Presencial,5,4,GOR-ROJ-S,1,11486.7,28716.74,,28716.74
2147,2024-11-22 17:53:00,37011889,Norte,Presencial,5,4,GOR-GRI-XXL,1,11486.7,28716.74,,28716.74
2147,2024-11-22 17:53:00,37011889,Norte,Presencial,5,4,SWE-MAR-unico,1,13010.13,32525.33,,32525.33
2148,2024-03-16 09:12:00,16065254,Shopping,Presencial,7,2,REM-CEL-XXL,2,13673.12,34182.8,,68365.6
2149,2024-12-02 15:59:00,19364231,Tienda Online,Web,10,1,CIN-MAR-M,1,13257.96,33144.89,,33144.89
2149,2024-12-02 15:59:00,19364231,Tienda Online,Web,10,1,GOR-GRI-XXL,1,11486.7,28716.74,,28716.74
2149,2024-12-02 15:59:00,19364231,Tienda Online,Web,10,1,GOR-ROJ-S,2,11486.7,28716.74,,57433.48
2149,2024-12-02 15:59:00,19364231,Tienda Online,Web,10,1,GOR-GRI-unico,1,11486.7,28716.74,,28716.74
2150,2024-11-25 10:45:00,10990382,Centro,Presencial,1,1,GOR-ROJ-S,1,11486.7,28716.74,,28716.74
2151,2025-11-25 13:44:00,37011889,Centro,Presencial,2,1,JOG-CEL-unico,1,16544.66,31021.25,4.0,31021.25
2152,2024-11-08 13:46:00,31625779,Shopping,Presencial,7,2,CHU-NEG-S,1,13529.35,33823.38,,33823.38
2152,2024-11-08 13:46:00,31625779,Shopping,Presencial,7,2,CIN-MAR-L,1,13257.96,33144.89,,33144.89
2152,2024-11-08 13:46:00,31625779,Shopping,Presencial,7,2,CIN-TUR-XL,2,13257.96,33144.89,,66289.78
2152,2024-11-08 13:46:00,31625779,Shopping,Presencial,7,2,JOG-ÍND-M,2,16544.66,41361.66,,82723.32
2152,2024-11-08 13:46:00,31625779,Shopping,Presencial,7,2,JEA-NEG-M,1,8748.58,21871.44,,21871.44
2153,2024-02-02 12:36:00,26654221,Shopping,Presencial,7,3,CIN-MAR-S,1,13257.96,33144.89,,33144.89
2154,2025-06-26 19:55:00,24304543,Tienda Online,Web,10,4,CHU-NEG-M,1,13529.35,33823.38,,33823.38
2154,2025-06-26 19:55:00,24304543,Tienda Online,Web,10,4,JEA-LAV-L,2,8748.58,21871.44,,43742.88
2154,2025-06-26 19:55:00,24304543,Tienda Online,Web,10,4,CIN-ROS-unico,1,13257.96,33144.89,,33144.89
2155,2025-11-27 12:41:00,13597644,Centro,Presencial,1,3,JOG-CEL-unico,1,16544.66,41361.66,,41361.66
2155,2025-11-27 12:41:00,13597644,Centro,Presencial,1,3,JEA-NEG-XL,2,8748.58,17934.58,9.0,35869.16
2156,2025-07-12 17:57:00,28316378,Tienda Online,Web,9,3,CHU-ÍND-XXL,1,13529.35,33823.38,,33823.38
2156,2025-07-12 17:57:00,28316378,Tienda Online,Web,9,3,SWE-MAR-XXL,1,13010.13,32525.33,,32525.33
2156,2025-07-12 17:57:00,28316378,Tienda Online,Web,9,3,JOG-AZU-XXL,1,16544.66,41361.66,,41361.66
2156,2025-07-12 17:57:00,28316378,Tienda Online,Web,9,3,JOG-CEL-unico,1,16544.66,41361.66,,41361.66
2156,2025-07-12 17:57:00,28316378,Tienda Online,Web,9,3,JEA-LAV-unico,1,8748.58,21871.44,,21871.44
2157,2024-11-22 01:08:00,22588451,Tienda Online,Web,10,1,GOR-ROJ-S,1,11486.7,28716.74,,28716.74
2157,2024-11-22 01:08:00,22588451,Tienda Online,Web,10,1,BUZ-AZU-M,1,11827.69,29569.23,,29569.23
2157,2024-11-22 01:08:00,22588451,Tienda Online,Web,10,1,JOG-CEL-unico,1,16544.66,41361.66,,41361.66
2158,2024-04-27 11:19:00,44304306,Shopping,Presencial,7,1,CIN-MAR-XL,1,13257.96,33144.89,,33144.89
2158,2024-04-27 11:19:00,44304306,Shopping,Presencial,7,1,SWE-MAR-L,1,13010.13,32525.33,,32525.33
2158,2024-04-27 11:19:00,44304306,Shopping,Presencial,7,1,GOR-GRI-L,1,11486.7,28716.74,,28716.74
2158,2024-04-27 11:19:00,44304306,Shopping,Presencial,7,1,JOG-CEL-unico,1,16544.66,41361.66,,41361.66
2158,2024-04-27 11:19:00,44304306,Shopping,Presencial,7,1,CIN-MAR-M,1,13257.96,33144.89,,33144.89
2159,2025-10-12 19:43:00,28349234,Centro,Presencial,1,3,REM-TUR-S,1,13673.12,34182.8,,34182.8
2159,2025-10-12 19:43:00,28349234,Centro,Presencial,1,3,CHU-NEG-unico,1,13529.35,30441.04,2.0,30441.04
2159,2025-10-12 19:43:00,28349234,Centro,Presencial,1,3,GOR-GRI-M,2,11486.7,28716.74,,57433.48
2159,2025-10-12 19:43:00,28349234,Centro,Presencial,1,3,CIN-TUR-XL,2,13257.96,33144.89,,66289.78
2160,2024-03-05 09:24:00,32049663,Shopping,Presencial,7,2,REM-TUR-XXL,1,13673.12,34182.8,,34182.8
2161,2025-04-25 09:56:00,42789774,Centro,Presencial,1,3,JOG-CEL-unico,1,16544.66,41361.66,,41361.66
2162,2025-06-21 19:38:00,27785377,Norte,Presencial,4,5,MUS-AZU-XXL,1,12928.22,32320.56,,32320.56
2162,2025-06-21 19:38:00,27785377,Norte,Presencial,4,5,REM-TUR-S,1,13673.12,34182.8,,34182.8
2163,2024-12-20 22:21:00,16898363,Tienda Online,Web,10,5,SWE-MAR-M,1,13010.13,32525.33,,32525.33
2163,2024-12-20 22:21:00,16898363,Tienda Online,Web,10,5,CIN-MAR-S,1,13257.96,33144.89,,33144.89
2163,2024-12-20 22:21:00,16898363,Tienda Online,Web,10,5,CIN-ROS-XXL,1,13257.96,33144.89,,33144.89
2163,2024-12-20 22:21:00,16898363,Tienda Online,Web,10,5,JOG-ÍND-M,1,16544.66,41361.66,,41361.66
2164,2024-03-20 13:30:00,27044130,Centro,Presencial,2,3,CIN-MAR-S,2,13257.96,33144.89,,66289.78
2164,2024-03-20 13:30:00,27044130,Centro,Presencial,2,3,JOG-ÍND-XL,1,16544.66,41361.66,,41361.66
2164,2024-03-20 13:30:00,27044130,Centro,Presencial,2,3,CIN-ROS-XXL,1,13257.96,33144.89,,33144.89
2164,2024-03-20 13:30:00,27044130,Centro,Presencial,2,3,GOR-GRI-S,2,11486.7,28716.74,,57433.48
2165,2024-03-16 04:43:00,35059825,Tienda Online,Web,9,1,REM-CEL-XXL,1,13673.12,34182.8,,34182.8
2165,2024-03-16 04:43:00,35059825,Tienda Online,Web,9,1,MUS-CEL-S,1,12928.22,32320.56,,32320.56
2166,2025-07-11 04:08:00,18494838,Tienda Online,Web,9,4,REM-VIO-L,1,13071.19,32677.97,,32677.97
2166,2025-07-11 04:08:00,18494838,Tienda Online,Web,9,4,JEA-LAV-L,1,8748.58,21871.44,,21871.44
2167,2024-05-30 19:40:00,25534107,Shopping,Presencial,7,5,GOR-GRI-S,1,11486.7,27916.74,12.0,27916.74
2167,2024-05-30 19:40:00,25534107,Shopping,Presencial,7,5,JEA-LAV-unico,1,8748.58,21871.44,,21871.44
2167,2024-05-30 19:40:00,25534107,Shopping,Presencial,7,5,MUS-AZU-M,1,12928.22,32320.56,,32320.56
2167,2024-05-30 19:40:00,25534107,Shopping,Presencial,7,5,CHU-ÍND-L,2,13529.35,33023.38,12.0,66046.76
2168,2025-03-29 13:43:00,41535292,Tienda Online,Web,9,1,CIN-MAR-L,1,13257.96,33144.89,,33144.89
2168,2025-03-29 13:43:00,41535292,Tienda Online,Web,9,1,JEA-NEG-M,1,8748.58,21871.44,,21871.44
2168,2025-03-29 13:43:00,41535292,Tienda Online,Web,9,1,CHU-VER-XL,1,13529.35,20294.03,7.0,20294.03
2168,2025-03-29 13:43:00,41535292,Tienda Online,Web,9,1,CHU-VER-XL,1,13529.35,33823.38,,33823.38
2169,2024-06-29 23:20:00,15815848,Tienda Online,Web,10,2,BUZ-AZU-unico,1,11827.69,29569.23,,29569.23
2169,2024-06-29 23:20:00,15815848,Tienda Online,Web,10,2,MUS-CEL-S,1,12928.22,32320.56,,32320.56
2169,2024-06-29 23:20:00,15815848,Tienda Online,Web,10,2,CHU-NEG-M,1,13529.35,33823.38,,33823.38
2169,2024-06-29 23:20:00,15815848,Tienda Online,Web,10,2,BUZ-AZU-unico,1,11827.69,29569.23,,29569.23
2169,2024-06-29 23:20:00,15815848,Tienda Online,Web,10,2,CIN-TUR-unico,1,13257.96,33144.89,,33144.89
2170,2024-12-16 10:27:00,32899636,Shopping,Presencial,7,3,GOR-GRI-XXL,1,11486.7,28716.74,,28716.74
2170,2024-12-16 10:27:00,32899636,Shopping,Presencial,7,3,GOR-GRI-M,1,11486.7,28716.74,,28716.74
2170,2024-12-16 10:27:00,32899636,Shopping,Presencial,7,3,GOR-GRI-unico,2,11486.7,28716.74,,57433.48
2170,2024-12-16 10:27:00,32899636,Shopping,Presencial,7,3,GOR-GRI-M,1,11486.7,28716.74,,28716.74
2170,2024-12-16 10:27:00,32899636,Shopping,Presencial,7,3,CIN-MAR-L,1,13257.96,33144.89,,33144.89
2171,2024-03-02 15:04:00,22588451,Shopping,Presencial,7,1,CAM-BEI-unico,2,14680.23,36700.58,,73401.16
2172,2024-12-06 03:58:00,39377500,Tienda Online,Web,10,2,CIN-MAR-S,1,13257.96,33144.89,,33144.89
2172,2024-12-06 03:58:00,39377500,Tienda Online,Web,10,2,MUS-AZU-XXL,1,12928.22,32320.56,,32320.56
2172,2024-12-06 03:58:00,39377500,Tienda Online,Web,10,2,BUZ-AZU-unico,1,11827.69,29569.23,,29569.23
2172,2024-12-06 03:58:00,39377500,Tienda Online,Web,10,2,SWE-MAR-unico,1,13010.13,32525.33,,32525.33
2173,2024-09-06 19:34:00,21787005,Norte,Presencial,4,4,GOR-GRI-S,1,11486.7,28716.74,,28716.74
2173,2024-09-06 19:34:00,21787005,Norte,Presencial,4,4,JOG-ÍND-S,2,16544.66,41361.66,,82723.32
2173,2024-09-06 19:34:00,21787005,Norte,Presencial,4,4,GOR-GRI-XXL,1,11486.7,28716.74,,28716.74
2173,2024-09-06 19:34:00,21787005,Norte,Presencial,4,4,JOG-ÍND-S,1,16544.66,41361.66,,41361.66
2174,2025-07-06 08:41:00,34546748,Tienda Online,Web,10,4,MUS-AZU-M,1,12928.22,32320.56,,32320.56
2175,2025-11-01 15:33:00,11780798,Tienda Online,Web,10,2,CAM-BEI-S,1,14680.23,36700.58,,36700.58
2175,2025-11-01 15:33:00,11780798,Tienda Online,Web,10,2,SWE-AZU-XXL,1,13010.13,26670.77,9.0,26670.77
2176,2024-05-17 07:05:00,32833825,Tienda Online,Web,9,1,GOR-GRI-unico,2,11486.7,27916.74,12.0,55833.48
2176,2024-05-17 07:05:00,32833825,Tienda Online,Web,9,1,CIN-MAR-XL,2,13257.96,33144.89,,66289.78
2176,2024-05-17 07:05:00,32833825,Tienda Online,Web,9,1,CIN-MAR-M,1,13257.96,33144.89,,33144.89
2177,2025-07-25 05:50:00,17318490,Tienda Online,Web,9,1,CIN-TUR-XL,1,13257.96,33144.89,,33144.89
2177,2025-07-25 05:50:00,17318490,Tienda Online,Web,9,1,MUS-AZU-M,1,12928.22,32320.56,,32320.56
2177,2025-07-25 05:50:00,17318490,Tienda Online,Web,9,1,GOR-ROJ-unico,1,11486.7,28716.74,,28716.74
2177,2025-07-25 05:50:00,17318490,Tienda Online,Web,9,1,SWE-MAR-L,2,13010.13,32525.33,,65050.66
2178,2024-07-26 11:54:00,27579520,Tienda Online,Web,9,2,JEA-LAV-L,1,8748.58,21871.44,,21871.44
2178,2024-07-26 11:54:00,27579520,Tienda Online,Web,9,2,CIN-TUR-unico,1,13257.96,33144.89,,33144.89
2178,2024-07-26 11:54:00,27579520,Tienda Online,Web,9,2,REM-CEL-XXL,1,13673.12,34182.8,,34182.8
2178,2024-07-26 11:54:00,27579520,Tienda Online,Web,9,2,JEA-LAV-L,1,8748.58,21871.44,,21871.44
2179,2024-03-16 11:44:00,42494017,Shopping,Presencial,7,5,GOR-GRI-M,1,11486.7,28716.74,,28716.74
2179,2024-03-16 11:44:00,42494017,Shopping,Presencial,7,5,CHU-NEG-M,1,13529.35,33823.38,,33823.38
2180,2024-09-13 03:07:00,24449461,Tienda Online,Web,10,1,REM-VIO-M,1,13071.19,32677.97,,32677.97
2181,2025-05-07 08:44:00,25636276,Tienda Online,Web,9,2,CIN-TUR-XL,1,13257.96,33144.89,,33144.89
2181,2025-05-07 08:44:00,25636276,Tienda Online,Web,9,2,SWE-MAR-M,1,13010.13,32525.33,,32525.33
2181,2025-05-07 08:44:00,25636276,Tienda Online,Web,9,2,MUS-CEL-M,1,12928.22,32320.56,,32320.56
2181,2025-05-07 08:44:00,25636276,Tienda Online,Web,9,2,JOG-AZU-unico,1,16544.66,41361.66,,41361.66
2182,2024-05-13 18:01:00,23663184,Centro,Presencial,2,1,JEA-LAV-unico,1,8748.58,21871.44,,21871.44
2182,2024-05-13 18:01:00,23663184,Centro,Presencial,2,1,CHU-NEG-M,2,13529.35,33823.38,,67646.76
2182,2024-05-13 18:01:00,23663184,Centro,Presencial,2,1,CHU-NEG-S,1,13529.35,33823.38,,33823.38
2183,2024-05-08 19:07:00,32833825,Tienda Online,Web,9,5,GOR-GRI-unico,1,11486.7,28716.74,,28716.74
2183,2024-05-08 19:07:00,32833825,Tienda Online,Web,9,5,GOR-GRI-S,1,11486.7,28716.74,,28716.74
2183,2024-05-08 19:07:00,32833825,Tienda Online,Web,9,5,CIN-ROS-XXL,1,13257.96,33144.89,,33144.89
2183,2024-05-08 19:07:00,32833825,Tienda Online,Web,9,5,JOG-AZU-unico,1,16544.66,40561.66,12.0,40561.66
2184,2024-03-13 09:19:00,13495405,Norte,Presencial,6,1,CAM-CEL-XL,1,14680.23,36700.58,,36700.58
2184,2024-03-13 09:19:00,13495405,Norte,Presencial,6,1,REM-TUR-XXL,1,13673.12,34182.8,,34182.8
2184,2024-03-13 09:19:00,13495405,Norte,Presencial,6,1,CAM-BEI-L,1,14680.23,36700.58,,36700.58
2184,2024-03-13 09:19:00,13495405,Norte,Presencial,6,1,SWE-MAR-L,1,13010.13,32525.33,,32525.33
2185,2025-04-16 17:21:00,44670267,Shopping,Presencial,7,3,JOG-CEL-unico,1,16544.66,33916.56,10.0,33916.56
2185,2025-04-16 17:21:00,44670267,Shopping,Presencial,7,3,CAM-BLA-S,1,14680.23,30094.48,10.0,30094.48
2185,2025-04-16 17:21:00,44670267,Shopping,Presencial,7,3,REM-TUR-S,1,13673.12,28029.9,10.0,28029.9
2185,2025-04-16 17:21:00,44670267,Shopping,Presencial,7,3,BUZ-AZU-M,1,11827.69,29569.23,,29569.23
2185,2025-04-16 17:21:00,44670267,Shopping,Presencial,7,3,REM-VIO-XL,1,13071.19,32677.97,,32677.97
2186,2025-05-16 15:21:00,26523232,Centro,Presencial,2,2,BUZ-AZU-unico,1,11827.69,29569.23,,29569.23
2186,2025-05-16 15:21:00,26523232,Centro,Presencial,2,2,CAM-BEI-unico,2,14680.23,36700.58,,73401.16
2187,2024-05-31 16:46:00,11735763,Shopping,Presencial,7,4,BUZ-AZU-M,2,11827.69,29569.23,,59138.46
2187,2024-05-31 16:46:00,11735763,Shopping,Presencial,7,4,CAM-CEL-XL,1,14680.23,36700.58,,36700.58
2188,2025-06-02 23:05:00,24135116,Tienda Online,Web,10,5,MUS-CEL-M,1,12928.22,32320.56,,32320.56
2189,2025-06-16 11:04:00,26373518,Tienda Online,Web,10,5,GOR-GRI-M,1,11486.7,28716.74,,28716.74
2189,2025-06-16 11:04:00,26373518,Tienda Online,Web,10,5,CHU-VER-XL,1,13529.35,33823.38,,33823.38
2190,2024-07-13 20:03:00,34268915,Tienda Online,Web,9,2,CAM-CEL-XL,1,14680.23,36700.58,,36700.58
2190,2024-07-13 20:03:00,34268915,Tienda Online,Web,9,2,GOR-GRI-S,1,11486.7,28716.74,,28716.74
2190,2024-07-13 20:03:00,34268915,Tienda Online,Web,9,2,GOR-GRI-unico,1,11486.7,28716.74,,28716.74
2191,2024-12-07 18:33:00,32132749,Tienda Online,Web,10,1,JEA-LAV-L,1,8748.58,21871.44,,21871.44
2191,2024-12-07 18:33:00,32132749,Tienda Online,Web,10,1,JEA-NEG-M,1,8748.58,21871.44,,21871.44
2192,2025-10-30 10:04:00,41690133,Tienda Online,Web,9,3,JOG-ÍND-S,1,16544.66,41361.66,,41361.66
2193,2024-11-23 16:35:00,26161813,Norte,Presencial,5,5,REM-BLA-XL,1,13071.19,32677.97,,32677.97
2194,2025-11-22 18:42:00,16709628,Tienda Online,Web,10,1,SWE-MAR-M,1,13010.13,26670.77,9.0,26670.77
2194,2025-11-22 18:42:00,16709628,Tienda Online,Web,10,1,JOG-ÍND-S,1,16544.66,41361.66,,41361.66
2194,2025-11-22 18:42:00,16709628,Tienda Online,Web,10,1,MUS-AZU-unico,2,12928.22,26502.86,9.0,53005.72
2195,2025-01-25 01:19:00,41341494,Tienda Online,Web,9,3,MUS-AZU-M,1,12928.22,32320.56,,32320.56
2195,2025-01-25 01:19:00,41341494,Tienda Online,Web,9,3,JEA-LAV-unico,1,8748.58,21871.44,,21871.44
2196,2024-03-09 17:46:00,10524999,Norte,Presencial,6,3,MUS-AZU-XXL,1,12928.22,32320.56,,32320.56
2196,2024-03-09 17:46:00,10524999,Norte,Presencial,6,3,CIN-MAR-XL,1,13257.96,33144.89,,33144.89
2196,2024-03-09 17:46:00,10524999,Norte,Presencial,6,3,JOG-ÍND-M,1,16544.66,41361.66,,41361.66
2196,2024-03-09 17:46:00,10524999,Norte,Presencial,6,3,CIN-MAR-M,1,13257.96,33144.89,,33144.89
2197,2025-05-31 08:24:00,40515566,Tienda Online,Web,10,5,JEA-NEG-unico,1,8748.58,21871.44,,21871.44
2197,2025-05-31 08:24:00,40515566,Tienda Online,Web,10,5,CAM-BLA-XL,1,14680.23,36700.58,,36700.58
2197,2025-05-31 08:24:00,40515566,Tienda Online,Web,10,5,REM-VIO-XL,2,13071.19,32677.97,,65355.94
2197,2025-05-31 08:24:00,40515566,Tienda Online,Web,10,5,CHU-NEG-XL,1,13529.35,33823.38,,33823.38
2197,2025-05-31 08:24:00,40515566,Tienda Online,Web,10,5,CIN-TUR-XL,1,13257.96,33144.89,,33144.89
2198,2025-05-02 04:58:00,16123174,Tienda Online,Web,10,3,BUZ-AZU-unico,1,11827.69,29569.23,,29569.23
2198,2025-05-02 04:58:00,16123174,Tienda Online,Web,10,3,GOR-GRI-L,1,11486.7,28716.74,,28716.74
2198,2025-05-02 04:58:00,16123174,Tienda Online,Web,10,3,GOR-GRI-L,1,11486.7,28716.74,,28716.74
2198,2025-05-02 04:58:00,16123174,Tienda Online,Web,10,3,CAM-BEI-L,1,14680.23,36700.58,,36700.58
2198,2025-05-02 04:58:00,16123174,Tienda Online,Web,10,3,SWE-MAR-M,1,13010.13,32525.33,,32525.33
2199,2025-09-09 00:17:00,25674110,Tienda Online,Web,10,1,GOR-GRI-unico,1,11486.7,28716.74,,28716.74
2199,2025-09-09 00:17:00,25674110,Tienda Online,Web,10,1,CIN-MAR-L,2,13257.96,33144.89,,66289.78
2200,2025-10-17 22:18:00,25845250,Tienda Online,Web,10,3,SWE-MAR-M,1,13010.13,32525.33,,32525.33
2200,2025-10-17 22:18:00,25845250,Tienda Online,Web,10,3,CHU-NEG-S,1,13529.35,33823.38,,33823.38
2200,2025-10-17 22:18:00,25845250,Tienda Online,Web,10,3,MUS-CEL-M,1,12928.22,29088.5,2.0,29088.5
2201,2025-06-01 11:18:00,21260138,Centro,Presencial,1,3,CAM-BEI-S,1,14680.23,36700.58,,36700.58
2201,2025-06-01 11:18:00,21260138,Centro,Presencial,1,3,BUZ-AZU-unico,2,11827.69,29569.23,,59138.46
2202,2024-02-09 13:25:00,17254174,Norte,Presencial,5,3,JEA-NEG-M,2,8748.58,21871.44,,43742.88
2202,2024-02-09 13:25:00,17254174,Norte,Presencial,5,3,BUZ-AZU-M,1,11827.69,29569.23,,29569.23
2202,2024-02-09 13:25:00,17254174,Norte,Presencial,5,3,GOR-GRI-S,1,11486.7,28716.74,,28716.74
2202,2024-02-09 13:25:00,17254174,Norte,Presencial,5,3,CIN-MAR-M,1,13257.96,33144.89,,33144.89
2202,2024-02-09 13:25:00,17254174,Norte,Presencial,5,3,REM-BLA-XL,1,13071.19,32677.97,,32677.97
2203,2025-06-19 14:38:00,24800101,Tienda Online,Web,10,5,CIN-MAR-S,1,13257.96,33144.89,,33144.89
2203,2025-06-19 14:38:00,24800101,Tienda Online,Web,10,5,CIN-TUR-XL,1,13257.96,33144.89,,33144.89
2203,2025-06-19 14:38:00,24800101,Tienda Online,Web,10,5,MUS-AZU-M,1,12928.22,32320.56,,32320.56
2203,2025-06-19 14:38:00,24800101,Tienda Online,Web,10,5,CIN-MAR-XL,1,13257.96,33144.89,,33144.89
2204,2025-11-22 23:06:00,25293994,Tienda Online,Web,9,4,SWE-MAR-XXL,1,13010.13,26670.77,9.0,26670.77
2205,2024-04-05 19:52:00,31084522,Norte,Presencial,5,3,REM-TUR-XXL,1,13673.12,34182.8,,34182.8
2206,2025-02-12 11:32:00,17507729,Norte,Presencial,5,2,CHU-VER-L,1,13529.35,33823.38,,33823.38
2206,2025-02-12 11:32:00,17507729,Norte,Presencial,5,2,JEA-NEG-M,2,8748.58,21871.44,,43742.88
2206,2025-02-12 11:32:00,17507729,Norte,Presencial,5,2,JOG-AZU-XXL,1,16544.66,41361.66,,41361.66
2206,2025-02-12 11:32:00,17507729,Norte,Presencial,5,2,SWE-MAR-M,1,13010.13,32525.33,,32525.33
2206,2025-02-12 11:32:00,17507729,Norte,Presencial,5,2,BUZ-AZU-unico,1,11827.69,29569.23,,29569.23
2207,2025-05-24 07:39:00,10038379,Tienda Online,Web,10,2,CHU-NEG-M,1,13529.35,33823.38,,33823.38
2207,2025-05-24 07:39:00,10038379,Tienda Online,Web,10,2,BUZ-AZU-M,1,11827.69,29569.23,,29569.23
2207,2025-05-24 07:39:00,10038379,Tienda Online,Web,10,2,GOR-GRI-M,1,11486.7,28716.74,,28716.74
2208,2025-11-06 13:11:00,16898363,Centro,Presencial,1,4,JOG-AZU-L,1,16544.66,41361.66,,41361.66
2209,2025-02-14 12:11:00,41366021,Tienda Online,Web,10,3,REM-CEL-XXL,2,13673.12,34182.8,,68365.6
2209,2025-02-14 12:11:00,41366021,Tienda Online,Web,10,3,MUS-AZU-unico,1,12928.22,32320.56,,32320.56
2209,2025-02-14 12:11:00,41366021,Tienda Online,Web,10,3,JOG-AZU-XXL,1,16544.66,41361.66,,41361.66
2209,2025-02-14 12:11:00,41366021,Tienda Online,Web,10,3,CHU-ÍND-XXL,1,13529.35,33823.38,,33823.38
2210,2024-07-05 15:09:00,28124922,Norte,Presencial,6,4,JEA-NEG-unico,1,8748.58,21871.44,,21871.44
2211,2025-02-28 19:50:00,38133707,Shopping,Presencial,7,4,CHU-VER-L,1,13529.35,33823.38,,33823.38
2211,2025-02-28 19:50:00,38133707,Shopping,Presencial,7,4,GOR-GRI-XXL,1,11486.7,28716.74,,28716.74
2211,2025-02-28 19:50:00,38133707,Shopping,Presencial,7,4,MUS-AZU-unico,1,12928.22,32320.56,,32320.56
2211,2025-02-28 19:50:00,38133707,Shopping,Presencial,7,4,MUS-AZU-unico,2,12928.22,32320.56,,64641.12
2212,2025-04-17 19:47:00,34268915,Centro,Presencial,1,3,CHU-ÍND-XL,1,13529.35,33823.38,,33823.38
2212,2025-04-17 19:47:00,34268915,Centro,Presencial,1,3,JEA-NEG-unico,1,8748.58,21871.44,,21871.44
2212,2025-04-17 19:47:00,34268915,Centro,Presencial,1,3,CHU-NEG-unico,1,13529.35,33823.38,,33823.38
2213,2024-03-02 15:57:00,27715659,Norte,Presencial,6,3,CIN-MAR-M,1,13257.96,33144.89,,33144.89
2214,2025-03-07 22:56:00,11310767,Tienda Online,Web,9,2,CAM-CEL-XL,1,14680.23,36700.58,,36700.58
2214,2025-03-07 22:56:00,11310767,Tienda Online,Web,9,2,BUZ-AZU-M,1,11827.69,17741.54,7.0,17741.54
2215,2024-05-24 13:10:00,10372106,Shopping,Presencial,7,5,GOR-GRI-S,1,11486.7,28716.74,,28716.74
2215,2024-05-24 13:10:00,10372106,Shopping,Presencial,7,5,CHU-VER-XL,2,13529.35,33023.38,12.0,66046.76
2216,2025-10-21 09:23:00,38120042,Norte,Presencial,6,1,REM-VIO-M,1,13071.19,32677.97,,32677.97
2216,2025-10-21 09:23:00,38120042,Norte,Presencial,6,1,SWE-MAR-M,1,13010.13,32525.33,,32525.33
2216,2025-10-21 09:23:00,38120042,Norte,Presencial,6,1,REM-BLA-XL,2,13071.19,32677.97,,65355.94
2216,2025-10-21 09:23:00,38120042,Norte,Presencial,6,1,MUS-CEL-S,1,12928.22,32320.56,,32320.56
2216,2025-10-21 09:23:00,38120042,Norte,Presencial,6,1,REM-BLA-unico,1,13071.19,32677.97,,32677.97
2217,2024-06-28 20:52:00,14441842,Tienda Online,Web,10,4,SWE-MAR-L,1,13010.13,32525.33,,32525.33
2217,2024-06-28 20:52:00,14441842,Tienda Online,Web,10,4,MUS-CEL-S,1,12928.22,32320.56,,32320.56
2217,2024-06-28 20:52:00,14441842,Tienda Online,Web,10,4,MUS-AZU-M,1,12928.22,32320.56,,32320.56
2217,2024-06-28 20:52:00,14441842,Tienda Online,Web,10,4,CHU-ÍND-L,1,13529.35,33823.38,,33823.38
2217,2024-06-28 20:52:00,14441842,Tienda Online,Web,10,4,CIN-MAR-XL,1,13257.96,33144.89,,33144.89
2218,2025-08-08 10:14:00,27593354,Shopping,Presencial,7,5,SWE-AZU-M,1,13010.13,32525.33,,32525.33
2218,2025-08-08 10:14:00,27593354,Shopping,Presencial,7,5,JEA-NEG-XL,1,8748.58,21871.44,,21871.44
2218,2025-08-08 10:14:00,27593354,Shopping,Presencial,7,5,CAM-BLA-S,1,14680.23,36700.58,,36700.58
2218,2025-08-08 10:14:00,27593354,Shopping,Presencial,7,5,GOR-GRI-S,1,11486.7,28716.74,,28716.74
2218,2025-08-08 10:14:00,27593354,Shopping,Presencial,7,5,CHU-ÍND-L,2,13529.35,33823.38,,67646.76
2219,2025-09-10 11:08:00,33776507,Centro,Presencial,2,5,SWE-MAR-unico,1,13010.13,32525.33,,32525.33
2219,2025-09-10 11:08:00,33776507,Centro,Presencial,2,5,CHU-ÍND-L,1,13529.35,33823.38,,33823.38
2219,2025-09-10 11:08:00,33776507,Centro,Presencial,2,5,REM-VIO-XL,1,13071.19,32677.97,,32677.97
2219,2025-09-10 11:08:00,33776507,Centro,Presencial,2,5,CIN-TUR-unico,1,13257.96,33144.89,,33144.89
2220,2024-12-27 15:11:00,23663184,Tienda Online,Web,9,5,JOG-ÍND-M,1,16544.66,41361.66,,41361.66
2221,2024-12-21 09:26:00,15285296,Shopping,Presencial,7,2,SWE-MAR-unico,1,13010.13,32525.33,,32525.33
2221,2024-12-21 09:26:00,15285296,Shopping,Presencial,7,2,CHU-VER-XL,1,13529.35,33823.38,,33823.38
2221,2024-12-21 09:26:00,15285296,Shopping,Presencial,7,2,CIN-ROS-XXL,1,13257.96,33144.89,,33144.89
2221,2024-12-21 09:26:00,15285296,Shopping,Presencial,7,2,BUZ-AZU-M,1,11827.69,29569.23,,29569.23
2221,2024-12-21 09:26:00,15285296,Shopping,Presencial,7,2,MUS-AZU-unico,1,12928.22,32320.56,,32320.56
2222,2024-01-18 18:41:00,22425195,Norte,Presencial,5,1,CIN-MAR-XL,2,13257.96,33144.89,,66289.78
2222,2024-01-18 18:41:00,22425195,Norte,Presencial,5,1,BUZ-AZU-M,1,11827.69,29569.23,,29569.23
2222,2024-01-18 18:41:00,22425195,Norte,Presencial,5,1,GOR-GRI-M,1,11486.7,28716.74,,28716.74
2222,2024-01-18 18:41:00,22425195,Norte,Presencial,5,1,CIN-MAR-XL,2,13257.96,33144.89,,66289.78
2223,2024-06-11 18:23:00,41366021,Norte,Presencial,6,3,CIN-TUR-unico,2,13257.96,33144.89,,66289.78
2223,2024-06-11 18:23:00,41366021,Norte,Presencial,6,3,JOG-AZU-unico,1,16544.66,41361.66,,41361.66
2223,2024-06-11 18:23:00,41366021,Norte,Presencial,6,3,REM-TUR-XXL,1,13673.12,34182.8,,34182.8
2223,2024-06-11 18:23:00,41366021,Norte,Presencial,6,3,CIN-MAR-L,1,13257.96,33144.89,,33144.89
2224,2024-12-03 09:54:00,36873895,Norte,Presencial,4,1,BUZ-AZU-unico,1,11827.69,29569.23,,29569.23
2224,2024-12-03 09:54:00,36873895,Norte,Presencial,4,1,CAM-BEI-L,2,14680.23,36700.58,,73401.16
2224,2024-12-03 09:54:00,36873895,Norte,Presencial,4,1,MUS-AZU-XXL,1,12928.22,32320.56,,32320.56
2224,2024-12-03 09:54:00,36873895,Norte,Presencial,4,1,MUS-AZU-XXL,1,12928.22,32320.56,,32320.56
2224,2024-12-03 09:54:00,36873895,Norte,Presencial,4,1,REM-VIO-L,1,13071.19,32677.97,,32677.97
2225,2025-09-06 10:12:00,34089341,Centro,Presencial,1,4,SWE-MAR-unico,1,13010.13,32525.33,,32525.33
2226,2024-03-21 17:36:00,11723249,Tienda Online,Web,10,1,GOR-GRI-M,1,11486.7,28716.74,,28716.74
2226,2024-03-21 17:36:00,11723249,Tienda Online,Web,10,1,REM-TUR-XXL,1,13673.12,34182.8,,34182.8
2226,2024-03-21 17:36:00,11723249,Tienda Online,Web,10,1,MUS-AZU-XXL,1,12928.22,32320.56,,32320.56
2226,2024-03-21 17:36:00,11723249,Tienda Online,Web,10,1,GOR-GRI-M,1,11486.7,28716.74,,28716.74
2227,2025-11-07 19:42:00,25845250,Tienda Online,Web,9,3,SWE-MAR-M,1,13010.13,26670.77,9.0,26670.77
2227,2025-11-07 19:42:00,25845250,Tienda Online,Web,9,3,CHU-ÍND-XL,1,13529.35,33823.38,,33823.38
2228,2024-09-20 15:22:00,24800101,Shopping,Presencial,7,1,MUS-AZU-M,1,12928.22,32320.56,,32320.56
2229,2025-01-10 13:27:00,26819279,Shopping,Presencial,7,1,GOR-GRI-M,1,11486.7,28716.74,,28716.74
2230,2025-06-18 15:49:00,13597644,Shopping,Presencial,7,1,REM-VIO-XXL,1,13071.19,32677.97,,32677.97
2230,2025-06-18 15:49:00,13597644,Shopping,Presencial,7,1,REM-BLA-XL,1,13071.19,32677.97,,32677.97
2231,2024-11-09 18:21:00,31727935,Centro,Presencial,1,3,JOG-ÍND-S,1,16544.66,41361.66,,41361.66
2231,2024-11-09 18:21:00,31727935,Centro,Presencial,1,3,MUS-AZU-XXL,1,12928.22,32320.56,,32320.56
2231,2024-11-09 18:21:00,31727935,Centro,Presencial,1,3,CHU-NEG-M,1,13529.35,33823.38,,33823.38
2231,2024-11-09 18:21:00,31727935,Centro,Presencial,1,3,CIN-ROS-XXL,1,13257.96,33144.89,,33144.89
2231,2024-11-09 18:21:00,31727935,Centro,Presencial,1,3,REM-VIO-M,1,13071.19,32677.97,,32677.97
2232,2025-01-25 00:01:00,20736210,Tienda Online,Web,9,4,CAM-BLA-M,1,14680.23,36700.58,,36700.58
2233,2024-05-24 15:21:00,20915531,Shopping,Presencial,7,2,CIN-MAR-XL,1,13257.96,33144.89,,33144.89
2233,2024-05-24 15:21:00,20915531,Shopping,Presencial,7,2,JOG-CEL-unico,1,16544.66,41361.66,,41361.66
2233,2024-05-24 15:21:00,20915531,Shopping,Presencial,7,2,REM-VIO-M,1,13071.19,32677.97,,32677.97
2234,2024-09-21 19:39:00,26783807,Norte,Presencial,5,3,CIN-MAR-S,1,13257.96,33144.89,,33144.89
2234,2024-09-21 19:39:00,26783807,Norte,Presencial,5,3,CIN-TUR-XL,1,13257.96,33144.89,,33144.89
2234,2024-09-21 19:39:00,26783807,Norte,Presencial,5,3,JOG-ÍND-M,1,16544.66,41361.66,,41361.66
2234,2024-09-21 19:39:00,26783807,Norte,Presencial,5,3,GOR-GRI-XXL,1,11486.7,28716.74,,28716.74
2235,2025-11-21 14:16:00,16194045,Shopping,Presencial,7,2,CAM-BLA-XL,1,14680.23,36700.58,,36700.58
2235,2025-11-21 14:16:00,16194045,Shopping,Presencial,7,2,CHU-NEG-XL,1,13529.35,27735.17,9.0,27735.17
2236,2024-04-20 12:36:00,30873468,Norte,Presencial,4,3,MUS-AZU-XXL,2,12928.22,32320.56,,64641.12
2236,2024-04-20 12:36:00,30873468,Norte,Presencial,4,3,CHU-NEG-S,1,13529.35,33823.38,,33823.38
2236,2024-04-20 12:36:00,30873468,Norte,Presencial,4,3,JOG-AZU-unico,1,16544.66,41361.66,,41361.66
2237,2025-06-25 13:29:00,38127120,Tienda Online,Web,10,5,JEA-LAV-L,1,8748.58,21871.44,,21871.44
2237,2025-06-25 13:29:00,38127120,Tienda Online,Web,10,5,SWE-AZU-S,1,13010.13,32525.33,,32525.33
2237,2025-06-25 13:29:00,38127120,Tienda Online,Web,10,5,REM-TUR-S,1,13673.12,34182.8,,34182.8
2237,2025-06-25 13:29:00,38127120,Tienda Online,Web,10,5,CAM-BEI-L,1,14680.23,36700.58,,36700.58
2238,2025-06-30 15:37:00,30196404,Tienda Online,Web,9,5,CIN-MAR-M,1,13257.96,33144.89,,33144.89
2238,2025-06-30 15:37:00,30196404,Tienda Online,Web,9,5,SWE-MAR-unico,1,13010.13,32525.33,,32525.33
2238,2025-06-30 15:37:00,30196404,Tienda Online,Web,9,5,MUS-AZU-unico,1,12928.22,32320.56,,32320.56
2239,2024-12-21 12:36:00,20267062,Centro,Presencial,1,5,CHU-VER-XL,1,13529.35,33823.38,,33823.38
2239,2024-12-21 12:36:00,20267062,Centro,Presencial,1,5,GOR-GRI-XXL,1,11486.7,28716.74,,28716.74
2240,2024-02-02 19:32:00,32049663,Norte,Presencial,6,5,JEA-LAV-unico,1,8748.58,21871.44,,21871.44
2240,2024-02-02 19:32:00,32049663,Norte,Presencial,6,5,CIN-MAR-S,1,13257.96,33144.89,,33144.89
2241,2025-05-29 10:51:00,41895660,Norte,Presencial,4,1,CIN-MAR-XL,1,13257.96,33144.89,,33144.89
2242,2024-03-18 18:14:00,17254174,Tienda Online,Web,10,4,SWE-AZU-S,1,13010.13,32525.33,,32525.33
2242,2024-03-18 18:14:00,17254174,Tienda Online,Web,10,4,CHU-NEG-M,1,13529.35,33823.38,,33823.38
2242,2024-03-18 18:14:00,17254174,Tienda Online,Web,10,4,GOR-GRI-L,1,11486.7,28716.74,,28716.74
2242,2024-03-18 18:14:00,17254174,Tienda Online,Web,10,4,CIN-ROS-XXL,1,13257.96,33144.89,,33144.89
2242,2024-03-18 18:14:00,17254174,Tienda Online,Web,10,4,JOG-AZU-unico,1,16544.66,41361.66,,41361.66
2243,2025-05-23 06:46:00,13291303,Tienda Online,Web,9,3,CHU-ÍND-XL,1,13529.35,33823.38,,33823.38
2244,2025-03-15 17:27:00,11730076,Norte,Presencial,4,2,CIN-MAR-S,1,13257.96,33144.89,,33144.89
2244,2025-03-15 17:27:00,11730076,Norte,Presencial,4,2,MUS-AZU-unico,1,12928.22,32320.56,,32320.56
2244,2025-03-15 17:27:00,11730076,Norte,Presencial,4,2,CIN-MAR-M,2,13257.96,33144.89,,66289.78
2245,2025-05-21 11:24:00,38330675,Centro,Presencial,1,3,CAM-BEI-unico,1,14680.23,36700.58,,36700.58
2245,2025-05-21 11:24:00,38330675,Centro,Presencial,1,3,CAM-BEI-L,1,14680.23,36700.58,,36700.58
2245,2025-05-21 11:24:00,38330675,Centro,Presencial,1,3,CIN-ROS-unico,2,13257.96,33144.89,,66289.78
2246,2025-05-04 12:04:00,10038379,Norte,Presencial,6,3,JOG-AZU-XL,1,16544.66,41361.66,,41361.66
2247,2025-07-01 14:52:00,39766964,Centro,Presencial,2,2,GOR-GRI-S,1,11486.7,28716.74,,28716.74
2247,2025-07-01 14:52:00,39766964,Centro,Presencial,2,2,CIN-MAR-S,1,13257.96,33144.89,,33144.89
2247,2025-07-01 14:52:00,39766964,Centro,Presencial,2,2,CIN-MAR-XL,1,13257.96,33144.89,,33144.89
2247,2025-07-01 14:52:00,39766964,Centro,Presencial,2,2,CAM-CEL-XL,1,14680.23,36700.58,,36700.58
2248,2025-06-07 02:21:00,20371898,Tienda Online,Web,9,3,JEA-NEG-M,1,8748.58,21871.44,,21871.44
2249,2025-11-18 16:05:00,24867952,Shopping,Presencial,7,1,SWE-AZU-XXL,1,13010.13,32525.33,,32525.33
2249,2025-11-18 16:05:00,24867952,Shopping,Presencial,7,1,REM-BLA-XL,2,13071.19,32677.97,,65355.94
2249,2025-11-18 16:05:00,24867952,Shopping,Presencial,7,1,CHU-NEG-S,1,13529.35,33823.38,,33823.38
2249,2025-11-18 16:05:00,24867952,Shopping,Presencial,7,1,CIN-MAR-L,1,13257.96,27178.81,9.0,27178.81
2249,2025-11-18 16:05:00,24867952,Shopping,Presencial,7,1,GOR-GRI-S,1,11486.7,28716.74,,28716.74
2250,2024-11-08 22:50:00,32199028,Tienda Online,Web,9,4,JOG-ÍND-M,1,16544.66,41361.66,,41361.66
2251,2024-05-05 04:30:00,12409147,Tienda Online,Web,9,2,REM-CEL-XXL,1,13673.12,34182.8,,34182.8
2251,2024-05-05 04:30:00,12409147,Tienda Online,Web,9,2,JOG-ÍND-XL,1,16544.66,41361.66,,41361.66
2251,2024-05-05 04:30:00,12409147,Tienda Online,Web,9,2,JOG-AZU-unico,1,16544.66,40561.66,12.0,40561.66
2251,2024-05-05 04:30:00,12409147,Tienda Online,Web,9,2,GOR-GRI-M,1,11486.7,28716.74,,28716.74
2252,2025-07-24 12:00:00,12090484,Centro,Presencial,2,4,SWE-MAR-unico,1,13010.13,32525.33,,32525.33
2252,2025-07-24 12:00:00,12090484,Centro,Presencial,2,4,CHU-ÍND-XXL,1,13529.35,33823.38,,33823.38
2252,2025-07-24 12:00:00,12090484,Centro,Presencial,2,4,GOR-GRI-unico,1,11486.7,28716.74,,28716.74
2252,2025-07-24 12:00:00,12090484,Centro,Presencial,2,4,BUZ-AZU-M,1,11827.69,29569.23,,29569.23
2252,2025-07-24 12:00:00,12090484,Centro,Presencial,2,4,REM-BLA-XL,1,13071.19,32677.97,,32677.97
2253,2024-03-22 18:16:00,31925749,Shopping,Presencial,7,1,CHU-NEG-S,1,13529.35,33823.38,,33823.38
2253,2024-03-22 18:16:00,31925749,Shopping,Presencial,7,1,CIN-MAR-M,1,13257.96,33144.89,,33144.89
2253,2024-03-22 18:16:00,31925749,Shopping,Presencial,7,1,MUS-AZU-unico,2,12928.22,32320.56,,64641.12
2253,2024-03-22 18:16:00,31925749,Shopping,Presencial,7,1,CIN-ROS-XXL,1,13257.96,33144.89,,33144.89
2253,2024-03-22 18:16:00,31925749,Shopping,Presencial,7,1,BUZ-AZU-M,1,11827.69,29569.23,,29569.23
2254,2024-08-27 13:41:00,37011889,Tienda Online,Web,10,2,JOG-AZU-XXL,1,16544.66,41361.66,,41361.66
2254,2024-08-27 13:41:00,37011889,Tienda Online,Web,10,2,JOG-CEL-unico,1,16544.66,41361.66,,41361.66
2254,2024-08-27 13:41:00,37011889,Tienda Online,Web,10,2,REM-CEL-XXL,1,13673.12,34182.8,,34182.8
2254,2024-08-27 13:41:00,37011889,Tienda Online,Web,10,2,GOR-GRI-L,1,11486.7,28716.74,,28716.74
2255,2024-03-22 11:55:00,16744926,Centro,Presencial,1,5,REM-BLA-XL,2,13071.19,32677.97,,65355.94
2255,2024-03-22 11:55:00,16744926,Centro,Presencial,1,5,SWE-AZU-S,1,13010.13,32525.33,,32525.33
2255,2024-03-22 11:55:00,16744926,Centro,Presencial,1,5,CAM-BEI-unico,1,14680.23,36700.58,,36700.58
2255,2024-03-22 11:55:00,16744926,Centro,Presencial,1,5,BUZ-AZU-M,1,11827.69,29569.23,,29569.23
2256,2025-11-26 18:05:00,20371898,Centro,Presencial,2,4,JEA-NEG-XL,1,8748.58,17497.15,1.0,17497.15
2256,2025-11-26 18:05:00,20371898,Centro,Presencial,2,4,CHU-ÍND-XXL,1,13529.35,33823.38,,33823.38
2256,2025-11-26 18:05:00,20371898,Centro,Presencial,2,4,SWE-MAR-S,1,13010.13,32525.33,,32525.33
2257,2024-06-08 05:26:00,27808512,Tienda Online,Web,9,1,SWE-AZU-S,1,13010.13,32525.33,,32525.33
2257,2024-06-08 05:26:00,27808512,Tienda Online,Web,9,1,JOG-ÍND-XL,1,16544.66,41361.66,,41361.66
2257,2024-06-08 05:26:00,27808512,Tienda Online,Web,9,1,GOR-GRI-unico,2,11486.7,28716.74,,57433.48
2257,2024-06-08 05:26:00,27808512,Tienda Online,Web,9,1,GOR-GRI-S,1,11486.7,28716.74,,28716.74
2258,2025-05-14 14:46:00,30090967,Shopping,Presencial,7,4,JOG-AZU-XL,1,16544.66,41361.66,,41361.66
2258,2025-05-14 14:46:00,30090967,Shopping,Presencial,7,4,CIN-MAR-XL,1,13257.96,33144.89,,33144.89
2258,2025-05-14 14:46:00,30090967,Shopping,Presencial,7,4,JEA-LAV-unico,1,8748.58,21871.44,,21871.44
2258,2025-05-14 14:46:00,30090967,Shopping,Presencial,7,4,JOG-ÍND-S,2,16544.66,41361.66,,82723.32
2258,2025-05-14 14:46:00,30090967,Shopping,Presencial,7,4,JOG-AZU-XXL,1,16544.66,41361.66,,41361.66
2259,2024-11-20 10:21:00,12132899,Norte,Presencial,4,4,JEA-NEG-M,1,8748.58,21871.44,,21871.44
2259,2024-11-20 10:21:00,12132899,Norte,Presencial,4,4,CHU-VER-XL,1,13529.35,33823.38,,33823.38
2259,2024-11-20 10:21:00,12132899,Norte,Presencial,4,4,JOG-AZU-XXL,1,16544.66,41361.66,,41361.66
2259,2024-11-20 10:21:00,12132899,Norte,Presencial,4,4,CIN-MAR-XL,1,13257.96,33144.89,,33144.89
2259,2024-11-20 10:21:00,12132899,Norte,Presencial,4,4,GOR-GRI-XXL,1,11486.7,28716.74,,28716.74
2260,2025-09-05 11:57:00,38133707,Norte,Presencial,6,2,REM-VIO-M,1,13071.19,32677.97,,32677.97
2260,2025-09-05 11:57:00,38133707,Norte,Presencial,6,2,CAM-BEI-S,1,14680.23,36700.58,,36700.58
2260,2025-09-05 11:57:00,38133707,Norte,Presencial,6,2,GOR-ROJ-S,1,11486.7,28716.74,,28716.74
2260,2025-09-05 11:57:00,38133707,Norte,Presencial,6,2,GOR-ROJ-XXL,1,11486.7,28716.74,,28716.74
2261,2024-05-21 11:45:00,32012128,Tienda Online,Web,9,4,JEA-NEG-M,1,8748.58,21071.44,12.0,21071.44
2261,2024-05-21 11:45:00,32012128,Tienda Online,Web,9,4,BUZ-AZU-M,1,11827.69,29569.23,,29569.23
2261,2024-05-21 11:45:00,32012128,Tienda Online,Web,9,4,GOR-GRI-L,1,11486.7,28716.74,,28716.74
2262,2024-06-14 19:45:00,12409147,Tienda Online,Web,10,4,JOG-ÍND-S,1,16544.66,41361.66,,41361.66
2263,2024-12-28 10:10:00,15745388,Shopping,Presencial,7,5,JOG-ÍND-M,1,16544.66,41361.66,,41361.66
2263,2024-12-28 10:10:00,15745388,Shopping,Presencial,7,5,CAM-BEI-unico,1,14680.23,36700.58,,36700.58
2263,2024-12-28 10:10:00,15745388,Shopping,Presencial,7,5,JOG-ÍND-M,1,16544.66,41361.66,,41361.66
2264,2024-09-06 20:46:00,38153498,Tienda Online,Web,10,3,CIN-MAR-S,2,13257.96,33144.89,,66289.78
2264,2024-09-06 20:46:00,38153498,Tienda Online,Web,10,3,CHU-NEG-M,1,13529.35,33823.38,,33823.38
2264,2024-09-06 20:46:00,38153498,Tienda Online,Web,10,3,CAM-BLA-M,1,14680.23,36700.58,,36700.58
2264,2024-09-06 20:46:00,38153498,Tienda Online,Web,10,3,CHU-ÍND-L,1,13529.35,33823.38,,33823.38
2264,2024-09-06 20:46:00,38153498,Tienda Online,Web,10,3,CIN-MAR-XL,1,13257.96,33144.89,,33144.89
2265,2025-11-02 05:33:00,41587472,Tienda Online,Web,10,5,GOR-GRI-XXL,1,11486.7,28716.74,,28716.74
2265,2025-11-02 05:33:00,41587472,Tienda Online,Web,10,5,REM-VIO-L,1,13071.19,32677.97,,32677.97
2265,2025-11-02 05:33:00,41587472,Tienda Online,Web,10,5,JEA-NEG-M,1,8748.58,21871.44,,21871.44
2266,2025-02-10 20:14:00,40632634,Tienda Online,Web,10,2,REM-CEL-XXL,1,13673.12,34182.8,,34182.8
2266,2025-02-10 20:14:00,40632634,Tienda Online,Web,10,2,REM-TUR-XXL,1,13673.12,34182.8,,34182.8
2266,2025-02-10 20:14:00,40632634,Tienda Online,Web,10,2,SWE-MAR-M,1,13010.13,32525.33,,32525.33
2267,2025-10-17 09:48:00,10524999,Centro,Presencial,2,2,CHU-NEG-unico,1,13529.35,33823.38,,33823.38
2268,2024-05-09 12:49:00,17507729,Norte,Presencial,6,3,REM-BLA-XL,1,13071.19,32677.97,,32677.97
2268,2024-05-09 12:49:00,17507729,Norte,Presencial,6,3,MUS-AZU-M,1,12928.22,32320.56,,32320.56
2268,2024-05-09 12:49:00,17507729,Norte,Presencial,6,3,MUS-CEL-S,1,12928.22,32320.56,,32320.56
2268,2024-05-09 12:49:00,17507729,Norte,Presencial,6,3,GOR-GRI-M,1,11486.7,28716.74,,28716.74
2268,2024-05-09 12:49:00,17507729,Norte,Presencial,6,3,CAM-BEI-L,1,14680.23,35900.58,12.0,35900.58
2269,2025-06-12 10:12:00,38531078,Shopping,Presencial,7,4,GOR-GRI-unico,1,11486.7,28716.74,,28716.74
2269,2025-06-12 10:12:00,38531078,Shopping,Presencial,7,4,CAM-CEL-XL,1,14680.23,36700.58,,36700.58
2269,2025-06-12 10:12:00,38531078,Shopping,Presencial,7,4,CAM-BLA-XL,1,14680.23,36700.58,,36700.58
2269,2025-06-12 10:12:00,38531078,Shopping,Presencial,7,4,SWE-AZU-M,1,13010.13,32525.33,,32525.33
2269,2025-06-12 10:12:00,38531078,Shopping,Presencial,7,4,JOG-CEL-unico,1,16544.66,41361.66,,41361.66
2270,2024-03-28 10:57:00,37406784,Shopping,Presencial,7,5,MUS-AZU-XXL,1,12928.22,32320.56,,32320.56
2270,2024-03-28 10:57:00,37406784,Shopping,Presencial,7,5,GOR-GRI-L,2,11486.7,28716.74,,57433.48
2270,2024-03-28 10:57:00,37406784,Shopping,Presencial,7,5,SWE-AZU-S,1,13010.13,32525.33,,32525.33
2271,2025-09-10 04:53:00,10190290,Tienda Online,Web,10,1,GOR-GRI-L,1,11486.7,28716.74,,28716.74
2271,2025-09-10 04:53:00,10190290,Tienda Online,Web,10,1,REM-BLA-S,1,13071.19,32677.97,,32677.97
2271,2025-09-10 04:53:00,10190290,Tienda Online,Web,10,1,JOG-ÍND-XL,1,16544.66,41361.66,,41361.66
2271,2025-09-10 04:53:00,10190290,Tienda Online,Web,10,1,REM-BLA-XL,1,13071.19,32677.97,,32677.97
2271,2025-09-10 04:53:00,10190290,Tienda Online,Web,10,1,CHU-ÍND-L,1,13529.35,33823.38,,33823.38
2272,2024-09-30 10:04:00,30873468,Tienda Online,Web,9,3,CHU-ÍND-XXL,1,13529.35,33823.38,,33823.38
2273,2024-05-04 21:31:00,40632634,Tienda Online,Web,10,5,CHU-NEG-S,1,13529.35,33823.38,,33823.38
2273,2024-05-04 21:31:00,40632634,Tienda Online,Web,10,5,CIN-MAR-XL,1,13257.96,33144.89,,33144.89
2273,2024-05-04 21:31:00,40632634,Tienda Online,Web,10,5,CHU-NEG-S,1,13529.35,33823.38,,33823.38
2273,2024-05-04 21:31:00,40632634,Tienda Online,Web,10,5,JOG-ÍND-M,1,16544.66,41361.66,,41361.66
2274,2025-05-30 09:42:00,10027242,Tienda Online,Web,9,1,CHU-NEG-unico,2,13529.35,33823.38,,67646.76
2274,2025-05-30 09:42:00,10027242,Tienda Online,Web,9,1,GOR-GRI-L,1,11486.7,28716.74,,28716.74
2274,2025-05-30 09:42:00,10027242,Tienda Online,Web,9,1,REM-CEL-XXL,1,13673.12,34182.8,,34182.8
2274,2025-05-30 09:42:00,10027242,Tienda Online,Web,9,1,MUS-AZU-XXL,1,12928.22,32320.56,,32320.56
2274,2025-05-30 09:42:00,10027242,Tienda Online,Web,9,1,MUS-AZU-XXL,1,12928.22,32320.56,,32320.56
2275,2024-09-20 22:31:00,34777665,Tienda Online,Web,10,3,JOG-AZU-XXL,1,16544.66,41361.66,,41361.66
2275,2024-09-20 22:31:00,34777665,Tienda Online,Web,10,3,REM-VIO-XL,1,13071.19,32677.97,,32677.97
2275,2024-09-20 22:31:00,34777665,Tienda Online,Web,10,3,JOG-CEL-unico,2,16544.66,41361.66,,82723.32
2275,2024-09-20 22:31:00,34777665,Tienda Online,Web,10,3,SWE-AZU-S,1,13010.13,32525.33,,32525.33
2275,2024-09-20 22:31:00,34777665,Tienda Online,Web,10,3,CHU-NEG-M,1,13529.35,33823.38,,33823.38
2276,2025-04-16 05:15:00,32205074,Tienda Online,Web,10,3,REM-VIO-XXL,1,13071.19,32677.97,,32677.97
2277,2025-06-19 06:57:00,16381102,Tienda Online,Web,9,3,CIN-MAR-S,1,13257.96,33144.89,,33144.89
2277,2025-06-19 06:57:00,16381102,Tienda Online,Web,9,3,CIN-ROS-XXL,1,13257.96,33144.89,,33144.89
2277,2025-06-19 06:57:00,16381102,Tienda Online,Web,9,3,CHU-NEG-M,1,13529.35,33823.38,,33823.38
2278,2024-11-15 06:00:00,42859207,Tienda Online,Web,10,4,JEA-LAV-L,1,8748.58,21871.44,,21871.44
2279,2024-04-23 10:59:00,41341494,Centro,Presencial,2,1,MUS-AZU-XXL,1,12928.22,32320.56,,32320.56
2279,2024-04-23 10:59:00,41341494,Centro,Presencial,2,1,JOG-CEL-unico,1,16544.66,41361.66,,41361.66
2279,2024-04-23 10:59:00,41341494,Centro,Presencial,2,1,JOG-AZU-unico,1,16544.66,41361.66,,41361.66
2279,2024-04-23 10:59:00,41341494,Centro,Presencial,2,1,CAM-BEI-unico,1,14680.23,36700.58,,36700.58
2279,2024-04-23 10:59:00,41341494,Centro,Presencial,2,1,CAM-BEI-L,1,14680.23,36700.58,,36700.58
2280,2025-10-23 09:51:00,14041987,Shopping,Presencial,7,5,CAM-BLA-S,1,14680.23,36700.58,,36700.58
2280,2025-10-23 09:51:00,14041987,Shopping,Presencial,7,5,JOG-AZU-XL,1,16544.66,41361.66,,41361.66
2280,2025-10-23 09:51:00,14041987,Shopping,Presencial,7,5,JEA-NEG-M,1,8748.58,21871.44,,21871.44
2280,2025-10-23 09:51:00,14041987,Shopping,Presencial,7,5,CIN-TUR-unico,1,13257.96,33144.89,,33144.89
2280,2025-10-23 09:51:00,14041987,Shopping,Presencial,7,5,CIN-TUR-unico,1,13257.96,33144.89,,33144.89
2281,2024-03-16 12:42:00,14616506,Centro,Presencial,1,3,JOG-AZU-unico,1,16544.66,41361.66,,41361.66
2281,2024-03-16 12:42:00,14616506,Centro,Presencial,1,3,CHU-VER-XL,1,13529.35,33823.38,,33823.38
2281,2024-03-16 12:42:00,14616506,Centro,Presencial,1,3,CIN-TUR-unico,1,13257.96,33144.89,,33144.89
2281,2024-03-16 12:42:00,14616506,Centro,Presencial,1,3,GOR-GRI-M,1,11486.7,28716.74,,28716.74
2281,2024-03-16 12:42:00,14616506,Centro,Presencial,1,3,BUZ-AZU-M,2,11827.69,29569.23,,59138.46
2282,2025-05-10 02:21:00,27753960,Tienda Online,Web,9,1,SWE-MAR-unico,1,13010.13,32525.33,,32525.33
2282,2025-05-10 02:21:00,27753960,Tienda Online,Web,9,1,CAM-BEI-L,1,14680.23,36700.58,,36700.58
2283,2025-06-24 17:10:00,22874170,Shopping,Presencial,7,1,JEA-LAV-L,1,8748.58,21871.44,,21871.44
2284,2024-01-27 13:14:00,31625779,Centro,Presencial,1,3,REM-TUR-XXL,2,13673.12,34182.8,,68365.6
2284,2024-01-27 13:14:00,31625779,Centro,Presencial,1,3,MUS-AZU-unico,1,12928.22,32320.56,,32320.56
2284,2024-01-27 13:14:00,31625779,Centro,Presencial,1,3,SWE-AZU-S,1,13010.13,32525.33,,32525.33
2284,2024-01-27 13:14:00,31625779,Centro,Presencial,1,3,CAM-CEL-XL,1,14680.23,36700.58,,36700.58
2285,2024-12-14 11:50:00,14616506,Tienda Online,Web,10,3,JEA-NEG-M,1,8748.58,21871.44,,21871.44
2285,2024-12-14 11:50:00,14616506,Tienda Online,Web,10,3,JOG-AZU-XXL,1,16544.66,41361.66,,41361.66
2286,2024-02-02 12:20:00,20369856,Norte,Presencial,5,4,CIN-TUR-XL,1,13257.96,33144.89,,33144.89
2286,2024-02-02 12:20:00,20369856,Norte,Presencial,5,4,GOR-GRI-XXL,2,11486.7,28716.74,,57433.48
2286,2024-02-02 12:20:00,20369856,Norte,Presencial,5,4,GOR-GRI-M,1,11486.7,28716.74,,28716.74
2286,2024-02-02 12:20:00,20369856,Norte,Presencial,5,4,CIN-MAR-S,1,13257.96,33144.89,,33144.89
2286,2024-02-02 12:20:00,20369856,Norte,Presencial,5,4,CIN-MAR-S,1,13257.96,33144.89,,33144.89
2287,2025-11-12 01:03:00,13836296,Tienda Online,Web,10,5,REM-BLA-unico,1,13071.19,32677.97,,32677.97
2287,2025-11-12 01:03:00,13836296,Tienda Online,Web,10,5,REM-CEL-XXL,1,13673.12,34182.8,,34182.8
2288,2025-08-13 15:46:00,35441229,Shopping,Presencial,7,5,CHU-NEG-XL,1,13529.35,33823.38,,33823.38
2288,2025-08-13 15:46:00,35441229,Shopping,Presencial,7,5,GOR-ROJ-L,1,11486.7,28716.74,,28716.74
2289,2025-05-03 17:55:00,24672546,Shopping,Presencial,7,1,JEA-NEG-M,1,8748.58,21871.44,,21871.44
2290,2024-06-26 12:41:00,32199028,Centro,Presencial,2,2,JOG-ÍND-XL,1,16544.66,41361.66,,41361.66
2290,2024-06-26 12:41:00,32199028,Centro,Presencial,2,2,GOR-ROJ-unico,1,11486.7,28716.74,,28716.74
2290,2024-06-26 12:41:00,32199028,Centro,Presencial,2,2,GOR-GRI-S,1,11486.7,28716.74,,28716.74
2290,2024-06-26 12:41:00,32199028,Centro,Presencial,2,2,GOR-GRI-XXL,1,11486.7,28716.74,,28716.74
2291,2024-05-21 15:58:00,32159349,Tienda Online,Web,9,5,CIN-TUR-unico,1,13257.96,33144.89,,33144.89
2291,2024-05-21 15:58:00,32159349,Tienda Online,Web,9,5,CAM-BEI-L,2,14680.23,36700.58,,73401.16
2291,2024-05-21 15:58:00,32159349,Tienda Online,Web,9,5,JEA-LAV-unico,1,8748.58,21871.44,,21871.44
2291,2024-05-21 15:58:00,32159349,Tienda Online,Web,9,5,BUZ-AZU-M,1,11827.69,29569.23,,29569.23
2291,2024-05-21 15:58:00,32159349,Tienda Online,Web,9,5,MUS-CEL-S,1,12928.22,32320.56,,32320.56
2292,2025-10-25 00:49:00,16709628,Tienda Online,Web,9,3,SWE-AZU-S,1,13010.13,32525.33,,32525.33
2292,2025-10-25 00:49:00,16709628,Tienda Online,Web,9,3,CIN-ROS-XXL,2,13257.96,33144.89,,66289.78
2293,2024-06-01 18:36:00,34929174,Norte,Presencial,4,2,CIN-TUR-unico,1,13257.96,33144.89,,33144.89
2293,2024-06-01 18:36:00,34929174,Norte,Presencial,4,2,JOG-AZU-unico,1,16544.66,41361.66,,41361.66
2294,2024-09-21 14:18:00,13463607,Norte,Presencial,6,4,CAM-BLA-M,1,14680.23,36700.58,,36700.58
2294,2024-09-21 14:18:00,13463607,Norte,Presencial,6,4,CIN-MAR-M,1,13257.96,33144.89,,33144.89
2294,2024-09-21 14:18:00,13463607,Norte,Presencial,6,4,CAM-BEI-unico,1,14680.23,36700.58,,36700.58
2294,2024-09-21 14:18:00,13463607,Norte,Presencial,6,4,MUS-AZU-M,1,12928.22,32320.56,,32320.56
2294,2024-09-21 14:18:00,13463607,Norte,Presencial,6,4,CAM-BEI-unico,1,14680.23,36700.58,,36700.58
2295,2025-09-05 18:48:00,32899636,Norte,Presencial,6,4,MUS-CEL-XXL,1,12928.22,32320.56,,32320.56
2296,2024-04-19 13:35:00,24097997,Centro,Presencial,1,1,CHU-NEG-M,1,13529.35,33823.38,,33823.38
2296,2024-04-19 13:35:00,24097997,Centro,Presencial,1,1,CAM-BEI-L,1,14680.23,36700.58,,36700.58
2296,2024-04-19 13:35:00,24097997,Centro,Presencial,1,1,GOR-GRI-unico,1,11486.7,28716.74,,28716.74
2296,2024-04-19 13:35:00,24097997,Centro,Presencial,1,1,MUS-AZU-unico,1,12928.22,32320.56,,32320.56
2297,2024-08-08 09:31:00,14695862,Centro,Presencial,2,4,GOR-ROJ-unico,1,11486.7,28716.74,,28716.74
2298,2024-01-27 14:40:00,26594901,Shopping,Presencial,7,3,JOG-ÍND-XL,2,16544.66,41361.66,,82723.32
2298,2024-01-27 14:40:00,26594901,Shopping,Presencial,7,3,JEA-LAV-unico,1,8748.58,21871.44,,21871.44
2298,2024-01-27 14:40:00,26594901,Shopping,Presencial,7,3,SWE-AZU-S,2,13010.13,32525.33,,65050.66
2298,2024-01-27 14:40:00,26594901,Shopping,Presencial,7,3,CAM-CEL-XL,1,14680.23,36700.58,,36700.58
2299,2024-12-16 10:31:00,38531078,Centro,Presencial,2,1,CIN-MAR-XL,1,13257.96,33144.89,,33144.89
2299,2024-12-16 10:31:00,38531078,Centro,Presencial,2,1,GOR-GRI-unico,1,11486.7,28716.74,,28716.74
2299,2024-12-16 10:31:00,38531078,Centro,Presencial,2,1,CHU-ÍND-L,2,13529.35,33823.38,,67646.76
2300,2024-09-14 14:00:00,20332827,Tienda Online,Web,9,1,REM-TUR-XXL,1,13673.12,34182.8,,34182.8
2300,2024-09-14 14:00:00,20332827,Tienda Online,Web,9,1,MUS-AZU-M,1,12928.22,32320.56,,32320.56
2301,2024-05-12 11:33:00,10524999,Centro,Presencial,1,5,CIN-ROS-XXL,2,13257.96,33144.89,,66289.78
2301,2024-05-12 11:33:00,10524999,Centro,Presencial,1,5,MUS-AZU-XXL,1,12928.22,32320.56,,32320.56
2301,2024-05-12 11:33:00,10524999,Centro,Presencial,1,5,GOR-GRI-XXL,1,11486.7,28716.74,,28716.74
2301,2024-05-12 11:33:00,10524999,Centro,Presencial,1,5,SWE-MAR-L,1,13010.13,32525.33,,32525.33
2301,2024-05-12 11:33:00,10524999,Centro,Presencial,1,5,SWE-MAR-unico,1,13010.13,32525.33,,32525.33
2302,2024-08-22 23:10:00,38902901,Tienda Online,Web,9,1,REM-CEL-XXL,1,13673.12,34182.8,,34182.8
2302,2024-08-22 23:10:00,38902901,Tienda Online,Web,9,1,GOR-GRI-M,1,11486.7,28716.74,,28716.74
2302,2024-08-22 23:10:00,38902901,Tienda Online,Web,9,1,CAM-BEI-L,1,14680.23,36700.58,,36700.58
2303,2024-02-10 03:52:00,10770478,Tienda Online,Web,10,2,CIN-MAR-M,1,13257.96,33144.89,,33144.89
2303,2024-02-10 03:52:00,10770478,Tienda Online,Web,10,2,CIN-TUR-XL,2,13257.96,33144.89,,66289.78
2303,2024-02-10 03:52:00,10770478,Tienda Online,Web,10,2,CHU-VER-XL,1,13529.35,33823.38,,33823.38
2304,2025-01-17 12:13:00,18792148,Norte,Presencial,4,4,GOR-GRI-M,1,11486.7,28716.74,,28716.74
2305,2025-10-04 11:17:00,37652324,Tienda Online,Web,10,5,JOG-ÍND-M,1,16544.66,41361.66,,41361.66
2306,2025-03-13 15:36:00,25145607,Norte,Presencial,6,5,MUS-AZU-M,1,12928.22,32320.56,,32320.56
2306,2025-03-13 15:36:00,25145607,Norte,Presencial,6,5,GOR-GRI-M,1,11486.7,28716.74,,28716.74
2306,2025-03-13 15:36:00,25145607,Norte,Presencial,6,5,GOR-GRI-unico,2,11486.7,28716.74,,57433.48
2307,2024-05-20 09:07:00,24672546,Norte,Presencial,6,1,GOR-GRI-XXL,1,11486.7,28716.74,,28716.74
2308,2025-05-10 14:26:00,27785377,Norte,Presencial,4,2,SWE-AZU-S,1,13010.13,32525.33,,32525.33
2308,2025-05-10 14:26:00,27785377,Norte,Presencial,4,2,CHU-NEG-S,1,13529.35,33823.38,,33823.38
2308,2025-05-10 14:26:00,27785377,Norte,Presencial,4,2,CAM-BEI-unico,1,14680.23,36700.58,,36700.58
2309,2025-09-19 17:46:00,44533969,Norte,Presencial,5,4,REM-VIO-XXL,1,13071.19,32677.97,,32677.97
2310,2024-05-01 19:37:00,22960720,Centro,Presencial,1,3,MUS-AZU-unico,1,12928.22,32320.56,,32320.56
2310,2024-05-01 19:37:00,22960720,Centro,Presencial,1,3,CAM-CEL-XL,1,14680.23,36700.58,,36700.58
2310,2024-05-01 19:37:00,22960720,Centro,Presencial,1,3,CAM-BEI-L,1,14680.23,35900.58,12.0,35900.58
2310,2024-05-01 19:37:00,22960720,Centro,Presencial,1,3,CHU-NEG-M,1,13529.35,33823.38,,33823.38
2311,2025-06-27 10:41:00,10934065,Tienda Online,Web,9,3,CHU-NEG-XXL,1,13529.35,33823.38,,33823.38
2311,2025-06-27 10:41:00,10934065,Tienda Online,Web,9,3,CIN-ROS-unico,1,13257.96,33144.89,,33144.89
2311,2025-06-27 10:41:00,10934065,Tienda Online,Web,9,3,CIN-ROS-XXL,1,13257.96,33144.89,,33144.89
2311,2025-06-27 10:41:00,10934065,Tienda Online,Web,9,3,SWE-MAR-M,1,13010.13,32525.33,,32525.33
2311,2025-06-27 10:41:00,10934065,Tienda Online,Web,9,3,JEA-LAV-unico,1,8748.58,21871.44,,21871.44
2312,2024-11-01 14:33:00,41535292,Centro,Presencial,1,3,MUS-AZU-M,1,12928.22,32320.56,,32320.56
2312,2024-11-01 14:33:00,41535292,Centro,Presencial,1,3,JOG-AZU-XXL,1,16544.66,41361.66,,41361.66
2312,2024-11-01 14:33:00,41535292,Centro,Presencial,1,3,MUS-AZU-XXL,1,12928.22,32320.56,,32320.56
2312,2024-11-01 14:33:00,41535292,Centro,Presencial,1,3,CIN-MAR-M,2,13257.96,33144.89,,66289.78
2313,2025-08-15 15:59:00,16778091,Tienda Online,Web,10,5,REM-TUR-S,1,13673.12,34182.8,,34182.8
2314,2025-11-22 11:02:00,19283286,Centro,Presencial,1,3,CHU-NEG-S,1,13529.35,33823.38,,33823.38
2314,2025-11-22 11:02:00,19283286,Centro,Presencial,1,3,MUS-CEL-S,2,12928.22,32320.56,,64641.12
2314,2025-11-22 11:02:00,19283286,Centro,Presencial,1,3,CHU-NEG-unico,1,13529.35,33823.38,,33823.38
2315,2024-05-22 14:09:00,27808512,Norte,Presencial,4,4,CIN-MAR-L,1,13257.96,33144.89,,33144.89
2315,2024-05-22 14:09:00,27808512,Norte,Presencial,4,4,CHU-VER-XL,1,13529.35,33823.38,,33823.38
2315,2024-05-22 14:09:00,27808512,Norte,Presencial,4,4,CIN-ROS-XXL,2,13257.96,33144.89,,66289.78
2315,2024-05-22 14:09:00,27808512,Norte,Presencial,4,4,CIN-TUR-unico,1,13257.96,32344.89,12.0,32344.89
2315,2024-05-22 14:09:00,27808512,Norte,Presencial,4,4,JEA-LAV-unico,1,8748.58,21071.44,12.0,21071.44
2316,2025-05-24 18:28:00,25293994,Shopping,Presencial,7,5,GOR-ROJ-S,1,11486.7,28716.74,,28716.74
2316,2025-05-24 18:28:00,25293994,Shopping,Presencial,7,5,REM-BLA-XL,1,13071.19,32677.97,,32677.97
2317,2024-05-11 16:20:00,32494103,Centro,Presencial,2,2,SWE-MAR-unico,1,13010.13,32525.33,,32525.33
2317,2024-05-11 16:20:00,32494103,Centro,Presencial,2,2,GOR-GRI-unico,1,11486.7,28716.74,,28716.74
2317,2024-05-11 16:20:00,32494103,Centro,Presencial,2,2,JEA-LAV-L,2,8748.58,21871.44,,43742.88
2317,2024-05-11 16:20:00,32494103,Centro,Presencial,2,2,REM-TUR-XXL,1,13673.12,33382.8,12.0,33382.8
2317,2024-05-11 16:20:00,32494103,Centro,Presencial,2,2,REM-TUR-XXL,1,13673.12,34182.8,,34182.8
2318,2024-01-26 01:35:00,28731761,Tienda Online,Web,9,4,GOR-GRI-XXL,1,11486.7,28716.74,,28716.74
2318,2024-01-26 01:35:00,28731761,Tienda Online,Web,9,4,CIN-TUR-XL,1,13257.96,33144.89,,33144.89
2318,2024-01-26 01:35:00,28731761,Tienda Online,Web,9,4,CIN-TUR-unico,1,13257.96,33144.89,,33144.89
2318,2024-01-26 01:35:00,28731761,Tienda Online,Web,9,4,CAM-BEI-unico,1,14680.23,36700.58,,36700.58
2318,2024-01-26 01:35:00,28731761,Tienda Online,Web,9,4,GOR-GRI-L,1,11486.7,28716.74,,28716.74
2319,2024-02-12 17:47:00,16898363,Shopping,Presencial,7,3,JEA-LAV-L,1,8748.58,21871.44,,21871.44
2319,2024-02-12 17:47:00,16898363,Shopping,Presencial,7,3,GOR-GRI-M,1,11486.7,28716.74,,28716.74
2319,2024-02-12 17:47:00,16898363,Shopping,Presencial,7,3,CIN-TUR-unico,1,13257.96,33144.89,,33144.89
2319,2024-02-12 17:47:00,16898363,Shopping,Presencial,7,3,CAM-BEI-unico,1,14680.23,36700.58,,36700.58
2319,2024-02-12 17:47:00,16898363,Shopping,Presencial,7,3,GOR-GRI-XXL,1,11486.7,28716.74,,28716.74
2320,2025-08-05 13:53:00,22083413,Centro,Presencial,1,3,CAM-BEI-S,1,14680.23,36700.58,,36700.58
2320,2025-08-05 13:53:00,22083413,Centro,Presencial,1,3,SWE-MAR-L,1,13010.13,32525.33,,32525.33
2320,2025-08-05 13:53:00,22083413,Centro,Presencial,1,3,BUZ-AZU-L,1,11827.69,29569.23,,29569.23
2320,2025-08-05 13:53:00,22083413,Centro,Presencial,1,3,MUS-AZU-unico,1,12928.22,32320.56,,32320.56
2321,2024-04-12 19:00:00,25273674,Shopping,Presencial,7,4,SWE-MAR-unico,1,13010.13,32525.33,,32525.33
2321,2024-04-12 19:00:00,25273674,Shopping,Presencial,7,4,REM-BLA-XL,1,13071.19,32677.97,,32677.97
2321,2024-04-12 19:00:00,25273674,Shopping,Presencial,7,4,SWE-AZU-S,1,13010.13,32525.33,,32525.33
2321,2024-04-12 19:00:00,25273674,Shopping,Presencial,7,4,JEA-NEG-M,1,8748.58,21871.44,,21871.44
2321,2024-04-12 19:00:00,25273674,Shopping,Presencial,7,4,GOR-GRI-M,2,11486.7,28716.74,,57433.48
2322,2024-03-08 11:08:00,25636276,Centro,Presencial,1,4,CHU-NEG-M,2,13529.35,33823.38,,67646.76
2322,2024-03-08 11:08:00,25636276,Centro,Presencial,1,4,GOR-GRI-S,2,11486.7,28716.74,,57433.48
2322,2024-03-08 11:08:00,25636276,Centro,Presencial,1,4,JOG-ÍND-M,1,16544.66,41361.66,,41361.66
2323,2025-05-19 01:07:00,18474473,Tienda Online,Web,9,3,JEA-LAV-L,1,8748.58,21871.44,,21871.44
2323,2025-05-19 01:07:00,18474473,Tienda Online,Web,9,3,JOG-CEL-unico,1,16544.66,41361.66,,41361.66
2323,2025-05-19 01:07:00,18474473,Tienda Online,Web,9,3,MUS-AZU-M,1,12928.22,32320.56,,32320.56
2323,2025-05-19 01:07:00,18474473,Tienda Online,Web,9,3,JEA-NEG-M,1,8748.58,21871.44,,21871.44
2324,2024-09-26 04:16:00,18494838,Tienda Online,Web,9,5,CIN-ROS-XXL,1,13257.96,33144.89,,33144.89
2324,2024-09-26 04:16:00,18494838,Tienda Online,Web,9,5,REM-CEL-XXL,1,13673.12,34182.8,,34182.8
2324,2024-09-26 04:16:00,18494838,Tienda Online,Web,9,5,JOG-ÍND-S,1,16544.66,41361.66,,41361.66
2324,2024-09-26 04:16:00,18494838,Tienda Online,Web,9,5,CHU-ÍND-XXL,1,13529.35,33823.38,,33823.38
2325,2024-10-26 07:07:00,28731761,Tienda Online,Web,10,2,CHU-ÍND-XXL,1,13529.35,33823.38,,33823.38
2325,2024-10-26 07:07:00,28731761,Tienda Online,Web,10,2,CHU-VER-XL,1,13529.35,33823.38,,33823.38
2325,2024-10-26 07:07:00,28731761,Tienda Online,Web,10,2,GOR-ROJ-S,2,11486.7,28716.74,,57433.48
2325,2024-10-26 07:07:00,28731761,Tienda Online,Web,10,2,CIN-MAR-S,1,13257.96,33144.89,,33144.89
2326,2025-06-13 07:52:00,10949480,Tienda Online,Web,9,2,CHU-VER-XL,1,13529.35,33823.38,,33823.38
2326,2025-06-13 07:52:00,10949480,Tienda Online,Web,9,2,CHU-NEG-unico,1,13529.35,33823.38,,33823.38
2326,2025-06-13 07:52:00,10949480,Tienda Online,Web,9,2,CHU-NEG-XL,1,13529.35,33823.38,,33823.38
2326,2025-06-13 07:52:00,10949480,Tienda Online,Web,9,2,REM-VIO-XL,1,13071.19,32677.97,,32677.97
2327,2024-06-07 09:34:00,12667017,Shopping,Presencial,7,4,CHU-VER-XL,1,13529.35,33823.38,,33823.38
2327,2024-06-07 09:34:00,12667017,Shopping,Presencial,7,4,CHU-VER-XL,1,13529.35,33823.38,,33823.38
2327,2024-06-07 09:34:00,12667017,Shopping,Presencial,7,4,CIN-TUR-unico,1,13257.96,33144.89,,33144.89
2328,2024-07-18 15:48:00,28688292,Shopping,Presencial,7,2,GOR-GRI-XXL,1,11486.7,28716.74,,28716.74
2328,2024-07-18 15:48:00,28688292,Shopping,Presencial,7,2,REM-TUR-XXL,1,13673.12,34182.8,,34182.8
2328,2024-07-18 15:48:00,28688292,Shopping,Presencial,7,2,CHU-NEG-M,1,13529.35,33823.38,,33823.38
2328,2024-07-18 15:48:00,28688292,Shopping,Presencial,7,2,CIN-ROS-XXL,1,13257.96,33144.89,,33144.89
2329,2025-03-22 23:27:00,14265307,Tienda Online,Web,10,1,CAM-BLA-S,1,14680.23,36700.58,,36700.58
2329,2025-03-22 23:27:00,14265307,Tienda Online,Web,10,1,CIN-MAR-M,2,13257.96,33144.89,,66289.78
2329,2025-03-22 23:27:00,14265307,Tienda Online,Web,10,1,CHU-ÍND-XL,1,13529.35,33823.38,,33823.38
2329,2025-03-22 23:27:00,14265307,Tienda Online,Web,10,1,CHU-ÍND-L,1,13529.35,33823.38,,33823.38
2330,2024-12-13 18:12:00,14695862,Norte,Presencial,5,4,JOG-ÍND-XL,1,16544.66,41361.66,,41361.66
2330,2024-12-13 18:12:00,14695862,Norte,Presencial,5,4,CHU-NEG-M,1,13529.35,33823.38,,33823.38
2331,2024-06-02 19:16:00,29174891,Norte,Presencial,5,5,CIN-MAR-XL,1,13257.96,33144.89,,33144.89
2331,2024-06-02 19:16:00,29174891,Norte,Presencial,5,5,JEA-LAV-L,1,8748.58,21871.44,,21871.44
2331,2024-06-02 19:16:00,29174891,Norte,Presencial,5,5,CIN-TUR-XL,1,13257.96,33144.89,,33144.89
2332,2024-02-16 20:35:00,32199028,Tienda Online,Web,10,5,CIN-MAR-L,1,13257.96,33144.89,,33144.89
2332,2024-02-16 20:35:00,32199028,Tienda Online,Web,10,5,JEA-LAV-unico,1,8748.58,21871.44,,21871.44
2332,2024-02-16 20:35:00,32199028,Tienda Online,Web,10,5,JOG-AZU-unico,1,16544.66,41361.66,,41361.66
2332,2024-02-16 20:35:00,32199028,Tienda Online,Web,10,5,JEA-LAV-L,1,8748.58,21871.44,,21871.44
2332,2024-02-16 20:35:00,32199028,Tienda Online,Web,10,5,CAM-BEI-L,1,14680.23,36700.58,,36700.58
2333,2024-11-07 14:53:00,13659179,Shopping,Presencial,7,1,JOG-AZU-unico,1,16544.66,41361.66,,41361.66
2333,2024-11-07 14:53:00,13659179,Shopping,Presencial,7,1,CAM-BEI-unico,1,14680.23,36700.58,,36700.58
2334,2025-04-11 13:49:00,17728908,Tienda Online,Web,10,1,JEA-LAV-unico,2,8748.58,21871.44,,43742.88
2334,2025-04-11 13:49:00,17728908,Tienda Online,Web,10,1,JOG-ÍND-M,1,16544.66,41361.66,,41361.66
2334,2025-04-11 13:49:00,17728908,Tienda Online,Web,10,1,CAM-BLA-M,1,14680.23,36700.58,,36700.58
2334,2025-04-11 13:49:00,17728908,Tienda Online,Web,10,1,JEA-NEG-unico,1,8748.58,21871.44,,21871.44
2335,2024-04-01 00:01:00,38701583,Tienda Online,Web,10,5,BUZ-AZU-M,1,11827.69,29569.23,,29569.23
2335,2024-04-01 00:01:00,38701583,Tienda Online,Web,10,5,CIN-MAR-L,1,13257.96,33144.89,,33144.89
2336,2024-09-13 15:50:00,26373518,Norte,Presencial,6,4,GOR-GRI-L,1,11486.7,28716.74,,28716.74
2336,2024-09-13 15:50:00,26373518,Norte,Presencial,6,4,CAM-BEI-L,1,14680.23,36700.58,,36700.58
2337,2025-03-14 20:21:00,40632634,Tienda Online,Web,9,1,BUZ-AZU-M,1,11827.69,29569.23,,29569.23
2337,2025-03-14 20:21:00,40632634,Tienda Online,Web,9,1,CHU-ÍND-L,1,13529.35,33823.38,,33823.38
2337,2025-03-14 20:21:00,40632634,Tienda Online,Web,9,1,GOR-ROJ-S,1,11486.7,17230.04,7.0,17230.04
2337,2025-03-14 20:21:00,40632634,Tienda Online,Web,9,1,REM-VIO-L,1,13071.19,32677.97,,32677.97
2337,2025-03-14 20:21:00,40632634,Tienda Online,Web,9,1,REM-VIO-L,1,13071.19,32677.97,,32677.97
2338,2025-05-29 16:58:00,26852461,Centro,Presencial,1,4,CHU-VER-XL,1,13529.35,33823.38,,33823.38
2338,2025-05-29 16:58:00,26852461,Centro,Presencial,1,4,SWE-MAR-unico,1,13010.13,32525.33,,32525.33
2339,2025-05-15 12:10:00,30132463,Shopping,Presencial,7,2,JOG-AZU-unico,1,16544.66,41361.66,,41361.66
2339,2025-05-15 12:10:00,30132463,Shopping,Presencial,7,2,MUS-CEL-M,1,12928.22,32320.56,,32320.56
2339,2025-05-15 12:10:00,30132463,Shopping,Presencial,7,2,REM-VIO-M,1,13071.19,32677.97,,32677.97
2339,2025-05-15 12:10:00,30132463,Shopping,Presencial,7,2,CHU-NEG-M,1,13529.35,33823.38,,33823.38
2339,2025-05-15 12:10:00,30132463,Shopping,Presencial,7,2,REM-VIO-XL,1,13071.19,32677.97,,32677.97
2340,2024-08-03 17:51:00,16744926,Centro,Presencial,2,4,CHU-ÍND-XXL,2,13529.35,33823.38,,67646.76
2340,2024-08-03 17:51:00,16744926,Centro,Presencial,2,4,JEA-LAV-L,1,8748.58,21871.44,,21871.44
2340,2024-08-03 17:51:00,16744926,Centro,Presencial,2,4,JOG-AZU-unico,2,16544.66,41361.66,,82723.32
2340,2024-08-03 17:51:00,16744926,Centro,Presencial,2,4,BUZ-AZU-M,1,11827.69,29569.23,,29569.23
2341,2025-03-25 12:22:00,18723624,Shopping,Presencial,7,4,CHU-NEG-M,1,13529.35,33823.38,,33823.38
2341,2025-03-25 12:22:00,18723624,Shopping,Presencial,7,4,JOG-ÍND-S,2,16544.66,41361.66,,82723.32
2341,2025-03-25 12:22:00,18723624,Shopping,Presencial,7,4,GOR-GRI-M,1,11486.7,28716.74,,28716.74
2341,2025-03-25 12:22:00,18723624,Shopping,Presencial,7,4,BUZ-AZU-M,1,11827.69,17741.54,7.0,17741.54
2341,2025-03-25 12:22:00,18723624,Shopping,Presencial,7,4,CHU-ÍND-XL,2,13529.35,33823.38,,67646.76
2342,2024-09-23 19:05:00,36200760,Tienda Online,Web,10,1,SWE-MAR-unico,1,13010.13,32525.33,,32525.33
2342,2024-09-23 19:05:00,36200760,Tienda Online,Web,10,1,CIN-MAR-M,1,13257.96,33144.89,,33144.89
2342,2024-09-23 19:05:00,36200760,Tienda Online,Web,10,1,CAM-BLA-M,2,14680.23,36700.58,,73401.16
2343,2024-06-28 16:51:00,26431104,Tienda Online,Web,10,2,REM-BLA-XL,1,13071.19,32677.97,,32677.97
2343,2024-06-28 16:51:00,26431104,Tienda Online,Web,10,2,JOG-ÍND-S,1,16544.66,41361.66,,41361.66
2343,2024-06-28 16:51:00,26431104,Tienda Online,Web,10,2,GOR-GRI-M,1,11486.7,28716.74,,28716.74
2343,2024-06-28 16:51:00,26431104,Tienda Online,Web,10,2,JOG-ÍND-XL,1,16544.66,41361.66,,41361.66
2343,2024-06-28 16:51:00,26431104,Tienda Online,Web,10,2,CAM-CEL-XL,2,14680.23,36700.58,,73401.16
2344,2024-11-23 14:10:00,29586497,Centro,Presencial,2,4,SWE-MAR-unico,2,13010.13,32525.33,,65050.66
2344,2024-11-23 14:10:00,29586497,Centro,Presencial,2,4,SWE-MAR-L,1,13010.13,32525.33,,32525.33
2344,2024-11-23 14:10:00,29586497,Centro,Presencial,2,4,CAM-BEI-L,1,14680.23,36700.58,,36700.58
2344,2024-11-23 14:10:00,29586497,Centro,Presencial,2,4,CHU-ÍND-L,1,13529.35,33823.38,,33823.38
2344,2024-11-23 14:10:00,29586497,Centro,Presencial,2,4,GOR-GRI-L,1,11486.7,28716.74,,28716.74
2345,2024-06-10 09:41:00,30831897,Shopping,Presencial,7,2,JEA-LAV-unico,1,8748.58,21871.44,,21871.44
2346,2025-04-07 15:39:00,30831897,Shopping,Presencial,7,4,JEA-LAV-unico,1,8748.58,21871.44,,21871.44
2346,2025-04-07 15:39:00,30831897,Shopping,Presencial,7,4,CHU-NEG-XXL,1,13529.35,33823.38,,33823.38
2346,2025-04-07 15:39:00,30831897,Shopping,Presencial,7,4,CHU-VER-L,1,13529.35,27735.17,10.0,27735.17
2347,2024-10-11 08:01:00,28289000,Tienda Online,Web,9,4,SWE-MAR-L,1,13010.13,32525.33,,32525.33
2348,2024-11-05 13:57:00,25534107,Norte,Presencial,4,4,GOR-GRI-unico,1,11486.7,28716.74,,28716.74
2348,2024-11-05 13:57:00,25534107,Norte,Presencial,4,4,JEA-NEG-unico,1,8748.58,21871.44,,21871.44
2348,2024-11-05 13:57:00,25534107,Norte,Presencial,4,4,CHU-ÍND-L,1,13529.35,33823.38,,33823.38
2349,2025-09-23 11:05:00,26025968,Shopping,Presencial,7,1,CHU-ÍND-L,1,13529.35,33823.38,,33823.38
2350,2025-05-24 15:54:00,41156466,Centro,Presencial,1,3,GOR-ROJ-unico,1,11486.7,28716.74,,28716.74
2350,2025-05-24 15:54:00,41156466,Centro,Presencial,1,3,REM-BLA-S,1,13071.19,32677.97,,32677.97
2350,2025-05-24 15:54:00,41156466,Centro,Presencial,1,3,REM-VIO-XXL,1,13071.19,32677.97,,32677.97
2350,2025-05-24 15:54:00,41156466,Centro,Presencial,1,3,JEA-LAV-unico,1,8748.58,21871.44,,21871.44
2350,2025-05-24 15:54:00,41156466,Centro,Presencial,1,3,CHU-NEG-XL,1,13529.35,23676.37,5.0,23676.37
2351,2025-04-19 00:02:00,40298722,Tienda Online,Web,10,2,GOR-GRI-unico,1,11486.7,28716.74,,28716.74
2351,2025-04-19 00:02:00,40298722,Tienda Online,Web,10,2,MUS-AZU-unico,1,12928.22,32320.56,,32320.56
2351,2025-04-19 00:02:00,40298722,Tienda Online,Web,10,2,JOG-ÍND-M,1,16544.66,41361.66,,41361.66
2352,2024-03-16 14:01:00,41854862,Centro,Presencial,2,4,MUS-CEL-S,2,12928.22,32320.56,,64641.12
2352,2024-03-16 14:01:00,41854862,Centro,Presencial,2,4,MUS-AZU-unico,1,12928.22,32320.56,,32320.56
2352,2024-03-16 14:01:00,41854862,Centro,Presencial,2,4,MUS-CEL-S,1,12928.22,32320.56,,32320.56
2352,2024-03-16 14:01:00,41854862,Centro,Presencial,2,4,JEA-LAV-unico,1,8748.58,21871.44,,21871.44
2352,2024-03-16 14:01:00,41854862,Centro,Presencial,2,4,GOR-GRI-M,1,11486.7,28716.74,,28716.74
2353,2024-02-14 12:09:00,28427922,Tienda Online,Web,9,1,JEA-NEG-M,1,8748.58,21871.44,,21871.44
2353,2024-02-14 12:09:00,28427922,Tienda Online,Web,9,1,SWE-AZU-S,1,13010.13,32525.33,,32525.33
2353,2024-02-14 12:09:00,28427922,Tienda Online,Web,9,1,CAM-CEL-XL,1,14680.23,36700.58,,36700.58
2353,2024-02-14 12:09:00,28427922,Tienda Online,Web,9,1,JOG-ÍND-XL,1,16544.66,41361.66,,41361.66
2353,2024-02-14 12:09:00,28427922,Tienda Online,Web,9,1,CAM-BEI-unico,1,14680.23,36700.58,,36700.58
2354,2025-04-05 19:24:00,13836296,Centro,Presencial,2,5,GOR-GRI-S,1,11486.7,28716.74,,28716.74
2354,2025-04-05 19:24:00,13836296,Centro,Presencial,2,5,CAM-BLA-M,2,14680.23,36700.58,,73401.16
2355,2025-11-22 00:35:00,28011719,Tienda Online,Web,10,1,JEA-NEG-XL,2,8748.58,21871.44,,43742.88
2356,2024-03-21 06:38:00,21983483,Tienda Online,Web,10,5,JEA-NEG-M,1,8748.58,21871.44,,21871.44
2356,2024-03-21 06:38:00,21983483,Tienda Online,Web,10,5,CAM-CEL-XL,1,14680.23,36700.58,,36700.58
2357,2024-12-09 10:14:00,27929653,Centro,Presencial,1,4,SWE-MAR-unico,1,13010.13,32525.33,,32525.33
2357,2024-12-09 10:14:00,27929653,Centro,Presencial,1,4,MUS-AZU-XXL,1,12928.22,32320.56,,32320.56
2357,2024-12-09 10:14:00,27929653,Centro,Presencial,1,4,CHU-ÍND-XL,1,13529.35,33823.38,,33823.38
2357,2024-12-09 10:14:00,27929653,Centro,Presencial,1,4,JOG-AZU-XXL,1,16544.66,41361.66,,41361.66
2357,2024-12-09 10:14:00,27929653,Centro,Presencial,1,4,REM-VIO-M,1,13071.19,32677.97,,32677.97
2358,2025-11-15 14:08:00,31925749,Tienda Online,Web,9,2,REM-BLA-unico,2,13071.19,32677.97,,65355.94
2358,2025-11-15 14:08:00,31925749,Tienda Online,Web,9,2,CAM-BLA-M,2,14680.23,36700.58,,73401.16
2359,2024-05-20 11:00:00,18494838,Centro,Presencial,2,4,CIN-MAR-L,1,13257.96,32344.89,12.0,32344.89
2360,2025-05-17 07:51:00,18293899,Tienda Online,Web,9,5,REM-VIO-L,1,13071.19,32677.97,,32677.97
2360,2025-05-17 07:51:00,18293899,Tienda Online,Web,9,5,CHU-VER-L,1,13529.35,33823.38,,33823.38
2361,2025-06-13 19:49:00,17829989,Tienda Online,Web,9,2,CHU-ÍND-XXL,1,13529.35,33823.38,,33823.38
2361,2025-06-13 19:49:00,17829989,Tienda Online,Web,9,2,CAM-BLA-XL,1,14680.23,36700.58,,36700.58
2361,2025-06-13 19:49:00,17829989,Tienda Online,Web,9,2,CIN-MAR-S,1,13257.96,33144.89,,33144.89
2361,2025-06-13 19:49:00,17829989,Tienda Online,Web,9,2,MUS-CEL-M,1,12928.22,32320.56,,32320.56
2362,2025-03-29 19:28:00,30549138,Tienda Online,Web,9,5,CHU-NEG-XXL,1,13529.35,20294.03,7.0,20294.03
2362,2025-03-29 19:28:00,30549138,Tienda Online,Web,9,5,MUS-AZU-M,1,12928.22,32320.56,,32320.56
2362,2025-03-29 19:28:00,30549138,Tienda Online,Web,9,5,GOR-GRI-M,1,11486.7,28716.74,,28716.74
2363,2025-06-16 18:30:00,38250184,Norte,Presencial,6,1,SWE-MAR-L,1,13010.13,32525.33,,32525.33
2363,2025-06-16 18:30:00,38250184,Norte,Presencial,6,1,MUS-AZU-M,1,12928.22,32320.56,,32320.56
2363,2025-06-16 18:30:00,38250184,Norte,Presencial,6,1,MUS-CEL-M,1,12928.22,32320.56,,32320.56
2364,2024-07-12 18:37:00,24161661,Centro,Presencial,1,3,CAM-CEL-XL,1,14680.23,36700.58,,36700.58
2364,2024-07-12 18:37:00,24161661,Centro,Presencial,1,3,CAM-BLA-M,1,14680.23,36700.58,,36700.58
2364,2024-07-12 18:37:00,24161661,Centro,Presencial,1,3,CIN-MAR-XL,1,13257.96,33144.89,,33144.89
2364,2024-07-12 18:37:00,24161661,Centro,Presencial,1,3,JOG-ÍND-XL,1,16544.66,41361.66,,41361.66
2364,2024-07-12 18:37:00,24161661,Centro,Presencial,1,3,GOR-GRI-unico,1,11486.7,28716.74,,28716.74
2365,2025-05-09 15:35:00,14695862,Tienda Online,Web,10,3,CAM-BLA-S,1,14680.23,36700.58,,36700.58
2365,2025-05-09 15:35:00,14695862,Tienda Online,Web,10,3,SWE-AZU-S,1,13010.13,32525.33,,32525.33
2365,2025-05-09 15:35:00,14695862,Tienda Online,Web,10,3,CAM-CEL-XL,2,14680.23,36700.58,,73401.16
2365,2025-05-09 15:35:00,14695862,Tienda Online,Web,10,3,CHU-VER-L,1,13529.35,33823.38,,33823.38
2366,2024-05-08 13:40:00,10770478,Norte,Presencial,4,3,REM-CEL-XXL,1,13673.12,34182.8,,34182.8
2366,2024-05-08 13:40:00,10770478,Norte,Presencial,4,3,GOR-GRI-XXL,2,11486.7,27916.74,12.0,55833.48
2366,2024-05-08 13:40:00,10770478,Norte,Presencial,4,3,CIN-MAR-L,1,13257.96,33144.89,,33144.89
2366,2024-05-08 13:40:00,10770478,Norte,Presencial,4,3,SWE-MAR-L,1,13010.13,32525.33,,32525.33
2366,2024-05-08 13:40:00,10770478,Norte,Presencial,4,3,SWE-AZU-S,1,13010.13,31725.33,12.0,31725.33
2367,2025-11-15 15:50:00,36775919,Shopping,Presencial,7,4,GOR-GRI-L,1,11486.7,28716.74,,28716.74
2367,2025-11-15 15:50:00,36775919,Shopping,Presencial,7,4,JEA-LAV-unico,2,8748.58,21871.44,,43742.88
2367,2025-11-15 15:50:00,36775919,Shopping,Presencial,7,4,CAM-BLA-XL,1,14680.23,36700.58,,36700.58
2367,2025-11-15 15:50:00,36775919,Shopping,Presencial,7,4,CAM-BLA-XL,1,14680.23,36700.58,,36700.58
2368,2024-12-28 16:25:00,24672546,Shopping,Presencial,7,2,BUZ-AZU-unico,1,11827.69,29569.23,,29569.23
2368,2024-12-28 16:25:00,24672546,Shopping,Presencial,7,2,CIN-MAR-XL,2,13257.96,33144.89,,66289.78
2368,2024-12-28 16:25:00,24672546,Shopping,Presencial,7,2,SWE-MAR-unico,1,13010.13,32525.33,,32525.33
2368,2024-12-28 16:25:00,24672546,Shopping,Presencial,7,2,GOR-GRI-unico,2,11486.7,28716.74,,57433.48
2368,2024-12-28 16:25:00,24672546,Shopping,Presencial,7,2,GOR-GRI-XXL,1,11486.7,28716.74,,28716.74
2369,2024-04-30 12:36:00,10372106,Tienda Online,Web,10,2,CAM-BEI-unico,1,14680.23,36700.58,,36700.58
2369,2024-04-30 12:36:00,10372106,Tienda Online,Web,10,2,MUS-AZU-unico,1,12928.22,32320.56,,32320.56
2369,2024-04-30 12:36:00,10372106,Tienda Online,Web,10,2,CIN-TUR-XL,2,13257.96,33144.89,,66289.78
2369,2024-04-30 12:36:00,10372106,Tienda Online,Web,10,2,JOG-CEL-unico,1,16544.66,41361.66,,41361.66
2370,2024-08-19 09:20:00,40890427,Tienda Online,Web,10,2,JOG-ÍND-M,1,16544.66,41361.66,,41361.66
2370,2024-08-19 09:20:00,40890427,Tienda Online,Web,10,2,CAM-CEL-XL,1,14680.23,36700.58,,36700.58
2371,2025-06-02 17:55:00,25755164,Norte,Presencial,5,3,REM-BLA-S,1,13071.19,32677.97,,32677.97
2371,2025-06-02 17:55:00,25755164,Norte,Presencial,5,3,MUS-CEL-M,1,12928.22,32320.56,,32320.56
2371,2025-06-02 17:55:00,25755164,Norte,Presencial,5,3,REM-BLA-XL,1,13071.19,32677.97,,32677.97
2371,2025-06-02 17:55:00,25755164,Norte,Presencial,5,3,CHU-ÍND-XL,1,13529.35,33823.38,,33823.38
2372,2025-09-10 14:38:00,31231220,Shopping,Presencial,7,1,GOR-GRI-S,1,11486.7,28716.74,,28716.74
2373,2024-01-20 20:54:00,32012128,Tienda Online,Web,10,2,CHU-VER-XL,1,13529.35,33823.38,,33823.38
2373,2024-01-20 20:54:00,32012128,Tienda Online,Web,10,2,CIN-MAR-S,1,13257.96,33144.89,,33144.89
2374,2024-03-29 11:30:00,16123174,Shopping,Presencial,7,3,JEA-LAV-L,1,8748.58,21871.44,,21871.44
2374,2024-03-29 11:30:00,16123174,Shopping,Presencial,7,3,CAM-BEI-unico,2,14680.23,36700.58,,73401.16
2375,2024-03-22 01:03:00,25333944,Tienda Online,Web,10,5,JOG-ÍND-M,1,16544.66,41361.66,,41361.66
2375,2024-03-22 01:03:00,25333944,Tienda Online,Web,10,5,JOG-CEL-unico,1,16544.66,41361.66,,41361.66
2375,2024-03-22 01:03:00,25333944,Tienda Online,Web,10,5,CIN-MAR-S,1,13257.96,33144.89,,33144.89
2375,2024-03-22 01:03:00,25333944,Tienda Online,Web,10,5,CIN-MAR-L,1,13257.96,33144.89,,33144.89
2375,2024-03-22 01:03:00,25333944,Tienda Online,Web,10,5,CHU-VER-XL,1,13529.35,33823.38,,33823.38
2376,2024-04-06 10:57:00,17686170,Centro,Presencial,2,5,MUS-AZU-XXL,1,12928.22,32320.56,,32320.56
2376,2024-04-06 10:57:00,17686170,Centro,Presencial,2,5,CIN-MAR-XL,1,13257.96,33144.89,,33144.89
2377,2025-10-31 18:40:00,42520755,Centro,Presencial,1,2,BUZ-AZU-unico,1,11827.69,29569.23,,29569.23
2377,2025-10-31 18:40:00,42520755,Centro,Presencial,1,2,SWE-MAR-M,1,13010.13,32525.33,,32525.33
2378,2025-06-29 07:24:00,34089341,Tienda Online,Web,10,3,CIN-ROS-XXL,1,13257.96,33144.89,,33144.89
2378,2025-06-29 07:24:00,34089341,Tienda Online,Web,10,3,JOG-ÍND-XL,1,16544.66,41361.66,,41361.66
2378,2025-06-29 07:24:00,34089341,Tienda Online,Web,10,3,BUZ-AZU-M,1,11827.69,29569.23,,29569.23
2378,2025-06-29 07:24:00,34089341,Tienda Online,Web,10,3,GOR-ROJ-S,1,11486.7,28716.74,,28716.74
2378,2025-06-29 07:24:00,34089341,Tienda Online,Web,10,3,CAM-BEI-unico,1,14680.23,36700.58,,36700.58
2379,2024-05-09 16:51:00,23771113,Tienda Online,Web,10,2,CAM-CEL-XL,1,14680.23,35900.58,12.0,35900.58
2379,2024-05-09 16:51:00,23771113,Tienda Online,Web,10,2,CHU-NEG-M,1,13529.35,33023.38,12.0,33023.38
2379,2024-05-09 16:51:00,23771113,Tienda Online,Web,10,2,CIN-MAR-S,1,13257.96,33144.89,,33144.89
2380,2024-02-24 13:15:00,17254174,Norte,Presencial,6,3,BUZ-AZU-M,1,11827.69,29569.23,,29569.23
2380,2024-02-24 13:15:00,17254174,Norte,Presencial,6,3,JEA-LAV-L,1,8748.58,21871.44,,21871.44
2381,2025-11-21 16:31:00,28427922,Centro,Presencial,1,4,CAM-BLA-S,1,14680.23,36700.58,,36700.58
2381,2025-11-21 16:31:00,28427922,Centro,Presencial,1,4,GOR-GRI-M,1,11486.7,28716.74,,28716.74
2381,2025-11-21 16:31:00,28427922,Centro,Presencial,1,4,JOG-ÍND-S,1,16544.66,41361.66,,41361.66
2381,2025-11-21 16:31:00,28427922,Centro,Presencial,1,4,SWE-MAR-S,1,13010.13,32525.33,,32525.33
2382,2024-08-12 10:13:00,31625779,Norte,Presencial,5,4,GOR-GRI-M,1,11486.7,28716.74,,28716.74
2382,2024-08-12 10:13:00,31625779,Norte,Presencial,5,4,JOG-ÍND-XL,1,16544.66,41361.66,,41361.66
2382,2024-08-12 10:13:00,31625779,Norte,Presencial,5,4,CIN-MAR-XL,1,13257.96,33144.89,,33144.89
2383,2025-04-15 17:12:00,26373518,Shopping,Presencial,7,1,JEA-LAV-unico,1,8748.58,21871.44,,21871.44
2383,2025-04-15 17:12:00,26373518,Shopping,Presencial,7,1,REM-TUR-S,1,13673.12,28029.9,10.0,28029.9
2383,2025-04-15 17:12:00,26373518,Shopping,Presencial,7,1,CHU-NEG-XXL,1,13529.35,33823.38,,33823.38
2384,2024-09-13 16:52:00,15815848,Norte,Presencial,4,3,REM-BLA-XL,1,13071.19,32677.97,,32677.97
2384,2024-09-13 16:52:00,15815848,Norte,Presencial,4,3,GOR-GRI-M,1,11486.7,28716.74,,28716.74
2385,2025-05-05 15:11:00,20905308,Centro,Presencial,2,2,GOR-GRI-S,1,11486.7,28716.74,,28716.74
2385,2025-05-05 15:11:00,20905308,Centro,Presencial,2,2,JOG-AZU-unico,1,16544.66,41361.66,,41361.66
2385,2025-05-05 15:11:00,20905308,Centro,Presencial,2,2,JOG-CEL-unico,1,16544.66,41361.66,,41361.66
2386,2024-02-02 09:46:00,16194045,Centro,Presencial,2,3,JOG-CEL-unico,1,16544.66,41361.66,,41361.66
2386,2024-02-02 09:46:00,16194045,Centro,Presencial,2,3,BUZ-AZU-M,1,11827.69,29569.23,,29569.23
2386,2024-02-02 09:46:00,16194045,Centro,Presencial,2,3,CIN-TUR-unico,1,13257.96,33144.89,,33144.89
2387,2025-05-20 19:41:00,10770478,Shopping,Presencial,7,5,GOR-ROJ-unico,1,11486.7,28716.74,,28716.74
2387,2025-05-20 19:41:00,10770478,Shopping,Presencial,7,5,JEA-NEG-unico,1,8748.58,21871.44,,21871.44
2387,2025-05-20 19:41:00,10770478,Shopping,Presencial,7,5,CHU-ÍND-XL,1,13529.35,33823.38,,33823.38
2387,2025-05-20 19:41:00,10770478,Shopping,Presencial,7,5,CIN-ROS-unico,1,13257.96,33144.89,,33144.89
2388,2025-09-13 18:57:00,21484920,Norte,Presencial,4,2,JEA-NEG-M,1,8748.58,21871.44,,21871.44
2389,2024-08-19 18:30:00,31117675,Shopping,Presencial,7,4,BUZ-AZU-M,1,11827.69,29569.23,,29569.23
2389,2024-08-19 18:30:00,31117675,Shopping,Presencial,7,4,MUS-AZU-XXL,2,12928.22,32320.56,,64641.12
2389,2024-08-19 18:30:00,31117675,Shopping,Presencial,7,4,GOR-ROJ-unico,1,11486.7,28716.74,,28716.74
2390,2024-08-09 17:02:00,19104260,Norte,Presencial,4,3,REM-CEL-XXL,1,13673.12,34182.8,,34182.8
2390,2024-08-09 17:02:00,19104260,Norte,Presencial,4,3,CAM-CEL-XL,1,14680.23,36700.58,,36700.58
2390,2024-08-09 17:02:00,19104260,Norte,Presencial,4,3,JOG-ÍND-S,1,16544.66,41361.66,,41361.66
2390,2024-08-09 17:02:00,19104260,Norte,Presencial,4,3,REM-TUR-XXL,1,13673.12,34182.8,,34182.8
2391,2024-05-07 18:22:00,12090484,Shopping,Presencial,7,2,CIN-MAR-L,1,13257.96,33144.89,,33144.89
2391,2024-05-07 18:22:00,12090484,Shopping,Presencial,7,2,CHU-NEG-S,1,13529.35,33823.38,,33823.38
2392,2024-12-28 16:24:00,21787005,Tienda Online,Web,10,3,JOG-ÍND-XL,1,16544.66,41361.66,,41361.66
2392,2024-12-28 16:24:00,21787005,Tienda Online,Web,10,3,CIN-MAR-M,1,13257.96,33144.89,,33144.89
2393,2025-09-17 15:08:00,42859207,Centro,Presencial,1,5,CHU-ÍND-XXL,1,13529.35,21985.2,8.0,21985.2
2393,2025-09-17 15:08:00,42859207,Centro,Presencial,1,5,SWE-AZU-M,1,13010.13,32525.33,,32525.33
2393,2025-09-17 15:08:00,42859207,Centro,Presencial,1,5,JOG-AZU-unico,1,16544.66,41361.66,,41361.66
2393,2025-09-17 15:08:00,42859207,Centro,Presencial,1,5,MUS-AZU-XXL,1,12928.22,32320.56,,32320.56
2393,2025-09-17 15:08:00,42859207,Centro,Presencial,1,5,JOG-CEL-unico,1,16544.66,41361.66,,41361.66
2394,2024-07-13 19:11:00,32770212,Tienda Online,Web,10,1,CAM-CEL-XL,1,14680.23,36700.58,,36700.58
2394,2024-07-13 19:11:00,32770212,Tienda Online,Web,10,1,JOG-CEL-unico,1,16544.66,41361.66,,41361.66
2394,2024-07-13 19:11:00,32770212,Tienda Online,Web,10,1,REM-CEL-XXL,1,13673.12,34182.8,,34182.8
2394,2024-07-13 19:11:00,32770212,Tienda Online,Web,10,1,CHU-NEG-S,1,13529.35,33823.38,,33823.38
2395,2024-12-07 00:38:00,26594901,Tienda Online,Web,9,5,CHU-ÍND-XL,1,13529.35,33823.38,,33823.38
2395,2024-12-07 00:38:00,26594901,Tienda Online,Web,9,5,SWE-AZU-S,1,13010.13,32525.33,,32525.33
2395,2024-12-07 00:38:00,26594901,Tienda Online,Web,9,5,CIN-TUR-unico,1,13257.96,33144.89,,33144.89
2395,2024-12-07 00:38:00,26594901,Tienda Online,Web,9,5,JOG-CEL-unico,1,16544.66,41361.66,,41361.66
2396,2025-05-30 18:51:00,30096828,Tienda Online,Web,10,3,MUS-AZU-M,1,12928.22,32320.56,,32320.56
2396,2025-05-30 18:51:00,30096828,Tienda Online,Web,10,3,CIN-MAR-S,1,13257.96,33144.89,,33144.89
2397,2024-06-07 15:59:00,42659965,Centro,Presencial,1,4,GOR-GRI-XXL,1,11486.7,28716.74,,28716.74
2397,2024-06-07 15:59:00,42659965,Centro,Presencial,1,4,SWE-MAR-unico,1,13010.13,32525.33,,32525.33
2397,2024-06-07 15:59:00,42659965,Centro,Presencial,1,4,CIN-ROS-XXL,1,13257.96,33144.89,,33144.89
2397,2024-06-07 15:59:00,42659965,Centro,Presencial,1,4,GOR-GRI-XXL,1,11486.7,28716.74,,28716.74
2397,2024-06-07 15:59:00,42659965,Centro,Presencial,1,4,CHU-NEG-M,1,13529.35,33823.38,,33823.38
2398,2024-06-07 14:16:00,27906335,Centro,Presencial,1,4,MUS-AZU-M,1,12928.22,32320.56,,32320.56
2398,2024-06-07 14:16:00,27906335,Centro,Presencial,1,4,CHU-NEG-S,1,13529.35,33823.38,,33823.38
2398,2024-06-07 14:16:00,27906335,Centro,Presencial,1,4,CIN-TUR-XL,1,13257.96,33144.89,,33144.89
2398,2024-06-07 14:16:00,27906335,Centro,Presencial,1,4,CIN-TUR-XL,1,13257.96,33144.89,,33144.89
2398,2024-06-07 14:16:00,27906335,Centro,Presencial,1,4,CAM-CEL-XL,1,14680.23,36700.58,,36700.58
2399,2025-08-07 06:33:00,34798543,Tienda Online,Web,9,5,SWE-MAR-S,1,13010.13,32525.33,,32525.33
2399,2025-08-07 06:33:00,34798543,Tienda Online,Web,9,5,REM-VIO-L,1,13071.19,32677.97,,32677.97
2399,2025-08-07 06:33:00,34798543,Tienda Online,Web,9,5,REM-BLA-S,1,13071.19,32677.97,,32677.97
2399,2025-08-07 06:33:00,34798543,Tienda Online,Web,9,5,MUS-CEL-S,1,12928.22,32320.56,,32320.56
2400,2024-08-09 12:07:00,14695862,Centro,Presencial,1,4,CIN-ROS-XXL,1,13257.96,33144.89,,33144.89
2400,2024-08-09 12:07:00,14695862,Centro,Presencial,1,4,REM-BLA-XL,1,13071.19,32677.97,,32677.97
2400,2024-08-09 12:07:00,14695862,Centro,Presencial,1,4,GOR-GRI-XXL,1,11486.7,28716.74,,28716.74
2400,2024-08-09 12:07:00,14695862,Centro,Presencial,1,4,MUS-AZU-M,1,12928.22,32320.56,,32320.56
2401,2025-10-23 03:19:00,41156466,Tienda Online,Web,10,4,CIN-MAR-M,1,13257.96,33144.89,,33144.89
2401,2025-10-23 03:19:00,41156466,Tienda Online,Web,10,4,CIN-MAR-M,1,13257.96,33144.89,,33144.89
2401,2025-10-23 03:19:00,41156466,Tienda Online,Web,10,4,MUS-AZU-unico,1,12928.22,32320.56,,32320.56
2401,2025-10-23 03:19:00,41156466,Tienda Online,Web,10,4,GOR-ROJ-XXL,1,11486.7,28716.74,,28716.74
2402,2024-02-02 15:30:00,25442983,Tienda Online,Web,10,5,GOR-GRI-M,1,11486.7,28716.74,,28716.74
2402,2024-02-02 15:30:00,25442983,Tienda Online,Web,10,5,CAM-BEI-L,1,14680.23,36700.58,,36700.58
2402,2024-02-02 15:30:00,25442983,Tienda Online,Web,10,5,REM-BLA-XL,1,13071.19,32677.97,,32677.97
2402,2024-02-02 15:30:00,25442983,Tienda Online,Web,10,5,CAM-CEL-XL,1,14680.23,36700.58,,36700.58
2403,2025-06-09 15:38:00,18889009,Tienda Online,Web,10,4,CHU-VER-XL,1,13529.35,33823.38,,33823.38
2403,2025-06-09 15:38:00,18889009,Tienda Online,Web,10,4,CIN-MAR-L,1,13257.96,33144.89,,33144.89
2404,2025-11-15 13:33:00,24429953,Norte,Presencial,5,3,MUS-CEL-S,1,12928.22,32320.56,,32320.56
2404,2025-11-15 13:33:00,24429953,Norte,Presencial,5,3,CAM-BEI-L,1,14680.23,36700.58,,36700.58
2404,2025-11-15 13:33:00,24429953,Norte,Presencial,5,3,CIN-MAR-XL,1,13257.96,33144.89,,33144.89
2404,2025-11-15 13:33:00,24429953,Norte,Presencial,5,3,GOR-ROJ-S,1,11486.7,23547.73,9.0,23547.73
2405,2024-04-06 16:57:00,16744926,Shopping,Presencial,7,4,GOR-GRI-M,1,11486.7,28716.74,,28716.74
2405,2024-04-06 16:57:00,16744926,Shopping,Presencial,7,4,CIN-ROS-XXL,1,13257.96,33144.89,,33144.89
2406,2025-05-07 19:56:00,19104260,Shopping,Presencial,7,5,REM-CEL-XXL,2,13673.12,34182.8,,68365.6
2407,2025-03-07 12:25:00,17686170,Shopping,Presencial,7,5,CIN-MAR-M,1,13257.96,33144.89,,33144.89
2407,2025-03-07 12:25:00,17686170,Shopping,Presencial,7,5,BUZ-AZU-unico,1,11827.69,29569.23,,29569.23
2407,2025-03-07 12:25:00,17686170,Shopping,Presencial,7,5,GOR-GRI-unico,2,11486.7,28716.74,,57433.48
2407,2025-03-07 12:25:00,17686170,Shopping,Presencial,7,5,JOG-AZU-XL,1,16544.66,41361.66,,41361.66
2408,2024-06-04 17:21:00,14887419,Norte,Presencial,5,4,CAM-BLA-M,1,14680.23,36700.58,,36700.58
2408,2024-06-04 17:21:00,14887419,Norte,Presencial,5,4,JOG-AZU-unico,1,16544.66,41361.66,,41361.66
2408,2024-06-04 17:21:00,14887419,Norte,Presencial,5,4,CIN-ROS-XXL,1,13257.96,33144.89,,33144.89
2408,2024-06-04 17:21:00,14887419,Norte,Presencial,5,4,SWE-AZU-S,1,13010.13,32525.33,,32525.33
2409,2025-03-29 16:33:00,20256869,Shopping,Presencial,7,3,CHU-ÍND-XXL,1,13529.35,33823.38,,33823.38
2409,2025-03-29 16:33:00,20256869,Shopping,Presencial,7,3,CIN-MAR-S,1,13257.96,19886.93,7.0,19886.93
2410,2024-06-22 17:27:00,22960720,Norte,Presencial,5,5,GOR-GRI-XXL,1,11486.7,28716.74,,28716.74
2411,2025-06-03 20:51:00,18123867,Tienda Online,Web,9,3,JOG-ÍND-M,1,16544.66,41361.66,,41361.66
2411,2025-06-03 20:51:00,18123867,Tienda Online,Web,9,3,REM-VIO-L,1,13071.19,32677.97,,32677.97
2411,2025-06-03 20:51:00,18123867,Tienda Online,Web,9,3,BUZ-AZU-L,1,11827.69,29569.23,,29569.23
2411,2025-06-03 20:51:00,18123867,Tienda Online,Web,9,3,REM-VIO-M,1,13071.19,32677.97,,32677.97
2411,2025-06-03 20:51:00,18123867,Tienda Online,Web,9,3,CIN-TUR-unico,1,13257.96,33144.89,,33144.89
2412,2024-06-11 18:06:00,22874170,Shopping,Presencial,7,4,CIN-MAR-L,1,13257.96,33144.89,,33144.89
2412,2024-06-11 18:06:00,22874170,Shopping,Presencial,7,4,SWE-MAR-unico,1,13010.13,32525.33,,32525.33
2413,2024-12-24 13:43:00,25293994,Shopping,Presencial,7,4,JEA-NEG-unico,1,8748.58,21871.44,,21871.44
2413,2024-12-24 13:43:00,25293994,Shopping,Presencial,7,4,CIN-MAR-XL,1,13257.96,33144.89,,33144.89
2413,2024-12-24 13:43:00,25293994,Shopping,Presencial,7,4,REM-VIO-XL,1,13071.19,32677.97,,32677.97
2413,2024-12-24 13:43:00,25293994,Shopping,Presencial,7,4,CIN-TUR-unico,1,13257.96,33144.89,,33144.89
2414,2024-06-29 09:30:00,16884540,Shopping,Presencial,7,1,BUZ-AZU-M,1,11827.69,29569.23,,29569.23
2414,2024-06-29 09:30:00,16884540,Shopping,Presencial,7,1,CHU-NEG-M,1,13529.35,33823.38,,33823.38
2415,2024-11-15 12:26:00,41561757,Shopping,Presencial,7,4,GOR-GRI-M,1,11486.7,28716.74,,28716.74
2415,2024-11-15 12:26:00,41561757,Shopping,Presencial,7,4,CIN-TUR-XL,2,13257.96,33144.89,,66289.78
2415,2024-11-15 12:26:00,41561757,Shopping,Presencial,7,4,JOG-ÍND-XL,1,16544.66,41361.66,,41361.66
2416,2024-06-25 04:39:00,17318490,Tienda Online,Web,10,2,MUS-CEL-S,1,12928.22,32320.56,,32320.56
2416,2024-06-25 04:39:00,17318490,Tienda Online,Web,10,2,JEA-LAV-unico,1,8748.58,21871.44,,21871.44
2416,2024-06-25 04:39:00,17318490,Tienda Online,Web,10,2,GOR-GRI-M,1,11486.7,28716.74,,28716.74
2417,2024-03-04 03:01:00,20714555,Tienda Online,Web,10,2,REM-BLA-XL,1,13071.19,32677.97,,32677.97
2417,2024-03-04 03:01:00,20714555,Tienda Online,Web,10,2,JEA-LAV-unico,1,8748.58,21871.44,,21871.44
2417,2024-03-04 03:01:00,20714555,Tienda Online,Web,10,2,SWE-AZU-S,1,13010.13,32525.33,,32525.33
2417,2024-03-04 03:01:00,20714555,Tienda Online,Web,10,2,BUZ-AZU-M,2,11827.69,29569.23,,59138.46
2418,2024-12-08 19:49:00,14684875,Norte,Presencial,5,2,CHU-ÍND-XXL,1,13529.35,33823.38,,33823.38
2418,2024-12-08 19:49:00,14684875,Norte,Presencial,5,2,REM-TUR-XXL,1,13673.12,34182.8,,34182.8
2419,2025-09-04 16:37:00,19674106,Centro,Presencial,1,3,GOR-GRI-M,1,11486.7,28716.74,,28716.74
2419,2025-09-04 16:37:00,19674106,Centro,Presencial,1,3,REM-CEL-XXL,2,13673.12,34182.8,,68365.6
2419,2025-09-04 16:37:00,19674106,Centro,Presencial,1,3,CHU-ÍND-L,1,13529.35,29764.57,6.0,29764.57
2419,2025-09-04 16:37:00,19674106,Centro,Presencial,1,3,REM-VIO-L,1,13071.19,32677.97,,32677.97
2420,2025-06-07 10:01:00,13597644,Norte,Presencial,5,1,JEA-LAV-unico,2,8748.58,21871.44,,43742.88
2420,2025-06-07 10:01:00,13597644,Norte,Presencial,5,1,CHU-VER-L,1,13529.35,33823.38,,33823.38
2420,2025-06-07 10:01:00,13597644,Norte,Presencial,5,1,SWE-MAR-L,2,13010.13,32525.33,,65050.66
2420,2025-06-07 10:01:00,13597644,Norte,Presencial,5,1,CHU-NEG-S,1,13529.35,33823.38,,33823.38
2420,2025-06-07 10:01:00,13597644,Norte,Presencial,5,1,JEA-NEG-unico,1,8748.58,21871.44,,21871.44
2421,2025-03-01 19:02:00,33160875,Norte,Presencial,5,3,GOR-GRI-unico,1,11486.7,28716.74,,28716.74
2422,2024-12-15 17:05:00,12462702,Tienda Online,Web,10,1,CIN-MAR-L,2,13257.96,33144.89,,66289.78
2422,2024-12-15 17:05:00,12462702,Tienda Online,Web,10,1,CAM-BLA-M,1,14680.23,36700.58,,36700.58
2422,2024-12-15 17:05:00,12462702,Tienda Online,Web,10,1,CIN-MAR-S,1,13257.96,33144.89,,33144.89
2422,2024-12-15 17:05:00,12462702,Tienda Online,Web,10,1,CIN-MAR-XL,1,13257.96,33144.89,,33144.89
2422,2024-12-15 17:05:00,12462702,Tienda Online,Web,10,1,GOR-GRI-L,1,11486.7,28716.74,,28716.74
2423,2025-07-09 09:07:00,24059778,Tienda Online,Web,9,4,CIN-MAR-M,1,13257.96,33144.89,,33144.89
2423,2025-07-09 09:07:00,24059778,Tienda Online,Web,9,4,CAM-BEI-unico,1,14680.23,36700.58,,36700.58
2423,2025-07-09 09:07:00,24059778,Tienda Online,Web,9,4,CIN-MAR-S,2,13257.96,33144.89,,66289.78
2423,2025-07-09 09:07:00,24059778,Tienda Online,Web,9,4,CHU-NEG-XL,1,13529.35,33823.38,,33823.38
2424,2024-11-16 14:36:00,28316378,Centro,Presencial,1,1,GOR-GRI-S,1,11486.7,28716.74,,28716.74
2424,2024-11-16 14:36:00,28316378,Centro,Presencial,1,1,JEA-LAV-L,1,8748.58,21871.44,,21871.44
2424,2024-11-16 14:36:00,28316378,Centro,Presencial,1,1,GOR-GRI-S,1,11486.7,28716.74,,28716.74
2425,2025-01-07 17:38:00,31625779,Norte,Presencial,6,4,CIN-TUR-XL,2,13257.96,33144.89,,66289.78
2425,2025-01-07 17:38:00,31625779,Norte,Presencial,6,4,JOG-ÍND-XL,1,16544.66,41361.66,,41361.66
2426,2025-03-21 13:33:00,31625779,Shopping,Presencial,7,3,CAM-BLA-M,1,14680.23,36700.58,,36700.58
2426,2025-03-21 13:33:00,31625779,Shopping,Presencial,7,3,GOR-GRI-L,1,11486.7,17230.04,7.0,17230.04
2426,2025-03-21 13:33:00,31625779,Shopping,Presencial,7,3,SWE-AZU-S,1,13010.13,32525.33,,32525.33
2426,2025-03-21 13:33:00,31625779,Shopping,Presencial,7,3,CHU-NEG-M,1,13529.35,33823.38,,33823.38
2426,2025-03-21 13:33:00,31625779,Shopping,Presencial,7,3,CIN-ROS-unico,1,13257.96,33144.89,,33144.89
2427,2024-03-04 12:20:00,36200760,Tienda Online,Web,9,2,GOR-GRI-M,1,11486.7,28716.74,,28716.74
2427,2024-03-04 12:20:00,36200760,Tienda Online,Web,9,2,JOG-ÍND-M,1,16544.66,41361.66,,41361.66
2428,2025-09-05 08:23:00,43875089,Tienda Online,Web,10,4,REM-TUR-S,2,13673.12,30080.86,6.0,60161.72
2428,2025-09-05 08:23:00,43875089,Tienda Online,Web,10,4,CAM-BLA-M,1,14680.23,36700.58,,36700.58
2428,2025-09-05 08:23:00,43875089,Tienda Online,Web,10,4,REM-BLA-unico,1,13071.19,32677.97,,32677.97
2429,2024-02-02 11:29:00,17728908,Centro,Presencial,1,5,MUS-AZU-unico,1,12928.22,32320.56,,32320.56
2429,2024-02-02 11:29:00,17728908,Centro,Presencial,1,5,JOG-AZU-unico,1,16544.66,41361.66,,41361.66
2430,2024-03-23 18:04:00,33776507,Centro,Presencial,1,1,JEA-NEG-M,1,8748.58,21871.44,,21871.44
2430,2024-03-23 18:04:00,33776507,Centro,Presencial,1,1,MUS-AZU-unico,1,12928.22,32320.56,,32320.56
2430,2024-03-23 18:04:00,33776507,Centro,Presencial,1,1,JEA-LAV-unico,1,8748.58,21871.44,,21871.44
2430,2024-03-23 18:04:00,33776507,Centro,Presencial,1,1,REM-BLA-XL,1,13071.19,32677.97,,32677.97
2430,2024-03-23 18:04:00,33776507,Centro,Presencial,1,1,MUS-AZU-unico,2,12928.22,32320.56,,64641.12
2431,2024-07-23 16:39:00,19888757,Shopping,Presencial,7,5,SWE-MAR-L,1,13010.13,32525.33,,32525.33
2431,2024-07-23 16:39:00,19888757,Shopping,Presencial,7,5,CHU-ÍND-L,1,13529.35,33823.38,,33823.38
2431,2024-07-23 16:39:00,19888757,Shopping,Presencial,7,5,GOR-GRI-unico,2,11486.7,28716.74,,57433.48
2431,2024-07-23 16:39:00,19888757,Shopping,Presencial,7,5,JEA-LAV-unico,1,8748.58,21871.44,,21871.44
2432,2025-04-02 11:10:00,17740453,Tienda Online,Web,9,5,CIN-TUR-XL,1,13257.96,27178.81,10.0,27178.81
2432,2025-04-02 11:10:00,17740453,Tienda Online,Web,9,5,CIN-MAR-S,1,13257.96,33144.89,,33144.89
2432,2025-04-02 11:10:00,17740453,Tienda Online,Web,9,5,CIN-MAR-S,1,13257.96,33144.89,,33144.89
2433,2025-02-15 03:21:00,14684875,Tienda Online,Web,9,3,CHU-NEG-S,1,13529.35,33823.38,,33823.38
2433,2025-02-15 03:21:00,14684875,Tienda Online,Web,9,3,GOR-GRI-L,1,11486.7,28716.74,,28716.74
2433,2025-02-15 03:21:00,14684875,Tienda Online,Web,9,3,CAM-BLA-M,1,14680.23,36700.58,,36700.58
2434,2024-03-23 11:33:00,43250363,Tienda Online,Web,9,1,CIN-MAR-XL,1,13257.96,33144.89,,33144.89
2435,2025-08-05 19:35:00,26431104,Shopping,Presencial,7,3,GOR-ROJ-L,1,11486.7,28716.74,,28716.74
2435,2025-08-05 19:35:00,26431104,Shopping,Presencial,7,3,CAM-BLA-S,1,14680.23,36700.58,,36700.58
2435,2025-08-05 19:35:00,26431104,Shopping,Presencial,7,3,JOG-ÍND-XL,1,16544.66,41361.66,,41361.66
2435,2025-08-05 19:35:00,26431104,Shopping,Presencial,7,3,JOG-ÍND-S,1,16544.66,41361.66,,41361.66
2435,2025-08-05 19:35:00,26431104,Shopping,Presencial,7,3,MUS-CEL-M,1,12928.22,32320.56,,32320.56
2436,2025-05-30 17:25:00,28349234,Tienda Online,Web,10,2,GOR-ROJ-S,1,11486.7,28716.74,,28716.74
2436,2025-05-30 17:25:00,28349234,Tienda Online,Web,10,2,REM-VIO-XXL,1,13071.19,32677.97,,32677.97
2436,2025-05-30 17:25:00,28349234,Tienda Online,Web,10,2,CAM-BLA-XL,1,14680.23,36700.58,,36700.58
2437,2024-11-01 12:19:00,26871415,Tienda Online,Web,9,3,JOG-AZU-XXL,1,16544.66,41361.66,,41361.66
2437,2024-11-01 12:19:00,26871415,Tienda Online,Web,9,3,REM-VIO-XL,1,13071.19,32677.97,,32677.97
2437,2024-11-01 12:19:00,26871415,Tienda Online,Web,9,3,SWE-MAR-unico,1,13010.13,32525.33,,32525.33
2438,2024-11-27 14:37:00,26594901,Centro,Presencial,1,4,BUZ-AZU-M,1,11827.69,29569.23,,29569.23
2438,2024-11-27 14:37:00,26594901,Centro,Presencial,1,4,GOR-ROJ-S,1,11486.7,28716.74,,28716.74
2438,2024-11-27 14:37:00,26594901,Centro,Presencial,1,4,JOG-AZU-XXL,1,16544.66,41361.66,,41361.66
2438,2024-11-27 14:37:00,26594901,Centro,Presencial,1,4,CIN-TUR-XL,1,13257.96,33144.89,,33144.89
2439,2024-05-11 13:55:00,26783807,Norte,Presencial,4,5,CIN-ROS-XXL,1,13257.96,32344.89,12.0,32344.89
2439,2024-05-11 13:55:00,26783807,Norte,Presencial,4,5,CAM-CEL-XL,1,14680.23,36700.58,,36700.58
2439,2024-05-11 13:55:00,26783807,Norte,Presencial,4,5,CAM-CEL-XL,1,14680.23,36700.58,,36700.58
2439,2024-05-11 13:55:00,26783807,Norte,Presencial,4,5,GOR-GRI-L,1,11486.7,28716.74,,28716.74
2440,2025-09-06 14:53:00,30873468,Tienda Online,Web,9,2,CAM-BEI-S,1,14680.23,36700.58,,36700.58
2440,2025-09-06 14:53:00,30873468,Tienda Online,Web,9,2,GOR-ROJ-L,1,11486.7,28716.74,,28716.74
2440,2025-09-06 14:53:00,30873468,Tienda Online,Web,9,2,CIN-MAR-M,1,13257.96,33144.89,,33144.89
2440,2025-09-06 14:53:00,30873468,Tienda Online,Web,9,2,CHU-ÍND-XXL,1,13529.35,33823.38,,33823.38
2440,2025-09-06 14:53:00,30873468,Tienda Online,Web,9,2,JOG-CEL-unico,1,16544.66,41361.66,,41361.66
2441,2025-06-19 11:36:00,25145607,Centro,Presencial,1,2,BUZ-AZU-unico,1,11827.69,29569.23,,29569.23
2441,2025-06-19 11:36:00,25145607,Centro,Presencial,1,2,REM-BLA-S,2,13071.19,32677.97,,65355.94
2441,2025-06-19 11:36:00,25145607,Centro,Presencial,1,2,SWE-AZU-M,2,13010.13,32525.33,,65050.66
2441,2025-06-19 11:36:00,25145607,Centro,Presencial,1,2,CHU-NEG-XXL,1,13529.35,33823.38,,33823.38
2442,2025-07-10 09:57:00,40632634,Shopping,Presencial,7,3,JOG-CEL-unico,1,16544.66,41361.66,,41361.66
2442,2025-07-10 09:57:00,40632634,Shopping,Presencial,7,3,CAM-BLA-XL,1,14680.23,36700.58,,36700.58
2442,2025-07-10 09:57:00,40632634,Shopping,Presencial,7,3,GOR-ROJ-L,1,11486.7,28716.74,,28716.74
2443,2025-10-27 12:39:00,31231220,Shopping,Presencial,7,3,SWE-AZU-M,1,13010.13,32525.33,,32525.33
2443,2025-10-27 12:39:00,31231220,Shopping,Presencial,7,3,CIN-ROS-XXL,1,13257.96,33144.89,,33144.89
2443,2025-10-27 12:39:00,31231220,Shopping,Presencial,7,3,CIN-MAR-XL,1,13257.96,33144.89,,33144.89
2443,2025-10-27 12:39:00,31231220,Shopping,Presencial,7,3,REM-TUR-S,1,13673.12,34182.8,,34182.8
2444,2025-02-07 01:01:00,14684875,Tienda Online,Web,9,4,JEA-LAV-L,1,8748.58,21871.44,,21871.44
2444,2025-02-07 01:01:00,14684875,Tienda Online,Web,9,4,REM-VIO-XXL,1,13071.19,32677.97,,32677.97
2444,2025-02-07 01:01:00,14684875,Tienda Online,Web,9,4,CHU-NEG-XXL,1,13529.35,33823.38,,33823.38
2445,2024-04-05 18:52:00,28124922,Centro,Presencial,2,5,GOR-GRI-XXL,1,11486.7,28716.74,,28716.74
2445,2024-04-05 18:52:00,28124922,Centro,Presencial,2,5,REM-BLA-XL,1,13071.19,32677.97,,32677.97
2446,2025-11-03 02:20:00,14684875,Tienda Online,Web,9,4,CIN-TUR-unico,2,13257.96,33144.89,,66289.78
2446,2025-11-03 02:20:00,14684875,Tienda Online,Web,9,4,GOR-ROJ-L,1,11486.7,28716.74,,28716.74
2446,2025-11-03 02:20:00,14684875,Tienda Online,Web,9,4,REM-VIO-L,2,13071.19,26795.94,9.0,53591.88
2446,2025-11-03 02:20:00,14684875,Tienda Online,Web,9,4,CIN-ROS-L,1,13257.96,27178.81,9.0,27178.81
2446,2025-11-03 02:20:00,14684875,Tienda Online,Web,9,4,CAM-BLA-M,1,14680.23,30094.48,9.0,30094.48
2447,2024-02-10 12:14:00,20369856,Centro,Presencial,2,2,CAM-CEL-XL,1,14680.23,36700.58,,36700.58
2447,2024-02-10 12:14:00,20369856,Centro,Presencial,2,2,SWE-MAR-L,1,13010.13,32525.33,,32525.33
2447,2024-02-10 12:14:00,20369856,Centro,Presencial,2,2,REM-TUR-XXL,1,13673.12,34182.8,,34182.8
2447,2024-02-10 12:14:00,20369856,Centro,Presencial,2,2,CIN-MAR-XL,1,13257.96,33144.89,,33144.89
2447,2024-02-10 12:14:00,20369856,Centro,Presencial,2,2,SWE-AZU-S,1,13010.13,32525.33,,32525.33
2448,2025-11-27 10:04:00,39559360,Shopping,Presencial,7,5,JOG-AZU-L,1,16544.66,41361.66,,41361.66
2448,2025-11-27 10:04:00,39559360,Shopping,Presencial,7,5,GOR-GRI-unico,1,11486.7,28716.74,,28716.74
2448,2025-11-27 10:04:00,39559360,Shopping,Presencial,7,5,SWE-MAR-XXL,1,13010.13,32525.33,,32525.33
2448,2025-11-27 10:04:00,39559360,Shopping,Presencial,7,5,JOG-CEL-unico,1,16544.66,41361.66,,41361.66
2448,2025-11-27 10:04:00,39559360,Shopping,Presencial,7,5,REM-TUR-XXL,1,13673.12,34182.8,,34182.8
2449,2024-05-28 06:21:00,42745601,Tienda Online,Web,10,4,GOR-GRI-XXL,1,11486.7,28716.74,,28716.74
2449,2024-05-28 06:21:00,42745601,Tienda Online,Web,10,4,GOR-ROJ-unico,1,11486.7,28716.74,,28716.74
2449,2024-05-28 06:21:00,42745601,Tienda Online,Web,10,4,JOG-AZU-unico,1,16544.66,41361.66,,41361.66
2450,2025-06-11 16:53:00,35314138,Tienda Online,Web,10,4,GOR-GRI-L,1,11486.7,28716.74,,28716.74
2450,2025-06-11 16:53:00,35314138,Tienda Online,Web,10,4,CIN-MAR-M,1,13257.96,33144.89,,33144.89
2451,2024-07-11 18:40:00,25273674,Norte,Presencial,6,3,SWE-AZU-S,1,13010.13,32525.33,,32525.33
2451,2024-07-11 18:40:00,25273674,Norte,Presencial,6,3,JOG-ÍND-M,2,16544.66,41361.66,,82723.32
2451,2024-07-11 18:40:00,25273674,Norte,Presencial,6,3,JOG-CEL-unico,1,16544.66,41361.66,,41361.66
2451,2024-07-11 18:40:00,25273674,Norte,Presencial,6,3,CIN-TUR-XL,1,13257.96,33144.89,,33144.89
2451,2024-07-11 18:40:00,25273674,Norte,Presencial,6,3,GOR-GRI-M,1,11486.7,28716.74,,28716.74
2452,2025-07-03 14:38:00,17678198,Centro,Presencial,1,4,JEA-NEG-M,1,8748.58,21871.44,,21871.44
2452,2025-07-03 14:38:00,17678198,Centro,Presencial,1,4,CHU-ÍND-XXL,1,13529.35,33823.38,,33823.38
2452,2025-07-03 14:38:00,17678198,Centro,Presencial,1,4,REM-TUR-XXL,1,13673.12,34182.8,,34182.8
2453,2024-07-06 20:06:00,19706758,Tienda Online,Web,10,4,MUS-AZU-M,2,12928.22,32320.56,,64641.12
2453,2024-07-06 20:06:00,19706758,Tienda Online,Web,10,4,MUS-CEL-S,1,12928.22,32320.56,,32320.56
2453,2024-07-06 20:06:00,19706758,Tienda Online,Web,10,4,GOR-GRI-S,1,11486.7,28716.74,,28716.74
2453,2024-07-06 20:06:00,19706758,Tienda Online,Web,10,4,JEA-LAV-L,1,8748.58,21871.44,,21871.44
2453,2024-07-06 20:06:00,19706758,Tienda Online,Web,10,4,JEA-LAV-unico,1,8748.58,21871.44,,21871.44
2454,2025-03-27 22:02:00,42659965,Tienda Online,Web,10,3,JOG-ÍND-XL,1,16544.66,41361.66,,41361.66
2454,2025-03-27 22:02:00,42659965,Tienda Online,Web,10,3,JEA-LAV-unico,1,8748.58,21871.44,,21871.44
2454,2025-03-27 22:02:00,42659965,Tienda Online,Web,10,3,GOR-ROJ-unico,1,11486.7,28716.74,,28716.74
2454,2025-03-27 22:02:00,42659965,Tienda Online,Web,10,3,CHU-NEG-S,1,13529.35,20294.03,7.0,20294.03
2454,2025-03-27 22:02:00,42659965,Tienda Online,Web,10,3,JOG-ÍND-XL,2,16544.66,41361.66,,82723.32
2455,2025-11-01 16:55:00,26127866,Tienda Online,Web,9,2,JOG-ÍND-XL,1,16544.66,41361.66,,41361.66
2455,2025-11-01 16:55:00,26127866,Tienda Online,Web,9,2,JOG-ÍND-S,1,16544.66,41361.66,,41361.66
2455,2025-11-01 16:55:00,26127866,Tienda Online,Web,9,2,BUZ-AZU-L,1,11827.69,29569.23,,29569.23
2456,2024-09-28 15:42:00,17728908,Tienda Online,Web,9,4,JOG-ÍND-S,1,16544.66,41361.66,,41361.66
2457,2024-05-03 13:30:00,22588451,Tienda Online,Web,10,4,JOG-ÍND-XL,2,16544.66,41361.66,,82723.32
2457,2024-05-03 13:30:00,22588451,Tienda Online,Web,10,4,GOR-GRI-S,2,11486.7,27916.74,12.0,55833.48
2457,2024-05-03 13:30:00,22588451,Tienda Online,Web,10,4,SWE-MAR-L,1,13010.13,32525.33,,32525.33
2458,2025-08-29 13:19:00,20565131,Centro,Presencial,2,1,JEA-NEG-XL,1,8748.58,21871.44,,21871.44
2458,2025-08-29 13:19:00,20565131,Centro,Presencial,2,1,GOR-GRI-S,1,11486.7,28716.74,,28716.74
2458,2025-08-29 13:19:00,20565131,Centro,Presencial,2,1,CHU-NEG-XL,1,13529.35,33823.38,,33823.38
2459,2024-05-06 13:15:00,22874170,Norte,Presencial,5,1,MUS-AZU-unico,1,12928.22,32320.56,,32320.56
2459,2024-05-06 13:15:00,22874170,Norte,Presencial,5,1,REM-CEL-XXL,1,13673.12,34182.8,,34182.8
2459,2024-05-06 13:15:00,22874170,Norte,Presencial,5,1,MUS-AZU-XXL,1,12928.22,32320.56,,32320.56
2459,2024-05-06 13:15:00,22874170,Norte,Presencial,5,1,CIN-MAR-M,1,13257.96,33144.89,,33144.89
2459,2024-05-06 13:15:00,22874170,Norte,Presencial,5,1,JOG-ÍND-M,2,16544.66,41361.66,,82723.32
2460,2025-05-17 17:05:00,29955030,Tienda Online,Web,10,4,MUS-AZU-XXL,1,12928.22,32320.56,,32320.56
2460,2025-05-17 17:05:00,29955030,Tienda Online,Web,10,4,BUZ-AZU-unico,1,11827.69,29569.23,,29569.23
2461,2025-06-17 04:23:00,16194045,Tienda Online,Web,9,2,SWE-MAR-M,1,13010.13,32525.33,,32525.33
2462,2025-03-15 02:38:00,31106889,Tienda Online,Web,9,1,MUS-AZU-M,1,12928.22,19392.34,7.0,19392.34
2462,2025-03-15 02:38:00,31106889,Tienda Online,Web,9,1,CHU-NEG-XXL,1,13529.35,33823.38,,33823.38
2462,2025-03-15 02:38:00,31106889,Tienda Online,Web,9,1,GOR-GRI-M,1,11486.7,28716.74,,28716.74
2463,2024-10-26 21:05:00,24449461,Tienda Online,Web,9,3,REM-CEL-XXL,1,13673.12,34182.8,,34182.8
2463,2024-10-26 21:05:00,24449461,Tienda Online,Web,9,3,JOG-ÍND-M,1,16544.66,41361.66,,41361.66
2463,2024-10-26 21:05:00,24449461,Tienda Online,Web,9,3,CAM-BEI-L,1,14680.23,36700.58,,36700.58
2463,2024-10-26 21:05:00,24449461,Tienda Online,Web,9,3,MUS-AZU-unico,1,12928.22,32320.56,,32320.56
2464,2025-07-11 09:45:00,21387796,Shopping,Presencial,7,1,BUZ-AZU-unico,1,11827.69,14784.61,11.0,14784.61
2464,2025-07-11 09:45:00,21387796,Shopping,Presencial,7,1,REM-TUR-XXL,1,13673.12,17091.4,11.0,17091.4
2464,2025-07-11 09:45:00,21387796,Shopping,Presencial,7,1,MUS-CEL-M,1,12928.22,32320.56,,32320.56
2464,2025-07-11 09:45:00,21387796,Shopping,Presencial,7,1,JOG-ÍND-XL,1,16544.66,41361.66,,41361.66
2465,2024-04-19 15:15:00,38701583,Tienda Online,Web,9,2,JOG-ÍND-M,1,16544.66,41361.66,,41361.66
2465,2024-04-19 15:15:00,38701583,Tienda Online,Web,9,2,JEA-LAV-unico,1,8748.58,21871.44,,21871.44
2465,2024-04-19 15:15:00,38701583,Tienda Online,Web,9,2,JOG-ÍND-M,1,16544.66,41361.66,,41361.66
2466,2024-10-30 15:47:00,31117675,Norte,Presencial,4,2,CAM-CEL-XL,1,14680.23,36700.58,,36700.58
2466,2024-10-30 15:47:00,31117675,Norte,Presencial,4,2,CAM-BEI-unico,2,14680.23,36700.58,,73401.16
2467,2024-11-04 11:29:00,40632634,Centro,Presencial,1,4,JOG-AZU-unico,1,16544.66,41361.66,,41361.66
2467,2024-11-04 11:29:00,40632634,Centro,Presencial,1,4,CAM-BLA-M,2,14680.23,36700.58,,73401.16
2467,2024-11-04 11:29:00,40632634,Centro,Presencial,1,4,REM-VIO-L,1,13071.19,32677.97,,32677.97
2468,2025-06-03 11:27:00,42494017,Norte,Presencial,4,3,REM-TUR-S,1,13673.12,34182.8,,34182.8
2469,2025-07-31 16:27:00,31630635,Shopping,Presencial,7,4,REM-TUR-S,1,13673.12,34182.8,,34182.8
2469,2025-07-31 16:27:00,31630635,Shopping,Presencial,7,4,REM-BLA-S,1,13071.19,32677.97,,32677.97
2469,2025-07-31 16:27:00,31630635,Shopping,Presencial,7,4,CHU-ÍND-L,1,13529.35,33823.38,,33823.38
2469,2025-07-31 16:27:00,31630635,Shopping,Presencial,7,4,CIN-TUR-XL,1,13257.96,33144.89,,33144.89
2470,2025-03-01 12:04:00,18363463,Shopping,Presencial,7,3,CIN-TUR-unico,1,13257.96,33144.89,,33144.89
2470,2025-03-01 12:04:00,18363463,Shopping,Presencial,7,3,JEA-NEG-unico,1,8748.58,21871.44,,21871.44
2470,2025-03-01 12:04:00,18363463,Shopping,Presencial,7,3,CHU-ÍND-XL,1,13529.35,33823.38,,33823.38
2470,2025-03-01 12:04:00,18363463,Shopping,Presencial,7,3,GOR-GRI-unico,1,11486.7,17230.04,7.0,17230.04
2470,2025-03-01 12:04:00,18363463,Shopping,Presencial,7,3,CHU-NEG-XXL,1,13529.35,20294.03,7.0,20294.03
2471,2024-05-10 10:50:00,42745601,Centro,Presencial,2,5,JEA-LAV-unico,1,8748.58,21871.44,,21871.44
2472,2024-12-25 14:42:00,12910178,Shopping,Presencial,7,3,REM-TUR-XXL,1,13673.12,34182.8,,34182.8
2472,2024-12-25 14:42:00,12910178,Shopping,Presencial,7,3,REM-CEL-XXL,1,13673.12,34182.8,,34182.8
2472,2024-12-25 14:42:00,12910178,Shopping,Presencial,7,3,CIN-MAR-L,1,13257.96,33144.89,,33144.89
2472,2024-12-25 14:42:00,12910178,Shopping,Presencial,7,3,REM-VIO-M,1,13071.19,32677.97,,32677.97
2472,2024-12-25 14:42:00,12910178,Shopping,Presencial,7,3,CHU-NEG-XXL,1,13529.35,33823.38,,33823.38
2473,2024-04-09 19:21:00,27715659,Norte,Presencial,6,2,GOR-GRI-L,1,11486.7,28716.74,,28716.74
2473,2024-04-09 19:21:00,27715659,Norte,Presencial,6,2,JOG-AZU-unico,2,16544.66,41361.66,,82723.32
2473,2024-04-09 19:21:00,27715659,Norte,Presencial,6,2,CHU-NEG-S,1,13529.35,33823.38,,33823.38
2473,2024-04-09 19:21:00,27715659,Norte,Presencial,6,2,REM-TUR-XXL,1,13673.12,34182.8,,34182.8
2474,2024-09-26 10:19:00,17740453,Tienda Online,Web,9,4,GOR-GRI-L,1,11486.7,28716.74,,28716.74
2475,2024-04-26 08:59:00,16194045,Tienda Online,Web,10,4,JEA-NEG-M,1,8748.58,21871.44,,21871.44
2476,2024-07-08 10:02:00,12667017,Shopping,Presencial,7,2,JEA-NEG-unico,1,8748.58,21871.44,,21871.44
2476,2024-07-08 10:02:00,12667017,Shopping,Presencial,7,2,CIN-MAR-XL,1,13257.96,33144.89,,33144.89
2476,2024-07-08 10:02:00,12667017,Shopping,Presencial,7,2,CHU-NEG-M,1,13529.35,33823.38,,33823.38
2476,2024-07-08 10:02:00,12667017,Shopping,Presencial,7,2,CIN-MAR-S,1,13257.96,33144.89,,33144.89
2476,2024-07-08 10:02:00,12667017,Shopping,Presencial,7,2,SWE-MAR-L,1,13010.13,32525.33,,32525.33
2477,2025-08-01 12:46:00,38120042,Tienda Online,Web,9,5,SWE-AZU-M,1,13010.13,32525.33,,32525.33
2477,2025-08-01 12:46:00,38120042,Tienda Online,Web,9,5,BUZ-AZU-unico,1,11827.69,29569.23,,29569.23
2477,2025-08-01 12:46:00,38120042,Tienda Online,Web,9,5,MUS-AZU-XXL,1,12928.22,32320.56,,32320.56
2477,2025-08-01 12:46:00,38120042,Tienda Online,Web,9,5,CHU-NEG-XL,2,13529.35,33823.38,,67646.76
2478,2024-06-21 23:56:00,38396306,Tienda Online,Web,10,1,CIN-ROS-XXL,1,13257.96,33144.89,,33144.89
2478,2024-06-21 23:56:00,38396306,Tienda Online,Web,10,1,CAM-BEI-L,1,14680.23,36700.58,,36700.58
2478,2024-06-21 23:56:00,38396306,Tienda Online,Web,10,1,GOR-GRI-XXL,1,11486.7,28716.74,,28716.74
2479,2024-03-20 20:05:00,27715659,Tienda Online,Web,10,4,REM-CEL-XXL,1,13673.12,34182.8,,34182.8
2479,2024-03-20 20:05:00,27715659,Tienda Online,Web,10,4,CAM-CEL-XL,1,14680.23,36700.58,,36700.58
2479,2024-03-20 20:05:00,27715659,Tienda Online,Web,10,4,REM-BLA-XL,1,13071.19,32677.97,,32677.97
2479,2024-03-20 20:05:00,27715659,Tienda Online,Web,10,4,CAM-BEI-L,2,14680.23,36700.58,,73401.16
2480,2025-07-17 11:24:00,36873895,Tienda Online,Web,10,2,REM-CEL-XXL,1,13673.12,34182.8,,34182.8
2480,2025-07-17 11:24:00,36873895,Tienda Online,Web,10,2,SWE-AZU-M,1,13010.13,32525.33,,32525.33
2480,2025-07-17 11:24:00,36873895,Tienda Online,Web,10,2,REM-TUR-S,1,13673.12,34182.8,,34182.8
2480,2025-07-17 11:24:00,36873895,Tienda Online,Web,10,2,SWE-MAR-XXL,1,13010.13,32525.33,,32525.33
2481,2025-08-28 14:28:00,23309686,Shopping,Presencial,7,2,MUS-CEL-M,1,12928.22,32320.56,,32320.56
2481,2025-08-28 14:28:00,23309686,Shopping,Presencial,7,2,JEA-NEG-M,1,8748.58,21871.44,,21871.44
2481,2025-08-28 14:28:00,23309686,Shopping,Presencial,7,2,JEA-LAV-L,2,8748.58,21871.44,,43742.88
2481,2025-08-28 14:28:00,23309686,Shopping,Presencial,7,2,BUZ-AZU-L,1,11827.69,29569.23,,29569.23
2482,2024-03-13 19:09:00,28011719,Tienda Online,Web,9,5,REM-CEL-XXL,2,13673.12,34182.8,,68365.6
2483,2025-06-21 14:52:00,28456905,Tienda Online,Web,9,5,JOG-ÍND-S,1,16544.66,41361.66,,41361.66
2483,2025-06-21 14:52:00,28456905,Tienda Online,Web,9,5,REM-TUR-S,1,13673.12,34182.8,,34182.8
2483,2025-06-21 14:52:00,28456905,Tienda Online,Web,9,5,REM-BLA-S,1,13071.19,32677.97,,32677.97
2483,2025-06-21 14:52:00,28456905,Tienda Online,Web,9,5,REM-VIO-XL,1,13071.19,32677.97,,32677.97
2483,2025-06-21 14:52:00,28456905,Tienda Online,Web,9,5,CHU-NEG-XXL,2,13529.35,33823.38,,67646.76
2484,2025-04-25 18:00:00,29674861,Norte,Presencial,5,3,JOG-AZU-XXL,1,16544.66,41361.66,,41361.66
2484,2025-04-25 18:00:00,29674861,Norte,Presencial,5,3,JOG-ÍND-S,1,16544.66,33916.56,10.0,33916.56
2484,2025-04-25 18:00:00,29674861,Norte,Presencial,5,3,REM-BLA-S,1,13071.19,32677.97,,32677.97
2484,2025-04-25 18:00:00,29674861,Norte,Presencial,5,3,CIN-MAR-S,2,13257.96,27178.81,10.0,54357.62
2484,2025-04-25 18:00:00,29674861,Norte,Presencial,5,3,JOG-AZU-unico,1,16544.66,41361.66,,41361.66
2485,2024-08-07 09:28:00,24855701,Norte,Presencial,4,4,GOR-GRI-M,1,11486.7,28716.74,,28716.74
2485,2024-08-07 09:28:00,24855701,Norte,Presencial,4,4,CIN-MAR-M,1,13257.96,33144.89,,33144.89
2485,2024-08-07 09:28:00,24855701,Norte,Presencial,4,4,CIN-MAR-L,1,13257.96,33144.89,,33144.89
2486,2024-05-11 15:02:00,12910178,Centro,Presencial,2,1,GOR-GRI-unico,1,11486.7,28716.74,,28716.74
2486,2024-05-11 15:02:00,12910178,Centro,Presencial,2,1,CIN-MAR-XL,2,13257.96,33144.89,,66289.78
2486,2024-05-11 15:02:00,12910178,Centro,Presencial,2,1,CAM-CEL-XL,1,14680.23,36700.58,,36700.58
2487,2024-09-13 01:39:00,28289000,Tienda Online,Web,9,3,BUZ-AZU-unico,1,11827.69,29569.23,,29569.23
2487,2024-09-13 01:39:00,28289000,Tienda Online,Web,9,3,CIN-MAR-XL,1,13257.96,33144.89,,33144.89
2487,2024-09-13 01:39:00,28289000,Tienda Online,Web,9,3,CIN-ROS-XXL,1,13257.96,33144.89,,33144.89
2487,2024-09-13 01:39:00,28289000,Tienda Online,Web,9,3,JOG-ÍND-XL,1,16544.66,41361.66,,41361.66
2488,2024-04-20 17:28:00,26654221,Shopping,Presencial,7,5,CIN-TUR-XL,1,13257.96,33144.89,,33144.89
2488,2024-04-20 17:28:00,26654221,Shopping,Presencial,7,5,JOG-ÍND-M,1,16544.66,41361.66,,41361.66
2488,2024-04-20 17:28:00,26654221,Shopping,Presencial,7,5,SWE-AZU-S,1,13010.13,32525.33,,32525.33
2489,2024-06-20 15:35:00,10190290,Shopping,Presencial,7,1,JEA-LAV-unico,1,8748.58,21871.44,,21871.44
2489,2024-06-20 15:35:00,10190290,Shopping,Presencial,7,1,MUS-AZU-unico,1,12928.22,32320.56,,32320.56
2489,2024-06-20 15:35:00,10190290,Shopping,Presencial,7,1,REM-BLA-XL,1,13071.19,32677.97,,32677.97
2490,2024-11-09 19:43:00,20565131,Tienda Online,Web,10,2,MUS-AZU-M,1,12928.22,32320.56,,32320.56
2490,2024-11-09 19:43:00,20565131,Tienda Online,Web,10,2,GOR-ROJ-unico,1,11486.7,28716.74,,28716.74
2490,2024-11-09 19:43:00,20565131,Tienda Online,Web,10,2,GOR-GRI-unico,1,11486.7,28716.74,,28716.74
2490,2024-11-09 19:43:00,20565131,Tienda Online,Web,10,2,JEA-NEG-unico,1,8748.58,21871.44,,21871.44
2491,2024-06-09 02:36:00,16951572,Tienda Online,Web,10,5,CHU-NEG-M,1,13529.35,33823.38,,33823.38
2491,2024-06-09 02:36:00,16951572,Tienda Online,Web,10,5,SWE-AZU-S,1,13010.13,32525.33,,32525.33
2491,2024-06-09 02:36:00,16951572,Tienda Online,Web,10,5,GOR-GRI-XXL,1,11486.7,28716.74,,28716.74
2491,2024-06-09 02:36:00,16951572,Tienda Online,Web,10,5,GOR-GRI-L,1,11486.7,28716.74,,28716.74
2491,2024-06-09 02:36:00,16951572,Tienda Online,Web,10,5,JOG-CEL-unico,1,16544.66,41361.66,,41361.66
2492,2025-05-08 09:54:00,42590824,Norte,Presencial,5,5,GOR-GRI-L,1,11486.7,28716.74,,28716.74
2492,2025-05-08 09:54:00,42590824,Norte,Presencial,5,5,JOG-ÍND-M,1,16544.66,41361.66,,41361.66
2492,2025-05-08 09:54:00,42590824,Norte,Presencial,5,5,JOG-ÍND-S,1,16544.66,41361.66,,41361.66
2493,2024-10-24 19:03:00,44185636,Centro,Presencial,1,3,CAM-BLA-M,1,14680.23,36700.58,,36700.58
2494,2025-06-27 04:41:00,26058980,Tienda Online,Web,9,2,GOR-GRI-XXL,1,11486.7,28716.74,,28716.74
2494,2025-06-27 04:41:00,26058980,Tienda Online,Web,9,2,CAM-BLA-S,2,14680.23,36700.58,,73401.16
2494,2025-06-27 04:41:00,26058980,Tienda Online,Web,9,2,REM-TUR-XXL,1,13673.12,34182.8,,34182.8
2494,2025-06-27 04:41:00,26058980,Tienda Online,Web,9,2,JOG-ÍND-S,1,16544.66,41361.66,,41361.66
2495,2024-11-22 21:59:00,10770478,Tienda Online,Web,10,3,CIN-TUR-XL,1,13257.96,33144.89,,33144.89
2495,2024-11-22 21:59:00,10770478,Tienda Online,Web,10,3,CIN-MAR-L,1,13257.96,33144.89,,33144.89
2495,2024-11-22 21:59:00,10770478,Tienda Online,Web,10,3,GOR-ROJ-unico,1,11486.7,28716.74,,28716.74
2495,2024-11-22 21:59:00,10770478,Tienda Online,Web,10,3,CHU-NEG-S,1,13529.35,33823.38,,33823.38
2496,2025-04-26 07:13:00,38531078,Tienda Online,Web,9,3,JEA-NEG-unico,1,8748.58,21871.44,,21871.44
2496,2025-04-26 07:13:00,38531078,Tienda Online,Web,9,3,REM-VIO-M,1,13071.19,32677.97,,32677.97
2496,2025-04-26 07:13:00,38531078,Tienda Online,Web,9,3,REM-CEL-XXL,1,13673.12,28029.9,10.0,28029.9
2497,2024-07-10 09:35:00,32159349,Shopping,Presencial,7,4,CIN-MAR-L,1,13257.96,33144.89,,33144.89
2497,2024-07-10 09:35:00,32159349,Shopping,Presencial,7,4,BUZ-AZU-M,1,11827.69,29569.23,,29569.23
2497,2024-07-10 09:35:00,32159349,Shopping,Presencial,7,4,CIN-TUR-XL,1,13257.96,33144.89,,33144.89
2497,2024-07-10 09:35:00,32159349,Shopping,Presencial,7,4,CHU-ÍND-L,1,13529.35,33823.38,,33823.38
2498,2025-09-04 16:51:00,19364231,Norte,Presencial,5,5,CAM-CEL-XL,1,14680.23,36700.58,,36700.58
2498,2025-09-04 16:51:00,19364231,Norte,Presencial,5,5,JOG-AZU-unico,1,16544.66,41361.66,,41361.66
2498,2025-09-04 16:51:00,19364231,Norte,Presencial,5,5,JOG-AZU-unico,1,16544.66,36398.26,6.0,36398.26
2499,2025-08-09 19:07:00,32199028,Centro,Presencial,2,3,JOG-ÍND-M,1,16544.66,41361.66,,41361.66
2499,2025-08-09 19:07:00,32199028,Centro,Presencial,2,3,JEA-NEG-M,1,8748.58,21871.44,,21871.44
2499,2025-08-09 19:07:00,32199028,Centro,Presencial,2,3,REM-TUR-S,1,13673.12,34182.8,,34182.8
2500,2024-12-18 19:55:00,31727935,Centro,Presencial,2,4,MUS-AZU-XXL,1,12928.22,32320.56,,32320.56
2500,2024-12-18 19:55:00,31727935,Centro,Presencial,2,4,GOR-GRI-unico,1,11486.7,28716.74,,28716.74
2501,2024-06-08 14:14:00,43334803,Norte,Presencial,5,5,MUS-AZU-XXL,1,12928.22,32320.56,,32320.56
2502,2024-02-16 06:26:00,31625779,Tienda Online,Web,10,4,REM-BLA-XL,1,13071.19,32677.97,,32677.97
2502,2024-02-16 06:26:00,31625779,Tienda Online,Web,10,4,CIN-MAR-L,2,13257.96,33144.89,,66289.78
2502,2024-02-16 06:26:00,31625779,Tienda Online,Web,10,4,JOG-ÍND-XL,1,16544.66,41361.66,,41361.66
2502,2024-02-16 06:26:00,31625779,Tienda Online,Web,10,4,CIN-MAR-XL,1,13257.96,33144.89,,33144.89
2503,2024-08-03 14:42:00,18494838,Centro,Presencial,1,3,REM-TUR-XXL,2,13673.12,34182.8,,68365.6
2503,2024-08-03 14:42:00,18494838,Centro,Presencial,1,3,MUS-AZU-XXL,1,12928.22,32320.56,,32320.56
2504,2025-06-24 19:37:00,36669833,Norte,Presencial,4,2,JOG-ÍND-XL,1,16544.66,41361.66,,41361.66
2504,2025-06-24 19:37:00,36669833,Norte,Presencial,4,2,MUS-AZU-unico,1,12928.22,32320.56,,32320.56
2505,2024-06-16 15:34:00,19706758,Norte,Presencial,5,1,JOG-CEL-unico,1,16544.66,41361.66,,41361.66
2505,2024-06-16 15:34:00,19706758,Norte,Presencial,5,1,REM-BLA-XL,1,13071.19,32677.97,,32677.97
2505,2024-06-16 15:34:00,19706758,Norte,Presencial,5,1,REM-BLA-XL,1,13071.19,32677.97,,32677.97
2506,2024-06-26 19:28:00,11411585,Tienda Online,Web,10,1,CAM-CEL-XL,1,14680.23,36700.58,,36700.58
2506,2024-06-26 19:28:00,11411585,Tienda Online,Web,10,1,CHU-ÍND-L,1,13529.35,33823.38,,33823.38
2506,2024-06-26 19:28:00,11411585,Tienda Online,Web,10,1,MUS-AZU-M,1,12928.22,32320.56,,32320.56
2506,2024-06-26 19:28:00,11411585,Tienda Online,Web,10,1,MUS-AZU-unico,1,12928.22,32320.56,,32320.56
2506,2024-06-26 19:28:00,11411585,Tienda Online,Web,10,1,REM-TUR-XXL,2,13673.12,34182.8,,68365.6
2507,2024-04-15 14:46:00,28316378,Shopping,Presencial,7,1,REM-BLA-XL,2,13071.19,32677.97,,65355.94
2507,2024-04-15 14:46:00,28316378,Shopping,Presencial,7,1,SWE-AZU-S,1,13010.13,32525.33,,32525.33
2507,2024-04-15 14:46:00,28316378,Shopping,Presencial,7,1,MUS-AZU-XXL,1,12928.22,32320.56,,32320.56
2507,2024-04-15 14:46:00,28316378,Shopping,Presencial,7,1,SWE-AZU-S,1,13010.13,32525.33,,32525.33
2507,2024-04-15 14:46:00,28316378,Shopping,Presencial,7,1,CHU-NEG-S,1,13529.35,33823.38,,33823.38
2508,2024-09-19 09:12:00,30301581,Norte,Presencial,6,5,REM-BLA-XL,1,13071.19,32677.97,,32677.97
2508,2024-09-19 09:12:00,30301581,Norte,Presencial,6,5,CAM-BLA-M,1,14680.23,36700.58,,36700.58
2508,2024-09-19 09:12:00,30301581,Norte,Presencial,6,5,JOG-AZU-XXL,1,16544.66,41361.66,,41361.66
2508,2024-09-19 09:12:00,30301581,Norte,Presencial,6,5,BUZ-AZU-M,1,11827.69,29569.23,,29569.23
2508,2024-09-19 09:12:00,30301581,Norte,Presencial,6,5,MUS-AZU-unico,1,12928.22,32320.56,,32320.56
2509,2025-01-01 19:18:00,27906335,Tienda Online,Web,9,3,SWE-MAR-L,1,13010.13,32525.33,,32525.33
2509,2025-01-01 19:18:00,27906335,Tienda Online,Web,9,3,REM-VIO-XL,1,13071.19,32677.97,,32677.97
2509,2025-01-01 19:18:00,27906335,Tienda Online,Web,9,3,MUS-AZU-M,1,12928.22,32320.56,,32320.56
2510,2024-05-17 18:56:00,37011889,Norte,Presencial,5,3,CAM-CEL-XL,1,14680.23,35900.58,12.0,35900.58
2511,2025-10-31 15:46:00,17678198,Shopping,Presencial,7,5,MUS-CEL-XXL,1,12928.22,32320.56,,32320.56
2511,2025-10-31 15:46:00,17678198,Shopping,Presencial,7,5,CHU-ÍND-XXL,1,13529.35,33823.38,,33823.38
2511,2025-10-31 15:46:00,17678198,Shopping,Presencial,7,5,JEA-NEG-XL,1,8748.58,21871.44,,21871.44
2511,2025-10-31 15:46:00,17678198,Shopping,Presencial,7,5,MUS-CEL-XXL,1,12928.22,32320.56,,32320.56
2511,2025-10-31 15:46:00,17678198,Shopping,Presencial,7,5,REM-VIO-L,1,13071.19,32677.97,,32677.97
2512,2024-05-12 19:34:00,44670267,Centro,Presencial,1,3,CIN-TUR-XL,1,13257.96,33144.89,,33144.89
2512,2024-05-12 19:34:00,44670267,Centro,Presencial,1,3,GOR-GRI-unico,1,11486.7,28716.74,,28716.74
2512,2024-05-12 19:34:00,44670267,Centro,Presencial,1,3,MUS-AZU-M,1,12928.22,31520.56,12.0,31520.56
2512,2024-05-12 19:34:00,44670267,Centro,Presencial,1,3,MUS-CEL-S,1,12928.22,32320.56,,32320.56
2513,2024-08-23 20:42:00,10990382,Tienda Online,Web,10,4,CIN-MAR-M,1,13257.96,33144.89,,33144.89
2513,2024-08-23 20:42:00,10990382,Tienda Online,Web,10,4,MUS-AZU-XXL,2,12928.22,32320.56,,64641.12
2513,2024-08-23 20:42:00,10990382,Tienda Online,Web,10,4,JOG-AZU-XXL,1,16544.66,41361.66,,41361.66
2514,2025-01-13 09:26:00,14755156,Centro,Presencial,2,1,BUZ-AZU-unico,1,11827.69,29569.23,,29569.23
2515,2024-09-18 18:06:00,24097997,Centro,Presencial,1,2,GOR-ROJ-unico,1,11486.7,28716.74,,28716.74
2515,2024-09-18 18:06:00,24097997,Centro,Presencial,1,2,CIN-MAR-M,2,13257.96,33144.89,,66289.78
2516,2024-05-10 08:35:00,41854862,Tienda Online,Web,10,2,MUS-AZU-unico,1,12928.22,32320.56,,32320.56
2516,2024-05-10 08:35:00,41854862,Tienda Online,Web,10,2,JEA-NEG-M,1,8748.58,21071.44,12.0,21071.44
2516,2024-05-10 08:35:00,41854862,Tienda Online,Web,10,2,JOG-ÍND-M,1,16544.66,41361.66,,41361.66
2516,2024-05-10 08:35:00,41854862,Tienda Online,Web,10,2,GOR-GRI-XXL,1,11486.7,28716.74,,28716.74
2517,2024-08-10 11:17:00,14695862,Centro,Presencial,1,5,CIN-MAR-XL,1,13257.96,33144.89,,33144.89
2517,2024-08-10 11:17:00,14695862,Centro,Presencial,1,5,SWE-AZU-S,1,13010.13,32525.33,,32525.33
2517,2024-08-10 11:17:00,14695862,Centro,Presencial,1,5,GOR-GRI-unico,1,11486.7,28716.74,,28716.74
2517,2024-08-10 11:17:00,14695862,Centro,Presencial,1,5,SWE-MAR-unico,1,13010.13,32525.33,,32525.33
2518,2024-11-29 14:46:00,34777665,Centro,Presencial,2,3,CHU-ÍND-XXL,1,13529.35,33823.38,,33823.38
2519,2025-08-29 12:38:00,38330675,Tienda Online,Web,10,1,JOG-AZU-XL,1,16544.66,41361.66,,41361.66
2519,2025-08-29 12:38:00,38330675,Tienda Online,Web,10,1,JEA-LAV-unico,1,8748.58,21871.44,,21871.44
2520,2024-07-25 10:06:00,17157379,Norte,Presencial,5,5,GOR-GRI-M,1,11486.7,28716.74,,28716.74
2520,2024-07-25 10:06:00,17157379,Norte,Presencial,5,5,BUZ-AZU-M,1,11827.69,29569.23,,29569.23
2521,2025-05-17 07:59:00,35314138,Tienda Online,Web,10,5,JEA-LAV-L,1,8748.58,21871.44,,21871.44
2521,2025-05-17 07:59:00,35314138,Tienda Online,Web,10,5,REM-VIO-XL,1,13071.19,32677.97,,32677.97
2522,2025-02-01 15:30:00,17318490,Shopping,Presencial,7,2,BUZ-AZU-unico,1,11827.69,29569.23,,29569.23
2522,2025-02-01 15:30:00,17318490,Shopping,Presencial,7,2,CAM-BLA-M,1,14680.23,36700.58,,36700.58
2522,2025-02-01 15:30:00,17318490,Shopping,Presencial,7,2,CIN-ROS-XXL,2,13257.96,33144.89,,66289.78
2522,2025-02-01 15:30:00,17318490,Shopping,Presencial,7,2,CHU-ÍND-XL,1,13529.35,33823.38,,33823.38
2523,2024-09-13 15:35:00,30831897,Tienda Online,Web,10,1,CHU-VER-XL,1,13529.35,33823.38,,33823.38
2523,2024-09-13 15:35:00,30831897,Tienda Online,Web,10,1,MUS-AZU-M,1,12928.22,32320.56,,32320.56
2523,2024-09-13 15:35:00,30831897,Tienda Online,Web,10,1,CIN-MAR-S,1,13257.96,33144.89,,33144.89
2523,2024-09-13 15:35:00,30831897,Tienda Online,Web,10,1,JEA-NEG-unico,1,8748.58,21871.44,,21871.44
2523,2024-09-13 15:35:00,30831897,Tienda Online,Web,10,1,CIN-TUR-unico,1,13257.96,33144.89,,33144.89
2524,2024-12-06 09:58:00,33811900,Shopping,Presencial,7,1,BUZ-AZU-M,1,11827.69,29569.23,,29569.23
2525,2025-01-04 14:04:00,27244970,Shopping,Presencial,7,3,CIN-MAR-M,1,13257.96,33144.89,,33144.89
2525,2025-01-04 14:04:00,27244970,Shopping,Presencial,7,3,JOG-AZU-XXL,1,16544.66,41361.66,,41361.66
2526,2024-11-01 02:24:00,19888757,Tienda Online,Web,9,5,GOR-GRI-L,1,11486.7,28716.74,,28716.74
2526,2024-11-01 02:24:00,19888757,Tienda Online,Web,9,5,GOR-GRI-XXL,1,11486.7,28716.74,,28716.74
2526,2024-11-01 02:24:00,19888757,Tienda Online,Web,9,5,CHU-VER-XL,1,13529.35,33823.38,,33823.38
2527,2024-07-15 05:50:00,20905308,Tienda Online,Web,10,3,MUS-AZU-XXL,1,12928.22,32320.56,,32320.56
2527,2024-07-15 05:50:00,20905308,Tienda Online,Web,10,3,CHU-ÍND-L,1,13529.35,33823.38,,33823.38
2527,2024-07-15 05:50:00,20905308,Tienda Online,Web,10,3,JOG-ÍND-S,1,16544.66,41361.66,,41361.66
2528,2025-02-08 12:33:00,44993998,Centro,Presencial,2,3,REM-TUR-XXL,1,13673.12,34182.8,,34182.8
2529,2024-04-16 12:55:00,10190290,Norte,Presencial,4,4,SWE-MAR-unico,1,13010.13,32525.33,,32525.33
2529,2024-04-16 12:55:00,10190290,Norte,Presencial,4,4,REM-TUR-XXL,2,13673.12,34182.8,,68365.6
2529,2024-04-16 12:55:00,10190290,Norte,Presencial,4,4,SWE-AZU-S,1,13010.13,32525.33,,32525.33
2529,2024-04-16 12:55:00,10190290,Norte,Presencial,4,4,JOG-ÍND-XL,1,16544.66,41361.66,,41361.66
2530,2024-05-08 13:27:00,36775919,Centro,Presencial,1,4,GOR-GRI-M,1,11486.7,28716.74,,28716.74
2530,2024-05-08 13:27:00,36775919,Centro,Presencial,1,4,CHU-NEG-M,1,13529.35,33823.38,,33823.38
2530,2024-05-08 13:27:00,36775919,Centro,Presencial,1,4,CHU-VER-XL,1,13529.35,33823.38,,33823.38
2530,2024-05-08 13:27:00,36775919,Centro,Presencial,1,4,MUS-CEL-S,1,12928.22,31520.56,12.0,31520.56
2530,2024-05-08 13:27:00,36775919,Centro,Presencial,1,4,CIN-MAR-S,1,13257.96,33144.89,,33144.89
2531,2024-09-13 14:14:00,35909306,Centro,Presencial,2,3,REM-BLA-XL,2,13071.19,32677.97,,65355.94
2532,2025-10-20 16:13:00,28567695,Norte,Presencial,4,4,MUS-AZU-unico,1,12928.22,32320.56,,32320.56
2533,2025-09-10 18:07:00,10949480,Centro,Presencial,2,4,REM-VIO-XL,1,13071.19,32677.97,,32677.97
2533,2025-09-10 18:07:00,10949480,Centro,Presencial,2,4,CAM-BEI-unico,1,14680.23,36700.58,,36700.58
2534,2025-04-30 09:26:00,34268915,Norte,Presencial,5,2,JOG-ÍND-S,1,16544.66,41361.66,,41361.66
2535,2025-10-24 10:34:00,26025968,Shopping,Presencial,7,1,REM-BLA-XL,1,13071.19,32677.97,,32677.97
2535,2025-10-24 10:34:00,26025968,Shopping,Presencial,7,1,JOG-AZU-XL,1,16544.66,41361.66,,41361.66
2536,2024-03-30 09:46:00,13950951,Shopping,Presencial,7,5,MUS-AZU-XXL,1,12928.22,32320.56,,32320.56
2536,2024-03-30 09:46:00,13950951,Shopping,Presencial,7,5,CIN-MAR-L,1,13257.96,33144.89,,33144.89
2536,2024-03-30 09:46:00,13950951,Shopping,Presencial,7,5,JOG-CEL-unico,1,16544.66,41361.66,,41361.66
2536,2024-03-30 09:46:00,13950951,Shopping,Presencial,7,5,MUS-AZU-XXL,1,12928.22,32320.56,,32320.56
2537,2024-12-09 00:22:00,17740453,Tienda Online,Web,9,2,JEA-LAV-unico,1,8748.58,21871.44,,21871.44
2537,2024-12-09 00:22:00,17740453,Tienda Online,Web,9,2,GOR-GRI-XXL,1,11486.7,28716.74,,28716.74
2537,2024-12-09 00:22:00,17740453,Tienda Online,Web,9,2,JEA-NEG-unico,1,8748.58,21871.44,,21871.44
2538,2024-04-13 16:01:00,23048327,Centro,Presencial,2,1,CAM-BEI-unico,1,14680.23,36700.58,,36700.58
2539,2025-03-26 10:53:00,34777665,Centro,Presencial,2,1,CHU-NEG-M,1,13529.35,33823.38,,33823.38
2539,2025-03-26 10:53:00,34777665,Centro,Presencial,2,1,CAM-BLA-S,1,14680.23,22020.35,7.0,22020.35
2539,2025-03-26 10:53:00,34777665,Centro,Presencial,2,1,GOR-GRI-S,2,11486.7,17230.04,7.0,34460.08
2540,2025-02-28 12:11:00,25145607,Tienda Online,Web,9,4,CAM-CEL-XL,1,14680.23,36700.58,,36700.58
2541,2025-05-17 20:28:00,24429953,Tienda Online,Web,10,5,CIN-TUR-unico,1,13257.96,33144.89,,33144.89
2541,2025-05-17 20:28:00,24429953,Tienda Online,Web,10,5,JOG-AZU-XL,1,16544.66,41361.66,,41361.66
2541,2025-05-17 20:28:00,24429953,Tienda Online,Web,10,5,JOG-AZU-XXL,1,16544.66,41361.66,,41361.66
2541,2025-05-17 20:28:00,24429953,Tienda Online,Web,10,5,CIN-TUR-XL,1,13257.96,33144.89,,33144.89
2541,2025-05-17 20:28:00,24429953,Tienda Online,Web,10,5,REM-VIO-M,1,13071.19,32677.97,,32677.97
2542,2024-03-22 12:38:00,13463607,Shopping,Presencial,7,5,JOG-ÍND-M,1,16544.66,41361.66,,41361.66
2542,2024-03-22 12:38:00,13463607,Shopping,Presencial,7,5,CHU-NEG-M,1,13529.35,33823.38,,33823.38
2542,2024-03-22 12:38:00,13463607,Shopping,Presencial,7,5,CIN-MAR-XL,1,13257.96,33144.89,,33144.89
2542,2024-03-22 12:38:00,13463607,Shopping,Presencial,7,5,REM-BLA-XL,1,13071.19,32677.97,,32677.97
2542,2024-03-22 12:38:00,13463607,Shopping,Presencial,7,5,JEA-LAV-unico,1,8748.58,21871.44,,21871.44
2543,2024-12-16 17:42:00,23499019,Shopping,Presencial,7,4,MUS-AZU-M,1,12928.22,32320.56,,32320.56
2543,2024-12-16 17:42:00,23499019,Shopping,Presencial,7,4,GOR-GRI-XXL,1,11486.7,28716.74,,28716.74
2543,2024-12-16 17:42:00,23499019,Shopping,Presencial,7,4,SWE-MAR-L,1,13010.13,32525.33,,32525.33
2544,2025-05-24 01:22:00,25273674,Tienda Online,Web,10,1,CAM-BLA-S,1,14680.23,36700.58,,36700.58
2544,2025-05-24 01:22:00,25273674,Tienda Online,Web,10,1,MUS-CEL-M,1,12928.22,32320.56,,32320.56
2544,2025-05-24 01:22:00,25273674,Tienda Online,Web,10,1,CAM-BLA-XL,1,14680.23,36700.58,,36700.58
2544,2025-05-24 01:22:00,25273674,Tienda Online,Web,10,1,JEA-NEG-M,1,8748.58,21871.44,,21871.44
2545,2025-03-03 08:02:00,24697145,Tienda Online,Web,10,2,GOR-ROJ-unico,1,11486.7,28716.74,,28716.74
2546,2024-06-15 10:43:00,24697145,Tienda Online,Web,9,4,REM-BLA-XL,1,13071.19,32677.97,,32677.97
2546,2024-06-15 10:43:00,24697145,Tienda Online,Web,9,4,CIN-MAR-XL,1,13257.96,33144.89,,33144.89
2547,2025-01-11 13:45:00,34777665,Norte,Presencial,5,1,JOG-CEL-unico,1,16544.66,41361.66,,41361.66
2547,2025-01-11 13:45:00,34777665,Norte,Presencial,5,1,JOG-CEL-unico,1,16544.66,41361.66,,41361.66
2547,2025-01-11 13:45:00,34777665,Norte,Presencial,5,1,CIN-MAR-S,1,13257.96,33144.89,,33144.89
2548,2025-10-11 09:36:00,26297346,Norte,Presencial,5,5,BUZ-AZU-unico,1,11827.69,29569.23,,29569.23
2548,2025-10-11 09:36:00,26297346,Norte,Presencial,5,5,GOR-ROJ-L,1,11486.7,28716.74,,28716.74
2548,2025-10-11 09:36:00,26297346,Norte,Presencial,5,5,CIN-MAR-S,2,13257.96,29830.4,2.0,59660.8
2548,2025-10-11 09:36:00,26297346,Norte,Presencial,5,5,MUS-CEL-S,1,12928.22,29088.5,2.0,29088.5
2548,2025-10-11 09:36:00,26297346,Norte,Presencial,5,5,SWE-MAR-unico,1,13010.13,32525.33,,32525.33
2549,2024-01-27 19:33:00,28427922,Norte,Presencial,4,4,CIN-MAR-L,1,13257.96,33144.89,,33144.89
2550,2024-11-23 17:23:00,36669833,Shopping,Presencial,7,1,REM-TUR-XXL,2,13673.12,34182.8,,68365.6
2551,2025-01-04 13:57:00,44107468,Tienda Online,Web,10,1,CHU-ÍND-L,1,13529.35,33823.38,,33823.38
2551,2025-01-04 13:57:00,44107468,Tienda Online,Web,10,1,JOG-ÍND-XL,1,16544.66,41361.66,,41361.66
2551,2025-01-04 13:57:00,44107468,Tienda Online,Web,10,1,CHU-VER-XL,1,13529.35,33823.38,,33823.38
2552,2024-12-15 23:44:00,14887419,Tienda Online,Web,10,5,REM-VIO-XL,1,13071.19,32677.97,,32677.97
2552,2024-12-15 23:44:00,14887419,Tienda Online,Web,10,5,REM-TUR-XXL,2,13673.12,34182.8,,68365.6
2552,2024-12-15 23:44:00,14887419,Tienda Online,Web,10,5,BUZ-AZU-M,1,11827.69,29569.23,,29569.23
2552,2024-12-15 23:44:00,14887419,Tienda Online,Web,10,5,CIN-MAR-L,1,13257.96,33144.89,,33144.89
2553,2024-12-05 09:48:00,11310767,Norte,Presencial,4,3,CAM-BEI-L,1,14680.23,36700.58,,36700.58
2554,2025-04-19 18:02:00,35909306,Norte,Presencial,6,5,CAM-BLA-XL,1,14680.23,36700.58,,36700.58
2554,2025-04-19 18:02:00,35909306,Norte,Presencial,6,5,GOR-GRI-L,1,11486.7,28716.74,,28716.74
2554,2025-04-19 18:02:00,35909306,Norte,Presencial,6,5,JEA-NEG-M,1,8748.58,21871.44,,21871.44
2555,2025-06-28 15:05:00,39548449,Tienda Online,Web,9,5,SWE-MAR-M,1,13010.13,32525.33,,32525.33
2555,2025-06-28 15:05:00,39548449,Tienda Online,Web,9,5,CHU-ÍND-XL,1,13529.35,33823.38,,33823.38
2555,2025-06-28 15:05:00,39548449,Tienda Online,Web,9,5,REM-CEL-XXL,1,13673.12,34182.8,,34182.8
2556,2025-10-04 12:16:00,43502842,Centro,Presencial,1,1,CHU-NEG-S,1,13529.35,21985.2,8.0,21985.2
2556,2025-10-04 12:16:00,43502842,Centro,Presencial,1,1,CAM-BEI-L,1,14680.23,36700.58,,36700.58
2556,2025-10-04 12:16:00,43502842,Centro,Presencial,1,1,MUS-AZU-XXL,1,12928.22,21008.36,8.0,21008.36
2557,2025-09-10 17:06:00,31117675,Centro,Presencial,2,1,CHU-NEG-M,2,13529.35,33823.38,,67646.76
2557,2025-09-10 17:06:00,31117675,Centro,Presencial,2,1,SWE-MAR-L,1,13010.13,32525.33,,32525.33
2557,2025-09-10 17:06:00,31117675,Centro,Presencial,2,1,JEA-NEG-XL,1,8748.58,21871.44,,21871.44
2558,2024-12-06 09:29:00,20267062,Shopping,Presencial,7,2,CHU-NEG-S,1,13529.35,33823.38,,33823.38
2558,2024-12-06 09:29:00,20267062,Shopping,Presencial,7,2,GOR-GRI-XXL,1,11486.7,28716.74,,28716.74
2559,2025-07-11 13:24:00,36775919,Centro,Presencial,2,1,REM-VIO-L,1,13071.19,16338.99,11.0,16338.99
2559,2025-07-11 13:24:00,36775919,Centro,Presencial,2,1,CIN-ROS-unico,1,13257.96,33144.89,,33144.89
2559,2025-07-11 13:24:00,36775919,Centro,Presencial,2,1,CHU-NEG-unico,1,13529.35,16911.69,11.0,16911.69
2559,2025-07-11 13:24:00,36775919,Centro,Presencial,2,1,CHU-VER-XL,1,13529.35,33823.38,,33823.38
2559,2025-07-11 13:24:00,36775919,Centro,Presencial,2,1,JOG-AZU-XXL,1,16544.66,41361.66,,41361.66
2560,2024-11-20 08:20:00,13659179,Tienda Online,Web,10,2,JOG-CEL-unico,1,16544.66,41361.66,,41361.66
2560,2024-11-20 08:20:00,13659179,Tienda Online,Web,10,2,MUS-AZU-M,1,12928.22,32320.56,,32320.56
2561,2024-08-11 19:36:00,15745388,Shopping,Presencial,7,3,CIN-MAR-M,1,13257.96,33144.89,,33144.89
2561,2024-08-11 19:36:00,15745388,Shopping,Presencial,7,3,CHU-NEG-S,1,13529.35,33823.38,,33823.38
2561,2024-08-11 19:36:00,15745388,Shopping,Presencial,7,3,JOG-ÍND-M,1,16544.66,41361.66,,41361.66
2561,2024-08-11 19:36:00,15745388,Shopping,Presencial,7,3,BUZ-AZU-M,1,11827.69,29569.23,,29569.23
2562,2024-08-16 05:15:00,42528458,Tienda Online,Web,9,5,JOG-ÍND-XL,1,16544.66,41361.66,,41361.66
2562,2024-08-16 05:15:00,42528458,Tienda Online,Web,9,5,MUS-AZU-unico,1,12928.22,32320.56,,32320.56
2562,2024-08-16 05:15:00,42528458,Tienda Online,Web,9,5,CIN-ROS-XXL,1,13257.96,33144.89,,33144.89
2562,2024-08-16 05:15:00,42528458,Tienda Online,Web,9,5,CIN-MAR-S,1,13257.96,33144.89,,33144.89
2562,2024-08-16 05:15:00,42528458,Tienda Online,Web,9,5,REM-VIO-M,1,13071.19,32677.97,,32677.97
2563,2024-09-07 15:19:00,32494103,Centro,Presencial,2,3,CIN-MAR-S,1,13257.96,33144.89,,33144.89
2563,2024-09-07 15:19:00,32494103,Centro,Presencial,2,3,CIN-TUR-unico,1,13257.96,33144.89,,33144.89
2564,2024-12-19 01:01:00,20267062,Tienda Online,Web,10,1,REM-CEL-XXL,1,13673.12,34182.8,,34182.8
2564,2024-12-19 01:01:00,20267062,Tienda Online,Web,10,1,CIN-ROS-XXL,1,13257.96,33144.89,,33144.89
2564,2024-12-19 01:01:00,20267062,Tienda Online,Web,10,1,REM-VIO-XL,1,13071.19,32677.97,,32677.97
2565,2025-03-27 15:23:00,20905308,Tienda Online,Web,10,3,CIN-MAR-XL,1,13257.96,19886.93,7.0,19886.93
2565,2025-03-27 15:23:00,20905308,Tienda Online,Web,10,3,JOG-ÍND-XL,1,16544.66,41361.66,,41361.66
2565,2025-03-27 15:23:00,20905308,Tienda Online,Web,10,3,GOR-GRI-XXL,2,11486.7,28716.74,,57433.48
2566,2024-06-24 14:13:00,18818897,Shopping,Presencial,7,3,BUZ-AZU-unico,1,11827.69,29569.23,,29569.23
2567,2025-10-01 15:39:00,17740453,Shopping,Presencial,7,5,SWE-MAR-M,1,13010.13,32525.33,,32525.33
2567,2025-10-01 15:39:00,17740453,Shopping,Presencial,7,5,CHU-VER-S,1,13529.35,33823.38,,33823.38
2568,2025-07-05 19:11:00,29174891,Tienda Online,Web,10,3,MUS-CEL-S,1,12928.22,16160.28,11.0,16160.28
2569,2025-08-09 13:19:00,17318490,Centro,Presencial,2,3,GOR-ROJ-XXL,1,11486.7,28716.74,,28716.74
2569,2025-08-09 13:19:00,17318490,Centro,Presencial,2,3,GOR-ROJ-XXL,1,11486.7,28716.74,,28716.74
2569,2025-08-09 13:19:00,17318490,Centro,Presencial,2,3,CHU-NEG-M,1,13529.35,33823.38,,33823.38
2569,2025-08-09 13:19:00,17318490,Centro,Presencial,2,3,JOG-AZU-unico,1,16544.66,41361.66,,41361.66
2569,2025-08-09 13:19:00,17318490,Centro,Presencial,2,3,GOR-ROJ-S,1,11486.7,28716.74,,28716.74
2570,2024-09-20 10:46:00,29812600,Centro,Presencial,2,3,CIN-MAR-S,1,13257.96,33144.89,,33144.89
2571,2024-09-28 12:56:00,26297346,Centro,Presencial,1,2,JEA-LAV-L,1,8748.58,21871.44,,21871.44
2571,2024-09-28 12:56:00,26297346,Centro,Presencial,1,2,GOR-GRI-L,1,11486.7,28716.74,,28716.74
2571,2024-09-28 12:56:00,26297346,Centro,Presencial,1,2,CIN-MAR-S,2,13257.96,33144.89,,66289.78
2572,2025-02-21 13:30:00,36562073,Norte,Presencial,5,4,CHU-NEG-XXL,2,13529.35,33823.38,,67646.76
2572,2025-02-21 13:30:00,36562073,Norte,Presencial,5,4,CHU-VER-XL,1,13529.35,33823.38,,33823.38
2572,2025-02-21 13:30:00,36562073,Norte,Presencial,5,4,GOR-GRI-M,1,11486.7,28716.74,,28716.74
2573,2024-09-14 15:34:00,18293899,Tienda Online,Web,9,1,CIN-MAR-XL,1,13257.96,33144.89,,33144.89
2573,2024-09-14 15:34:00,18293899,Tienda Online,Web,9,1,MUS-AZU-unico,1,12928.22,32320.56,,32320.56
2573,2024-09-14 15:34:00,18293899,Tienda Online,Web,9,1,JOG-CEL-unico,1,16544.66,41361.66,,41361.66
2573,2024-09-14 15:34:00,18293899,Tienda Online,Web,9,1,CIN-TUR-XL,1,13257.96,33144.89,,33144.89
2574,2024-12-25 11:15:00,31084522,Centro,Presencial,2,3,JEA-NEG-unico,1,8748.58,21871.44,,21871.44
2574,2024-12-25 11:15:00,31084522,Centro,Presencial,2,3,JEA-NEG-unico,1,8748.58,21871.44,,21871.44
2575,2024-05-03 13:13:00,44068679,Tienda Online,Web,10,4,REM-CEL-XXL,1,13673.12,34182.8,,34182.8
2575,2024-05-03 13:13:00,44068679,Tienda Online,Web,10,4,REM-BLA-XL,1,13071.19,32677.97,,32677.97
2575,2024-05-03 13:13:00,44068679,Tienda Online,Web,10,4,SWE-AZU-S,1,13010.13,31725.33,12.0,31725.33
2576,2024-12-18 11:05:00,20714555,Centro,Presencial,2,3,CIN-ROS-XXL,1,13257.96,33144.89,,33144.89
2576,2024-12-18 11:05:00,20714555,Centro,Presencial,2,3,MUS-AZU-unico,1,12928.22,32320.56,,32320.56
2577,2024-02-16 22:10:00,37406784,Tienda Online,Web,10,3,CIN-TUR-XL,2,13257.96,33144.89,,66289.78
2577,2024-02-16 22:10:00,37406784,Tienda Online,Web,10,3,CAM-BEI-L,2,14680.23,36700.58,,73401.16
2578,2024-11-23 14:20:00,38902901,Tienda Online,Web,10,4,JEA-NEG-unico,1,8748.58,21871.44,,21871.44
2578,2024-11-23 14:20:00,38902901,Tienda Online,Web,10,4,JOG-CEL-unico,1,16544.66,41361.66,,41361.66
2579,2025-07-10 16:47:00,39406068,Centro,Presencial,1,2,CHU-NEG-M,1,13529.35,33823.38,,33823.38
2579,2025-07-10 16:47:00,39406068,Centro,Presencial,1,2,CHU-VER-S,1,13529.35,33823.38,,33823.38
2579,2025-07-10 16:47:00,39406068,Centro,Presencial,1,2,JEA-LAV-unico,1,8748.58,10935.72,11.0,10935.72
2579,2025-07-10 16:47:00,39406068,Centro,Presencial,1,2,CIN-ROS-unico,1,13257.96,16572.44,11.0,16572.44
2579,2025-07-10 16:47:00,39406068,Centro,Presencial,1,2,CHU-VER-L,1,13529.35,33823.38,,33823.38
2580,2025-05-10 13:09:00,33160875,Tienda Online,Web,10,4,CIN-ROS-unico,1,13257.96,33144.89,,33144.89
2580,2025-05-10 13:09:00,33160875,Tienda Online,Web,10,4,CHU-NEG-XXL,2,13529.35,33823.38,,67646.76
2581,2025-11-07 15:04:00,29142751,Centro,Presencial,2,1,CIN-ROS-S,1,13257.96,27178.81,9.0,27178.81
2582,2024-06-08 12:58:00,13495405,Shopping,Presencial,7,4,JEA-LAV-L,1,8748.58,21871.44,,21871.44
2583,2025-09-04 09:23:00,32828789,Tienda Online,Web,10,3,JEA-NEG-M,1,8748.58,21871.44,,21871.44
2584,2024-09-28 21:48:00,25293994,Tienda Online,Web,9,5,GOR-ROJ-unico,1,11486.7,28716.74,,28716.74
2584,2024-09-28 21:48:00,25293994,Tienda Online,Web,9,5,REM-TUR-XXL,1,13673.12,34182.8,,34182.8
2584,2024-09-28 21:48:00,25293994,Tienda Online,Web,9,5,SWE-AZU-S,1,13010.13,32525.33,,32525.33
2584,2024-09-28 21:48:00,25293994,Tienda Online,Web,9,5,REM-CEL-XXL,1,13673.12,34182.8,,34182.8
2585,2024-03-29 05:20:00,20369856,Tienda Online,Web,10,1,CHU-NEG-S,1,13529.35,33823.38,,33823.38
2585,2024-03-29 05:20:00,20369856,Tienda Online,Web,10,1,SWE-AZU-S,1,13010.13,32525.33,,32525.33
2585,2024-03-29 05:20:00,20369856,Tienda Online,Web,10,1,REM-BLA-XL,1,13071.19,32677.97,,32677.97
2586,2025-07-03 19:38:00,20504726,Norte,Presencial,6,4,GOR-GRI-S,1,11486.7,28716.74,,28716.74
2587,2024-06-01 18:24:00,22203066,Centro,Presencial,2,5,REM-TUR-XXL,1,13673.12,34182.8,,34182.8
2587,2024-06-01 18:24:00,22203066,Centro,Presencial,2,5,JOG-ÍND-XL,2,16544.66,41361.66,,82723.32
2587,2024-06-01 18:24:00,22203066,Centro,Presencial,2,5,GOR-GRI-L,1,11486.7,28716.74,,28716.74
2587,2024-06-01 18:24:00,22203066,Centro,Presencial,2,5,JEA-NEG-M,2,8748.58,21871.44,,43742.88
2588,2024-04-27 07:32:00,20714555,Tienda Online,Web,10,1,CIN-MAR-M,1,13257.96,33144.89,,33144.89
2588,2024-04-27 07:32:00,20714555,Tienda Online,Web,10,1,SWE-MAR-unico,1,13010.13,32525.33,,32525.33
2588,2024-04-27 07:32:00,20714555,Tienda Online,Web,10,1,CIN-TUR-XL,1,13257.96,33144.89,,33144.89
2588,2024-04-27 07:32:00,20714555,Tienda Online,Web,10,1,CIN-MAR-M,1,13257.96,33144.89,,33144.89
2588,2024-04-27 07:32:00,20714555,Tienda Online,Web,10,1,REM-TUR-XXL,1,13673.12,34182.8,,34182.8
2589,2024-08-03 09:44:00,35433541,Centro,Presencial,1,5,CHU-VER-XL,1,13529.35,33823.38,,33823.38
2589,2024-08-03 09:44:00,35433541,Centro,Presencial,1,5,CIN-ROS-XXL,1,13257.96,33144.89,,33144.89
2590,2024-05-24 16:19:00,32159349,Norte,Presencial,5,1,CAM-CEL-XL,1,14680.23,35900.58,12.0,35900.58
2591,2025-09-27 22:13:00,41535292,Tienda Online,Web,10,3,JOG-CEL-unico,2,16544.66,26885.08,8.0,53770.16
2592,2024-07-01 06:36:00,34764543,Tienda Online,Web,9,5,JOG-AZU-XXL,1,16544.66,41361.66,,41361.66
2592,2024-07-01 06:36:00,34764543,Tienda Online,Web,9,5,CAM-BEI-L,1,14680.23,36700.58,,36700.58
2592,2024-07-01 06:36:00,34764543,Tienda Online,Web,9,5,REM-VIO-M,1,13071.19,32677.97,,32677.97
2592,2024-07-01 06:36:00,34764543,Tienda Online,Web,9,5,CIN-MAR-XL,1,13257.96,33144.89,,33144.89
2592,2024-07-01 06:36:00,34764543,Tienda Online,Web,9,5,BUZ-AZU-M,1,11827.69,29569.23,,29569.23
2593,2025-08-15 23:46:00,17678198,Tienda Online,Web,10,3,JOG-AZU-XL,1,16544.66,41361.66,,41361.66
2593,2025-08-15 23:46:00,17678198,Tienda Online,Web,10,3,MUS-AZU-unico,1,12928.22,32320.56,,32320.56
2593,2025-08-15 23:46:00,17678198,Tienda Online,Web,10,3,SWE-MAR-M,1,13010.13,32525.33,,32525.33
2593,2025-08-15 23:46:00,17678198,Tienda Online,Web,10,3,JEA-NEG-XL,2,8748.58,21871.44,,43742.88
2594,2024-12-17 19:39:00,22874170,Centro,Presencial,1,5,GOR-ROJ-unico,1,11486.7,28716.74,,28716.74
2594,2024-12-17 19:39:00,22874170,Centro,Presencial,1,5,JEA-NEG-unico,1,8748.58,21871.44,,21871.44
2594,2024-12-17 19:39:00,22874170,Centro,Presencial,1,5,REM-VIO-L,1,13071.19,32677.97,,32677.97
2594,2024-12-17 19:39:00,22874170,Centro,Presencial,1,5,MUS-CEL-S,1,12928.22,32320.56,,32320.56
2594,2024-12-17 19:39:00,22874170,Centro,Presencial,1,5,JEA-NEG-unico,1,8748.58,21871.44,,21871.44
2595,2024-07-05 19:11:00,38701583,Shopping,Presencial,7,3,GOR-GRI-S,1,11486.7,28716.74,,28716.74
2595,2024-07-05 19:11:00,38701583,Shopping,Presencial,7,3,SWE-AZU-S,1,13010.13,32525.33,,32525.33
2595,2024-07-05 19:11:00,38701583,Shopping,Presencial,7,3,REM-VIO-M,1,13071.19,32677.97,,32677.97
2595,2024-07-05 19:11:00,38701583,Shopping,Presencial,7,3,CIN-ROS-XXL,1,13257.96,33144.89,,33144.89
2596,2025-07-25 15:22:00,40514355,Shopping,Presencial,7,5,JEA-NEG-unico,1,8748.58,21871.44,,21871.44
2596,2025-07-25 15:22:00,40514355,Shopping,Presencial,7,5,CHU-NEG-M,1,13529.35,33823.38,,33823.38
2596,2025-07-25 15:22:00,40514355,Shopping,Presencial,7,5,CHU-ÍND-XXL,1,13529.35,33823.38,,33823.38
2596,2025-07-25 15:22:00,40514355,Shopping,Presencial,7,5,CHU-NEG-XXL,2,13529.35,33823.38,,67646.76
2597,2024-04-25 12:25:00,28427922,Tienda Online,Web,9,4,JEA-NEG-M,1,8748.58,21871.44,,21871.44
2598,2025-06-18 16:48:00,30075901,Shopping,Presencial,7,5,JEA-LAV-L,1,8748.58,19684.3,3.0,19684.3
2598,2025-06-18 16:48:00,30075901,Shopping,Presencial,7,5,CHU-VER-S,1,13529.35,33823.38,,33823.38
2598,2025-06-18 16:48:00,30075901,Shopping,Presencial,7,5,REM-CEL-XXL,1,13673.12,34182.8,,34182.8
2598,2025-06-18 16:48:00,30075901,Shopping,Presencial,7,5,REM-TUR-S,1,13673.12,34182.8,,34182.8
2598,2025-06-18 16:48:00,30075901,Shopping,Presencial,7,5,CIN-TUR-unico,1,13257.96,33144.89,,33144.89
2599,2024-02-24 07:00:00,16859215,Tienda Online,Web,10,2,CIN-MAR-S,2,13257.96,33144.89,,66289.78
2600,2024-10-25 12:13:00,38133707,Shopping,Presencial,7,5,CIN-MAR-M,2,13257.96,33144.89,,66289.78
2600,2024-10-25 12:13:00,38133707,Shopping,Presencial,7,5,CHU-NEG-M,1,13529.35,33823.38,,33823.38
2600,2024-10-25 12:13:00,38133707,Shopping,Presencial,7,5,CIN-TUR-XL,1,13257.96,33144.89,,33144.89
2600,2024-10-25 12:13:00,38133707,Shopping,Presencial,7,5,CAM-BLA-M,1,14680.23,36700.58,,36700.58
2601,2025-07-07 00:56:00,30279639,Tienda Online,Web,9,4,REM-VIO-XXL,1,13071.19,32677.97,,32677.97
2601,2025-07-07 00:56:00,30279639,Tienda Online,Web,9,4,SWE-AZU-S,1,13010.13,32525.33,,32525.33
2601,2025-07-07 00:56:00,30279639,Tienda Online,Web,9,4,JOG-CEL-unico,1,16544.66,41361.66,,41361.66
2601,2025-07-07 00:56:00,30279639,Tienda Online,Web,9,4,REM-VIO-XL,1,13071.19,32677.97,,32677.97
2602,2024-12-13 14:16:00,32205074,Shopping,Presencial,7,2,CAM-CEL-XL,1,14680.23,36700.58,,36700.58
2602,2024-12-13 14:16:00,32205074,Shopping,Presencial,7,2,CIN-TUR-unico,1,13257.96,33144.89,,33144.89
2602,2024-12-13 14:16:00,32205074,Shopping,Presencial,7,2,JOG-AZU-XXL,1,16544.66,41361.66,,41361.66
2602,2024-12-13 14:16:00,32205074,Shopping,Presencial,7,2,GOR-GRI-M,1,11486.7,28716.74,,28716.74
2602,2024-12-13 14:16:00,32205074,Shopping,Presencial,7,2,JEA-LAV-L,1,8748.58,21871.44,,21871.44
2603,2025-09-05 16:43:00,26345631,Tienda Online,Web,9,3,CHU-NEG-XL,2,13529.35,33823.38,,67646.76
2603,2025-09-05 16:43:00,26345631,Tienda Online,Web,9,3,SWE-MAR-S,1,13010.13,32525.33,,32525.33
2603,2025-09-05 16:43:00,26345631,Tienda Online,Web,9,3,JOG-AZU-XXL,1,16544.66,41361.66,,41361.66
2604,2024-05-21 17:38:00,44304306,Norte,Presencial,5,2,JOG-ÍND-M,1,16544.66,41361.66,,41361.66
2605,2024-05-22 12:32:00,35909306,Norte,Presencial,5,3,CHU-VER-XL,1,13529.35,33023.38,12.0,33023.38
2605,2024-05-22 12:32:00,35909306,Norte,Presencial,5,3,JOG-CEL-unico,1,16544.66,41361.66,,41361.66
2605,2024-05-22 12:32:00,35909306,Norte,Presencial,5,3,CIN-MAR-S,1,13257.96,33144.89,,33144.89
2605,2024-05-22 12:32:00,35909306,Norte,Presencial,5,3,JEA-NEG-M,1,8748.58,21871.44,,21871.44
2605,2024-05-22 12:32:00,35909306,Norte,Presencial,5,3,REM-CEL-XXL,1,13673.12,34182.8,,34182.8
2606,2025-04-21 09:06:00,19888757,Centro,Presencial,1,3,JOG-CEL-unico,1,16544.66,41361.66,,41361.66
2606,2025-04-21 09:06:00,19888757,Centro,Presencial,1,3,REM-VIO-M,1,13071.19,32677.97,,32677.97
2606,2025-04-21 09:06:00,19888757,Centro,Presencial,1,3,CHU-ÍND-XXL,1,13529.35,33823.38,,33823.38
2607,2024-10-04 00:14:00,30873468,Tienda Online,Web,10,3,GOR-GRI-S,1,11486.7,28716.74,,28716.74
2607,2024-10-04 00:14:00,30873468,Tienda Online,Web,10,3,GOR-GRI-L,1,11486.7,28716.74,,28716.74
2607,2024-10-04 00:14:00,30873468,Tienda Online,Web,10,3,MUS-AZU-unico,1,12928.22,32320.56,,32320.56
2607,2024-10-04 00:14:00,30873468,Tienda Online,Web,10,3,JOG-AZU-unico,1,16544.66,41361.66,,41361.66
2607,2024-10-04 00:14:00,30873468,Tienda Online,Web,10,3,CIN-TUR-unico,1,13257.96,33144.89,,33144.89
2608,2025-07-10 15:21:00,20369856,Tienda Online,Web,10,4,GOR-ROJ-L,1,11486.7,28716.74,,28716.74
2608,2025-07-10 15:21:00,20369856,Tienda Online,Web,10,4,CIN-ROS-XXL,2,13257.96,16572.44,11.0,33144.88
2608,2025-07-10 15:21:00,20369856,Tienda Online,Web,10,4,JEA-NEG-unico,1,8748.58,21871.44,,21871.44
2608,2025-07-10 15:21:00,20369856,Tienda Online,Web,10,4,CAM-BLA-XL,1,14680.23,18350.29,11.0,18350.29
2609,2025-10-03 10:12:00,15745388,Norte,Presencial,4,3,CIN-TUR-XL,1,13257.96,33144.89,,33144.89
2609,2025-10-03 10:12:00,15745388,Norte,Presencial,4,3,GOR-GRI-XXL,1,11486.7,28716.74,,28716.74
2609,2025-10-03 10:12:00,15745388,Norte,Presencial,4,3,GOR-ROJ-unico,2,11486.7,28716.74,,57433.48
2610,2024-05-08 09:05:00,26594901,Norte,Presencial,5,1,SWE-MAR-unico,1,13010.13,32525.33,,32525.33
2610,2024-05-08 09:05:00,26594901,Norte,Presencial,5,1,JEA-NEG-M,1,8748.58,21871.44,,21871.44
2610,2024-05-08 09:05:00,26594901,Norte,Presencial,5,1,JOG-CEL-unico,1,16544.66,41361.66,,41361.66
2610,2024-05-08 09:05:00,26594901,Norte,Presencial,5,1,JOG-ÍND-XL,1,16544.66,41361.66,,41361.66
2610,2024-05-08 09:05:00,26594901,Norte,Presencial,5,1,CIN-ROS-XXL,1,13257.96,33144.89,,33144.89
2611,2024-06-04 01:16:00,23663184,Tienda Online,Web,9,2,JOG-CEL-unico,1,16544.66,41361.66,,41361.66
2611,2024-06-04 01:16:00,23663184,Tienda Online,Web,9,2,MUS-AZU-unico,1,12928.22,32320.56,,32320.56
2611,2024-06-04 01:16:00,23663184,Tienda Online,Web,9,2,CHU-VER-XL,2,13529.35,33823.38,,67646.76
2612,2024-06-21 00:40:00,13950951,Tienda Online,Web,9,1,JOG-CEL-unico,1,16544.66,41361.66,,41361.66
2612,2024-06-21 00:40:00,13950951,Tienda Online,Web,9,1,CAM-BLA-M,1,14680.23,36700.58,,36700.58
2612,2024-06-21 00:40:00,13950951,Tienda Online,Web,9,1,GOR-GRI-unico,1,11486.7,28716.74,,28716.74
2612,2024-06-21 00:40:00,13950951,Tienda Online,Web,9,1,JOG-ÍND-XL,1,16544.66,41361.66,,41361.66
2612,2024-06-21 00:40:00,13950951,Tienda Online,Web,9,1,JOG-ÍND-S,1,16544.66,41361.66,,41361.66
2613,2024-09-14 19:26:00,16123174,Tienda Online,Web,10,1,CHU-NEG-S,1,13529.35,33823.38,,33823.38
2614,2025-10-11 11:49:00,18123867,Tienda Online,Web,9,5,REM-BLA-S,2,13071.19,32677.97,,65355.94
2614,2025-10-11 11:49:00,18123867,Tienda Online,Web,9,5,GOR-GRI-M,1,11486.7,28716.74,,28716.74
2614,2025-10-11 11:49:00,18123867,Tienda Online,Web,9,5,MUS-AZU-unico,1,12928.22,32320.56,,32320.56
2615,2025-10-25 21:04:00,12701677,Tienda Online,Web,9,2,CIN-TUR-unico,1,13257.96,33144.89,,33144.89
2615,2025-10-25 21:04:00,12701677,Tienda Online,Web,9,2,GOR-GRI-XXL,1,11486.7,28716.74,,28716.74
2615,2025-10-25 21:04:00,12701677,Tienda Online,Web,9,2,CHU-NEG-S,1,13529.35,33823.38,,33823.38
2615,2025-10-25 21:04:00,12701677,Tienda Online,Web,9,2,GOR-GRI-XXL,2,11486.7,28716.74,,57433.48
2615,2025-10-25 21:04:00,12701677,Tienda Online,Web,9,2,JOG-ÍND-S,2,16544.66,41361.66,,82723.32
2616,2025-05-09 19:14:00,19604467,Centro,Presencial,2,5,REM-BLA-S,1,13071.19,32677.97,,32677.97
2616,2025-05-09 19:14:00,19604467,Centro,Presencial,2,5,JOG-CEL-unico,2,16544.66,41361.66,,82723.32
2616,2025-05-09 19:14:00,19604467,Centro,Presencial,2,5,CHU-ÍND-XL,1,13529.35,33823.38,,33823.38
2616,2025-05-09 19:14:00,19604467,Centro,Presencial,2,5,CHU-NEG-S,1,13529.35,33823.38,,33823.38
2617,2024-10-15 18:09:00,41561757,Centro,Presencial,1,2,JOG-ÍND-S,1,16544.66,41361.66,,41361.66
2617,2024-10-15 18:09:00,41561757,Centro,Presencial,1,2,SWE-AZU-S,2,13010.13,32525.33,,65050.66
2617,2024-10-15 18:09:00,41561757,Centro,Presencial,1,2,BUZ-AZU-M,1,11827.69,29569.23,,29569.23
2617,2024-10-15 18:09:00,41561757,Centro,Presencial,1,2,BUZ-AZU-unico,1,11827.69,29569.23,,29569.23
2617,2024-10-15 18:09:00,41561757,Centro,Presencial,1,2,GOR-GRI-S,1,11486.7,28716.74,,28716.74
2618,2024-05-03 17:26:00,11433274,Centro,Presencial,2,1,BUZ-AZU-M,1,11827.69,29569.23,,29569.23
2618,2024-05-03 17:26:00,11433274,Centro,Presencial,2,1,JEA-LAV-unico,1,8748.58,21071.44,12.0,21071.44
2618,2024-05-03 17:26:00,11433274,Centro,Presencial,2,1,CHU-VER-XL,1,13529.35,33023.38,12.0,33023.38
2618,2024-05-03 17:26:00,11433274,Centro,Presencial,2,1,MUS-AZU-unico,1,12928.22,32320.56,,32320.56
2618,2024-05-03 17:26:00,11433274,Centro,Presencial,2,1,SWE-MAR-unico,1,13010.13,32525.33,,32525.33
2619,2025-07-05 09:14:00,18123867,Tienda Online,Web,9,2,MUS-CEL-S,1,12928.22,32320.56,,32320.56
2620,2025-03-04 15:01:00,26428983,Centro,Presencial,2,5,JEA-LAV-L,1,8748.58,21871.44,,21871.44
2620,2025-03-04 15:01:00,26428983,Centro,Presencial,2,5,CHU-VER-L,1,13529.35,33823.38,,33823.38
2620,2025-03-04 15:01:00,26428983,Centro,Presencial,2,5,CHU-ÍND-XL,1,13529.35,20294.03,7.0,20294.03
2621,2025-06-07 13:50:00,35821297,Shopping,Presencial,7,3,CHU-ÍND-XXL,1,13529.35,33823.38,,33823.38
2622,2025-06-06 14:54:00,31117675,Centro,Presencial,1,4,REM-TUR-XXL,1,13673.12,34182.8,,34182.8
2622,2025-06-06 14:54:00,31117675,Centro,Presencial,1,4,CHU-NEG-S,1,13529.35,33823.38,,33823.38
2622,2025-06-06 14:54:00,31117675,Centro,Presencial,1,4,JOG-AZU-XL,2,16544.66,41361.66,,82723.32
2623,2025-04-04 18:38:00,24697145,Shopping,Presencial,7,4,JEA-NEG-M,1,8748.58,21871.44,,21871.44
2623,2025-04-04 18:38:00,24697145,Shopping,Presencial,7,4,GOR-GRI-M,1,11486.7,23547.73,10.0,23547.73
2624,2025-04-26 11:58:00,40890427,Centro,Presencial,2,3,GOR-GRI-L,1,11486.7,28716.74,,28716.74
2624,2025-04-26 11:58:00,40890427,Centro,Presencial,2,3,SWE-AZU-S,1,13010.13,32525.33,,32525.33
2625,2024-10-19 16:28:00,23707602,Norte,Presencial,6,4,CHU-ÍND-XXL,1,13529.35,33823.38,,33823.38
2625,2024-10-19 16:28:00,23707602,Norte,Presencial,6,4,JOG-CEL-unico,1,16544.66,41361.66,,41361.66
2625,2024-10-19 16:28:00,23707602,Norte,Presencial,6,4,MUS-AZU-M,1,12928.22,32320.56,,32320.56
2625,2024-10-19 16:28:00,23707602,Norte,Presencial,6,4,MUS-AZU-M,1,12928.22,32320.56,,32320.56
2626,2024-04-14 13:12:00,31630635,Norte,Presencial,5,2,CAM-CEL-XL,1,14680.23,36700.58,,36700.58
2626,2024-04-14 13:12:00,31630635,Norte,Presencial,5,2,MUS-AZU-M,1,12928.22,32320.56,,32320.56
2627,2024-09-07 21:54:00,32770212,Tienda Online,Web,10,2,CIN-TUR-unico,1,13257.96,33144.89,,33144.89
2627,2024-09-07 21:54:00,32770212,Tienda Online,Web,10,2,REM-VIO-XL,1,13071.19,32677.97,,32677.97
2628,2024-12-28 19:27:00,25333944,Shopping,Presencial,7,3,CIN-MAR-XL,1,13257.96,33144.89,,33144.89
2628,2024-12-28 19:27:00,25333944,Shopping,Presencial,7,3,JEA-LAV-unico,1,8748.58,21871.44,,21871.44
2628,2024-12-28 19:27:00,25333944,Shopping,Presencial,7,3,SWE-MAR-M,1,13010.13,32525.33,,32525.33
2629,2025-08-15 12:46:00,26365398,Shopping,Presencial,7,1,SWE-MAR-L,1,13010.13,32525.33,,32525.33
2629,2025-08-15 12:46:00,26365398,Shopping,Presencial,7,1,CHU-NEG-XL,1,13529.35,33823.38,,33823.38
2630,2024-08-14 22:47:00,24377188,Tienda Online,Web,9,3,MUS-AZU-M,1,12928.22,32320.56,,32320.56
2631,2025-11-17 01:08:00,19104260,Tienda Online,Web,10,4,MUS-AZU-unico,1,12928.22,32320.56,,32320.56
2631,2025-11-17 01:08:00,19104260,Tienda Online,Web,10,4,CHU-NEG-S,1,13529.35,33823.38,,33823.38
2631,2025-11-17 01:08:00,19104260,Tienda Online,Web,10,4,CHU-VER-S,1,13529.35,33823.38,,33823.38
2631,2025-11-17 01:08:00,19104260,Tienda Online,Web,10,4,CHU-VER-XL,1,13529.35,33823.38,,33823.38
2631,2025-11-17 01:08:00,19104260,Tienda Online,Web,10,4,CIN-ROS-XXL,1,13257.96,33144.89,,33144.89
2632,2024-05-15 09:07:00,16123174,Centro,Presencial,1,1,JEA-NEG-M,2,8748.58,21871.44,,43742.88
2632,2024-05-15 09:07:00,16123174,Centro,Presencial,1,1,GOR-GRI-unico,1,11486.7,28716.74,,28716.74
2633,2024-02-27 19:42:00,30390056,Shopping,Presencial,7,4,MUS-AZU-unico,1,12928.22,32320.56,,32320.56
2633,2024-02-27 19:42:00,30390056,Shopping,Presencial,7,4,CIN-MAR-M,1,13257.96,33144.89,,33144.89
2633,2024-02-27 19:42:00,30390056,Shopping,Presencial,7,4,CAM-BEI-L,1,14680.23,36700.58,,36700.58
2633,2024-02-27 19:42:00,30390056,Shopping,Presencial,7,4,JEA-LAV-L,1,8748.58,21871.44,,21871.44
2634,2025-09-12 16:13:00,18889009,Centro,Presencial,1,2,SWE-MAR-XXL,1,13010.13,32525.33,,32525.33
2634,2025-09-12 16:13:00,18889009,Centro,Presencial,1,2,GOR-ROJ-S,2,11486.7,28716.74,,57433.48
2634,2025-09-12 16:13:00,18889009,Centro,Presencial,1,2,CAM-BEI-unico,1,14680.23,36700.58,,36700.58
2634,2025-09-12 16:13:00,18889009,Centro,Presencial,1,2,CAM-BLA-XL,1,14680.23,36700.58,,36700.58
2634,2025-09-12 16:13:00,18889009,Centro,Presencial,1,2,MUS-CEL-XXL,1,12928.22,32320.56,,32320.56
2635,2025-11-01 09:28:00,27715659,Norte,Presencial,6,3,CHU-VER-S,1,13529.35,33823.38,,33823.38
2635,2025-11-01 09:28:00,27715659,Norte,Presencial,6,3,CAM-BLA-S,1,14680.23,36700.58,,36700.58
2635,2025-11-01 09:28:00,27715659,Norte,Presencial,6,3,BUZ-AZU-unico,1,11827.69,29569.23,,29569.23
2635,2025-11-01 09:28:00,27715659,Norte,Presencial,6,3,REM-BLA-XL,1,13071.19,32677.97,,32677.97
2636,2024-08-28 15:53:00,35433541,Tienda Online,Web,9,4,REM-BLA-XL,1,13071.19,32677.97,,32677.97
2636,2024-08-28 15:53:00,35433541,Tienda Online,Web,9,4,SWE-MAR-L,1,13010.13,32525.33,,32525.33
2636,2024-08-28 15:53:00,35433541,Tienda Online,Web,9,4,SWE-MAR-unico,1,13010.13,32525.33,,32525.33
2637,2024-09-18 19:19:00,14041987,Tienda Online,Web,10,5,CAM-BEI-L,1,14680.23,36700.58,,36700.58
2637,2024-09-18 19:19:00,14041987,Tienda Online,Web,10,5,CIN-ROS-XXL,2,13257.96,33144.89,,66289.78
2637,2024-09-18 19:19:00,14041987,Tienda Online,Web,10,5,CHU-ÍND-L,1,13529.35,33823.38,,33823.38
2638,2024-05-13 18:43:00,11730076,Norte,Presencial,5,4,CIN-MAR-S,1,13257.96,32344.89,12.0,32344.89
2638,2024-05-13 18:43:00,11730076,Norte,Presencial,5,4,CIN-MAR-XL,1,13257.96,33144.89,,33144.89
2638,2024-05-13 18:43:00,11730076,Norte,Presencial,5,4,JEA-LAV-L,1,8748.58,21871.44,,21871.44
2639,2025-09-26 19:49:00,39924755,Norte,Presencial,6,2,CHU-NEG-unico,1,13529.35,33823.38,,33823.38
2639,2025-09-26 19:49:00,39924755,Norte,Presencial,6,2,JOG-CEL-L,1,16544.66,26885.08,8.0,26885.08
2640,2024-05-27 17:03:00,16778091,Centro,Presencial,2,5,GOR-GRI-M,1,11486.7,28716.74,,28716.74
2640,2024-05-27 17:03:00,16778091,Centro,Presencial,2,5,JEA-LAV-unico,1,8748.58,21871.44,,21871.44
2641,2025-06-07 14:18:00,25442983,Shopping,Presencial,7,2,SWE-AZU-S,1,13010.13,32525.33,,32525.33
2641,2025-06-07 14:18:00,25442983,Shopping,Presencial,7,2,CAM-BEI-L,1,14680.23,36700.58,,36700.58
2642,2025-01-10 00:52:00,44533969,Tienda Online,Web,10,4,GOR-ROJ-S,1,11486.7,28716.74,,28716.74
2642,2025-01-10 00:52:00,44533969,Tienda Online,Web,10,4,SWE-AZU-S,1,13010.13,32525.33,,32525.33
2643,2025-04-18 22:24:00,14887419,Tienda Online,Web,10,4,SWE-MAR-M,1,13010.13,26670.77,10.0,26670.77
2643,2025-04-18 22:24:00,14887419,Tienda Online,Web,10,4,JOG-ÍND-XL,1,16544.66,41361.66,,41361.66
2643,2025-04-18 22:24:00,14887419,Tienda Online,Web,10,4,JOG-AZU-unico,2,16544.66,41361.66,,82723.32
2643,2025-04-18 22:24:00,14887419,Tienda Online,Web,10,4,CHU-ÍND-L,1,13529.35,33823.38,,33823.38
2644,2025-07-10 23:12:00,36873895,Tienda Online,Web,9,3,SWE-MAR-L,1,13010.13,32525.33,,32525.33
2644,2025-07-10 23:12:00,36873895,Tienda Online,Web,9,3,BUZ-AZU-L,2,11827.69,14784.61,11.0,29569.22
2644,2025-07-10 23:12:00,36873895,Tienda Online,Web,9,3,CAM-BLA-S,1,14680.23,36700.58,,36700.58
2644,2025-07-10 23:12:00,36873895,Tienda Online,Web,9,3,GOR-ROJ-unico,1,11486.7,28716.74,,28716.74
2644,2025-07-10 23:12:00,36873895,Tienda Online,Web,9,3,CHU-VER-S,1,13529.35,33823.38,,33823.38
2645,2024-06-08 04:52:00,17740453,Tienda Online,Web,9,4,JOG-CEL-unico,1,16544.66,41361.66,,41361.66
2645,2024-06-08 04:52:00,17740453,Tienda Online,Web,9,4,CAM-CEL-XL,1,14680.23,36700.58,,36700.58
2645,2024-06-08 04:52:00,17740453,Tienda Online,Web,9,4,SWE-MAR-L,2,13010.13,32525.33,,65050.66
2645,2024-06-08 04:52:00,17740453,Tienda Online,Web,9,4,CIN-MAR-M,1,13257.96,33144.89,,33144.89
2646,2025-05-24 13:36:00,39559360,Centro,Presencial,2,2,JOG-ÍND-M,1,16544.66,41361.66,,41361.66
2646,2025-05-24 13:36:00,39559360,Centro,Presencial,2,2,GOR-GRI-S,1,11486.7,20101.72,5.0,20101.72
2647,2025-03-01 15:35:00,18439645,Norte,Presencial,4,5,CIN-MAR-M,1,13257.96,19886.93,7.0,19886.93
2647,2025-03-01 15:35:00,18439645,Norte,Presencial,4,5,GOR-GRI-M,1,11486.7,28716.74,,28716.74
2647,2025-03-01 15:35:00,18439645,Norte,Presencial,4,5,CAM-BEI-L,2,14680.23,36700.58,,73401.16
2647,2025-03-01 15:35:00,18439645,Norte,Presencial,4,5,SWE-MAR-unico,2,13010.13,32525.33,,65050.66
2648,2025-09-04 13:11:00,29687578,Norte,Presencial,6,5,GOR-GRI-XXL,2,11486.7,28716.74,,57433.48
2649,2024-06-17 14:06:00,28124922,Centro,Presencial,2,1,MUS-AZU-XXL,1,12928.22,32320.56,,32320.56
2649,2024-06-17 14:06:00,28124922,Centro,Presencial,2,1,GOR-GRI-M,1,11486.7,28716.74,,28716.74
2650,2024-05-30 17:00:00,26591977,Shopping,Presencial,7,5,CHU-NEG-M,1,13529.35,33823.38,,33823.38
2650,2024-05-30 17:00:00,26591977,Shopping,Presencial,7,5,JOG-CEL-unico,1,16544.66,41361.66,,41361.66
2651,2024-04-03 22:59:00,10990382,Tienda Online,Web,9,2,GOR-GRI-S,1,11486.7,28716.74,,28716.74
2652,2024-05-25 09:06:00,31630635,Norte,Presencial,4,2,MUS-AZU-XXL,1,12928.22,32320.56,,32320.56
2652,2024-05-25 09:06:00,31630635,Norte,Presencial,4,2,CHU-NEG-M,1,13529.35,33823.38,,33823.38
2652,2024-05-25 09:06:00,31630635,Norte,Presencial,4,2,CHU-NEG-S,1,13529.35,33823.38,,33823.38
2652,2024-05-25 09:06:00,31630635,Norte,Presencial,4,2,REM-TUR-XXL,1,13673.12,33382.8,12.0,33382.8
2652,2024-05-25 09:06:00,31630635,Norte,Presencial,4,2,CIN-TUR-unico,1,13257.96,33144.89,,33144.89
2653,2024-12-11 09:35:00,26764226,Norte,Presencial,5,2,GOR-ROJ-unico,1,11486.7,28716.74,,28716.74
2653,2024-12-11 09:35:00,26764226,Norte,Presencial,5,2,CHU-ÍND-XXL,1,13529.35,33823.38,,33823.38
2653,2024-12-11 09:35:00,26764226,Norte,Presencial,5,2,CIN-MAR-M,1,13257.96,33144.89,,33144.89
2654,2024-10-19 19:38:00,28669062,Tienda Online,Web,9,1,CIN-ROS-XXL,1,13257.96,33144.89,,33144.89
2655,2025-06-04 15:48:00,13495405,Tienda Online,Web,9,3,CAM-BEI-unico,1,14680.23,36700.58,,36700.58
2655,2025-06-04 15:48:00,13495405,Tienda Online,Web,9,3,JOG-AZU-unico,1,16544.66,41361.66,,41361.66
2656,2025-09-19 17:12:00,41895660,Shopping,Presencial,7,3,JOG-AZU-L,1,16544.66,41361.66,,41361.66
2656,2025-09-19 17:12:00,41895660,Shopping,Presencial,7,3,MUS-CEL-M,1,12928.22,32320.56,,32320.56
2656,2025-09-19 17:12:00,41895660,Shopping,Presencial,7,3,REM-BLA-unico,1,13071.19,32677.97,,32677.97
2657,2024-12-11 18:05:00,24097997,Centro,Presencial,1,1,REM-CEL-XXL,1,13673.12,34182.8,,34182.8
2658,2025-05-27 17:44:00,24672546,Tienda Online,Web,9,5,JEA-LAV-L,1,8748.58,21871.44,,21871.44
2658,2025-05-27 17:44:00,24672546,Tienda Online,Web,9,5,CHU-NEG-S,1,13529.35,33823.38,,33823.38
2658,2025-05-27 17:44:00,24672546,Tienda Online,Web,9,5,SWE-MAR-unico,1,13010.13,32525.33,,32525.33
2659,2025-08-12 12:39:00,14598388,Norte,Presencial,5,3,CIN-MAR-L,1,13257.96,33144.89,,33144.89
2660,2025-06-06 06:22:00,30279639,Tienda Online,Web,10,4,SWE-AZU-M,1,13010.13,32525.33,,32525.33
2660,2025-06-06 06:22:00,30279639,Tienda Online,Web,10,4,REM-VIO-XXL,1,13071.19,32677.97,,32677.97
2661,2024-04-09 16:58:00,41453788,Centro,Presencial,1,3,CIN-MAR-XL,2,13257.96,33144.89,,66289.78
2661,2024-04-09 16:58:00,41453788,Centro,Presencial,1,3,JOG-CEL-unico,1,16544.66,41361.66,,41361.66
2662,2024-02-02 10:25:00,22203066,Shopping,Presencial,7,4,CIN-MAR-L,1,13257.96,33144.89,,33144.89
2663,2025-06-24 18:19:00,18123867,Tienda Online,Web,9,2,CAM-BEI-L,1,14680.23,36700.58,,36700.58
2663,2025-06-24 18:19:00,18123867,Tienda Online,Web,9,2,CHU-VER-L,1,13529.35,33823.38,,33823.38
2664,2025-06-06 14:45:00,37138900,Tienda Online,Web,9,2,CHU-VER-XL,1,13529.35,33823.38,,33823.38
2664,2025-06-06 14:45:00,37138900,Tienda Online,Web,9,2,CAM-BEI-S,1,14680.23,36700.58,,36700.58
2665,2025-10-07 11:32:00,30132463,Tienda Online,Web,10,1,CAM-BLA-M,1,14680.23,23855.38,8.0,23855.38
2666,2024-03-09 11:41:00,16859215,Tienda Online,Web,10,4,REM-TUR-XXL,1,13673.12,34182.8,,34182.8
2666,2024-03-09 11:41:00,16859215,Tienda Online,Web,10,4,CIN-MAR-XL,1,13257.96,33144.89,,33144.89
2666,2024-03-09 11:41:00,16859215,Tienda Online,Web,10,4,CAM-BEI-L,1,14680.23,36700.58,,36700.58
2667,2024-06-18 17:28:00,26594901,Centro,Presencial,1,4,GOR-GRI-L,1,11486.7,28716.74,,28716.74
2667,2024-06-18 17:28:00,26594901,Centro,Presencial,1,4,REM-TUR-XXL,1,13673.12,34182.8,,34182.8
2667,2024-06-18 17:28:00,26594901,Centro,Presencial,1,4,CHU-NEG-M,2,13529.35,33823.38,,67646.76
2667,2024-06-18 17:28:00,26594901,Centro,Presencial,1,4,CIN-MAR-XL,1,13257.96,33144.89,,33144.89
2667,2024-06-18 17:28:00,26594901,Centro,Presencial,1,4,JOG-AZU-unico,1,16544.66,41361.66,,41361.66
2668,2024-09-02 17:24:00,30831897,Tienda Online,Web,10,3,MUS-AZU-M,1,12928.22,32320.56,,32320.56
2669,2024-12-01 19:09:00,18792148,Centro,Presencial,2,2,JEA-LAV-L,1,8748.58,21871.44,,21871.44
2669,2024-12-01 19:09:00,18792148,Centro,Presencial,2,2,MUS-AZU-M,1,12928.22,32320.56,,32320.56
2669,2024-12-01 19:09:00,18792148,Centro,Presencial,2,2,SWE-MAR-L,2,13010.13,32525.33,,65050.66
2669,2024-12-01 19:09:00,18792148,Centro,Presencial,2,2,MUS-AZU-unico,1,12928.22,32320.56,,32320.56
2669,2024-12-01 19:09:00,18792148,Centro,Presencial,2,2,REM-BLA-XL,1,13071.19,32677.97,,32677.97
2670,2024-06-28 16:17:00,22874170,Centro,Presencial,2,4,CIN-TUR-XL,1,13257.96,33144.89,,33144.89
2671,2024-08-03 15:50:00,26871415,Centro,Presencial,2,1,CIN-TUR-unico,1,13257.96,33144.89,,33144.89
2671,2024-08-03 15:50:00,26871415,Centro,Presencial,2,1,CHU-NEG-S,1,13529.35,33823.38,,33823.38
2671,2024-08-03 15:50:00,26871415,Centro,Presencial,2,1,SWE-AZU-S,1,13010.13,32525.33,,32525.33
2671,2024-08-03 15:50:00,26871415,Centro,Presencial,2,1,MUS-AZU-M,1,12928.22,32320.56,,32320.56
2672,2024-07-10 12:00:00,28289000,Tienda Online,Web,10,5,GOR-GRI-XXL,1,11486.7,28716.74,,28716.74
2672,2024-07-10 12:00:00,28289000,Tienda Online,Web,10,5,CHU-ÍND-L,1,13529.35,33823.38,,33823.38
2672,2024-07-10 12:00:00,28289000,Tienda Online,Web,10,5,MUS-AZU-unico,1,12928.22,32320.56,,32320.56
2672,2024-07-10 12:00:00,28289000,Tienda Online,Web,10,5,JOG-CEL-unico,1,16544.66,41361.66,,41361.66
2672,2024-07-10 12:00:00,28289000,Tienda Online,Web,10,5,SWE-AZU-S,1,13010.13,32525.33,,32525.33
2673,2024-08-09 10:09:00,16381102,Tienda Online,Web,9,1,CIN-MAR-S,1,13257.96,33144.89,,33144.89
2673,2024-08-09 10:09:00,16381102,Tienda Online,Web,9,1,GOR-GRI-S,1,11486.7,28716.74,,28716.74
2673,2024-08-09 10:09:00,16381102,Tienda Online,Web,9,1,MUS-AZU-XXL,1,12928.22,32320.56,,32320.56
2673,2024-08-09 10:09:00,16381102,Tienda Online,Web,9,1,CHU-NEG-S,1,13529.35,33823.38,,33823.38
2673,2024-08-09 10:09:00,16381102,Tienda Online,Web,9,1,JOG-ÍND-M,1,16544.66,41361.66,,41361.66
2674,2024-10-22 16:29:00,44533969,Shopping,Presencial,7,1,CHU-NEG-M,1,13529.35,33823.38,,33823.38
2674,2024-10-22 16:29:00,44533969,Shopping,Presencial,7,1,CIN-MAR-XL,1,13257.96,33144.89,,33144.89
2675,2024-05-13 10:36:00,21260138,Shopping,Presencial,7,4,MUS-AZU-M,2,12928.22,32320.56,,64641.12
2675,2024-05-13 10:36:00,21260138,Shopping,Presencial,7,4,GOR-GRI-M,1,11486.7,27916.74,12.0,27916.74
2675,2024-05-13 10:36:00,21260138,Shopping,Presencial,7,4,CHU-NEG-S,1,13529.35,33823.38,,33823.38
2676,2025-10-28 10:25:00,23309686,Tienda Online,Web,9,5,SWE-MAR-unico,1,13010.13,32525.33,,32525.33
2676,2025-10-28 10:25:00,23309686,Tienda Online,Web,9,5,JOG-ÍND-S,1,16544.66,41361.66,,41361.66
2676,2025-10-28 10:25:00,23309686,Tienda Online,Web,9,5,JEA-NEG-XL,1,8748.58,21871.44,,21871.44
2676,2025-10-28 10:25:00,23309686,Tienda Online,Web,9,5,CAM-BEI-S,1,14680.23,36700.58,,36700.58
2677,2024-05-26 09:08:00,26127866,Tienda Online,Web,10,5,SWE-AZU-S,1,13010.13,32525.33,,32525.33
2677,2024-05-26 09:08:00,26127866,Tienda Online,Web,10,5,GOR-GRI-XXL,2,11486.7,28716.74,,57433.48
2678,2024-05-30 21:27:00,19706758,Tienda Online,Web,10,3,JEA-NEG-M,1,8748.58,21871.44,,21871.44
2679,2025-03-13 19:38:00,42528458,Tienda Online,Web,10,4,GOR-GRI-L,1,11486.7,28716.74,,28716.74
2679,2025-03-13 19:38:00,42528458,Tienda Online,Web,10,4,CIN-ROS-XXL,1,13257.96,33144.89,,33144.89
2680,2024-12-02 18:59:00,41156466,Shopping,Presencial,7,2,CIN-ROS-XXL,1,13257.96,33144.89,,33144.89
2680,2024-12-02 18:59:00,41156466,Shopping,Presencial,7,2,CIN-TUR-XL,1,13257.96,33144.89,,33144.89
2680,2024-12-02 18:59:00,41156466,Shopping,Presencial,7,2,REM-VIO-M,1,13071.19,32677.97,,32677.97
2680,2024-12-02 18:59:00,41156466,Shopping,Presencial,7,2,SWE-MAR-L,1,13010.13,32525.33,,32525.33
2681,2025-06-21 11:39:00,18494838,Centro,Presencial,1,2,JOG-CEL-unico,1,16544.66,41361.66,,41361.66
2681,2025-06-21 11:39:00,18494838,Centro,Presencial,1,2,REM-TUR-S,2,13673.12,34182.8,,68365.6
2682,2024-03-07 03:33:00,26297346,Tienda Online,Web,9,4,CAM-BEI-unico,1,14680.23,36700.58,,36700.58
2682,2024-03-07 03:33:00,26297346,Tienda Online,Web,9,4,JEA-LAV-unico,1,8748.58,21871.44,,21871.44
2683,2024-04-04 13:35:00,26783807,Tienda Online,Web,10,2,CHU-NEG-M,2,13529.35,33823.38,,67646.76
2683,2024-04-04 13:35:00,26783807,Tienda Online,Web,10,2,GOR-GRI-M,1,11486.7,28716.74,,28716.74
2683,2024-04-04 13:35:00,26783807,Tienda Online,Web,10,2,CHU-VER-XL,1,13529.35,33823.38,,33823.38
2684,2024-05-26 12:42:00,41996735,Norte,Presencial,6,3,JOG-ÍND-XL,1,16544.66,41361.66,,41361.66
2685,2024-04-24 22:16:00,14695862,Tienda Online,Web,10,2,JEA-NEG-M,1,8748.58,21871.44,,21871.44
2685,2024-04-24 22:16:00,14695862,Tienda Online,Web,10,2,MUS-CEL-S,1,12928.22,32320.56,,32320.56
2685,2024-04-24 22:16:00,14695862,Tienda Online,Web,10,2,JOG-ÍND-XL,1,16544.66,41361.66,,41361.66
2686,2024-08-28 19:56:00,24627352,Shopping,Presencial,7,2,GOR-GRI-unico,1,11486.7,28716.74,,28716.74
2686,2024-08-28 19:56:00,24627352,Shopping,Presencial,7,2,JEA-NEG-unico,1,8748.58,21871.44,,21871.44
2686,2024-08-28 19:56:00,24627352,Shopping,Presencial,7,2,JOG-AZU-unico,1,16544.66,41361.66,,41361.66
2686,2024-08-28 19:56:00,24627352,Shopping,Presencial,7,2,SWE-MAR-L,1,13010.13,32525.33,,32525.33
2686,2024-08-28 19:56:00,24627352,Shopping,Presencial,7,2,JOG-ÍND-XL,1,16544.66,41361.66,,41361.66
2687,2024-04-27 13:55:00,40890427,Tienda Online,Web,9,4,GOR-GRI-unico,1,11486.7,28716.74,,28716.74
2687,2024-04-27 13:55:00,40890427,Tienda Online,Web,9,4,CIN-MAR-S,2,13257.96,33144.89,,66289.78
2687,2024-04-27 13:55:00,40890427,Tienda Online,Web,9,4,CHU-NEG-M,1,13529.35,33823.38,,33823.38
2688,2024-08-20 22:14:00,31727935,Tienda Online,Web,10,4,MUS-AZU-XXL,1,12928.22,32320.56,,32320.56
2688,2024-08-20 22:14:00,31727935,Tienda Online,Web,10,4,REM-TUR-XXL,1,13673.12,34182.8,,34182.8
2688,2024-08-20 22:14:00,31727935,Tienda Online,Web,10,4,JOG-AZU-XXL,1,16544.66,41361.66,,41361.66
2688,2024-08-20 22:14:00,31727935,Tienda Online,Web,10,4,CHU-NEG-M,1,13529.35,33823.38,,33823.38
2688,2024-08-20 22:14:00,31727935,Tienda Online,Web,10,4,CIN-TUR-XL,1,13257.96,33144.89,,33144.89
2689,2024-12-10 18:42:00,38701583,Norte,Presencial,4,2,CAM-BEI-unico,1,14680.23,36700.58,,36700.58
2689,2024-12-10 18:42:00,38701583,Norte,Presencial,4,2,SWE-MAR-unico,1,13010.13,32525.33,,32525.33
2689,2024-12-10 18:42:00,38701583,Norte,Presencial,4,2,CHU-NEG-M,1,13529.35,33823.38,,33823.38
2690,2024-02-02 17:10:00,10038379,Tienda Online,Web,10,2,JOG-CEL-unico,2,16544.66,41361.66,,82723.32
2690,2024-02-02 17:10:00,10038379,Tienda Online,Web,10,2,CHU-VER-XL,1,13529.35,33823.38,,33823.38
2690,2024-02-02 17:10:00,10038379,Tienda Online,Web,10,2,SWE-MAR-L,1,13010.13,32525.33,,32525.33
2690,2024-02-02 17:10:00,10038379,Tienda Online,Web,10,2,CIN-MAR-M,2,13257.96,33144.89,,66289.78
2691,2024-08-09 01:37:00,18439645,Tienda Online,Web,10,3,CAM-BLA-M,1,14680.23,36700.58,,36700.58
2692,2024-10-12 00:54:00,29368328,Tienda Online,Web,10,5,CIN-MAR-XL,1,13257.96,33144.89,,33144.89
2692,2024-10-12 00:54:00,29368328,Tienda Online,Web,10,5,JOG-CEL-unico,1,16544.66,41361.66,,41361.66
2693,2024-05-10 02:10:00,34764543,Tienda Online,Web,9,4,BUZ-AZU-M,1,11827.69,28769.23,12.0,28769.23
2693,2024-05-10 02:10:00,34764543,Tienda Online,Web,9,4,GOR-GRI-XXL,1,11486.7,28716.74,,28716.74
2693,2024-05-10 02:10:00,34764543,Tienda Online,Web,9,4,MUS-AZU-XXL,1,12928.22,31520.56,12.0,31520.56
2693,2024-05-10 02:10:00,34764543,Tienda Online,Web,9,4,JEA-LAV-L,1,8748.58,21071.44,12.0,21071.44
2694,2025-06-09 12:11:00,13597644,Norte,Presencial,5,2,GOR-ROJ-S,1,11486.7,28716.74,,28716.74
2694,2025-06-09 12:11:00,13597644,Norte,Presencial,5,2,CIN-MAR-L,2,13257.96,33144.89,,66289.78
2694,2025-06-09 12:11:00,13597644,Norte,Presencial,5,2,JEA-NEG-XL,1,8748.58,21871.44,,21871.44
2694,2025-06-09 12:11:00,13597644,Norte,Presencial,5,2,CHU-VER-XL,1,13529.35,33823.38,,33823.38
2694,2025-06-09 12:11:00,13597644,Norte,Presencial,5,2,SWE-MAR-unico,1,13010.13,32525.33,,32525.33
2695,2025-03-15 14:02:00,13836296,Shopping,Presencial,7,3,SWE-AZU-S,1,13010.13,32525.33,,32525.33
2695,2025-03-15 14:02:00,13836296,Shopping,Presencial,7,3,BUZ-AZU-unico,1,11827.69,29569.23,,29569.23
2695,2025-03-15 14:02:00,13836296,Shopping,Presencial,7,3,JOG-AZU-XXL,1,16544.66,41361.66,,41361.66
2695,2025-03-15 14:02:00,13836296,Shopping,Presencial,7,3,REM-CEL-XXL,2,13673.12,34182.8,,68365.6
2696,2025-07-25 11:19:00,26654221,Norte,Presencial,4,4,CHU-NEG-M,1,13529.35,33823.38,,33823.38
2696,2025-07-25 11:19:00,26654221,Norte,Presencial,4,4,CHU-ÍND-XL,1,13529.35,33823.38,,33823.38
2696,2025-07-25 11:19:00,26654221,Norte,Presencial,4,4,CIN-MAR-L,2,13257.96,33144.89,,66289.78
2696,2025-07-25 11:19:00,26654221,Norte,Presencial,4,4,REM-BLA-XL,1,13071.19,32677.97,,32677.97
2697,2024-05-21 14:29:00,19604467,Norte,Presencial,5,5,JOG-ÍND-XL,1,16544.66,41361.66,,41361.66
2697,2024-05-21 14:29:00,19604467,Norte,Presencial,5,5,CIN-ROS-XXL,1,13257.96,33144.89,,33144.89
2697,2024-05-21 14:29:00,19604467,Norte,Presencial,5,5,CIN-TUR-unico,1,13257.96,33144.89,,33144.89
2697,2024-05-21 14:29:00,19604467,Norte,Presencial,5,5,JEA-NEG-M,1,8748.58,21071.44,12.0,21071.44
2697,2024-05-21 14:29:00,19604467,Norte,Presencial,5,5,CIN-TUR-unico,1,13257.96,33144.89,,33144.89
2698,2025-04-04 07:07:00,35433541,Tienda Online,Web,10,4,JOG-ÍND-S,1,16544.66,41361.66,,41361.66
2699,2024-06-12 13:39:00,42528458,Shopping,Presencial,7,5,REM-TUR-XXL,1,13673.12,34182.8,,34182.8
2699,2024-06-12 13:39:00,42528458,Shopping,Presencial,7,5,CHU-NEG-S,1,13529.35,33823.38,,33823.38
2699,2024-06-12 13:39:00,42528458,Shopping,Presencial,7,5,JOG-CEL-unico,1,16544.66,41361.66,,41361.66
2700,2025-05-31 04:33:00,22179530,Tienda Online,Web,10,3,SWE-MAR-unico,1,13010.13,32525.33,,32525.33
2700,2025-05-31 04:33:00,22179530,Tienda Online,Web,10,3,REM-TUR-XXL,1,13673.12,34182.8,,34182.8
2700,2025-05-31 04:33:00,22179530,Tienda Online,Web,10,3,GOR-ROJ-unico,1,11486.7,28716.74,,28716.74
2700,2025-05-31 04:33:00,22179530,Tienda Online,Web,10,3,CAM-BEI-L,1,14680.23,36700.58,,36700.58
2700,2025-05-31 04:33:00,22179530,Tienda Online,Web,10,3,SWE-MAR-M,1,13010.13,32525.33,,32525.33
2701,2025-06-26 10:29:00,19283286,Centro,Presencial,1,1,SWE-MAR-XXL,1,13010.13,32525.33,,32525.33
2701,2025-06-26 10:29:00,19283286,Centro,Presencial,1,1,JEA-NEG-XL,1,8748.58,21871.44,,21871.44
2702,2024-07-20 03:32:00,15354748,Tienda Online,Web,10,2,CIN-ROS-XXL,1,13257.96,33144.89,,33144.89
2702,2024-07-20 03:32:00,15354748,Tienda Online,Web,10,2,GOR-GRI-unico,1,11486.7,28716.74,,28716.74
2702,2024-07-20 03:32:00,15354748,Tienda Online,Web,10,2,CIN-TUR-unico,1,13257.96,33144.89,,33144.89
2703,2024-06-22 11:41:00,15815848,Norte,Presencial,6,2,CIN-ROS-XXL,1,13257.96,33144.89,,33144.89
2703,2024-06-22 11:41:00,15815848,Norte,Presencial,6,2,SWE-AZU-S,1,13010.13,32525.33,,32525.33
2703,2024-06-22 11:41:00,15815848,Norte,Presencial,6,2,BUZ-AZU-M,2,11827.69,29569.23,,59138.46
2703,2024-06-22 11:41:00,15815848,Norte,Presencial,6,2,CAM-BEI-unico,1,14680.23,36700.58,,36700.58
2704,2024-12-12 13:18:00,34546748,Centro,Presencial,2,3,REM-VIO-M,1,13071.19,32677.97,,32677.97
2704,2024-12-12 13:18:00,34546748,Centro,Presencial,2,3,CHU-NEG-S,2,13529.35,33823.38,,67646.76
2704,2024-12-12 13:18:00,34546748,Centro,Presencial,2,3,CIN-TUR-XL,1,13257.96,33144.89,,33144.89
2705,2025-06-24 19:55:00,40793026,Norte,Presencial,5,1,CAM-BLA-M,1,14680.23,36700.58,,36700.58
2705,2025-06-24 19:55:00,40793026,Norte,Presencial,5,1,CHU-ÍND-XL,1,13529.35,33823.38,,33823.38
2705,2025-06-24 19:55:00,40793026,Norte,Presencial,5,1,CHU-VER-XL,1,13529.35,33823.38,,33823.38
2705,2025-06-24 19:55:00,40793026,Norte,Presencial,5,1,GOR-ROJ-unico,1,11486.7,28716.74,,28716.74
2706,2024-10-18 13:20:00,25333944,Shopping,Presencial,7,5,REM-VIO-M,1,13071.19,32677.97,,32677.97
2706,2024-10-18 13:20:00,25333944,Shopping,Presencial,7,5,CIN-TUR-unico,1,13257.96,33144.89,,33144.89
2707,2024-01-02 18:33:00,31625779,Norte,Presencial,6,1,CIN-TUR-XL,1,13257.96,33144.89,,33144.89
2707,2024-01-02 18:33:00,31625779,Norte,Presencial,6,1,JEA-LAV-L,1,8748.58,21871.44,,21871.44
2707,2024-01-02 18:33:00,31625779,Norte,Presencial,6,1,CAM-BEI-L,1,14680.23,36700.58,,36700.58
2707,2024-01-02 18:33:00,31625779,Norte,Presencial,6,1,JOG-AZU-unico,1,16544.66,41361.66,,41361.66
2707,2024-01-02 18:33:00,31625779,Norte,Presencial,6,1,JOG-AZU-unico,1,16544.66,41361.66,,41361.66
2708,2024-09-03 06:53:00,26819279,Tienda Online,Web,9,4,JEA-LAV-unico,1,8748.58,21871.44,,21871.44
2708,2024-09-03 06:53:00,26819279,Tienda Online,Web,9,4,CAM-BEI-L,1,14680.23,36700.58,,36700.58
2708,2024-09-03 06:53:00,26819279,Tienda Online,Web,9,4,MUS-CEL-S,1,12928.22,32320.56,,32320.56
2709,2024-01-27 02:01:00,16123174,Tienda Online,Web,9,3,CAM-CEL-XL,1,14680.23,36700.58,,36700.58
2710,2024-03-22 17:59:00,22588451,Norte,Presencial,5,4,JOG-CEL-unico,1,16544.66,41361.66,,41361.66
2710,2024-03-22 17:59:00,22588451,Norte,Presencial,5,4,CHU-NEG-S,1,13529.35,33823.38,,33823.38
2710,2024-03-22 17:59:00,22588451,Norte,Presencial,5,4,GOR-GRI-L,2,11486.7,28716.74,,57433.48
2710,2024-03-22 17:59:00,22588451,Norte,Presencial,5,4,JOG-CEL-unico,1,16544.66,41361.66,,41361.66
2711,2024-02-19 03:29:00,11433274,Tienda Online,Web,9,5,MUS-AZU-unico,1,12928.22,32320.56,,32320.56
2711,2024-02-19 03:29:00,11433274,Tienda Online,Web,9,5,CIN-TUR-XL,1,13257.96,33144.89,,33144.89
2711,2024-02-19 03:29:00,11433274,Tienda Online,Web,9,5,JEA-NEG-M,1,8748.58,21871.44,,21871.44
2711,2024-02-19 03:29:00,11433274,Tienda Online,Web,9,5,CIN-MAR-S,1,13257.96,33144.89,,33144.89
2712,2024-03-09 12:45:00,37406784,Tienda Online,Web,9,3,BUZ-AZU-M,1,11827.69,29569.23,,29569.23
2712,2024-03-09 12:45:00,37406784,Tienda Online,Web,9,3,CIN-TUR-unico,1,13257.96,33144.89,,33144.89
2712,2024-03-09 12:45:00,37406784,Tienda Online,Web,9,3,CHU-NEG-S,1,13529.35,33823.38,,33823.38
2712,2024-03-09 12:45:00,37406784,Tienda Online,Web,9,3,JOG-CEL-unico,1,16544.66,41361.66,,41361.66
2712,2024-03-09 12:45:00,37406784,Tienda Online,Web,9,3,CIN-MAR-L,2,13257.96,33144.89,,66289.78
2713,2024-05-16 10:08:00,16859215,Shopping,Presencial,7,5,CIN-TUR-unico,1,13257.96,33144.89,,33144.89
2713,2024-05-16 10:08:00,16859215,Shopping,Presencial,7,5,GOR-GRI-L,1,11486.7,28716.74,,28716.74
2713,2024-05-16 10:08:00,16859215,Shopping,Presencial,7,5,GOR-GRI-M,1,11486.7,28716.74,,28716.74
2713,2024-05-16 10:08:00,16859215,Shopping,Presencial,7,5,BUZ-AZU-M,1,11827.69,29569.23,,29569.23
2714,2024-08-01 19:32:00,27675739,Norte,Presencial,6,2,MUS-AZU-XXL,1,12928.22,32320.56,,32320.56
2714,2024-08-01 19:32:00,27675739,Norte,Presencial,6,2,CIN-MAR-M,1,13257.96,33144.89,,33144.89
2714,2024-08-01 19:32:00,27675739,Norte,Presencial,6,2,JOG-ÍND-S,1,16544.66,41361.66,,41361.66
2714,2024-08-01 19:32:00,27675739,Norte,Presencial,6,2,MUS-AZU-XXL,1,12928.22,32320.56,,32320.56
2714,2024-08-01 19:32:00,27675739,Norte,Presencial,6,2,REM-VIO-XL,1,13071.19,32677.97,,32677.97
2715,2025-01-31 12:40:00,26654221,Tienda Online,Web,9,2,SWE-MAR-L,1,13010.13,32525.33,,32525.33
2715,2025-01-31 12:40:00,26654221,Tienda Online,Web,9,2,MUS-AZU-M,1,12928.22,32320.56,,32320.56
2715,2025-01-31 12:40:00,26654221,Tienda Online,Web,9,2,JEA-NEG-M,1,8748.58,21871.44,,21871.44
2715,2025-01-31 12:40:00,26654221,Tienda Online,Web,9,2,REM-VIO-XXL,1,13071.19,32677.97,,32677.97
2715,2025-01-31 12:40:00,26654221,Tienda Online,Web,9,2,GOR-GRI-L,1,11486.7,28716.74,,28716.74
2716,2024-12-22 14:44:00,25293994,Shopping,Presencial,7,4,JOG-AZU-XXL,1,16544.66,41361.66,,41361.66
2716,2024-12-22 14:44:00,25293994,Shopping,Presencial,7,4,JOG-ÍND-XL,1,16544.66,41361.66,,41361.66
2717,2024-01-19 15:01:00,14887419,Tienda Online,Web,10,1,CIN-MAR-S,1,13257.96,33144.89,,33144.89
2718,2024-12-09 11:40:00,32770212,Shopping,Presencial,7,4,CHU-ÍND-XXL,1,13529.35,33823.38,,33823.38
2718,2024-12-09 11:40:00,32770212,Shopping,Presencial,7,4,CHU-ÍND-XL,1,13529.35,33823.38,,33823.38
2718,2024-12-09 11:40:00,32770212,Shopping,Presencial,7,4,CAM-BEI-unico,1,14680.23,36700.58,,36700.58
2718,2024-12-09 11:40:00,32770212,Shopping,Presencial,7,4,GOR-ROJ-S,1,11486.7,28716.74,,28716.74
2718,2024-12-09 11:40:00,32770212,Shopping,Presencial,7,4,REM-VIO-L,1,13071.19,32677.97,,32677.97
2719,2025-01-23 17:09:00,16951572,Norte,Presencial,4,3,MUS-CEL-S,1,12928.22,32320.56,,32320.56
2720,2025-10-28 17:18:00,32132749,Tienda Online,Web,10,2,MUS-CEL-M,1,12928.22,32320.56,,32320.56
2720,2025-10-28 17:18:00,32132749,Tienda Online,Web,10,2,GOR-GRI-M,1,11486.7,28716.74,,28716.74
2720,2025-10-28 17:18:00,32132749,Tienda Online,Web,10,2,CHU-NEG-XL,1,13529.35,33823.38,,33823.38
2720,2025-10-28 17:18:00,32132749,Tienda Online,Web,10,2,CIN-ROS-XXL,1,13257.96,33144.89,,33144.89
2721,2025-09-05 19:03:00,23222803,Shopping,Presencial,7,5,BUZ-AZU-L,1,11827.69,29569.23,,29569.23
2722,2025-05-16 18:57:00,22874170,Shopping,Presencial,7,3,CHU-ÍND-XL,1,13529.35,33823.38,,33823.38
2722,2025-05-16 18:57:00,22874170,Shopping,Presencial,7,3,GOR-ROJ-unico,1,11486.7,28716.74,,28716.74
2722,2025-05-16 18:57:00,22874170,Shopping,Presencial,7,3,JEA-LAV-unico,1,8748.58,21871.44,,21871.44
2723,2024-03-19 15:19:00,41996735,Norte,Presencial,4,3,GOR-GRI-XXL,1,11486.7,28716.74,,28716.74
2723,2024-03-19 15:19:00,41996735,Norte,Presencial,4,3,GOR-GRI-S,1,11486.7,28716.74,,28716.74
2723,2024-03-19 15:19:00,41996735,Norte,Presencial,4,3,CIN-MAR-M,1,13257.96,33144.89,,33144.89
2723,2024-03-19 15:19:00,41996735,Norte,Presencial,4,3,MUS-AZU-XXL,1,12928.22,32320.56,,32320.56
2723,2024-03-19 15:19:00,41996735,Norte,Presencial,4,3,CIN-MAR-L,1,13257.96,33144.89,,33144.89
2724,2025-06-11 11:07:00,21787005,Norte,Presencial,6,3,REM-VIO-XXL,1,13071.19,32677.97,,32677.97
2724,2025-06-11 11:07:00,21787005,Norte,Presencial,6,3,CHU-NEG-XL,1,13529.35,30441.04,3.0,30441.04
2724,2025-06-11 11:07:00,21787005,Norte,Presencial,6,3,REM-VIO-XXL,1,13071.19,32677.97,,32677.97
2724,2025-06-11 11:07:00,21787005,Norte,Presencial,6,3,REM-VIO-L,1,13071.19,32677.97,,32677.97
2725,2024-12-04 01:06:00,30096828,Tienda Online,Web,10,2,REM-CEL-XXL,1,13673.12,34182.8,,34182.8
2725,2024-12-04 01:06:00,30096828,Tienda Online,Web,10,2,REM-BLA-XL,1,13071.19,32677.97,,32677.97
2725,2024-12-04 01:06:00,30096828,Tienda Online,Web,10,2,JEA-NEG-M,1,8748.58,21871.44,,21871.44
2725,2024-12-04 01:06:00,30096828,Tienda Online,Web,10,2,REM-TUR-S,1,13673.12,34182.8,,34182.8
2726,2025-06-27 10:29:00,41561757,Centro,Presencial,1,3,CAM-BLA-M,1,14680.23,36700.58,,36700.58
2726,2025-06-27 10:29:00,41561757,Centro,Presencial,1,3,CIN-TUR-unico,1,13257.96,33144.89,,33144.89
2726,2025-06-27 10:29:00,41561757,Centro,Presencial,1,3,CHU-VER-XL,1,13529.35,33823.38,,33823.38
2726,2025-06-27 10:29:00,41561757,Centro,Presencial,1,3,CHU-NEG-XXL,1,13529.35,33823.38,,33823.38
2727,2025-06-06 16:43:00,27244970,Tienda Online,Web,10,5,BUZ-AZU-unico,1,11827.69,29569.23,,29569.23
2728,2024-12-23 17:40:00,30028290,Norte,Presencial,6,3,MUS-AZU-M,1,12928.22,32320.56,,32320.56
2728,2024-12-23 17:40:00,30028290,Norte,Presencial,6,3,JOG-AZU-unico,1,16544.66,41361.66,,41361.66
2728,2024-12-23 17:40:00,30028290,Norte,Presencial,6,3,GOR-GRI-XXL,1,11486.7,28716.74,,28716.74
2728,2024-12-23 17:40:00,30028290,Norte,Presencial,6,3,JOG-ÍND-S,1,16544.66,41361.66,,41361.66
2729,2025-09-05 01:28:00,11735763,Tienda Online,Web,10,2,BUZ-AZU-L,1,11827.69,29569.23,,29569.23
2729,2025-09-05 01:28:00,11735763,Tienda Online,Web,10,2,CAM-BEI-S,1,14680.23,36700.58,,36700.58
2730,2024-04-24 10:13:00,23663184,Norte,Presencial,5,2,GOR-GRI-S,2,11486.7,28716.74,,57433.48
2730,2024-04-24 10:13:00,23663184,Norte,Presencial,5,2,CHU-NEG-M,1,13529.35,33823.38,,33823.38
2730,2024-04-24 10:13:00,23663184,Norte,Presencial,5,2,SWE-MAR-L,2,13010.13,32525.33,,65050.66
2731,2024-10-17 15:53:00,44068679,Norte,Presencial,4,5,MUS-CEL-S,1,12928.22,32320.56,,32320.56
2732,2024-11-30 14:19:00,41156466,Shopping,Presencial,7,4,CHU-NEG-M,1,13529.35,33823.38,,33823.38
2732,2024-11-30 14:19:00,41156466,Shopping,Presencial,7,4,GOR-ROJ-S,1,11486.7,28716.74,,28716.74
2732,2024-11-30 14:19:00,41156466,Shopping,Presencial,7,4,BUZ-AZU-unico,1,11827.69,29569.23,,29569.23
2732,2024-11-30 14:19:00,41156466,Shopping,Presencial,7,4,JOG-ÍND-XL,1,16544.66,41361.66,,41361.66
2732,2024-11-30 14:19:00,41156466,Shopping,Presencial,7,4,REM-VIO-XL,1,13071.19,32677.97,,32677.97
2733,2024-03-08 05:31:00,13659179,Tienda Online,Web,10,1,GOR-GRI-XXL,1,11486.7,28716.74,,28716.74
2733,2024-03-08 05:31:00,13659179,Tienda Online,Web,10,1,CHU-NEG-S,1,13529.35,33823.38,,33823.38
2734,2025-05-27 16:12:00,28696734,Shopping,Presencial,7,2,JEA-LAV-unico,1,8748.58,21871.44,,21871.44
2735,2025-09-26 09:10:00,42614267,Shopping,Presencial,7,4,MUS-CEL-S,1,12928.22,21008.36,8.0,21008.36
2735,2025-09-26 09:10:00,42614267,Shopping,Presencial,7,4,CHU-NEG-S,1,13529.35,33823.38,,33823.38
2736,2024-09-21 14:54:00,21387796,Shopping,Presencial,7,4,JEA-LAV-L,1,8748.58,21871.44,,21871.44
2736,2024-09-21 14:54:00,21387796,Shopping,Presencial,7,4,REM-TUR-XXL,1,13673.12,34182.8,,34182.8
2736,2024-09-21 14:54:00,21387796,Shopping,Presencial,7,4,JOG-ÍND-S,1,16544.66,41361.66,,41361.66
2736,2024-09-21 14:54:00,21387796,Shopping,Presencial,7,4,CHU-ÍND-XXL,1,13529.35,33823.38,,33823.38
2737,2024-09-28 19:35:00,21260138,Norte,Presencial,5,2,JOG-AZU-unico,1,16544.66,41361.66,,41361.66
2737,2024-09-28 19:35:00,21260138,Norte,Presencial,5,2,REM-TUR-XXL,1,13673.12,34182.8,,34182.8
2737,2024-09-28 19:35:00,21260138,Norte,Presencial,5,2,REM-TUR-XXL,1,13673.12,34182.8,,34182.8
2737,2024-09-28 19:35:00,21260138,Norte,Presencial,5,2,CIN-MAR-M,1,13257.96,33144.89,,33144.89
2737,2024-09-28 19:35:00,21260138,Norte,Presencial,5,2,JEA-LAV-unico,1,8748.58,21871.44,,21871.44
2738,2024-08-09 17:56:00,17254174,Centro,Presencial,1,4,CHU-ÍND-XXL,1,13529.35,33823.38,,33823.38
2738,2024-08-09 17:56:00,17254174,Centro,Presencial,1,4,JOG-AZU-XXL,1,16544.66,41361.66,,41361.66
2738,2024-08-09 17:56:00,17254174,Centro,Presencial,1,4,CHU-ÍND-L,1,13529.35,33823.38,,33823.38
2738,2024-08-09 17:56:00,17254174,Centro,Presencial,1,4,CAM-BEI-L,1,14680.23,36700.58,,36700.58
2739,2025-06-06 09:13:00,26654221,Shopping,Presencial,7,5,CAM-BLA-XL,1,14680.23,36700.58,,36700.58
2739,2025-06-06 09:13:00,26654221,Shopping,Presencial,7,5,GOR-ROJ-S,2,11486.7,28716.74,,57433.48
2739,2025-06-06 09:13:00,26654221,Shopping,Presencial,7,5,REM-BLA-S,1,13071.19,32677.97,,32677.97
2739,2025-06-06 09:13:00,26654221,Shopping,Presencial,7,5,CHU-NEG-unico,2,13529.35,33823.38,,67646.76
2740,2025-08-22 03:30:00,44068679,Tienda Online,Web,9,2,GOR-GRI-L,1,11486.7,28716.74,,28716.74
2740,2025-08-22 03:30:00,44068679,Tienda Online,Web,9,2,REM-VIO-L,1,13071.19,32677.97,,32677.97
2740,2025-08-22 03:30:00,44068679,Tienda Online,Web,9,2,CHU-VER-L,1,13529.35,33823.38,,33823.38
2740,2025-08-22 03:30:00,44068679,Tienda Online,Web,9,2,SWE-MAR-unico,1,13010.13,32525.33,,32525.33
2741,2025-05-22 19:31:00,26431104,Shopping,Presencial,7,4,MUS-AZU-M,1,12928.22,22624.39,5.0,22624.39
2741,2025-05-22 19:31:00,26431104,Shopping,Presencial,7,4,CIN-MAR-XL,1,13257.96,23201.42,5.0,23201.42
2741,2025-05-22 19:31:00,26431104,Shopping,Presencial,7,4,CIN-MAR-S,1,13257.96,33144.89,,33144.89
2741,2025-05-22 19:31:00,26431104,Shopping,Presencial,7,4,CAM-CEL-XL,2,14680.23,25690.41,5.0,51380.82
2741,2025-05-22 19:31:00,26431104,Shopping,Presencial,7,4,CIN-MAR-S,1,13257.96,33144.89,,33144.89
2742,2025-04-25 03:40:00,24855701,Tienda Online,Web,9,2,GOR-GRI-unico,1,11486.7,28716.74,,28716.74
2742,2025-04-25 03:40:00,24855701,Tienda Online,Web,9,2,JOG-AZU-XL,2,16544.66,41361.66,,82723.32
2742,2025-04-25 03:40:00,24855701,Tienda Online,Web,9,2,JOG-AZU-XL,1,16544.66,41361.66,,41361.66
2743,2024-06-26 15:18:00,16065254,Shopping,Presencial,7,5,REM-BLA-XL,1,13071.19,32677.97,,32677.97
2743,2024-06-26 15:18:00,16065254,Shopping,Presencial,7,5,MUS-AZU-M,1,12928.22,32320.56,,32320.56
2743,2024-06-26 15:18:00,16065254,Shopping,Presencial,7,5,CAM-BLA-M,1,14680.23,36700.58,,36700.58
2743,2024-06-26 15:18:00,16065254,Shopping,Presencial,7,5,JOG-AZU-XXL,1,16544.66,41361.66,,41361.66
2743,2024-06-26 15:18:00,16065254,Shopping,Presencial,7,5,CIN-TUR-XL,1,13257.96,33144.89,,33144.89
2744,2024-12-16 11:43:00,40515566,Centro,Presencial,2,5,BUZ-AZU-M,1,11827.69,29569.23,,29569.23
2744,2024-12-16 11:43:00,40515566,Centro,Presencial,2,5,REM-TUR-S,2,13673.12,34182.8,,68365.6
2744,2024-12-16 11:43:00,40515566,Centro,Presencial,2,5,REM-VIO-M,1,13071.19,32677.97,,32677.97
2744,2024-12-16 11:43:00,40515566,Centro,Presencial,2,5,CHU-ÍND-L,1,13529.35,33823.38,,33823.38
2744,2024-12-16 11:43:00,40515566,Centro,Presencial,2,5,CAM-CEL-XL,1,14680.23,36700.58,,36700.58
2745,2024-06-24 10:26:00,19604467,Centro,Presencial,1,3,CAM-CEL-XL,1,14680.23,36700.58,,36700.58
2745,2024-06-24 10:26:00,19604467,Centro,Presencial,1,3,JEA-NEG-unico,2,8748.58,21871.44,,43742.88
2745,2024-06-24 10:26:00,19604467,Centro,Presencial,1,3,CAM-BEI-L,1,14680.23,36700.58,,36700.58
2745,2024-06-24 10:26:00,19604467,Centro,Presencial,1,3,GOR-GRI-M,1,11486.7,28716.74,,28716.74
2746,2025-05-16 19:14:00,17728908,Tienda Online,Web,9,1,CHU-ÍND-XL,1,13529.35,33823.38,,33823.38
2746,2025-05-16 19:14:00,17728908,Tienda Online,Web,9,1,JEA-NEG-unico,1,8748.58,21871.44,,21871.44
2746,2025-05-16 19:14:00,17728908,Tienda Online,Web,9,1,CHU-ÍND-XXL,1,13529.35,33823.38,,33823.38
2746,2025-05-16 19:14:00,17728908,Tienda Online,Web,9,1,GOR-GRI-M,1,11486.7,28716.74,,28716.74
2746,2025-05-16 19:14:00,17728908,Tienda Online,Web,9,1,JEA-NEG-unico,1,8748.58,21871.44,,21871.44
2747,2025-07-20 15:59:00,35442729,Norte,Presencial,5,1,CIN-MAR-XL,1,13257.96,33144.89,,33144.89
2747,2025-07-20 15:59:00,35442729,Norte,Presencial,5,1,GOR-ROJ-unico,1,11486.7,28716.74,,28716.74
2748,2025-10-27 09:34:00,32049663,Shopping,Presencial,7,5,CIN-MAR-L,1,13257.96,33144.89,,33144.89
2748,2025-10-27 09:34:00,32049663,Shopping,Presencial,7,5,BUZ-AZU-L,1,11827.69,29569.23,,29569.23
2748,2025-10-27 09:34:00,32049663,Shopping,Presencial,7,5,GOR-GRI-unico,1,11486.7,28716.74,,28716.74
2749,2025-01-18 22:13:00,33811900,Tienda Online,Web,9,5,CIN-MAR-XL,1,13257.96,33144.89,,33144.89
2749,2025-01-18 22:13:00,33811900,Tienda Online,Web,9,5,MUS-AZU-M,1,12928.22,32320.56,,32320.56
2749,2025-01-18 22:13:00,33811900,Tienda Online,Web,9,5,CHU-VER-XL,1,13529.35,33823.38,,33823.38
2749,2025-01-18 22:13:00,33811900,Tienda Online,Web,9,5,GOR-GRI-unico,1,11486.7,28716.74,,28716.74
2750,2025-01-17 14:35:00,14695862,Centro,Presencial,2,4,CAM-BLA-M,1,14680.23,36700.58,,36700.58
2750,2025-01-17 14:35:00,14695862,Centro,Presencial,2,4,CAM-CEL-XL,1,14680.23,36700.58,,36700.58
2750,2025-01-17 14:35:00,14695862,Centro,Presencial,2,4,GOR-GRI-S,1,11486.7,28716.74,,28716.74
2750,2025-01-17 14:35:00,14695862,Centro,Presencial,2,4,JEA-NEG-M,2,8748.58,21871.44,,43742.88
2750,2025-01-17 14:35:00,14695862,Centro,Presencial,2,4,CIN-ROS-XXL,1,13257.96,33144.89,,33144.89
2751,2024-04-11 02:16:00,10990382,Tienda Online,Web,10,1,CIN-TUR-XL,1,13257.96,33144.89,,33144.89
2751,2024-04-11 02:16:00,10990382,Tienda Online,Web,10,1,JOG-AZU-unico,1,16544.66,41361.66,,41361.66
2751,2024-04-11 02:16:00,10990382,Tienda Online,Web,10,1,REM-CEL-XXL,1,13673.12,34182.8,,34182.8
2751,2024-04-11 02:16:00,10990382,Tienda Online,Web,10,1,CIN-ROS-XXL,1,13257.96,33144.89,,33144.89
2752,2024-12-17 12:48:00,16244704,Tienda Online,Web,10,4,CAM-BEI-unico,1,14680.23,36700.58,,36700.58
2753,2024-01-05 15:55:00,17318490,Shopping,Presencial,7,3,CIN-MAR-XL,1,13257.96,33144.89,,33144.89
2753,2024-01-05 15:55:00,17318490,Shopping,Presencial,7,3,JEA-NEG-M,1,8748.58,21871.44,,21871.44
2753,2024-01-05 15:55:00,17318490,Shopping,Presencial,7,3,SWE-AZU-S,1,13010.13,32525.33,,32525.33
2754,2025-07-09 12:26:00,44107468,Norte,Presencial,4,2,JOG-AZU-XL,1,16544.66,20680.83,11.0,20680.83
2754,2025-07-09 12:26:00,44107468,Norte,Presencial,4,2,JOG-ÍND-M,2,16544.66,41361.66,,82723.32
2754,2025-07-09 12:26:00,44107468,Norte,Presencial,4,2,CIN-MAR-XL,1,13257.96,33144.89,,33144.89
2754,2025-07-09 12:26:00,44107468,Norte,Presencial,4,2,REM-VIO-XL,1,13071.19,32677.97,,32677.97
2755,2024-04-30 11:44:00,21678777,Shopping,Presencial,7,2,CHU-NEG-M,1,13529.35,33823.38,,33823.38
2755,2024-04-30 11:44:00,21678777,Shopping,Presencial,7,2,GOR-GRI-S,1,11486.7,28716.74,,28716.74
2756,2025-06-16 09:49:00,18818897,Norte,Presencial,5,1,CIN-MAR-M,1,13257.96,29830.4,3.0,29830.4
2756,2025-06-16 09:49:00,18818897,Norte,Presencial,5,1,CAM-CEL-XL,1,14680.23,36700.58,,36700.58
2756,2025-06-16 09:49:00,18818897,Norte,Presencial,5,1,GOR-GRI-M,1,11486.7,25845.07,3.0,25845.07
2757,2025-04-29 09:35:00,16884540,Shopping,Presencial,7,2,CHU-NEG-M,1,13529.35,33823.38,,33823.38
2757,2025-04-29 09:35:00,16884540,Shopping,Presencial,7,2,JEA-LAV-L,1,8748.58,21871.44,,21871.44
2757,2025-04-29 09:35:00,16884540,Shopping,Presencial,7,2,CHU-ÍND-XXL,1,13529.35,33823.38,,33823.38
2758,2025-03-31 09:33:00,35909306,Shopping,Presencial,7,5,JEA-LAV-L,1,8748.58,21871.44,,21871.44
2759,2024-10-04 02:18:00,30279639,Tienda Online,Web,9,2,JEA-NEG-M,2,8748.58,21871.44,,43742.88
2760,2025-10-08 18:14:00,37379791,Centro,Presencial,2,3,REM-BLA-XL,1,13071.19,32677.97,,32677.97
2760,2025-10-08 18:14:00,37379791,Centro,Presencial,2,3,CIN-MAR-S,1,13257.96,21544.18,8.0,21544.18
2760,2025-10-08 18:14:00,37379791,Centro,Presencial,2,3,CIN-MAR-M,1,13257.96,33144.89,,33144.89
2761,2025-04-21 13:49:00,10770478,Centro,Presencial,1,2,JOG-AZU-XL,1,16544.66,41361.66,,41361.66
2761,2025-04-21 13:49:00,10770478,Centro,Presencial,1,2,CAM-BLA-S,1,14680.23,36700.58,,36700.58
2761,2025-04-21 13:49:00,10770478,Centro,Presencial,1,2,GOR-GRI-L,1,11486.7,28716.74,,28716.74
2761,2025-04-21 13:49:00,10770478,Centro,Presencial,1,2,CAM-BEI-unico,1,14680.23,36700.58,,36700.58
2761,2025-04-21 13:49:00,10770478,Centro,Presencial,1,2,JOG-AZU-XXL,1,16544.66,41361.66,,41361.66
2762,2024-10-11 05:38:00,24855701,Tienda Online,Web,10,5,JEA-NEG-unico,1,8748.58,21871.44,,21871.44
2763,2024-01-20 07:15:00,12409147,Tienda Online,Web,10,5,JEA-NEG-M,1,8748.58,21871.44,,21871.44
2763,2024-01-20 07:15:00,12409147,Tienda Online,Web,10,5,JOG-CEL-unico,1,16544.66,41361.66,,41361.66
2763,2024-01-20 07:15:00,12409147,Tienda Online,Web,10,5,CIN-TUR-XL,1,13257.96,33144.89,,33144.89
2763,2024-01-20 07:15:00,12409147,Tienda Online,Web,10,5,REM-TUR-XXL,1,13673.12,34182.8,,34182.8
2763,2024-01-20 07:15:00,12409147,Tienda Online,Web,10,5,SWE-MAR-L,1,13010.13,32525.33,,32525.33
2764,2025-06-07 12:29:00,30096828,Shopping,Presencial,7,5,CHU-VER-L,1,13529.35,33823.38,,33823.38
2765,2024-05-19 09:04:00,11723249,Shopping,Presencial,7,1,CIN-MAR-M,1,13257.96,33144.89,,33144.89
2765,2024-05-19 09:04:00,11723249,Shopping,Presencial,7,1,JOG-CEL-unico,1,16544.66,41361.66,,41361.66
2765,2024-05-19 09:04:00,11723249,Shopping,Presencial,7,1,MUS-AZU-M,1,12928.22,32320.56,,32320.56
2766,2025-07-18 15:55:00,33811900,Norte,Presencial,4,4,JEA-NEG-unico,2,8748.58,21871.44,,43742.88
2766,2025-07-18 15:55:00,33811900,Norte,Presencial,4,4,JEA-NEG-unico,1,8748.58,21871.44,,21871.44
2766,2025-07-18 15:55:00,33811900,Norte,Presencial,4,4,CHU-NEG-S,1,13529.35,33823.38,,33823.38
2766,2025-07-18 15:55:00,33811900,Norte,Presencial,4,4,JEA-NEG-M,1,8748.58,21871.44,,21871.44
2766,2025-07-18 15:55:00,33811900,Norte,Presencial,4,4,GOR-ROJ-L,1,11486.7,28716.74,,28716.74
2767,2024-09-17 19:39:00,22960720,Centro,Presencial,2,2,CAM-BEI-L,1,14680.23,36700.58,,36700.58
2767,2024-09-17 19:39:00,22960720,Centro,Presencial,2,2,BUZ-AZU-M,1,11827.69,29569.23,,29569.23
2768,2025-08-21 11:53:00,41587472,Shopping,Presencial,7,5,BUZ-AZU-unico,1,11827.69,29569.23,,29569.23
2768,2025-08-21 11:53:00,41587472,Shopping,Presencial,7,5,GOR-ROJ-unico,1,11486.7,28716.74,,28716.74
2769,2024-07-19 14:08:00,34898161,Tienda Online,Web,10,3,JOG-ÍND-M,1,16544.66,41361.66,,41361.66
2770,2024-09-14 14:07:00,26297346,Centro,Presencial,2,5,MUS-CEL-S,1,12928.22,32320.56,,32320.56
2770,2024-09-14 14:07:00,26297346,Centro,Presencial,2,5,CIN-TUR-unico,1,13257.96,33144.89,,33144.89
2770,2024-09-14 14:07:00,26297346,Centro,Presencial,2,5,GOR-GRI-XXL,1,11486.7,28716.74,,28716.74
2771,2025-07-07 15:14:00,38396306,Centro,Presencial,2,1,GOR-ROJ-L,1,11486.7,28716.74,,28716.74
2771,2025-07-07 15:14:00,38396306,Centro,Presencial,2,1,CHU-NEG-XL,1,13529.35,33823.38,,33823.38
2771,2025-07-07 15:14:00,38396306,Centro,Presencial,2,1,CAM-BEI-L,1,14680.23,36700.58,,36700.58
2772,2025-04-11 10:01:00,17792713,Centro,Presencial,2,4,CAM-BEI-unico,1,14680.23,36700.58,,36700.58
2772,2025-04-11 10:01:00,17792713,Centro,Presencial,2,4,REM-VIO-M,1,13071.19,32677.97,,32677.97
2772,2025-04-11 10:01:00,17792713,Centro,Presencial,2,4,JOG-AZU-unico,1,16544.66,33916.56,10.0,33916.56
2772,2025-04-11 10:01:00,17792713,Centro,Presencial,2,4,CHU-VER-XL,1,13529.35,33823.38,,33823.38
2772,2025-04-11 10:01:00,17792713,Centro,Presencial,2,4,JEA-NEG-unico,2,8748.58,21871.44,,43742.88
2773,2024-09-06 06:55:00,26373518,Tienda Online,Web,9,2,JOG-AZU-unico,1,16544.66,41361.66,,41361.66
2773,2024-09-06 06:55:00,26373518,Tienda Online,Web,9,2,JOG-ÍND-XL,1,16544.66,41361.66,,41361.66
2774,2024-11-30 11:34:00,15285296,Tienda Online,Web,10,3,SWE-AZU-S,2,13010.13,32525.33,,65050.66
2774,2024-11-30 11:34:00,15285296,Tienda Online,Web,10,3,GOR-GRI-S,1,11486.7,28716.74,,28716.74
2774,2024-11-30 11:34:00,15285296,Tienda Online,Web,10,3,JEA-LAV-unico,1,8748.58,21871.44,,21871.44
2774,2024-11-30 11:34:00,15285296,Tienda Online,Web,10,3,REM-TUR-S,1,13673.12,34182.8,,34182.8
2775,2025-10-31 11:28:00,38747961,Centro,Presencial,1,1,GOR-GRI-S,1,11486.7,28716.74,,28716.74
2776,2025-05-19 17:43:00,10630650,Centro,Presencial,1,4,JOG-AZU-XXL,1,16544.66,41361.66,,41361.66
2776,2025-05-19 17:43:00,10630650,Centro,Presencial,1,4,GOR-GRI-L,1,11486.7,28716.74,,28716.74
2776,2025-05-19 17:43:00,10630650,Centro,Presencial,1,4,CIN-TUR-unico,2,13257.96,33144.89,,66289.78
2777,2024-01-31 23:21:00,19706758,Tienda Online,Web,10,3,SWE-MAR-L,1,13010.13,32525.33,,32525.33
2777,2024-01-31 23:21:00,19706758,Tienda Online,Web,10,3,CIN-MAR-S,1,13257.96,33144.89,,33144.89
2777,2024-01-31 23:21:00,19706758,Tienda Online,Web,10,3,JEA-LAV-unico,1,8748.58,21871.44,,21871.44
2777,2024-01-31 23:21:00,19706758,Tienda Online,Web,10,3,MUS-AZU-XXL,1,12928.22,32320.56,,32320.56
2778,2025-09-26 20:50:00,40105945,Tienda Online,Web,10,2,CHU-ÍND-XL,2,13529.35,33823.38,,67646.76
2779,2024-01-03 15:41:00,23663184,Shopping,Presencial,7,3,CHU-NEG-S,1,13529.35,33823.38,,33823.38
2779,2024-01-03 15:41:00,23663184,Shopping,Presencial,7,3,MUS-AZU-XXL,2,12928.22,32320.56,,64641.12
2779,2024-01-03 15:41:00,23663184,Shopping,Presencial,7,3,JOG-ÍND-XL,1,16544.66,41361.66,,41361.66
2779,2024-01-03 15:41:00,23663184,Shopping,Presencial,7,3,JOG-ÍND-XL,1,16544.66,41361.66,,41361.66
2779,2024-01-03 15:41:00,23663184,Shopping,Presencial,7,3,CIN-MAR-XL,1,13257.96,33144.89,,33144.89
2780,2025-09-10 13:04:00,27906335,Shopping,Presencial,7,3,CHU-NEG-unico,1,13529.35,33823.38,,33823.38
2781,2025-09-15 11:42:00,34218318,Centro,Presencial,1,2,CHU-ÍND-unico,1,13529.35,33823.38,,33823.38
2781,2025-09-15 11:42:00,34218318,Centro,Presencial,1,2,REM-TUR-XXL,1,13673.12,34182.8,,34182.8
2781,2025-09-15 11:42:00,34218318,Centro,Presencial,1,2,CIN-ROS-XXL,2,13257.96,33144.89,,66289.78
2781,2025-09-15 11:42:00,34218318,Centro,Presencial,1,2,MUS-AZU-XXL,1,12928.22,32320.56,,32320.56
2782,2025-04-15 10:34:00,26852461,Norte,Presencial,5,2,REM-VIO-L,1,13071.19,26795.94,10.0,26795.94
2782,2025-04-15 10:34:00,26852461,Norte,Presencial,5,2,CIN-MAR-M,1,13257.96,33144.89,,33144.89
2782,2025-04-15 10:34:00,26852461,Norte,Presencial,5,2,BUZ-AZU-unico,1,11827.69,29569.23,,29569.23
2783,2024-12-24 18:11:00,28567695,Shopping,Presencial,7,2,MUS-CEL-S,1,12928.22,32320.56,,32320.56
2783,2024-12-24 18:11:00,28567695,Shopping,Presencial,7,2,SWE-AZU-S,1,13010.13,32525.33,,32525.33
2783,2024-12-24 18:11:00,28567695,Shopping,Presencial,7,2,BUZ-AZU-unico,1,11827.69,29569.23,,29569.23
2783,2024-12-24 18:11:00,28567695,Shopping,Presencial,7,2,GOR-GRI-L,1,11486.7,28716.74,,28716.74
2783,2024-12-24 18:11:00,28567695,Shopping,Presencial,7,2,JOG-ÍND-M,1,16544.66,41361.66,,41361.66
2784,2024-06-09 07:08:00,38330675,Tienda Online,Web,9,4,REM-CEL-XXL,1,13673.12,34182.8,,34182.8
2784,2024-06-09 07:08:00,38330675,Tienda Online,Web,9,4,JOG-ÍND-S,1,16544.66,41361.66,,41361.66
2785,2025-06-01 11:35:00,37011889,Centro,Presencial,2,1,SWE-MAR-L,1,13010.13,32525.33,,32525.33
2785,2025-06-01 11:35:00,37011889,Centro,Presencial,2,1,REM-VIO-XL,1,13071.19,32677.97,,32677.97
2786,2025-06-19 22:47:00,14041987,Tienda Online,Web,9,3,GOR-GRI-unico,1,11486.7,28716.74,,28716.74
2787,2025-05-16 09:35:00,37271524,Shopping,Presencial,7,1,CHU-NEG-unico,1,13529.35,33823.38,,33823.38
2788,2024-11-15 04:54:00,21787005,Tienda Online,Web,10,3,CHU-NEG-S,1,13529.35,33823.38,,33823.38
2788,2024-11-15 04:54:00,21787005,Tienda Online,Web,10,3,CIN-MAR-XL,1,13257.96,33144.89,,33144.89
2788,2024-11-15 04:54:00,21787005,Tienda Online,Web,10,3,GOR-GRI-XXL,1,11486.7,28716.74,,28716.74
2789,2025-10-03 12:54:00,16604711,Tienda Online,Web,10,2,MUS-CEL-S,1,12928.22,32320.56,,32320.56
2790,2024-02-15 16:04:00,17245195,Centro,Presencial,2,1,CIN-MAR-L,1,13257.96,33144.89,,33144.89
2790,2024-02-15 16:04:00,17245195,Centro,Presencial,2,1,REM-TUR-XXL,1,13673.12,34182.8,,34182.8
2791,2024-04-13 13:28:00,43250363,Shopping,Presencial,7,3,MUS-CEL-S,2,12928.22,32320.56,,64641.12
2791,2024-04-13 13:28:00,43250363,Shopping,Presencial,7,3,GOR-GRI-L,1,11486.7,28716.74,,28716.74
2791,2024-04-13 13:28:00,43250363,Shopping,Presencial,7,3,JEA-LAV-unico,2,8748.58,21871.44,,43742.88
2791,2024-04-13 13:28:00,43250363,Shopping,Presencial,7,3,CAM-CEL-XL,1,14680.23,36700.58,,36700.58
2791,2024-04-13 13:28:00,43250363,Shopping,Presencial,7,3,REM-CEL-XXL,1,13673.12,34182.8,,34182.8
2792,2024-12-30 09:49:00,24627352,Tienda Online,Web,9,4,REM-VIO-M,1,13071.19,32677.97,,32677.97
2792,2024-12-30 09:49:00,24627352,Tienda Online,Web,9,4,REM-VIO-L,1,13071.19,32677.97,,32677.97
2793,2024-07-12 07:13:00,37406784,Tienda Online,Web,10,3,REM-TUR-XXL,1,13673.12,34182.8,,34182.8
2793,2024-07-12 07:13:00,37406784,Tienda Online,Web,10,3,MUS-AZU-M,1,12928.22,32320.56,,32320.56
2793,2024-07-12 07:13:00,37406784,Tienda Online,Web,10,3,REM-TUR-XXL,1,13673.12,34182.8,,34182.8
2794,2025-03-15 12:47:00,29674861,Tienda Online,Web,9,2,CHU-NEG-XXL,1,13529.35,33823.38,,33823.38
2795,2024-11-16 03:13:00,10372106,Tienda Online,Web,10,5,JEA-NEG-M,1,8748.58,21871.44,,21871.44
2795,2024-11-16 03:13:00,10372106,Tienda Online,Web,10,5,MUS-AZU-M,1,12928.22,32320.56,,32320.56
2796,2025-02-01 14:24:00,28011719,Norte,Presencial,5,3,MUS-AZU-XXL,1,12928.22,32320.56,,32320.56
2797,2025-01-04 05:39:00,38195354,Tienda Online,Web,9,5,REM-TUR-S,1,13673.12,34182.8,,34182.8
2797,2025-01-04 05:39:00,38195354,Tienda Online,Web,9,5,JEA-LAV-L,1,8748.58,21871.44,,21871.44
2798,2025-01-01 12:10:00,38701583,Tienda Online,Web,10,1,MUS-AZU-M,1,12928.22,32320.56,,32320.56
2798,2025-01-01 12:10:00,38701583,Tienda Online,Web,10,1,JOG-ÍND-M,1,16544.66,41361.66,,41361.66
2799,2024-11-02 16:20:00,17507729,Centro,Presencial,2,3,REM-VIO-M,1,13071.19,32677.97,,32677.97
2799,2024-11-02 16:20:00,17507729,Centro,Presencial,2,3,CHU-ÍND-XXL,2,13529.35,33823.38,,67646.76
2799,2024-11-02 16:20:00,17507729,Centro,Presencial,2,3,MUS-AZU-XXL,1,12928.22,32320.56,,32320.56
2800,2024-03-12 20:30:00,21678777,Tienda Online,Web,9,2,CHU-NEG-M,1,13529.35,33823.38,,33823.38
2800,2024-03-12 20:30:00,21678777,Tienda Online,Web,9,2,CHU-NEG-M,1,13529.35,33823.38,,33823.38
2801,2025-07-05 08:10:00,32132749,Tienda Online,Web,10,2,REM-VIO-XL,1,13071.19,32677.97,,32677.97
2801,2025-07-05 08:10:00,32132749,Tienda Online,Web,10,2,CHU-NEG-XL,1,13529.35,33823.38,,33823.38
2801,2025-07-05 08:10:00,32132749,Tienda Online,Web,10,2,JOG-AZU-XL,1,16544.66,41361.66,,41361.66
2802,2025-01-17 15:04:00,16065254,Shopping,Presencial,7,1,REM-TUR-XXL,1,13673.12,34182.8,,34182.8
2802,2025-01-17 15:04:00,16065254,Shopping,Presencial,7,1,GOR-GRI-unico,1,11486.7,28716.74,,28716.74
2803,2024-10-30 13:11:00,31231220,Shopping,Presencial,7,5,JOG-AZU-unico,1,16544.66,41361.66,,41361.66
2803,2024-10-30 13:11:00,31231220,Shopping,Presencial,7,5,JOG-AZU-XXL,2,16544.66,41361.66,,82723.32
2803,2024-10-30 13:11:00,31231220,Shopping,Presencial,7,5,CHU-NEG-M,2,13529.35,33823.38,,67646.76
2803,2024-10-30 13:11:00,31231220,Shopping,Presencial,7,5,SWE-MAR-unico,1,13010.13,32525.33,,32525.33
2803,2024-10-30 13:11:00,31231220,Shopping,Presencial,7,5,CIN-TUR-unico,1,13257.96,33144.89,,33144.89
2804,2024-04-25 11:08:00,30090967,Norte,Presencial,6,4,MUS-CEL-S,1,12928.22,32320.56,,32320.56
2804,2024-04-25 11:08:00,30090967,Norte,Presencial,6,4,MUS-AZU-M,1,12928.22,32320.56,,32320.56
2805,2025-01-30 12:57:00,12645604,Norte,Presencial,5,1,CAM-BEI-unico,1,14680.23,36700.58,,36700.58
2806,2025-08-07 00:20:00,29674861,Tienda Online,Web,10,2,SWE-MAR-XXL,1,13010.13,32525.33,,32525.33
2806,2025-08-07 00:20:00,29674861,Tienda Online,Web,10,2,CIN-ROS-XXL,1,13257.96,33144.89,,33144.89
2806,2025-08-07 00:20:00,29674861,Tienda Online,Web,10,2,CIN-TUR-XL,1,13257.96,33144.89,,33144.89
2807,2024-12-12 07:06:00,33160875,Tienda Online,Web,10,3,JOG-AZU-XXL,1,16544.66,41361.66,,41361.66
2807,2024-12-12 07:06:00,33160875,Tienda Online,Web,10,3,REM-TUR-S,1,13673.12,34182.8,,34182.8
2807,2024-12-12 07:06:00,33160875,Tienda Online,Web,10,3,JEA-NEG-M,1,8748.58,21871.44,,21871.44
2807,2024-12-12 07:06:00,33160875,Tienda Online,Web,10,3,CIN-TUR-unico,1,13257.96,33144.89,,33144.89
2807,2024-12-12 07:06:00,33160875,Tienda Online,Web,10,3,CHU-VER-XL,1,13529.35,33823.38,,33823.38
2808,2024-07-04 05:03:00,24672546,Tienda Online,Web,9,5,REM-TUR-XXL,1,13673.12,34182.8,,34182.8
2808,2024-07-04 05:03:00,24672546,Tienda Online,Web,9,5,GOR-GRI-L,1,11486.7,28716.74,,28716.74
2808,2024-07-04 05:03:00,24672546,Tienda Online,Web,9,5,GOR-GRI-unico,1,11486.7,28716.74,,28716.74
2808,2024-07-04 05:03:00,24672546,Tienda Online,Web,9,5,CAM-CEL-XL,1,14680.23,36700.58,,36700.58
2808,2024-07-04 05:03:00,24672546,Tienda Online,Web,9,5,JEA-LAV-L,1,8748.58,21871.44,,21871.44
2809,2025-02-14 09:37:00,19364231,Tienda Online,Web,9,3,JEA-NEG-M,1,8748.58,21871.44,,21871.44
2809,2025-02-14 09:37:00,19364231,Tienda Online,Web,9,3,REM-BLA-XL,1,13071.19,32677.97,,32677.97
2809,2025-02-14 09:37:00,19364231,Tienda Online,Web,9,3,MUS-AZU-M,1,12928.22,32320.56,,32320.56
2809,2025-02-14 09:37:00,19364231,Tienda Online,Web,9,3,CIN-TUR-unico,1,13257.96,33144.89,,33144.89
2809,2025-02-14 09:37:00,19364231,Tienda Online,Web,9,3,CAM-CEL-XL,2,14680.23,36700.58,,73401.16
2810,2025-09-26 16:08:00,25086706,Shopping,Presencial,7,3,MUS-AZU-XXL,1,12928.22,32320.56,,32320.56
2810,2025-09-26 16:08:00,25086706,Shopping,Presencial,7,3,GOR-GRI-S,1,11486.7,28716.74,,28716.74
2811,2025-01-05 13:14:00,32899636,Shopping,Presencial,7,2,CHU-ÍND-L,1,13529.35,33823.38,,33823.38
2811,2025-01-05 13:14:00,32899636,Shopping,Presencial,7,2,BUZ-AZU-M,1,11827.69,29569.23,,29569.23
2811,2025-01-05 13:14:00,32899636,Shopping,Presencial,7,2,GOR-ROJ-unico,1,11486.7,28716.74,,28716.74
2811,2025-01-05 13:14:00,32899636,Shopping,Presencial,7,2,JEA-NEG-unico,2,8748.58,21871.44,,43742.88
2812,2024-09-17 20:27:00,25534107,Tienda Online,Web,10,2,GOR-ROJ-S,1,11486.7,28716.74,,28716.74
2813,2024-05-29 20:28:00,31925749,Tienda Online,Web,10,5,JOG-ÍND-XL,1,16544.66,40561.66,12.0,40561.66
2813,2024-05-29 20:28:00,31925749,Tienda Online,Web,10,5,JOG-AZU-unico,1,16544.66,41361.66,,41361.66
2814,2024-08-05 11:13:00,20226206,Tienda Online,Web,9,4,BUZ-AZU-unico,1,11827.69,29569.23,,29569.23
2814,2024-08-05 11:13:00,20226206,Tienda Online,Web,9,4,GOR-GRI-XXL,2,11486.7,28716.74,,57433.48
2814,2024-08-05 11:13:00,20226206,Tienda Online,Web,9,4,REM-VIO-M,1,13071.19,32677.97,,32677.97
2814,2024-08-05 11:13:00,20226206,Tienda Online,Web,9,4,CAM-BEI-L,1,14680.23,36700.58,,36700.58
2815,2024-09-21 15:38:00,22425195,Norte,Presencial,6,5,CHU-ÍND-L,1,13529.35,33823.38,,33823.38
2815,2024-09-21 15:38:00,22425195,Norte,Presencial,6,5,MUS-AZU-unico,1,12928.22,32320.56,,32320.56
2815,2024-09-21 15:38:00,22425195,Norte,Presencial,6,5,REM-VIO-M,1,13071.19,32677.97,,32677.97
2815,2024-09-21 15:38:00,22425195,Norte,Presencial,6,5,CIN-MAR-S,1,13257.96,33144.89,,33144.89
2816,2025-09-19 15:51:00,16659452,Centro,Presencial,2,5,GOR-GRI-S,1,11486.7,18665.88,8.0,18665.88
2817,2024-12-15 10:42:00,28086578,Tienda Online,Web,10,5,REM-CEL-XXL,1,13673.12,34182.8,,34182.8
2817,2024-12-15 10:42:00,28086578,Tienda Online,Web,10,5,CIN-ROS-XXL,2,13257.96,33144.89,,66289.78
2818,2025-09-11 17:09:00,20359006,Tienda Online,Web,10,5,REM-BLA-XL,1,13071.19,32677.97,,32677.97
2818,2025-09-11 17:09:00,20359006,Tienda Online,Web,10,5,SWE-MAR-XXL,2,13010.13,32525.33,,65050.66
2818,2025-09-11 17:09:00,20359006,Tienda Online,Web,10,5,CIN-MAR-S,1,13257.96,33144.89,,33144.89
2818,2025-09-11 17:09:00,20359006,Tienda Online,Web,10,5,BUZ-AZU-L,1,11827.69,29569.23,,29569.23
2819,2024-10-29 14:15:00,20256869,Centro,Presencial,2,1,GOR-ROJ-S,1,11486.7,28716.74,,28716.74
2819,2024-10-29 14:15:00,20256869,Centro,Presencial,2,1,CAM-BLA-M,2,14680.23,36700.58,,73401.16
2819,2024-10-29 14:15:00,20256869,Centro,Presencial,2,1,CIN-MAR-L,1,13257.96,33144.89,,33144.89
2820,2024-04-19 04:57:00,26591977,Tienda Online,Web,10,3,CIN-MAR-XL,1,13257.96,33144.89,,33144.89
2820,2024-04-19 04:57:00,26591977,Tienda Online,Web,10,3,CIN-MAR-XL,2,13257.96,33144.89,,66289.78
2821,2025-02-15 04:00:00,10524999,Tienda Online,Web,10,4,CHU-ÍND-XXL,1,13529.35,33823.38,,33823.38
2821,2025-02-15 04:00:00,10524999,Tienda Online,Web,10,4,GOR-GRI-L,1,11486.7,28716.74,,28716.74
2822,2024-10-25 21:46:00,32012128,Tienda Online,Web,9,3,CIN-TUR-XL,2,13257.96,33144.89,,66289.78
2822,2024-10-25 21:46:00,32012128,Tienda Online,Web,9,3,JOG-AZU-XXL,1,16544.66,41361.66,,41361.66
2822,2024-10-25 21:46:00,32012128,Tienda Online,Web,9,3,JEA-NEG-unico,1,8748.58,21871.44,,21871.44
2823,2025-06-24 12:39:00,30549138,Shopping,Presencial,7,4,CIN-MAR-XL,1,13257.96,33144.89,,33144.89
2824,2024-01-27 11:06:00,18494838,Norte,Presencial,6,5,SWE-MAR-L,1,13010.13,32525.33,,32525.33
2824,2024-01-27 11:06:00,18494838,Norte,Presencial,6,5,CIN-MAR-XL,1,13257.96,33144.89,,33144.89
2824,2024-01-27 11:06:00,18494838,Norte,Presencial,6,5,CIN-TUR-XL,1,13257.96,33144.89,,33144.89
2825,2025-05-28 09:37:00,34764543,Shopping,Presencial,7,3,CHU-ÍND-XL,1,13529.35,33823.38,,33823.38
2826,2024-04-27 14:25:00,32159349,Tienda Online,Web,10,1,CIN-TUR-XL,1,13257.96,33144.89,,33144.89
2826,2024-04-27 14:25:00,32159349,Tienda Online,Web,10,1,GOR-GRI-S,1,11486.7,28716.74,,28716.74
2826,2024-04-27 14:25:00,32159349,Tienda Online,Web,10,1,CHU-VER-XL,1,13529.35,33823.38,,33823.38
2826,2024-04-27 14:25:00,32159349,Tienda Online,Web,10,1,CIN-MAR-XL,1,13257.96,33144.89,,33144.89
2826,2024-04-27 14:25:00,32159349,Tienda Online,Web,10,1,SWE-AZU-S,1,13010.13,32525.33,,32525.33
2827,2025-10-01 13:33:00,34777665,Norte,Presencial,5,5,CIN-TUR-XL,1,13257.96,33144.89,,33144.89
2827,2025-10-01 13:33:00,34777665,Norte,Presencial,5,5,CAM-BLA-S,1,14680.23,36700.58,,36700.58
2827,2025-10-01 13:33:00,34777665,Norte,Presencial,5,5,CIN-MAR-M,1,13257.96,21544.18,8.0,21544.18
2827,2025-10-01 13:33:00,34777665,Norte,Presencial,5,5,SWE-AZU-M,1,13010.13,32525.33,,32525.33
2828,2024-11-26 12:30:00,29812600,Tienda Online,Web,9,4,REM-VIO-M,2,13071.19,32677.97,,65355.94
2828,2024-11-26 12:30:00,29812600,Tienda Online,Web,9,4,CIN-TUR-unico,1,13257.96,33144.89,,33144.89
2828,2024-11-26 12:30:00,29812600,Tienda Online,Web,9,4,GOR-ROJ-unico,1,11486.7,28716.74,,28716.74
2828,2024-11-26 12:30:00,29812600,Tienda Online,Web,9,4,MUS-AZU-XXL,1,12928.22,32320.56,,32320.56
2829,2024-03-05 14:40:00,34929174,Tienda Online,Web,10,4,SWE-AZU-S,1,13010.13,32525.33,,32525.33
2830,2024-04-16 13:56:00,26852461,Shopping,Presencial,7,1,CHU-VER-XL,1,13529.35,33823.38,,33823.38
2831,2024-03-08 10:01:00,23499019,Tienda Online,Web,9,2,GOR-GRI-M,1,11486.7,28716.74,,28716.74
2831,2024-03-08 10:01:00,23499019,Tienda Online,Web,9,2,CIN-MAR-S,1,13257.96,33144.89,,33144.89
2831,2024-03-08 10:01:00,23499019,Tienda Online,Web,9,2,CIN-MAR-L,1,13257.96,33144.89,,33144.89
2831,2024-03-08 10:01:00,23499019,Tienda Online,Web,9,2,REM-TUR-XXL,1,13673.12,34182.8,,34182.8
2832,2025-08-29 19:38:00,36562073,Tienda Online,Web,9,4,SWE-MAR-S,1,13010.13,32525.33,,32525.33
2832,2025-08-29 19:38:00,36562073,Tienda Online,Web,9,4,CAM-CEL-XL,1,14680.23,36700.58,,36700.58
2832,2025-08-29 19:38:00,36562073,Tienda Online,Web,9,4,JOG-AZU-XXL,1,16544.66,41361.66,,41361.66
2832,2025-08-29 19:38:00,36562073,Tienda Online,Web,9,4,SWE-MAR-L,1,13010.13,32525.33,,32525.33
2833,2025-09-26 23:28:00,32223091,Tienda Online,Web,9,2,SWE-AZU-M,1,13010.13,21141.46,8.0,21141.46
2833,2025-09-26 23:28:00,32223091,Tienda Online,Web,9,2,SWE-MAR-S,1,13010.13,32525.33,,32525.33
2833,2025-09-26 23:28:00,32223091,Tienda Online,Web,9,2,JOG-ÍND-M,1,16544.66,26885.08,8.0,26885.08
2833,2025-09-26 23:28:00,32223091,Tienda Online,Web,9,2,CIN-TUR-XL,1,13257.96,33144.89,,33144.89
2834,2024-07-11 16:28:00,39406068,Tienda Online,Web,10,3,JOG-AZU-XXL,1,16544.66,41361.66,,41361.66
2835,2024-05-15 09:45:00,29586497,Shopping,Presencial,7,2,REM-CEL-XXL,1,13673.12,34182.8,,34182.8
2835,2024-05-15 09:45:00,29586497,Shopping,Presencial,7,2,CAM-BEI-L,1,14680.23,36700.58,,36700.58
2835,2024-05-15 09:45:00,29586497,Shopping,Presencial,7,2,REM-VIO-M,1,13071.19,31877.97,12.0,31877.97
2835,2024-05-15 09:45:00,29586497,Shopping,Presencial,7,2,JOG-AZU-unico,1,16544.66,41361.66,,41361.66
2835,2024-05-15 09:45:00,29586497,Shopping,Presencial,7,2,CIN-ROS-XXL,1,13257.96,33144.89,,33144.89
2836,2024-03-06 16:22:00,26594901,Shopping,Presencial,7,4,SWE-AZU-S,1,13010.13,32525.33,,32525.33
2836,2024-03-06 16:22:00,26594901,Shopping,Presencial,7,4,REM-TUR-XXL,1,13673.12,34182.8,,34182.8
2836,2024-03-06 16:22:00,26594901,Shopping,Presencial,7,4,CHU-NEG-S,1,13529.35,33823.38,,33823.38
2836,2024-03-06 16:22:00,26594901,Shopping,Presencial,7,4,JEA-LAV-unico,1,8748.58,21871.44,,21871.44
2837,2024-07-14 14:42:00,38531078,Shopping,Presencial,7,2,SWE-MAR-unico,1,13010.13,32525.33,,32525.33
2838,2025-09-04 13:05:00,30390056,Shopping,Presencial,7,1,CHU-NEG-XXL,1,13529.35,33823.38,,33823.38
2838,2025-09-04 13:05:00,30390056,Shopping,Presencial,7,1,SWE-MAR-unico,1,13010.13,32525.33,,32525.33
2838,2025-09-04 13:05:00,30390056,Shopping,Presencial,7,1,CIN-TUR-unico,1,13257.96,33144.89,,33144.89
2838,2025-09-04 13:05:00,30390056,Shopping,Presencial,7,1,CAM-BLA-XL,1,14680.23,32296.51,6.0,32296.51
2839,2025-11-25 14:56:00,13463607,Centro,Presencial,1,3,CAM-BEI-S,2,14680.23,27525.44,4.0,55050.88
2840,2024-12-26 13:33:00,38195354,Norte,Presencial,4,1,CHU-NEG-S,2,13529.35,33823.38,,67646.76
2840,2024-12-26 13:33:00,38195354,Norte,Presencial,4,1,SWE-MAR-L,1,13010.13,32525.33,,32525.33
2841,2025-05-12 20:06:00,40450329,Tienda Online,Web,10,2,CHU-NEG-M,1,13529.35,33823.38,,33823.38
2841,2025-05-12 20:06:00,40450329,Tienda Online,Web,10,2,CIN-ROS-unico,1,13257.96,33144.89,,33144.89
2841,2025-05-12 20:06:00,40450329,Tienda Online,Web,10,2,CHU-ÍND-L,1,13529.35,33823.38,,33823.38
2841,2025-05-12 20:06:00,40450329,Tienda Online,Web,10,2,REM-CEL-XXL,1,13673.12,34182.8,,34182.8
2841,2025-05-12 20:06:00,40450329,Tienda Online,Web,10,2,MUS-AZU-XXL,1,12928.22,32320.56,,32320.56
2842,2024-03-30 19:01:00,37388193,Norte,Presencial,5,4,MUS-AZU-XXL,1,12928.22,32320.56,,32320.56
2842,2024-03-30 19:01:00,37388193,Norte,Presencial,5,4,JOG-CEL-unico,1,16544.66,41361.66,,41361.66
2842,2024-03-30 19:01:00,37388193,Norte,Presencial,5,4,CAM-CEL-XL,1,14680.23,36700.58,,36700.58
2843,2024-12-01 12:22:00,28610049,Centro,Presencial,1,3,GOR-GRI-XXL,1,11486.7,28716.74,,28716.74
2843,2024-12-01 12:22:00,28610049,Centro,Presencial,1,3,REM-VIO-M,1,13071.19,32677.97,,32677.97
2843,2024-12-01 12:22:00,28610049,Centro,Presencial,1,3,BUZ-AZU-M,1,11827.69,29569.23,,29569.23
2843,2024-12-01 12:22:00,28610049,Centro,Presencial,1,3,MUS-CEL-S,1,12928.22,32320.56,,32320.56
2843,2024-12-01 12:22:00,28610049,Centro,Presencial,1,3,CHU-ÍND-L,1,13529.35,33823.38,,33823.38
2844,2025-05-05 10:18:00,28427922,Norte,Presencial,5,2,GOR-GRI-L,1,11486.7,28716.74,,28716.74
2844,2025-05-05 10:18:00,28427922,Norte,Presencial,5,2,MUS-AZU-M,1,12928.22,32320.56,,32320.56
2844,2025-05-05 10:18:00,28427922,Norte,Presencial,5,2,REM-BLA-S,1,13071.19,32677.97,,32677.97
2844,2025-05-05 10:18:00,28427922,Norte,Presencial,5,2,GOR-GRI-S,1,11486.7,28716.74,,28716.74
2845,2024-11-29 23:05:00,17157379,Tienda Online,Web,9,1,CHU-ÍND-L,1,13529.35,33823.38,,33823.38
2846,2025-05-22 10:14:00,16065254,Shopping,Presencial,7,5,JOG-ÍND-M,1,16544.66,41361.66,,41361.66
2847,2025-01-06 22:06:00,36913358,Tienda Online,Web,10,2,MUS-AZU-M,1,12928.22,32320.56,,32320.56
2847,2025-01-06 22:06:00,36913358,Tienda Online,Web,10,2,GOR-ROJ-S,1,11486.7,28716.74,,28716.74
2847,2025-01-06 22:06:00,36913358,Tienda Online,Web,10,2,CIN-TUR-unico,1,13257.96,33144.89,,33144.89
2847,2025-01-06 22:06:00,36913358,Tienda Online,Web,10,2,REM-TUR-XXL,1,13673.12,34182.8,,34182.8
2847,2025-01-06 22:06:00,36913358,Tienda Online,Web,10,2,SWE-AZU-S,1,13010.13,32525.33,,32525.33
2848,2024-01-15 22:20:00,22588451,Tienda Online,Web,9,1,REM-TUR-XXL,1,13673.12,34182.8,,34182.8
2848,2024-01-15 22:20:00,22588451,Tienda Online,Web,9,1,JOG-CEL-unico,1,16544.66,41361.66,,41361.66
2848,2024-01-15 22:20:00,22588451,Tienda Online,Web,9,1,REM-TUR-XXL,1,13673.12,34182.8,,34182.8
2849,2024-04-20 09:49:00,44304306,Shopping,Presencial,7,4,CIN-MAR-L,1,13257.96,33144.89,,33144.89
2849,2024-04-20 09:49:00,44304306,Shopping,Presencial,7,4,GOR-GRI-XXL,1,11486.7,28716.74,,28716.74
2849,2024-04-20 09:49:00,44304306,Shopping,Presencial,7,4,REM-BLA-XL,1,13071.19,32677.97,,32677.97
2850,2025-06-17 02:20:00,41895660,Tienda Online,Web,10,4,CAM-BEI-unico,1,14680.23,36700.58,,36700.58
2850,2025-06-17 02:20:00,41895660,Tienda Online,Web,10,4,MUS-AZU-M,1,12928.22,32320.56,,32320.56
2850,2025-06-17 02:20:00,41895660,Tienda Online,Web,10,4,CAM-CEL-XL,2,14680.23,36700.58,,73401.16
2850,2025-06-17 02:20:00,41895660,Tienda Online,Web,10,4,GOR-ROJ-unico,1,11486.7,25845.07,3.0,25845.07
2850,2025-06-17 02:20:00,41895660,Tienda Online,Web,10,4,CHU-ÍND-XXL,1,13529.35,33823.38,,33823.38
2851,2025-08-15 15:46:00,12195552,Shopping,Presencial,7,2,JOG-AZU-XL,1,16544.66,41361.66,,41361.66
2851,2025-08-15 15:46:00,12195552,Shopping,Presencial,7,2,CIN-MAR-L,1,13257.96,33144.89,,33144.89
2851,2025-08-15 15:46:00,12195552,Shopping,Presencial,7,2,JOG-AZU-unico,1,16544.66,41361.66,,41361.66
2851,2025-08-15 15:46:00,12195552,Shopping,Presencial,7,2,CAM-BEI-S,1,14680.23,36700.58,,36700.58
2852,2024-10-11 19:45:00,23663184,Tienda Online,Web,9,1,REM-BLA-XL,1,13071.19,32677.97,,32677.97
2852,2024-10-11 19:45:00,23663184,Tienda Online,Web,9,1,CHU-VER-XL,1,13529.35,33823.38,,33823.38
2853,2024-09-14 11:02:00,26058980,Shopping,Presencial,7,4,SWE-MAR-L,1,13010.13,32525.33,,32525.33
2853,2024-09-14 11:02:00,26058980,Shopping,Presencial,7,4,CHU-ÍND-XXL,1,13529.35,33823.38,,33823.38
2853,2024-09-14 11:02:00,26058980,Shopping,Presencial,7,4,GOR-GRI-L,1,11486.7,28716.74,,28716.74
2853,2024-09-14 11:02:00,26058980,Shopping,Presencial,7,4,REM-VIO-XL,1,13071.19,32677.97,,32677.97
2854,2025-01-25 13:31:00,15407475,Tienda Online,Web,10,1,JOG-CEL-unico,1,16544.66,41361.66,,41361.66
2854,2025-01-25 13:31:00,15407475,Tienda Online,Web,10,1,JOG-AZU-XXL,1,16544.66,41361.66,,41361.66
2854,2025-01-25 13:31:00,15407475,Tienda Online,Web,10,1,CIN-TUR-unico,1,13257.96,33144.89,,33144.89
2855,2024-05-30 11:13:00,19604467,Norte,Presencial,4,2,GOR-GRI-XXL,2,11486.7,28716.74,,57433.48
2856,2025-11-14 18:51:00,43172347,Tienda Online,Web,10,4,CHU-ÍND-L,1,13529.35,33823.38,,33823.38
2857,2025-01-24 12:23:00,41690133,Tienda Online,Web,10,3,JOG-ÍND-M,1,16544.66,41361.66,,41361.66
2857,2025-01-24 12:23:00,41690133,Tienda Online,Web,10,3,CIN-TUR-XL,1,13257.96,33144.89,,33144.89
2857,2025-01-24 12:23:00,41690133,Tienda Online,Web,10,3,CHU-NEG-M,1,13529.35,33823.38,,33823.38
2857,2025-01-24 12:23:00,41690133,Tienda Online,Web,10,3,JEA-LAV-unico,1,8748.58,21871.44,,21871.44
2857,2025-01-24 12:23:00,41690133,Tienda Online,Web,10,3,CHU-NEG-XXL,1,13529.35,33823.38,,33823.38
2858,2024-09-26 19:48:00,35442729,Centro,Presencial,1,2,GOR-ROJ-S,1,11486.7,28716.74,,28716.74
2858,2024-09-26 19:48:00,35442729,Centro,Presencial,1,2,GOR-ROJ-unico,2,11486.7,28716.74,,57433.48
2858,2024-09-26 19:48:00,35442729,Centro,Presencial,1,2,MUS-AZU-XXL,1,12928.22,32320.56,,32320.56
2858,2024-09-26 19:48:00,35442729,Centro,Presencial,1,2,REM-TUR-XXL,1,13673.12,34182.8,,34182.8
2858,2024-09-26 19:48:00,35442729,Centro,Presencial,1,2,CAM-CEL-XL,1,14680.23,36700.58,,36700.58
2859,2024-05-24 22:40:00,16381102,Tienda Online,Web,10,5,GOR-GRI-M,1,11486.7,27916.74,12.0,27916.74
2859,2024-05-24 22:40:00,16381102,Tienda Online,Web,10,5,GOR-GRI-L,1,11486.7,27916.74,12.0,27916.74
2860,2025-09-17 11:05:00,35526737,Centro,Presencial,1,2,GOR-ROJ-S,1,11486.7,28716.74,,28716.74
2860,2025-09-17 11:05:00,35526737,Centro,Presencial,1,2,REM-VIO-M,1,13071.19,32677.97,,32677.97
2860,2025-09-17 11:05:00,35526737,Centro,Presencial,1,2,JEA-LAV-unico,1,8748.58,14216.44,8.0,14216.44
2861,2025-11-08 16:10:00,11411585,Shopping,Presencial,7,5,REM-CEL-XXL,1,13673.12,34182.8,,34182.8
2861,2025-11-08 16:10:00,11411585,Shopping,Presencial,7,5,CIN-ROS-unico,1,13257.96,33144.89,,33144.89
2861,2025-11-08 16:10:00,11411585,Shopping,Presencial,7,5,CAM-BEI-L,1,14680.23,36700.58,,36700.58
2862,2025-07-25 09:37:00,13291303,Tienda Online,Web,9,2,CHU-NEG-unico,1,13529.35,33823.38,,33823.38
2863,2024-04-29 18:01:00,26594901,Shopping,Presencial,7,4,MUS-AZU-M,1,12928.22,32320.56,,32320.56
2863,2024-04-29 18:01:00,26594901,Shopping,Presencial,7,4,GOR-GRI-XXL,1,11486.7,28716.74,,28716.74
2863,2024-04-29 18:01:00,26594901,Shopping,Presencial,7,4,JOG-ÍND-XL,1,16544.66,41361.66,,41361.66
2863,2024-04-29 18:01:00,26594901,Shopping,Presencial,7,4,JEA-LAV-unico,1,8748.58,21871.44,,21871.44
2863,2024-04-29 18:01:00,26594901,Shopping,Presencial,7,4,MUS-CEL-S,1,12928.22,32320.56,,32320.56
2864,2024-07-29 18:49:00,10372106,Tienda Online,Web,10,5,SWE-AZU-S,1,13010.13,32525.33,,32525.33
2864,2024-07-29 18:49:00,10372106,Tienda Online,Web,10,5,JEA-NEG-M,1,8748.58,21871.44,,21871.44
2865,2025-04-05 15:15:00,27826293,Tienda Online,Web,10,4,MUS-CEL-S,1,12928.22,32320.56,,32320.56
2865,2025-04-05 15:15:00,27826293,Tienda Online,Web,10,4,CHU-ÍND-XL,1,13529.35,33823.38,,33823.38
2866,2024-05-03 13:30:00,38396306,Shopping,Presencial,7,3,GOR-GRI-M,1,11486.7,28716.74,,28716.74
2866,2024-05-03 13:30:00,38396306,Shopping,Presencial,7,3,JOG-ÍND-XL,1,16544.66,41361.66,,41361.66
2866,2024-05-03 13:30:00,38396306,Shopping,Presencial,7,3,MUS-AZU-M,1,12928.22,31520.56,12.0,31520.56
2866,2024-05-03 13:30:00,38396306,Shopping,Presencial,7,3,CHU-NEG-M,1,13529.35,33823.38,,33823.38
2867,2024-11-15 09:35:00,30196404,Norte,Presencial,4,4,JEA-NEG-M,1,8748.58,21871.44,,21871.44
2867,2024-11-15 09:35:00,30196404,Norte,Presencial,4,4,JOG-ÍND-XL,1,16544.66,41361.66,,41361.66
2867,2024-11-15 09:35:00,30196404,Norte,Presencial,4,4,SWE-MAR-L,1,13010.13,32525.33,,32525.33
2867,2024-11-15 09:35:00,30196404,Norte,Presencial,4,4,SWE-AZU-S,1,13010.13,32525.33,,32525.33
2867,2024-11-15 09:35:00,30196404,Norte,Presencial,4,4,JEA-LAV-L,1,8748.58,21871.44,,21871.44
2868,2025-06-25 13:52:00,40450329,Shopping,Presencial,7,3,CIN-MAR-S,1,13257.96,33144.89,,33144.89
2868,2025-06-25 13:52:00,40450329,Shopping,Presencial,7,3,CAM-BEI-S,1,14680.23,36700.58,,36700.58
2868,2025-06-25 13:52:00,40450329,Shopping,Presencial,7,3,CIN-ROS-XXL,1,13257.96,33144.89,,33144.89
2869,2025-10-24 13:10:00,41740898,Shopping,Presencial,7,5,CAM-CEL-XL,1,14680.23,36700.58,,36700.58
2869,2025-10-24 13:10:00,41740898,Shopping,Presencial,7,5,REM-VIO-XL,1,13071.19,32677.97,,32677.97
2869,2025-10-24 13:10:00,41740898,Shopping,Presencial,7,5,JOG-ÍND-M,1,16544.66,41361.66,,41361.66
2869,2025-10-24 13:10:00,41740898,Shopping,Presencial,7,5,MUS-AZU-M,1,12928.22,32320.56,,32320.56
2869,2025-10-24 13:10:00,41740898,Shopping,Presencial,7,5,SWE-MAR-L,1,13010.13,32525.33,,32525.33
2870,2025-11-21 20:00:00,20226206,Shopping,Presencial,7,5,CIN-ROS-XXL,1,13257.96,33144.89,,33144.89
2870,2025-11-21 20:00:00,20226206,Shopping,Presencial,7,5,SWE-AZU-M,1,13010.13,26020.26,1.0,26020.26
2870,2025-11-21 20:00:00,20226206,Shopping,Presencial,7,5,CIN-ROS-unico,1,13257.96,33144.89,,33144.89
2870,2025-11-21 20:00:00,20226206,Shopping,Presencial,7,5,JOG-ÍND-S,2,16544.66,41361.66,,82723.32
2870,2025-11-21 20:00:00,20226206,Shopping,Presencial,7,5,REM-BLA-XL,1,13071.19,32677.97,,32677.97
2871,2024-05-22 21:35:00,32159349,Tienda Online,Web,9,1,JOG-ÍND-XL,1,16544.66,41361.66,,41361.66
2871,2024-05-22 21:35:00,32159349,Tienda Online,Web,9,1,CIN-MAR-XL,1,13257.96,33144.89,,33144.89
2871,2024-05-22 21:35:00,32159349,Tienda Online,Web,9,1,CHU-NEG-M,1,13529.35,33823.38,,33823.38
2871,2024-05-22 21:35:00,32159349,Tienda Online,Web,9,1,SWE-MAR-L,1,13010.13,32525.33,,32525.33
2871,2024-05-22 21:35:00,32159349,Tienda Online,Web,9,1,CIN-MAR-XL,2,13257.96,33144.89,,66289.78
2872,2025-01-25 16:20:00,29812600,Tienda Online,Web,9,2,REM-CEL-XXL,1,13673.12,34182.8,,34182.8
2873,2024-01-29 01:01:00,18439645,Tienda Online,Web,9,3,CIN-MAR-M,1,13257.96,33144.89,,33144.89
2873,2024-01-29 01:01:00,18439645,Tienda Online,Web,9,3,CAM-BEI-unico,1,14680.23,36700.58,,36700.58
2873,2024-01-29 01:01:00,18439645,Tienda Online,Web,9,3,CAM-CEL-XL,1,14680.23,36700.58,,36700.58
2873,2024-01-29 01:01:00,18439645,Tienda Online,Web,9,3,MUS-AZU-unico,1,12928.22,32320.56,,32320.56
2873,2024-01-29 01:01:00,18439645,Tienda Online,Web,9,3,JOG-AZU-unico,1,16544.66,41361.66,,41361.66
2874,2025-06-12 09:43:00,18792148,Shopping,Presencial,7,4,REM-TUR-XXL,1,13673.12,30764.52,3.0,30764.52
2875,2024-09-13 23:42:00,26819279,Tienda Online,Web,10,2,CIN-TUR-XL,1,13257.96,33144.89,,33144.89
2875,2024-09-13 23:42:00,26819279,Tienda Online,Web,10,2,CIN-MAR-S,1,13257.96,33144.89,,33144.89
2876,2025-05-09 15:43:00,16244704,Shopping,Presencial,7,3,CHU-ÍND-XL,1,13529.35,33823.38,,33823.38
2876,2025-05-09 15:43:00,16244704,Shopping,Presencial,7,3,MUS-CEL-S,1,12928.22,32320.56,,32320.56
2876,2025-05-09 15:43:00,16244704,Shopping,Presencial,7,3,CIN-MAR-M,2,13257.96,33144.89,,66289.78
2876,2025-05-09 15:43:00,16244704,Shopping,Presencial,7,3,REM-BLA-XL,1,13071.19,32677.97,,32677.97
2876,2025-05-09 15:43:00,16244704,Shopping,Presencial,7,3,CAM-BLA-M,1,14680.23,36700.58,,36700.58
2877,2024-03-13 22:16:00,26852461,Tienda Online,Web,9,3,SWE-AZU-S,1,13010.13,32525.33,,32525.33
2877,2024-03-13 22:16:00,26852461,Tienda Online,Web,9,3,CIN-TUR-unico,1,13257.96,33144.89,,33144.89
2878,2025-05-03 16:59:00,18494838,Tienda Online,Web,10,2,CHU-NEG-unico,1,13529.35,33823.38,,33823.38
2878,2025-05-03 16:59:00,18494838,Tienda Online,Web,10,2,GOR-GRI-L,1,11486.7,28716.74,,28716.74
2879,2024-08-20 07:03:00,42789774,Tienda Online,Web,10,1,BUZ-AZU-M,1,11827.69,29569.23,,29569.23
2879,2024-08-20 07:03:00,42789774,Tienda Online,Web,10,1,CHU-NEG-M,1,13529.35,33823.38,,33823.38
2879,2024-08-20 07:03:00,42789774,Tienda Online,Web,10,1,SWE-AZU-S,1,13010.13,32525.33,,32525.33
2879,2024-08-20 07:03:00,42789774,Tienda Online,Web,10,1,CIN-MAR-L,1,13257.96,33144.89,,33144.89
2879,2024-08-20 07:03:00,42789774,Tienda Online,Web,10,1,SWE-MAR-L,1,13010.13,32525.33,,32525.33
2880,2024-03-29 22:32:00,39677512,Tienda Online,Web,9,5,CAM-CEL-XL,2,14680.23,36700.58,,73401.16
2880,2024-03-29 22:32:00,39677512,Tienda Online,Web,9,5,GOR-GRI-M,1,11486.7,28716.74,,28716.74
2880,2024-03-29 22:32:00,39677512,Tienda Online,Web,9,5,CIN-ROS-XXL,1,13257.96,33144.89,,33144.89
2880,2024-03-29 22:32:00,39677512,Tienda Online,Web,9,5,CIN-MAR-M,1,13257.96,33144.89,,33144.89
2881,2025-06-24 10:32:00,32199028,Centro,Presencial,2,1,CHU-NEG-XL,1,13529.35,33823.38,,33823.38
2881,2025-06-24 10:32:00,32199028,Centro,Presencial,2,1,GOR-ROJ-unico,1,11486.7,28716.74,,28716.74
2881,2025-06-24 10:32:00,32199028,Centro,Presencial,2,1,JOG-AZU-unico,1,16544.66,41361.66,,41361.66
2882,2024-06-12 11:53:00,28981002,Tienda Online,Web,10,2,CAM-BLA-M,1,14680.23,36700.58,,36700.58
2882,2024-06-12 11:53:00,28981002,Tienda Online,Web,10,2,CAM-BLA-M,1,14680.23,36700.58,,36700.58
2882,2024-06-12 11:53:00,28981002,Tienda Online,Web,10,2,GOR-ROJ-unico,1,11486.7,28716.74,,28716.74
2882,2024-06-12 11:53:00,28981002,Tienda Online,Web,10,2,BUZ-AZU-M,1,11827.69,29569.23,,29569.23
2882,2024-06-12 11:53:00,28981002,Tienda Online,Web,10,2,CAM-CEL-XL,1,14680.23,36700.58,,36700.58
2883,2025-06-08 09:56:00,34089341,Shopping,Presencial,7,4,CHU-NEG-S,1,13529.35,33823.38,,33823.38
2883,2025-06-08 09:56:00,34089341,Shopping,Presencial,7,4,CAM-BEI-unico,1,14680.23,36700.58,,36700.58
2883,2025-06-08 09:56:00,34089341,Shopping,Presencial,7,4,SWE-MAR-XXL,1,13010.13,32525.33,,32525.33
2883,2025-06-08 09:56:00,34089341,Shopping,Presencial,7,4,GOR-ROJ-S,1,11486.7,28716.74,,28716.74
2883,2025-06-08 09:56:00,34089341,Shopping,Presencial,7,4,MUS-AZU-M,1,12928.22,32320.56,,32320.56
2884,2025-03-10 19:54:00,27244970,Norte,Presencial,5,2,GOR-ROJ-S,2,11486.7,17230.04,7.0,34460.08
2884,2025-03-10 19:54:00,27244970,Norte,Presencial,5,2,MUS-CEL-S,1,12928.22,32320.56,,32320.56
2884,2025-03-10 19:54:00,27244970,Norte,Presencial,5,2,CHU-NEG-XXL,1,13529.35,33823.38,,33823.38
2884,2025-03-10 19:54:00,27244970,Norte,Presencial,5,2,JEA-NEG-unico,1,8748.58,21871.44,,21871.44
2885,2025-03-26 14:44:00,44670267,Centro,Presencial,2,4,REM-VIO-L,1,13071.19,32677.97,,32677.97
2886,2025-06-23 09:55:00,11310767,Centro,Presencial,1,1,REM-BLA-XL,1,13071.19,32677.97,,32677.97
2886,2025-06-23 09:55:00,11310767,Centro,Presencial,1,1,GOR-GRI-M,1,11486.7,28716.74,,28716.74
2886,2025-06-23 09:55:00,11310767,Centro,Presencial,1,1,REM-BLA-XL,1,13071.19,32677.97,,32677.97
2887,2024-12-16 03:05:00,40890427,Tienda Online,Web,9,3,CIN-TUR-XL,1,13257.96,33144.89,,33144.89
2887,2024-12-16 03:05:00,40890427,Tienda Online,Web,9,3,GOR-GRI-S,1,11486.7,28716.74,,28716.74
2887,2024-12-16 03:05:00,40890427,Tienda Online,Web,9,3,GOR-ROJ-S,1,11486.7,28716.74,,28716.74
2887,2024-12-16 03:05:00,40890427,Tienda Online,Web,9,3,MUS-CEL-S,1,12928.22,32320.56,,32320.56
2888,2024-05-17 20:19:00,22755970,Tienda Online,Web,10,5,GOR-GRI-M,1,11486.7,27916.74,12.0,27916.74
2888,2024-05-17 20:19:00,22755970,Tienda Online,Web,10,5,CAM-BEI-unico,1,14680.23,36700.58,,36700.58
2888,2024-05-17 20:19:00,22755970,Tienda Online,Web,10,5,REM-VIO-M,1,13071.19,32677.97,,32677.97
2888,2024-05-17 20:19:00,22755970,Tienda Online,Web,10,5,SWE-MAR-L,1,13010.13,32525.33,,32525.33
2889,2025-05-14 12:07:00,16659452,Norte,Presencial,4,1,CAM-BEI-S,1,14680.23,36700.58,,36700.58
2889,2025-05-14 12:07:00,16659452,Norte,Presencial,4,1,GOR-ROJ-unico,1,11486.7,28716.74,,28716.74
2890,2024-10-12 18:45:00,44185636,Centro,Presencial,1,4,REM-CEL-XXL,1,13673.12,34182.8,,34182.8
2890,2024-10-12 18:45:00,44185636,Centro,Presencial,1,4,CHU-ÍND-L,1,13529.35,33823.38,,33823.38
2890,2024-10-12 18:45:00,44185636,Centro,Presencial,1,4,GOR-ROJ-S,1,11486.7,28716.74,,28716.74
2890,2024-10-12 18:45:00,44185636,Centro,Presencial,1,4,CHU-NEG-S,1,13529.35,33823.38,,33823.38
2891,2025-05-09 19:22:00,32828789,Centro,Presencial,1,5,SWE-MAR-unico,1,13010.13,32525.33,,32525.33
2891,2025-05-09 19:22:00,32828789,Centro,Presencial,1,5,CHU-NEG-XXL,1,13529.35,33823.38,,33823.38
2892,2025-06-06 17:04:00,37274929,Norte,Presencial,6,3,CHU-ÍND-L,1,13529.35,33823.38,,33823.38
2892,2025-06-06 17:04:00,37274929,Norte,Presencial,6,3,SWE-AZU-S,1,13010.13,32525.33,,32525.33
2892,2025-06-06 17:04:00,37274929,Norte,Presencial,6,3,JEA-NEG-unico,1,8748.58,21871.44,,21871.44
2892,2025-06-06 17:04:00,37274929,Norte,Presencial,6,3,CAM-BLA-S,1,14680.23,36700.58,,36700.58
2892,2025-06-06 17:04:00,37274929,Norte,Presencial,6,3,REM-VIO-L,1,13071.19,32677.97,,32677.97
2893,2024-06-01 22:45:00,24377188,Tienda Online,Web,9,2,CHU-NEG-S,1,13529.35,33823.38,,33823.38
2893,2024-06-01 22:45:00,24377188,Tienda Online,Web,9,2,CAM-BLA-M,2,14680.23,36700.58,,73401.16
2893,2024-06-01 22:45:00,24377188,Tienda Online,Web,9,2,CIN-TUR-unico,1,13257.96,33144.89,,33144.89
2893,2024-06-01 22:45:00,24377188,Tienda Online,Web,9,2,CIN-ROS-XXL,1,13257.96,33144.89,,33144.89
2893,2024-06-01 22:45:00,24377188,Tienda Online,Web,9,2,MUS-AZU-XXL,1,12928.22,32320.56,,32320.56
2894,2024-09-12 20:25:00,22588451,Tienda Online,Web,10,3,CAM-BEI-L,1,14680.23,36700.58,,36700.58
2894,2024-09-12 20:25:00,22588451,Tienda Online,Web,10,3,JOG-AZU-unico,1,16544.66,41361.66,,41361.66
2895,2024-07-13 15:08:00,25145607,Norte,Presencial,6,1,GOR-GRI-L,1,11486.7,28716.74,,28716.74
2895,2024-07-13 15:08:00,25145607,Norte,Presencial,6,1,REM-TUR-XXL,2,13673.12,34182.8,,68365.6
2896,2025-10-21 09:50:00,13659179,Shopping,Presencial,7,5,GOR-ROJ-XXL,1,11486.7,28716.74,,28716.74
2896,2025-10-21 09:50:00,13659179,Shopping,Presencial,7,5,JOG-AZU-XXL,1,16544.66,41361.66,,41361.66
2896,2025-10-21 09:50:00,13659179,Shopping,Presencial,7,5,CAM-BEI-unico,1,14680.23,36700.58,,36700.58
2896,2025-10-21 09:50:00,13659179,Shopping,Presencial,7,5,CAM-CEL-XL,1,14680.23,36700.58,,36700.58
2896,2025-10-21 09:50:00,13659179,Shopping,Presencial,7,5,REM-TUR-XXL,1,13673.12,34182.8,,34182.8
2897,2025-01-17 19:57:00,43334803,Centro,Presencial,1,4,CAM-BLA-M,1,14680.23,36700.58,,36700.58
2897,2025-01-17 19:57:00,43334803,Centro,Presencial,1,4,CHU-ÍND-XL,1,13529.35,33823.38,,33823.38
2897,2025-01-17 19:57:00,43334803,Centro,Presencial,1,4,JOG-ÍND-XL,1,16544.66,41361.66,,41361.66
2897,2025-01-17 19:57:00,43334803,Centro,Presencial,1,4,JEA-NEG-unico,1,8748.58,21871.44,,21871.44
2897,2025-01-17 19:57:00,43334803,Centro,Presencial,1,4,CIN-MAR-XL,1,13257.96,33144.89,,33144.89
2898,2024-10-03 15:33:00,30873468,Norte,Presencial,6,4,CHU-ÍND-L,1,13529.35,33823.38,,33823.38
2898,2024-10-03 15:33:00,30873468,Norte,Presencial,6,4,BUZ-AZU-M,1,11827.69,29569.23,,29569.23
2899,2024-10-26 07:48:00,17740453,Tienda Online,Web,9,4,CIN-MAR-S,1,13257.96,33144.89,,33144.89
2899,2024-10-26 07:48:00,17740453,Tienda Online,Web,9,4,JEA-LAV-L,1,8748.58,21871.44,,21871.44
2900,2024-03-21 00:01:00,38133707,Tienda Online,Web,10,2,JOG-AZU-unico,1,16544.66,41361.66,,41361.66
2900,2024-03-21 00:01:00,38133707,Tienda Online,Web,10,2,CIN-MAR-M,1,13257.96,33144.89,,33144.89
2900,2024-03-21 00:01:00,38133707,Tienda Online,Web,10,2,SWE-AZU-S,1,13010.13,32525.33,,32525.33
2901,2024-04-22 09:53:00,12132899,Tienda Online,Web,9,3,CIN-TUR-unico,1,13257.96,33144.89,,33144.89
2901,2024-04-22 09:53:00,12132899,Tienda Online,Web,9,3,GOR-GRI-S,1,11486.7,28716.74,,28716.74
2901,2024-04-22 09:53:00,12132899,Tienda Online,Web,9,3,CIN-TUR-unico,1,13257.96,33144.89,,33144.89
2902,2024-11-11 20:18:00,42789774,Tienda Online,Web,10,3,BUZ-AZU-unico,1,11827.69,29569.23,,29569.23
2902,2024-11-11 20:18:00,42789774,Tienda Online,Web,10,3,CAM-CEL-XL,1,14680.23,36700.58,,36700.58
2902,2024-11-11 20:18:00,42789774,Tienda Online,Web,10,3,GOR-ROJ-unico,1,11486.7,28716.74,,28716.74
2902,2024-11-11 20:18:00,42789774,Tienda Online,Web,10,3,CIN-MAR-M,2,13257.96,33144.89,,66289.78
2902,2024-11-11 20:18:00,42789774,Tienda Online,Web,10,3,GOR-GRI-unico,1,11486.7,28716.74,,28716.74
2903,2025-06-05 17:16:00,19104260,Norte,Presencial,6,2,SWE-AZU-M,1,13010.13,32525.33,,32525.33
2903,2025-06-05 17:16:00,19104260,Norte,Presencial,6,2,GOR-GRI-S,1,11486.7,28716.74,,28716.74
2903,2025-06-05 17:16:00,19104260,Norte,Presencial,6,2,BUZ-AZU-L,1,11827.69,29569.23,,29569.23
2903,2025-06-05 17:16:00,19104260,Norte,Presencial,6,2,CAM-BEI-S,1,14680.23,36700.58,,36700.58
2904,2024-09-07 15:10:00,12409147,Shopping,Presencial,7,1,CIN-TUR-unico,1,13257.96,33144.89,,33144.89
2905,2024-07-04 19:15:00,44107468,Norte,Presencial,6,1,GOR-GRI-M,1,11486.7,28716.74,,28716.74
2905,2024-07-04 19:15:00,44107468,Norte,Presencial,6,1,JOG-ÍND-XL,1,16544.66,41361.66,,41361.66
2906,2024-07-15 16:29:00,24097997,Norte,Presencial,4,1,GOR-GRI-unico,1,11486.7,28716.74,,28716.74
2906,2024-07-15 16:29:00,24097997,Norte,Presencial,4,1,SWE-MAR-unico,1,13010.13,32525.33,,32525.33
2907,2025-06-20 19:35:00,30028290,Centro,Presencial,1,5,SWE-AZU-M,1,13010.13,32525.33,,32525.33
2907,2025-06-20 19:35:00,30028290,Centro,Presencial,1,5,CHU-NEG-S,1,13529.35,33823.38,,33823.38
2907,2025-06-20 19:35:00,30028290,Centro,Presencial,1,5,CHU-VER-S,1,13529.35,33823.38,,33823.38
2908,2025-09-26 14:31:00,39677512,Centro,Presencial,1,1,CAM-BEI-S,1,14680.23,36700.58,,36700.58
2908,2025-09-26 14:31:00,39677512,Centro,Presencial,1,1,CAM-BLA-XL,1,14680.23,36700.58,,36700.58
2908,2025-09-26 14:31:00,39677512,Centro,Presencial,1,1,REM-VIO-M,1,13071.19,32677.97,,32677.97
2909,2024-08-03 12:09:00,42446968,Norte,Presencial,4,4,MUS-AZU-unico,2,12928.22,32320.56,,64641.12
2909,2024-08-03 12:09:00,42446968,Norte,Presencial,4,4,JEA-NEG-M,1,8748.58,21871.44,,21871.44
2909,2024-08-03 12:09:00,42446968,Norte,Presencial,4,4,CHU-VER-XL,2,13529.35,33823.38,,67646.76
2909,2024-08-03 12:09:00,42446968,Norte,Presencial,4,4,REM-VIO-XL,1,13071.19,32677.97,,32677.97
2910,2024-08-30 06:54:00,29368328,Tienda Online,Web,10,2,SWE-AZU-S,1,13010.13,32525.33,,32525.33
2910,2024-08-30 06:54:00,29368328,Tienda Online,Web,10,2,GOR-GRI-XXL,1,11486.7,28716.74,,28716.74
2910,2024-08-30 06:54:00,29368328,Tienda Online,Web,10,2,REM-CEL-XXL,1,13673.12,34182.8,,34182.8
2910,2024-08-30 06:54:00,29368328,Tienda Online,Web,10,2,JEA-LAV-unico,1,8748.58,21871.44,,21871.44
2910,2024-08-30 06:54:00,29368328,Tienda Online,Web,10,2,CIN-MAR-XL,1,13257.96,33144.89,,33144.89
2911,2024-12-24 18:33:00,22660246,Centro,Presencial,1,3,GOR-GRI-L,1,11486.7,28716.74,,28716.74
2911,2024-12-24 18:33:00,22660246,Centro,Presencial,1,3,MUS-AZU-XXL,1,12928.22,32320.56,,32320.56
2911,2024-12-24 18:33:00,22660246,Centro,Presencial,1,3,CIN-MAR-M,1,13257.96,33144.89,,33144.89
2911,2024-12-24 18:33:00,22660246,Centro,Presencial,1,3,JEA-LAV-unico,1,8748.58,21871.44,,21871.44
2911,2024-12-24 18:33:00,22660246,Centro,Presencial,1,3,JOG-ÍND-XL,1,16544.66,41361.66,,41361.66
2912,2024-12-02 18:54:00,36562073,Norte,Presencial,6,2,JOG-ÍND-XL,1,16544.66,41361.66,,41361.66
2912,2024-12-02 18:54:00,36562073,Norte,Presencial,6,2,BUZ-AZU-M,1,11827.69,29569.23,,29569.23
2912,2024-12-02 18:54:00,36562073,Norte,Presencial,6,2,BUZ-AZU-M,1,11827.69,29569.23,,29569.23
2912,2024-12-02 18:54:00,36562073,Norte,Presencial,6,2,CHU-NEG-S,2,13529.35,33823.38,,67646.76
2913,2025-06-22 01:53:00,26819279,Tienda Online,Web,10,3,REM-VIO-XXL,1,13071.19,32677.97,,32677.97
2913,2025-06-22 01:53:00,26819279,Tienda Online,Web,10,3,JEA-NEG-XL,1,8748.58,21871.44,,21871.44
2913,2025-06-22 01:53:00,26819279,Tienda Online,Web,10,3,CHU-ÍND-XL,2,13529.35,33823.38,,67646.76
2914,2025-05-25 00:55:00,18293899,Tienda Online,Web,9,1,JOG-AZU-unico,1,16544.66,41361.66,,41361.66
2914,2025-05-25 00:55:00,18293899,Tienda Online,Web,9,1,CHU-ÍND-XXL,1,13529.35,33823.38,,33823.38
2914,2025-05-25 00:55:00,18293899,Tienda Online,Web,9,1,CHU-ÍND-XXL,1,13529.35,33823.38,,33823.38
2914,2025-05-25 00:55:00,18293899,Tienda Online,Web,9,1,CHU-ÍND-L,1,13529.35,33823.38,,33823.38
2915,2024-08-28 14:11:00,23499019,Centro,Presencial,1,3,MUS-AZU-XXL,1,12928.22,32320.56,,32320.56
2915,2024-08-28 14:11:00,23499019,Centro,Presencial,1,3,BUZ-AZU-M,1,11827.69,29569.23,,29569.23
2915,2024-08-28 14:11:00,23499019,Centro,Presencial,1,3,GOR-GRI-XXL,1,11486.7,28716.74,,28716.74
2915,2024-08-28 14:11:00,23499019,Centro,Presencial,1,3,BUZ-AZU-M,1,11827.69,29569.23,,29569.23
2916,2024-08-15 03:05:00,43334803,Tienda Online,Web,10,1,SWE-MAR-unico,1,13010.13,32525.33,,32525.33
2917,2025-05-08 09:02:00,12701677,Centro,Presencial,1,2,CAM-BLA-XL,1,14680.23,36700.58,,36700.58
2917,2025-05-08 09:02:00,12701677,Centro,Presencial,1,2,MUS-AZU-M,1,12928.22,32320.56,,32320.56
2917,2025-05-08 09:02:00,12701677,Centro,Presencial,1,2,MUS-CEL-M,1,12928.22,32320.56,,32320.56
2918,2024-02-10 15:28:00,29790252,Tienda Online,Web,10,1,CIN-MAR-S,1,13257.96,33144.89,,33144.89
2919,2024-11-02 12:06:00,30028290,Shopping,Presencial,7,2,JOG-ÍND-XL,1,16544.66,41361.66,,41361.66
2919,2024-11-02 12:06:00,30028290,Shopping,Presencial,7,2,GOR-ROJ-unico,1,11486.7,28716.74,,28716.74
2919,2024-11-02 12:06:00,30028290,Shopping,Presencial,7,2,REM-CEL-XXL,1,13673.12,34182.8,,34182.8
2920,2025-10-11 12:49:00,26297346,Shopping,Presencial,7,5,JOG-AZU-unico,2,16544.66,41361.66,,82723.32
2921,2024-06-14 10:45:00,28316378,Centro,Presencial,2,2,CHU-VER-XL,1,13529.35,33823.38,,33823.38
2921,2024-06-14 10:45:00,28316378,Centro,Presencial,2,2,GOR-GRI-M,1,11486.7,28716.74,,28716.74
2921,2024-06-14 10:45:00,28316378,Centro,Presencial,2,2,CHU-NEG-M,1,13529.35,33823.38,,33823.38
2921,2024-06-14 10:45:00,28316378,Centro,Presencial,2,2,CIN-TUR-unico,1,13257.96,33144.89,,33144.89
2922,2024-06-05 14:30:00,29302634,Tienda Online,Web,9,5,GOR-GRI-unico,1,11486.7,28716.74,,28716.74
2922,2024-06-05 14:30:00,29302634,Tienda Online,Web,9,5,CIN-TUR-unico,1,13257.96,33144.89,,33144.89
2922,2024-06-05 14:30:00,29302634,Tienda Online,Web,9,5,CAM-BEI-L,1,14680.23,36700.58,,36700.58
2922,2024-06-05 14:30:00,29302634,Tienda Online,Web,9,5,REM-VIO-M,2,13071.19,32677.97,,65355.94
2923,2025-11-28 14:58:00,17656258,Norte,Presencial,6,3,JOG-ÍND-M,1,16544.66,41361.66,,41361.66
2923,2025-11-28 14:58:00,17656258,Norte,Presencial,6,3,JOG-AZU-XXL,2,16544.66,41361.66,,82723.32
2924,2024-11-23 22:29:00,12667017,Tienda Online,Web,9,3,REM-CEL-XXL,1,13673.12,34182.8,,34182.8
2924,2024-11-23 22:29:00,12667017,Tienda Online,Web,9,3,CIN-TUR-XL,1,13257.96,33144.89,,33144.89
2924,2024-11-23 22:29:00,12667017,Tienda Online,Web,9,3,CIN-MAR-M,1,13257.96,33144.89,,33144.89
2925,2024-12-17 02:12:00,34268915,Tienda Online,Web,10,5,BUZ-AZU-unico,1,11827.69,29569.23,,29569.23
2925,2024-12-17 02:12:00,34268915,Tienda Online,Web,10,5,JEA-NEG-unico,1,8748.58,21871.44,,21871.44
2925,2024-12-17 02:12:00,34268915,Tienda Online,Web,10,5,BUZ-AZU-M,1,11827.69,29569.23,,29569.23
2926,2025-03-26 09:47:00,19706758,Norte,Presencial,4,1,REM-BLA-XL,1,13071.19,32677.97,,32677.97
2926,2025-03-26 09:47:00,19706758,Norte,Presencial,4,1,CHU-NEG-M,1,13529.35,33823.38,,33823.38
2926,2025-03-26 09:47:00,19706758,Norte,Presencial,4,1,GOR-GRI-S,1,11486.7,28716.74,,28716.74
2927,2024-12-23 11:01:00,28086578,Centro,Presencial,2,1,GOR-GRI-unico,1,11486.7,28716.74,,28716.74
2927,2024-12-23 11:01:00,28086578,Centro,Presencial,2,1,JOG-AZU-XXL,2,16544.66,41361.66,,82723.32
2927,2024-12-23 11:01:00,28086578,Centro,Presencial,2,1,REM-VIO-XL,1,13071.19,32677.97,,32677.97
2928,2024-07-13 15:04:00,10770478,Shopping,Presencial,7,1,JOG-ÍND-XL,1,16544.66,41361.66,,41361.66
2928,2024-07-13 15:04:00,10770478,Shopping,Presencial,7,1,REM-VIO-M,2,13071.19,32677.97,,65355.94
2928,2024-07-13 15:04:00,10770478,Shopping,Presencial,7,1,GOR-GRI-XXL,1,11486.7,28716.74,,28716.74
2929,2024-01-27 18:44:00,34546748,Norte,Presencial,5,1,JOG-CEL-unico,1,16544.66,41361.66,,41361.66
2929,2024-01-27 18:44:00,34546748,Norte,Presencial,5,1,JOG-CEL-unico,1,16544.66,41361.66,,41361.66
2929,2024-01-27 18:44:00,34546748,Norte,Presencial,5,1,JOG-AZU-unico,1,16544.66,41361.66,,41361.66
2929,2024-01-27 18:44:00,34546748,Norte,Presencial,5,1,JOG-ÍND-XL,1,16544.66,41361.66,,41361.66
2930,2025-04-11 17:16:00,13753932,Tienda Online,Web,10,2,CAM-BEI-L,1,14680.23,36700.58,,36700.58
2930,2025-04-11 17:16:00,13753932,Tienda Online,Web,10,2,REM-BLA-S,1,13071.19,32677.97,,32677.97
2931,2025-09-26 10:39:00,15745388,Shopping,Presencial,7,1,CAM-BEI-S,1,14680.23,36700.58,,36700.58
2931,2025-09-26 10:39:00,15745388,Shopping,Presencial,7,1,JOG-AZU-XL,1,16544.66,41361.66,,41361.66
2932,2025-03-31 19:27:00,19446043,Shopping,Presencial,7,4,SWE-MAR-M,1,13010.13,32525.33,,32525.33
2932,2025-03-31 19:27:00,19446043,Shopping,Presencial,7,4,GOR-GRI-unico,1,11486.7,28716.74,,28716.74
2933,2025-01-01 13:39:00,26819279,Shopping,Presencial,7,5,GOR-GRI-unico,1,11486.7,28716.74,,28716.74
2933,2025-01-01 13:39:00,26819279,Shopping,Presencial,7,5,CHU-NEG-M,1,13529.35,33823.38,,33823.38
2933,2025-01-01 13:39:00,26819279,Shopping,Presencial,7,5,REM-TUR-S,1,13673.12,34182.8,,34182.8
2933,2025-01-01 13:39:00,26819279,Shopping,Presencial,7,5,JOG-AZU-XXL,1,16544.66,41361.66,,41361.66
2934,2025-02-07 16:38:00,17254174,Shopping,Presencial,7,1,SWE-MAR-unico,1,13010.13,32525.33,,32525.33
2935,2025-11-07 18:06:00,16381102,Norte,Presencial,4,5,REM-CEL-XXL,1,13673.12,34182.8,,34182.8
2935,2025-11-07 18:06:00,16381102,Norte,Presencial,4,5,JOG-AZU-L,1,16544.66,33916.56,9.0,33916.56
2936,2024-03-05 15:30:00,17254174,Norte,Presencial,6,3,GOR-GRI-XXL,2,11486.7,28716.74,,57433.48
2936,2024-03-05 15:30:00,17254174,Norte,Presencial,6,3,GOR-GRI-S,1,11486.7,28716.74,,28716.74
2936,2024-03-05 15:30:00,17254174,Norte,Presencial,6,3,JEA-LAV-unico,1,8748.58,21871.44,,21871.44
2936,2024-03-05 15:30:00,17254174,Norte,Presencial,6,3,GOR-GRI-L,1,11486.7,28716.74,,28716.74
2937,2024-10-23 17:32:00,33160875,Norte,Presencial,4,4,GOR-GRI-L,1,11486.7,28716.74,,28716.74
2937,2024-10-23 17:32:00,33160875,Norte,Presencial,4,4,SWE-AZU-S,1,13010.13,32525.33,,32525.33
2938,2025-10-16 16:40:00,17254174,Tienda Online,Web,9,3,REM-BLA-unico,1,13071.19,32677.97,,32677.97
2938,2025-10-16 16:40:00,17254174,Tienda Online,Web,9,3,CIN-MAR-XL,1,13257.96,29830.4,2.0,29830.4
2938,2025-10-16 16:40:00,17254174,Tienda Online,Web,9,3,CHU-VER-L,1,13529.35,33823.38,,33823.38
2938,2025-10-16 16:40:00,17254174,Tienda Online,Web,9,3,GOR-ROJ-unico,1,11486.7,28716.74,,28716.74
2938,2025-10-16 16:40:00,17254174,Tienda Online,Web,9,3,JOG-CEL-L,1,16544.66,41361.66,,41361.66
2939,2024-07-05 08:37:00,34546748,Tienda Online,Web,10,1,REM-VIO-M,1,13071.19,32677.97,,32677.97
2939,2024-07-05 08:37:00,34546748,Tienda Online,Web,10,1,JOG-CEL-unico,1,16544.66,41361.66,,41361.66
2939,2024-07-05 08:37:00,34546748,Tienda Online,Web,10,1,CAM-BEI-unico,1,14680.23,36700.58,,36700.58
2940,2025-05-04 17:32:00,38870188,Norte,Presencial,5,2,GOR-ROJ-unico,1,11486.7,28716.74,,28716.74
2940,2025-05-04 17:32:00,38870188,Norte,Presencial,5,2,GOR-ROJ-S,2,11486.7,28716.74,,57433.48
2940,2025-05-04 17:32:00,38870188,Norte,Presencial,5,2,JEA-NEG-unico,1,8748.58,21871.44,,21871.44
2940,2025-05-04 17:32:00,38870188,Norte,Presencial,5,2,SWE-MAR-unico,1,13010.13,32525.33,,32525.33
2941,2024-04-21 07:28:00,24697145,Tienda Online,Web,9,4,CIN-MAR-S,1,13257.96,33144.89,,33144.89
2941,2024-04-21 07:28:00,24697145,Tienda Online,Web,9,4,GOR-GRI-XXL,1,11486.7,28716.74,,28716.74
2941,2024-04-21 07:28:00,24697145,Tienda Online,Web,9,4,CHU-NEG-S,1,13529.35,33823.38,,33823.38
2942,2024-11-25 20:16:00,27753960,Tienda Online,Web,9,3,JEA-LAV-L,1,8748.58,21871.44,,21871.44
2942,2024-11-25 20:16:00,27753960,Tienda Online,Web,9,3,GOR-GRI-M,1,11486.7,28716.74,,28716.74
2942,2024-11-25 20:16:00,27753960,Tienda Online,Web,9,3,CIN-TUR-XL,1,13257.96,33144.89,,33144.89
2943,2024-04-27 16:27:00,20371898,Shopping,Presencial,7,3,GOR-GRI-XXL,1,11486.7,28716.74,,28716.74
2943,2024-04-27 16:27:00,20371898,Shopping,Presencial,7,3,CHU-NEG-S,1,13529.35,33823.38,,33823.38
2944,2024-09-13 15:34:00,13950951,Norte,Presencial,4,5,CAM-BLA-M,1,14680.23,36700.58,,36700.58
2944,2024-09-13 15:34:00,13950951,Norte,Presencial,4,5,MUS-AZU-M,1,12928.22,32320.56,,32320.56
2945,2025-08-14 15:08:00,38531078,Centro,Presencial,2,1,CAM-BLA-XL,1,14680.23,36700.58,,36700.58
2945,2025-08-14 15:08:00,38531078,Centro,Presencial,2,1,JEA-LAV-L,1,8748.58,21871.44,,21871.44
2945,2025-08-14 15:08:00,38531078,Centro,Presencial,2,1,BUZ-AZU-M,1,11827.69,29569.23,,29569.23
2945,2025-08-14 15:08:00,38531078,Centro,Presencial,2,1,GOR-GRI-L,1,11486.7,28716.74,,28716.74
2945,2025-08-14 15:08:00,38531078,Centro,Presencial,2,1,BUZ-AZU-L,1,11827.69,29569.23,,29569.23
2946,2024-03-09 13:40:00,16744926,Shopping,Presencial,7,5,CIN-TUR-XL,1,13257.96,33144.89,,33144.89
2947,2024-05-29 14:14:00,16859215,Norte,Presencial,5,2,CHU-NEG-M,1,13529.35,33823.38,,33823.38
2947,2024-05-29 14:14:00,16859215,Norte,Presencial,5,2,JOG-CEL-unico,1,16544.66,41361.66,,41361.66
2947,2024-05-29 14:14:00,16859215,Norte,Presencial,5,2,GOR-GRI-L,1,11486.7,27916.74,12.0,27916.74
2947,2024-05-29 14:14:00,16859215,Norte,Presencial,5,2,JEA-LAV-L,1,8748.58,21871.44,,21871.44
2947,2024-05-29 14:14:00,16859215,Norte,Presencial,5,2,GOR-GRI-unico,1,11486.7,28716.74,,28716.74
2948,2025-09-20 17:21:00,31822825,Tienda Online,Web,10,1,GOR-GRI-M,2,11486.7,28716.74,,57433.48
2948,2025-09-20 17:21:00,31822825,Tienda Online,Web,10,1,SWE-MAR-M,1,13010.13,32525.33,,32525.33
2948,2025-09-20 17:21:00,31822825,Tienda Online,Web,10,1,JEA-NEG-XL,2,8748.58,21871.44,,43742.88
2948,2025-09-20 17:21:00,31822825,Tienda Online,Web,10,1,CIN-MAR-XL,1,13257.96,33144.89,,33144.89
2949,2024-09-07 17:26:00,27579520,Norte,Presencial,6,4,CHU-NEG-M,1,13529.35,33823.38,,33823.38
2949,2024-09-07 17:26:00,27579520,Norte,Presencial,6,4,GOR-GRI-M,2,11486.7,28716.74,,57433.48
2949,2024-09-07 17:26:00,27579520,Norte,Presencial,6,4,REM-TUR-XXL,2,13673.12,34182.8,,68365.6
2949,2024-09-07 17:26:00,27579520,Norte,Presencial,6,4,JOG-ÍND-M,1,16544.66,41361.66,,41361.66
2949,2024-09-07 17:26:00,27579520,Norte,Presencial,6,4,CIN-TUR-XL,1,13257.96,33144.89,,33144.89
2950,2024-06-07 12:11:00,16859215,Shopping,Presencial,7,2,MUS-CEL-S,2,12928.22,32320.56,,64641.12
2950,2024-06-07 12:11:00,16859215,Shopping,Presencial,7,2,CHU-NEG-M,1,13529.35,33823.38,,33823.38
2950,2024-06-07 12:11:00,16859215,Shopping,Presencial,7,2,GOR-GRI-S,1,11486.7,28716.74,,28716.74
2950,2024-06-07 12:11:00,16859215,Shopping,Presencial,7,2,REM-TUR-XXL,1,13673.12,34182.8,,34182.8
2951,2025-01-08 18:06:00,22755970,Centro,Presencial,2,2,GOR-GRI-L,1,11486.7,28716.74,,28716.74
2952,2025-10-15 03:16:00,22425195,Tienda Online,Web,9,1,BUZ-AZU-L,1,11827.69,29569.23,,29569.23
2952,2025-10-15 03:16:00,22425195,Tienda Online,Web,9,1,JEA-NEG-M,1,8748.58,19684.3,2.0,19684.3
2952,2025-10-15 03:16:00,22425195,Tienda Online,Web,9,1,MUS-CEL-XXL,1,12928.22,32320.56,,32320.56
2952,2025-10-15 03:16:00,22425195,Tienda Online,Web,9,1,GOR-GRI-S,1,11486.7,28716.74,,28716.74
2953,2025-08-22 06:37:00,20736210,Tienda Online,Web,10,1,CHU-NEG-S,1,13529.35,33823.38,,33823.38
2953,2025-08-22 06:37:00,20736210,Tienda Online,Web,10,1,CIN-TUR-XL,2,13257.96,33144.89,,66289.78
2953,2025-08-22 06:37:00,20736210,Tienda Online,Web,10,1,BUZ-AZU-M,1,11827.69,29569.23,,29569.23
2954,2025-08-11 18:53:00,27808512,Centro,Presencial,2,1,SWE-MAR-L,1,13010.13,32525.33,,32525.33
2954,2025-08-11 18:53:00,27808512,Centro,Presencial,2,1,SWE-MAR-M,1,13010.13,32525.33,,32525.33
2954,2025-08-11 18:53:00,27808512,Centro,Presencial,2,1,CHU-NEG-XL,1,13529.35,33823.38,,33823.38
2954,2025-08-11 18:53:00,27808512,Centro,Presencial,2,1,BUZ-AZU-M,1,11827.69,29569.23,,29569.23
2955,2024-10-29 11:58:00,30301581,Centro,Presencial,1,3,GOR-GRI-M,1,11486.7,28716.74,,28716.74
2955,2024-10-29 11:58:00,30301581,Centro,Presencial,1,3,MUS-CEL-S,2,12928.22,32320.56,,64641.12
2955,2024-10-29 11:58:00,30301581,Centro,Presencial,1,3,JOG-AZU-XXL,1,16544.66,41361.66,,41361.66
2955,2024-10-29 11:58:00,30301581,Centro,Presencial,1,3,GOR-ROJ-unico,2,11486.7,28716.74,,57433.48
2955,2024-10-29 11:58:00,30301581,Centro,Presencial,1,3,MUS-CEL-S,1,12928.22,32320.56,,32320.56
2956,2025-10-31 03:23:00,17728908,Tienda Online,Web,10,2,SWE-AZU-M,1,13010.13,32525.33,,32525.33
2957,2024-02-10 14:30:00,39559360,Norte,Presencial,5,5,GOR-GRI-S,1,11486.7,28716.74,,28716.74
2957,2024-02-10 14:30:00,39559360,Norte,Presencial,5,5,JEA-LAV-L,1,8748.58,21871.44,,21871.44
2957,2024-02-10 14:30:00,39559360,Norte,Presencial,5,5,CIN-MAR-XL,1,13257.96,33144.89,,33144.89
2957,2024-02-10 14:30:00,39559360,Norte,Presencial,5,5,REM-BLA-XL,1,13071.19,32677.97,,32677.97
2958,2025-04-05 06:16:00,42494017,Tienda Online,Web,10,5,CHU-NEG-M,1,13529.35,33823.38,,33823.38
2958,2025-04-05 06:16:00,42494017,Tienda Online,Web,10,5,JOG-AZU-unico,1,16544.66,41361.66,,41361.66
2958,2025-04-05 06:16:00,42494017,Tienda Online,Web,10,5,CAM-BLA-M,2,14680.23,36700.58,,73401.16
2958,2025-04-05 06:16:00,42494017,Tienda Online,Web,10,5,MUS-AZU-unico,1,12928.22,26502.86,10.0,26502.86
2959,2024-03-04 16:44:00,27675739,Centro,Presencial,2,3,REM-CEL-XXL,1,13673.12,34182.8,,34182.8
2959,2024-03-04 16:44:00,27675739,Centro,Presencial,2,3,REM-TUR-XXL,1,13673.12,34182.8,,34182.8
2959,2024-03-04 16:44:00,27675739,Centro,Presencial,2,3,CHU-VER-XL,1,13529.35,33823.38,,33823.38
2959,2024-03-04 16:44:00,27675739,Centro,Presencial,2,3,MUS-AZU-unico,1,12928.22,32320.56,,32320.56
2959,2024-03-04 16:44:00,27675739,Centro,Presencial,2,3,GOR-GRI-M,1,11486.7,28716.74,,28716.74
2960,2024-12-10 21:35:00,38701583,Tienda Online,Web,10,3,BUZ-AZU-M,1,11827.69,29569.23,,29569.23
2960,2024-12-10 21:35:00,38701583,Tienda Online,Web,10,3,GOR-GRI-S,1,11486.7,28716.74,,28716.74
2960,2024-12-10 21:35:00,38701583,Tienda Online,Web,10,3,BUZ-AZU-unico,1,11827.69,29569.23,,29569.23
2961,2025-03-15 02:09:00,17740453,Tienda Online,Web,10,2,CAM-BEI-L,1,14680.23,36700.58,,36700.58
2961,2025-03-15 02:09:00,17740453,Tienda Online,Web,10,2,MUS-AZU-XXL,1,12928.22,32320.56,,32320.56
2962,2025-02-01 11:58:00,20226206,Centro,Presencial,2,3,CHU-ÍND-L,1,13529.35,33823.38,,33823.38
2963,2024-06-26 23:20:00,34764543,Tienda Online,Web,10,4,CHU-NEG-S,1,13529.35,33823.38,,33823.38
2963,2024-06-26 23:20:00,34764543,Tienda Online,Web,10,4,GOR-GRI-unico,1,11486.7,28716.74,,28716.74
2963,2024-06-26 23:20:00,34764543,Tienda Online,Web,10,4,JOG-ÍND-M,1,16544.66,41361.66,,41361.66
2964,2024-03-02 17:06:00,12409147,Shopping,Presencial,7,5,CIN-TUR-unico,1,13257.96,33144.89,,33144.89
2964,2024-03-02 17:06:00,12409147,Shopping,Presencial,7,5,CIN-ROS-XXL,2,13257.96,33144.89,,66289.78
2964,2024-03-02 17:06:00,12409147,Shopping,Presencial,7,5,JOG-ÍND-XL,1,16544.66,41361.66,,41361.66
2965,2025-04-11 09:17:00,29044583,Shopping,Presencial,7,3,JOG-ÍND-S,1,16544.66,33916.56,10.0,33916.56
2965,2025-04-11 09:17:00,29044583,Shopping,Presencial,7,3,GOR-GRI-unico,1,11486.7,23547.73,10.0,23547.73
2965,2025-04-11 09:17:00,29044583,Shopping,Presencial,7,3,GOR-ROJ-unico,1,11486.7,28716.74,,28716.74
2965,2025-04-11 09:17:00,29044583,Shopping,Presencial,7,3,MUS-AZU-M,1,12928.22,32320.56,,32320.56
2965,2025-04-11 09:17:00,29044583,Shopping,Presencial,7,3,GOR-GRI-XXL,1,11486.7,28716.74,,28716.74
2966,2024-01-05 12:17:00,16898363,Shopping,Presencial,7,2,CIN-TUR-unico,1,13257.96,33144.89,,33144.89
2966,2024-01-05 12:17:00,16898363,Shopping,Presencial,7,2,CAM-BEI-L,1,14680.23,36700.58,,36700.58
2966,2024-01-05 12:17:00,16898363,Shopping,Presencial,7,2,MUS-AZU-XXL,1,12928.22,32320.56,,32320.56
2967,2024-04-03 19:32:00,38902901,Centro,Presencial,2,2,CHU-NEG-M,1,13529.35,33823.38,,33823.38
2967,2024-04-03 19:32:00,38902901,Centro,Presencial,2,2,CIN-ROS-XXL,1,13257.96,33144.89,,33144.89
2967,2024-04-03 19:32:00,38902901,Centro,Presencial,2,2,CHU-NEG-M,1,13529.35,33823.38,,33823.38
2968,2025-01-24 10:19:00,42494017,Shopping,Presencial,7,3,JOG-ÍND-M,1,16544.66,41361.66,,41361.66
2968,2025-01-24 10:19:00,42494017,Shopping,Presencial,7,3,JEA-NEG-M,1,8748.58,21871.44,,21871.44
2968,2025-01-24 10:19:00,42494017,Shopping,Presencial,7,3,JOG-AZU-XXL,1,16544.66,41361.66,,41361.66
2968,2025-01-24 10:19:00,42494017,Shopping,Presencial,7,3,REM-VIO-L,2,13071.19,32677.97,,65355.94
2969,2024-05-30 00:15:00,40793026,Tienda Online,Web,9,4,MUS-CEL-S,1,12928.22,32320.56,,32320.56
2969,2024-05-30 00:15:00,40793026,Tienda Online,Web,9,4,CAM-BEI-unico,1,14680.23,36700.58,,36700.58
2969,2024-05-30 00:15:00,40793026,Tienda Online,Web,9,4,REM-VIO-M,1,13071.19,31877.97,12.0,31877.97
2969,2024-05-30 00:15:00,40793026,Tienda Online,Web,9,4,REM-CEL-XXL,1,13673.12,34182.8,,34182.8
2970,2024-01-06 11:21:00,10949480,Tienda Online,Web,9,4,JEA-LAV-unico,1,8748.58,21871.44,,21871.44
2970,2024-01-06 11:21:00,10949480,Tienda Online,Web,9,4,CHU-VER-XL,1,13529.35,33823.38,,33823.38
2970,2024-01-06 11:21:00,10949480,Tienda Online,Web,9,4,JOG-ÍND-XL,1,16544.66,41361.66,,41361.66
2971,2024-06-21 06:12:00,26297346,Tienda Online,Web,9,1,JEA-LAV-unico,1,8748.58,21871.44,,21871.44
2972,2025-11-08 12:50:00,28011719,Tienda Online,Web,9,1,SWE-AZU-M,1,13010.13,32525.33,,32525.33
2972,2025-11-08 12:50:00,28011719,Tienda Online,Web,9,1,CHU-ÍND-XXL,1,13529.35,27735.17,9.0,27735.17
2972,2025-11-08 12:50:00,28011719,Tienda Online,Web,9,1,CAM-BEI-L,1,14680.23,36700.58,,36700.58
2972,2025-11-08 12:50:00,28011719,Tienda Online,Web,9,1,JOG-AZU-unico,1,16544.66,41361.66,,41361.66
2973,2024-03-29 14:45:00,14868286,Norte,Presencial,4,2,CIN-MAR-M,1,13257.96,33144.89,,33144.89
2973,2024-03-29 14:45:00,14868286,Norte,Presencial,4,2,GOR-GRI-L,1,11486.7,28716.74,,28716.74
2973,2024-03-29 14:45:00,14868286,Norte,Presencial,4,2,JEA-LAV-unico,1,8748.58,21871.44,,21871.44
2973,2024-03-29 14:45:00,14868286,Norte,Presencial,4,2,CIN-MAR-S,2,13257.96,33144.89,,66289.78
2974,2025-09-20 17:56:00,17019579,Shopping,Presencial,7,1,CHU-NEG-S,1,13529.35,33823.38,,33823.38
2974,2025-09-20 17:56:00,17019579,Shopping,Presencial,7,1,JOG-ÍND-S,1,16544.66,26885.08,8.0,26885.08
2974,2025-09-20 17:56:00,17019579,Shopping,Presencial,7,1,JOG-CEL-unico,1,16544.66,41361.66,,41361.66
2974,2025-09-20 17:56:00,17019579,Shopping,Presencial,7,1,JEA-NEG-M,1,8748.58,21871.44,,21871.44
2974,2025-09-20 17:56:00,17019579,Shopping,Presencial,7,1,JOG-ÍND-M,2,16544.66,41361.66,,82723.32
2975,2024-11-22 02:32:00,17740453,Tienda Online,Web,9,4,CIN-MAR-S,1,13257.96,33144.89,,33144.89
2975,2024-11-22 02:32:00,17740453,Tienda Online,Web,9,4,GOR-ROJ-unico,1,11486.7,28716.74,,28716.74
2975,2024-11-22 02:32:00,17740453,Tienda Online,Web,9,4,REM-TUR-S,1,13673.12,34182.8,,34182.8
2975,2024-11-22 02:32:00,17740453,Tienda Online,Web,9,4,JOG-ÍND-XL,1,16544.66,41361.66,,41361.66
2976,2025-04-15 18:15:00,41561757,Norte,Presencial,5,4,MUS-CEL-S,1,12928.22,32320.56,,32320.56
2977,2025-06-25 16:49:00,30873468,Tienda Online,Web,10,1,SWE-MAR-XXL,1,13010.13,32525.33,,32525.33
2978,2024-02-16 03:32:00,34546748,Tienda Online,Web,10,2,BUZ-AZU-M,1,11827.69,29569.23,,29569.23
2978,2024-02-16 03:32:00,34546748,Tienda Online,Web,10,2,MUS-AZU-unico,1,12928.22,32320.56,,32320.56
2979,2024-03-30 11:46:00,32833825,Shopping,Presencial,7,2,GOR-GRI-XXL,1,11486.7,28716.74,,28716.74
2979,2024-03-30 11:46:00,32833825,Shopping,Presencial,7,2,CIN-TUR-unico,1,13257.96,33144.89,,33144.89
2979,2024-03-30 11:46:00,32833825,Shopping,Presencial,7,2,REM-CEL-XXL,1,13673.12,34182.8,,34182.8
2979,2024-03-30 11:46:00,32833825,Shopping,Presencial,7,2,MUS-AZU-XXL,1,12928.22,32320.56,,32320.56
2980,2025-10-05 10:49:00,28696734,Tienda Online,Web,10,2,SWE-MAR-S,1,13010.13,32525.33,,32525.33
2981,2024-03-22 14:22:00,21983483,Tienda Online,Web,10,2,BUZ-AZU-M,2,11827.69,29569.23,,59138.46
2981,2024-03-22 14:22:00,21983483,Tienda Online,Web,10,2,MUS-AZU-XXL,1,12928.22,32320.56,,32320.56
2982,2024-08-16 13:58:00,43453305,Norte,Presencial,4,4,GOR-ROJ-unico,1,11486.7,28716.74,,28716.74
2982,2024-08-16 13:58:00,43453305,Norte,Presencial,4,4,CHU-ÍND-L,2,13529.35,33823.38,,67646.76
2982,2024-08-16 13:58:00,43453305,Norte,Presencial,4,4,REM-VIO-XL,1,13071.19,32677.97,,32677.97
2983,2025-08-29 04:18:00,10934065,Tienda Online,Web,9,1,GOR-GRI-S,1,11486.7,28716.74,,28716.74
2983,2025-08-29 04:18:00,10934065,Tienda Online,Web,9,1,REM-BLA-unico,1,13071.19,32677.97,,32677.97
2983,2025-08-29 04:18:00,10934065,Tienda Online,Web,9,1,CIN-MAR-XL,1,13257.96,33144.89,,33144.89
2983,2025-08-29 04:18:00,10934065,Tienda Online,Web,9,1,MUS-AZU-XXL,1,12928.22,32320.56,,32320.56
2984,2024-06-21 16:12:00,35909306,Centro,Presencial,2,3,GOR-ROJ-unico,1,11486.7,28716.74,,28716.74
2985,2025-06-09 12:59:00,38396306,Centro,Presencial,1,4,CAM-BEI-L,1,14680.23,36700.58,,36700.58
2985,2025-06-09 12:59:00,38396306,Centro,Presencial,1,4,REM-VIO-M,1,13071.19,32677.97,,32677.97
2985,2025-06-09 12:59:00,38396306,Centro,Presencial,1,4,JOG-ÍND-XL,1,16544.66,41361.66,,41361.66
2985,2025-06-09 12:59:00,38396306,Centro,Presencial,1,4,CHU-NEG-M,1,13529.35,33823.38,,33823.38
2985,2025-06-09 12:59:00,38396306,Centro,Presencial,1,4,MUS-CEL-M,2,12928.22,32320.56,,64641.12
2986,2024-07-26 14:30:00,29174891,Tienda Online,Web,9,1,GOR-GRI-L,1,11486.7,28716.74,,28716.74
2986,2024-07-26 14:30:00,29174891,Tienda Online,Web,9,1,CIN-MAR-M,1,13257.96,33144.89,,33144.89
2986,2024-07-26 14:30:00,29174891,Tienda Online,Web,9,1,SWE-MAR-unico,1,13010.13,32525.33,,32525.33
2986,2024-07-26 14:30:00,29174891,Tienda Online,Web,9,1,GOR-GRI-XXL,1,11486.7,28716.74,,28716.74
2987,2024-12-01 12:49:00,41410296,Tienda Online,Web,9,1,CHU-ÍND-L,1,13529.35,33823.38,,33823.38
2988,2025-03-29 09:29:00,32012128,Tienda Online,Web,10,3,CIN-TUR-unico,1,13257.96,33144.89,,33144.89
2988,2025-03-29 09:29:00,32012128,Tienda Online,Web,10,3,GOR-ROJ-S,1,11486.7,28716.74,,28716.74
2988,2025-03-29 09:29:00,32012128,Tienda Online,Web,10,3,CIN-TUR-unico,1,13257.96,33144.89,,33144.89
2989,2024-12-09 10:36:00,39677512,Shopping,Presencial,7,5,JOG-AZU-unico,1,16544.66,41361.66,,41361.66
2989,2024-12-09 10:36:00,39677512,Shopping,Presencial,7,5,REM-VIO-M,1,13071.19,32677.97,,32677.97
2990,2024-12-11 10:54:00,16100827,Tienda Online,Web,9,3,JEA-NEG-unico,1,8748.58,21871.44,,21871.44
2990,2024-12-11 10:54:00,16100827,Tienda Online,Web,9,3,REM-VIO-XL,2,13071.19,32677.97,,65355.94
2990,2024-12-11 10:54:00,16100827,Tienda Online,Web,9,3,MUS-AZU-M,1,12928.22,32320.56,,32320.56
2990,2024-12-11 10:54:00,16100827,Tienda Online,Web,9,3,GOR-GRI-unico,1,11486.7,28716.74,,28716.74
2990,2024-12-11 10:54:00,16100827,Tienda Online,Web,9,3,SWE-MAR-L,1,13010.13,32525.33,,32525.33
2991,2025-05-30 15:07:00,23707602,Centro,Presencial,2,5,BUZ-AZU-unico,1,11827.69,29569.23,,29569.23
2991,2025-05-30 15:07:00,23707602,Centro,Presencial,2,5,BUZ-AZU-L,1,11827.69,29569.23,,29569.23
2991,2025-05-30 15:07:00,23707602,Centro,Presencial,2,5,CHU-ÍND-XL,1,13529.35,33823.38,,33823.38
2992,2025-05-26 15:39:00,18123867,Norte,Presencial,4,5,CHU-NEG-S,1,13529.35,33823.38,,33823.38
2992,2025-05-26 15:39:00,18123867,Norte,Presencial,4,5,CHU-VER-L,1,13529.35,33823.38,,33823.38
2992,2025-05-26 15:39:00,18123867,Norte,Presencial,4,5,GOR-GRI-L,2,11486.7,28716.74,,57433.48
2992,2025-05-26 15:39:00,18123867,Norte,Presencial,4,5,MUS-CEL-S,1,12928.22,32320.56,,32320.56
2993,2024-02-12 19:51:00,30873468,Norte,Presencial,5,2,BUZ-AZU-M,1,11827.69,29569.23,,29569.23
2993,2024-02-12 19:51:00,30873468,Norte,Presencial,5,2,CIN-MAR-XL,1,13257.96,33144.89,,33144.89
2993,2024-02-12 19:51:00,30873468,Norte,Presencial,5,2,BUZ-AZU-M,2,11827.69,29569.23,,59138.46
2993,2024-02-12 19:51:00,30873468,Norte,Presencial,5,2,CIN-TUR-unico,1,13257.96,33144.89,,33144.89
2994,2025-06-27 10:31:00,25636276,Shopping,Presencial,7,1,GOR-GRI-XXL,2,11486.7,28716.74,,57433.48
2995,2025-08-25 11:32:00,24580721,Centro,Presencial,2,2,MUS-AZU-M,1,12928.22,32320.56,,32320.56
2995,2025-08-25 11:32:00,24580721,Centro,Presencial,2,2,SWE-AZU-M,1,13010.13,32525.33,,32525.33
2996,2025-07-12 12:39:00,41535292,Centro,Presencial,1,3,GOR-ROJ-unico,1,11486.7,28716.74,,28716.74
2997,2024-04-04 13:45:00,10190290,Norte,Presencial,6,2,CHU-NEG-S,1,13529.35,33823.38,,33823.38
2997,2024-04-04 13:45:00,10190290,Norte,Presencial,6,2,BUZ-AZU-M,1,11827.69,29569.23,,29569.23
2997,2024-04-04 13:45:00,10190290,Norte,Presencial,6,2,JOG-AZU-unico,1,16544.66,41361.66,,41361.66
2997,2024-04-04 13:45:00,10190290,Norte,Presencial,6,2,JOG-ÍND-XL,1,16544.66,41361.66,,41361.66
2998,2025-05-02 10:33:00,24867952,Tienda Online,Web,9,2,JEA-NEG-unico,1,8748.58,21871.44,,21871.44
2998,2025-05-02 10:33:00,24867952,Tienda Online,Web,9,2,JOG-AZU-unico,1,16544.66,41361.66,,41361.66
2998,2025-05-02 10:33:00,24867952,Tienda Online,Web,9,2,CIN-MAR-S,1,13257.96,33144.89,,33144.89
2998,2025-05-02 10:33:00,24867952,Tienda Online,Web,9,2,REM-BLA-XL,1,13071.19,32677.97,,32677.97
2998,2025-05-02 10:33:00,24867952,Tienda Online,Web,9,2,JOG-ÍND-S,1,16544.66,41361.66,,41361.66
2999,2025-03-15 04:53:00,20226206,Tienda Online,Web,10,1,REM-BLA-S,1,13071.19,32677.97,,32677.97
2999,2025-03-15 04:53:00,20226206,Tienda Online,Web,10,1,CHU-VER-L,1,13529.35,33823.38,,33823.38
2999,2025-03-15 04:53:00,20226206,Tienda Online,Web,10,1,SWE-MAR-M,1,13010.13,19515.2,7.0,19515.2
2999,2025-03-15 04:53:00,20226206,Tienda Online,Web,10,1,CHU-NEG-XXL,1,13529.35,33823.38,,33823.38
2999,2025-03-15 04:53:00,20226206,Tienda Online,Web,10,1,CAM-BLA-M,1,14680.23,36700.58,,36700.58
3000,2025-03-08 13:29:00,28427922,Tienda Online,Web,10,2,JOG-ÍND-S,1,16544.66,41361.66,,41361.66
3000,2025-03-08 13:29:00,28427922,Tienda Online,Web,10,2,JEA-NEG-unico,1,8748.58,21871.44,,21871.44
